taxonomic_path	common_name	JDFB_01_062425	JDFB_02_062425	JDFB_03_062525	JDFB_04_062525	JDFB_05_062525	JDFB_06_062525	JDFB_07_062525	JDFB_08_062525	JDFB_09_062525	JDFB_10_062525	JDFB_11_062525	JDFB_12_062525	JDFB_13_062525	JDFB_14_062525	JDFB_15_062625	JDFB_16_062625	JDFB_17_062625	JDFB_18_062625	JDFB_19_062625	JDFB_20_062625	JDFB_21_062625	JDFB_22_062625	JDFB_23_062625	JDFB_24_062625	JDFB_25_062625	JDFB_26_062625	JDFB_27_062625	JDFB_28_062625	JDFB_29_062625	JDFB_30_072425	JDFB_31_072425	JDFB_32_073025	JDFB_33_073025	JDFB_34_073025	JDFB_35_073025	JDFB_36_073025	JDFB_37_073025	JDFB_38_082625	JDFB_39_082625	JDFB_40_082625	JDFB_41_082625	JDFB_42_082625	JDFB_43_082625	JDFB_44_082625	JDFB_45_082725	JDFB_46_082725	JDFB_47_082725	JDFB_48_082725	JDFB_49_082725	JDFB_50_082725	JDFB_51_082725	JDFB_52_082725	JDFB_53_082725	JDFB_54_082725	JDFB_55_082725	JDFB_56_082735	JDFB_57_082825	JDFB_58_082825	JDFB_59_082825	JDFB_60_082825	JDFB_61_082825	JDFB_62_082825	JDFB_63_082825	JDFB_64_082825	JDFB_65_082825	JDFB_66_082825	JDFB_67_082825	JDFB_68_082825	JDFB_69_082825	JDFB_70_082825	JDFB_71_092325	JDFB_72_092325	JDFB_73_092425	JDFB_74_092425	JDFB_75_092425	JDFB_76_092425	JDFB_77_092425	JDFB_78_092425	JDFB_79_092525	JDFB_80_092525	JDFB_81_092525	JDFB_82_092525	JDFB_83_092525	JDFB_84_092525	JDFB_85_092525	JDFB_86_092525	JDFB_87_092525	JDFB_88_092525	JDFB_89_092525	JDFB_90_092525	OAK_01_072825	OAK_02_072825	OAK_03_072825	OAK_04_072825	OAK_05_072825	OAK_06_072825	OAK_07_072825	OAK_08_072825	PBN_TOW_BTM_15m_092425	PBN_TOW_BTM_3m_092425	PBN_TOW_PORT_15m_092425	PBN_TOW_PORT_3m_092425	PBN_TOW_STBD_15m_092425	PBN_TOW_STBD_3m_092425	PTBAY_TOW_BTM_8m_092225	PTBAY_TOW_PORT_8m_092225	PTBAY_TOW_STBD_8m_092225	SJI_01_072125	SJI_02_072125	SJI_03_072125	SJI_04_072125	SJI_05_072125	SJI_06_072125	SJI_07_072125	SJI_08_072125	SQU_01_072925	SQU_02_072925	SQU_03_072925	SQU_04_072925	SQU_05_072925	SQU_06_072925	SQU_07_072925	SQU_08_072925
Animalia;Annelida;Polychaeta	Paddle-footed annelids	0	0	0	2	0	0	2	0	0	0	0	0	2	0	0	0	12	0	0	6	0	0	0	0	0	0	0	0	0	0	0	38	0	0	0	0	0	7	0	0	0	0	0	0	0	5	0	0	0	0	0	0	0	0	0	0	11	0	0	401	0	0	0	0	0	33	0	0	37	0	0	0	0	0	7	0	0	0	35	47	13	4	2	0	0	0	8	16	7	0	0	0	4	0	0	0	0	0	0	0	4	0	31	0	0	3	0	0	2	3	5	4	0	0	0	43	3	5	4	0	0	0	0
Animalia;Annelida;Polychaeta;Eunicida	Paddle-footed annelids	0	0	0	947	0	176	6	0	0	0	0	0	0	0	0	6	0	0	0	2	0	0	0	0	0	0	0	0	0	0	0	0	0	0	0	0	0	36	0	0	0	0	0	4	12	0	0	0	0	4	0	0	0	0	0	0	0	0	0	65622	0	0	0	0	0	0	0	0	0	0	0	0	0	0	0	0	0	0	0	0	0	0	2	0	0	0	0	2	0	0	353	0	3	0	5	0	0	0	0	0	17	0	13	0	0	2	4	9	3	3	2	0	45	3	0	3	10	22	9	4	2	0	0
Animalia;Annelida;Polychaeta;Eunicida;Eunicidae	Paddle-footed annelids	0	0	0	32	0	0	0	0	0	0	0	0	0	0	0	0	0	0	0	0	0	0	0	0	0	0	0	0	0	0	0	0	0	0	0	0	0	2	0	0	0	0	0	0	0	0	0	0	0	0	0	0	0	0	0	0	0	0	0	2693	0	0	0	0	0	0	0	0	0	0	0	0	0	0	0	0	0	0	0	0	0	0	0	0	0	0	0	0	0	0	0	0	0	0	0	0	0	0	0	0	0	0	0	0	0	0	0	0	0	0	0	0	0	0	0	0	0	0	0	0	0	0	0
Animalia;Annelida;Polychaeta;Eunicida;Onuphidae;Nothria;Nothria conchylega	Beachworms	0	0	0	0	0	0	0	0	0	0	0	0	0	0	0	0	0	0	0	0	0	0	0	0	0	0	0	0	0	0	0	0	0	0	0	0	0	0	0	0	0	0	0	0	0	0	0	0	0	0	0	0	0	0	0	0	0	0	0	25	0	0	0	0	0	0	0	0	0	0	0	0	0	0	0	0	0	0	0	0	0	0	0	0	0	0	0	0	0	0	0	0	0	0	0	0	0	0	0	0	0	0	0	0	0	0	0	0	0	0	0	0	0	0	0	0	0	0	0	0	0	0	0
Animalia;Annelida;Polychaeta;NA;Chaetopteridae	Chaetopterid worms	0	0	0	0	0	0	0	0	0	0	0	0	0	0	0	0	0	0	0	0	0	0	0	0	0	0	0	0	0	0	0	0	0	0	0	0	0	0	0	0	0	0	0	0	0	0	0	0	0	0	0	0	0	0	0	0	0	0	0	0	0	0	0	0	0	0	0	0	3	0	0	0	0	0	0	0	0	0	0	0	0	0	2	0	0	0	0	0	0	0	0	0	0	0	0	0	0	0	0	0	0	0	0	0	0	0	0	0	0	0	0	0	0	0	0	3	0	4	0	0	0	0	0
Animalia;Annelida;Polychaeta;NA;Maldanidae	Bamboo worms	0	0	0	0	0	0	0	0	0	0	0	0	0	0	0	0	0	0	0	2	0	0	0	0	0	0	0	0	0	0	0	0	0	0	0	0	0	0	3	0	0	0	0	0	0	4	0	10	0	0	0	0	0	0	0	0	0	0	0	0	0	0	0	2	0	0	0	0	338	0	0	0	0	0	0	0	0	0	6	0	0	0	0	0	0	0	0	0	0	0	0	0	0	0	0	0	0	0	0	0	0	0	0	0	0	0	82	0	0	0	0	0	0	0	0	0	2	0	0	0	0	0	0
Animalia;Annelida;Polychaeta;NA;Maldanidae;Metasychis	Bamboo worms	0	0	0	0	0	0	0	0	0	0	0	0	0	0	0	0	0	0	0	5	0	0	0	0	0	0	0	0	0	0	0	0	0	0	0	0	0	0	0	0	0	0	0	0	0	0	0	0	0	0	0	0	0	0	0	0	0	0	0	0	0	0	0	0	0	0	0	0	2408	0	0	0	0	0	0	0	0	0	0	0	0	0	0	0	0	0	0	0	0	0	0	0	3	0	0	0	0	0	0	0	0	0	0	0	0	0	0	0	0	0	0	0	0	0	0	0	6	0	0	0	0	0	0
Animalia;Annelida;Polychaeta;NA;Orbiniidae;Scoloplos;Scoloplos armiger	Armored bristleworm	0	0	0	0	0	0	0	0	0	0	0	0	0	0	0	2	0	0	0	0	0	0	0	0	0	0	0	0	0	0	0	0	0	0	0	0	0	0	0	0	0	0	0	0	0	0	0	0	0	0	0	0	0	0	0	0	0	0	0	0	0	0	0	0	0	0	0	0	0	0	0	0	0	0	0	0	0	0	0	0	0	0	0	0	0	0	0	0	0	0	0	0	0	0	0	0	0	0	0	0	2	0	0	0	0	0	0	0	0	0	0	0	0	0	0	5	3	0	0	0	0	0	0
Animalia;Annelida;Polychaeta;NA;Scalibregmatidae;Scalibregma;Scalibregma inflatum	Paddle-footed annelids	0	0	0	0	0	0	0	0	0	0	0	0	0	0	0	0	0	0	0	0	0	0	0	0	0	0	0	0	0	0	0	0	0	0	0	0	0	0	0	0	0	0	0	0	0	0	0	0	0	0	0	0	0	0	0	0	0	0	0	77	0	0	0	0	0	0	0	0	0	0	0	0	0	0	0	0	0	0	0	0	0	0	0	0	0	0	0	0	0	0	0	0	0	0	0	0	0	0	0	0	0	0	0	0	0	2	3	0	0	7	0	0	0	0	0	0	0	0	0	0	0	0	0
Animalia;Annelida;Polychaeta;Phyllodocida	Scale Worm	0	0	0	0	0	2	0	0	10	0	0	0	0	0	0	0	0	0	0	2	0	0	0	0	0	0	0	0	0	0	0	0	0	0	0	0	0	0	0	0	0	0	0	0	7	0	0	0	0	0	0	0	0	0	0	0	0	0	0	0	0	0	0	0	0	0	7	0	4	0	0	0	0	0	0	0	0	0	0	0	0	0	0	0	0	0	0	0	0	0	0	0	0	0	0	0	0	0	0	0	0	0	0	0	0	2	0	0	0	0	0	24	0	0	0	0	3	0	0	0	0	0	0
Animalia;Annelida;Polychaeta;Phyllodocida;Goniadidae;Goniada;Goniada brunnea	Scale Worm	0	0	0	0	0	0	0	0	0	0	0	0	0	0	0	0	0	0	0	0	0	0	0	0	0	0	0	0	0	0	0	0	0	0	0	0	0	0	0	0	0	0	0	0	0	0	0	0	20	0	0	0	0	0	0	0	0	0	0	0	0	0	0	0	0	0	0	0	0	0	0	0	0	0	0	0	0	0	0	0	0	0	2	0	0	0	0	0	0	0	0	0	0	0	0	0	0	0	0	0	0	0	0	0	0	0	0	0	0	0	0	0	0	0	0	0	0	0	0	0	0	0	0
Animalia;Annelida;Polychaeta;Phyllodocida;Hesionidae	Scale Worm	0	0	0	0	0	0	14	3	0	14	0	0	0	0	0	0	0	0	0	42	0	0	0	0	0	0	0	0	0	0	0	0	0	0	0	0	0	0	0	0	0	0	0	0	0	0	0	0	0	4	0	0	0	0	0	0	0	0	0	0	0	0	28	0	0	0	4	0	0	4	0	0	0	0	0	0	0	0	0	0	0	0	3	0	0	0	0	17	0	0	0	0	0	0	9	0	0	0	0	0	73	0	0	0	0	3	10	2	0	4	5	0	0	0	0	0	0	0	0	0	0	0	0
Animalia;Annelida;Polychaeta;Phyllodocida;Nereididae;Perinereis	Nereids	0	0	0	0	0	0	0	0	0	0	0	0	0	0	0	0	0	0	0	0	0	0	0	0	0	0	0	0	0	0	0	0	0	0	0	0	0	0	0	0	0	0	0	0	0	0	0	0	0	0	0	0	0	0	0	0	0	0	0	5	0	0	0	0	0	0	0	0	0	0	0	0	0	0	0	0	0	0	0	0	0	0	0	0	0	0	0	0	0	0	0	0	0	0	0	0	0	0	0	0	0	0	0	0	0	0	0	0	0	0	0	0	0	0	0	0	0	3	0	0	0	0	0
Animalia;Annelida;Polychaeta;Phyllodocida;Syllidae	Scale Worm	0	0	0	0	0	0	0	0	0	0	0	0	0	0	0	0	0	0	0	0	0	0	0	0	0	0	0	0	0	0	0	0	0	0	0	0	0	0	0	0	0	0	0	0	0	0	0	0	0	0	0	0	0	0	0	0	0	0	0	0	0	0	0	0	0	0	0	0	0	0	0	0	166	0	0	0	0	0	0	0	0	0	0	0	0	0	0	0	0	0	0	0	0	0	0	0	0	0	0	0	0	0	0	0	0	0	0	0	0	0	0	0	0	0	0	2	0	0	0	0	0	0	0
Animalia;Annelida;Polychaeta;Sabellida;Oweniidae;Owenia	Paddle-footed annelids	0	0	0	0	0	0	0	0	0	0	0	0	0	0	49	0	0	0	0	0	0	0	0	0	0	0	0	0	0	0	0	0	0	0	0	0	0	0	0	0	0	0	0	0	0	0	0	0	0	0	0	0	0	0	0	0	0	0	0	0	0	0	0	0	0	0	0	0	0	0	0	0	0	0	0	0	0	0	0	0	0	0	12	0	0	0	0	0	0	0	0	0	0	0	0	0	0	0	0	0	0	0	0	0	0	0	3	0	0	0	0	2	6	0	0	0	0	0	0	0	0	0	0
Animalia;Annelida;Polychaeta;Sabellida;Oweniidae;Owenia;Owenia fusiformis	Tubeworm	0	0	0	0	0	0	0	0	0	0	0	0	0	0	748	0	0	0	0	0	0	0	0	0	0	0	0	0	0	0	0	0	0	0	0	0	0	0	0	0	0	0	0	0	0	0	0	0	0	0	0	0	0	0	0	0	7	0	0	0	0	0	0	0	0	0	0	0	0	0	0	0	0	0	0	0	0	0	0	0	0	0	299	0	0	0	0	0	0	0	0	0	2	0	0	0	0	0	0	0	0	0	0	0	0	0	65	2	0	0	0	25	46	0	0	0	0	0	2	0	0	0	0
Animalia;Annelida;Polychaeta;Sabellida;Sabellariidae;Idanthyrsus;Idanthyrsus australiensis	Paddle-footed annelids	0	0	0	1192	0	5	19	11	12	15	0	5	0	0	2	3	28	0	0	258	0	0	0	0	0	0	0	0	17	1021	3	0	8	0	43	24	0	76	0	0	0	0	0	0	7	8	52	0	0	0	0	0	0	0	0	0	172	0	0	0	0	0	0	0	0	0	3	3	0	0	0	0	0	0	0	0	0	0	0	0	0	0	3	0	0	0	4	9	0	0	0	0	62	0	7	0	0	0	0	0	315	0	27	0	0	3	0	80	316	73	19	26	23	0	0	207	64	81	49	16	0	0	0
Animalia;Annelida;Polychaeta;Sabellida;Sabellidae;Chone;Chone infundibuliformis	Fanworms	0	0	0	0	0	0	0	0	0	0	0	0	0	0	0	0	0	0	0	0	0	0	0	0	0	0	0	0	0	0	0	0	0	0	0	0	0	0	0	0	0	0	0	0	0	0	0	0	0	0	0	0	0	0	0	0	0	0	0	0	0	0	0	0	0	0	0	0	0	0	0	0	0	0	0	0	0	0	0	0	0	0	3	0	0	0	0	0	0	0	0	0	0	0	0	0	0	0	0	0	0	0	0	0	0	0	0	0	0	0	0	0	2	0	0	0	0	0	0	0	0	0	0
Animalia;Annelida;Polychaeta;Spionida	Paddle-footed annelids	0	0	0	0	0	0	0	0	0	0	0	0	1055	0	0	0	0	0	0	4	0	0	0	0	0	0	0	0	0	0	0	0	0	0	0	0	0	0	0	0	0	0	4	0	0	0	0	0	72	0	0	0	0	0	0	0	5	0	4	0	0	0	0	0	12	0	0	0	0	2	0	0	0	4	0	0	0	0	0	0	3	0	0	0	0	0	0	3	3	0	0	0	2	0	2	0	0	0	0	0	0	0	0	0	0	37	29	3	0	0	2	0	0	0	0	7	0	4	0	0	0	0	0
Animalia;Annelida;Polychaeta;Spionida;Spionidae	Spionid worms	0	0	0	0	0	0	0	0	0	0	0	0	0	0	0	0	0	0	0	0	0	0	0	0	0	0	0	0	0	0	0	0	0	0	0	0	0	6	0	0	0	0	0	5	42	0	0	0	0	21	0	0	0	0	3	0	0	0	0	0	0	0	0	0	0	0	0	2	0	0	0	0	14	0	0	0	0	0	0	0	23361	0	19	0	0	0	0	0	0	0	0	0	0	0	0	0	0	0	0	0	0	0	0	0	0	4	0	0	44	0	0	0	0	0	0	0	0	0	0	0	0	0	0
Animalia;Annelida;Polychaeta;Spionida;Spionidae;Spiophanes	Spionid worms	0	0	0	0	0	0	0	0	0	0	0	0	0	0	0	0	0	0	0	0	0	0	0	0	0	0	0	0	0	0	0	0	0	4	0	0	0	0	0	0	0	0	0	0	0	0	0	0	0	0	0	0	0	0	0	0	0	0	0	0	0	0	0	0	0	0	0	0	0	0	0	0	0	0	0	0	0	0	0	0	0	0	0	0	0	0	0	0	0	0	0	0	0	0	0	0	0	0	0	0	0	0	0	0	0	0	0	0	0	0	0	0	0	0	0	0	0	0	0	0	0	0	0
Animalia;Annelida;Polychaeta;Terebellida	Paddle-footed annelids	0	0	0	0	0	0	0	0	0	0	0	0	0	0	0	0	0	0	0	7	0	0	0	0	0	0	0	0	0	0	0	0	0	0	0	0	0	0	0	0	0	0	0	0	2	3	0	0	0	0	0	0	0	0	0	0	0	0	0	0	0	0	0	0	0	0	0	0	150	0	0	0	0	0	0	0	0	0	6	0	0	0	0	0	0	0	0	0	0	0	0	0	0	0	0	0	0	0	0	0	0	0	0	0	0	0	0	0	0	2	0	0	0	0	0	3	8	3	0	0	0	0	0
Animalia;Annelida;Polychaeta;Terebellida;Ampharetidae	Paddle-footed annelids	0	0	0	2	0	0	0	0	0	0	0	0	0	0	0	0	0	0	0	2	0	0	0	0	0	0	0	0	0	0	0	0	0	0	0	0	0	0	0	0	0	0	0	0	8	3	0	0	0	0	0	0	0	0	0	0	0	0	0	0	0	0	0	0	0	0	0	0	0	0	0	0	0	0	0	0	0	0	4	0	0	0	10	0	0	0	8	0	0	0	0	0	0	0	0	0	0	0	0	0	0	0	0	0	0	12	7	0	2	0	0	0	0	0	0	2	0	0	2	0	0	0	0
Animalia;Annelida;Polychaeta;Terebellida;Terebellidae;Amphitrite	Spaghetti Worms	0	0	0	0	0	0	0	0	0	0	0	0	0	0	0	0	0	0	0	6	0	0	0	0	0	0	0	0	0	0	0	0	0	0	0	0	0	0	5	0	0	0	0	0	0	0	0	0	0	0	0	0	0	0	0	0	0	0	0	0	0	0	0	0	0	0	0	0	0	0	0	0	0	0	0	0	0	0	0	0	0	0	0	0	0	0	0	0	0	0	0	0	0	0	0	0	0	0	0	0	0	0	0	0	0	0	0	0	0	0	0	0	0	0	0	0	0	0	0	0	0	0	0
Animalia;Annelida;Polychaeta;Terebellida;Terebellidae;Lanice;Lanice conchilega	Sand Mason	0	0	0	0	0	0	0	0	0	0	0	0	0	0	0	0	2	0	0	0	0	0	0	0	0	0	0	0	0	0	0	0	0	0	0	0	0	0	0	0	0	0	0	0	0	0	0	0	0	0	0	0	0	0	0	0	0	0	0	0	0	0	0	0	0	0	0	0	242	0	0	0	0	0	0	0	0	0	0	0	0	0	0	0	0	0	0	0	0	0	0	0	0	0	0	0	0	0	0	0	0	0	0	0	0	0	0	0	0	0	0	0	0	0	0	2	0	0	0	0	0	0	0
Animalia;Annelida;Polychaeta;Terebellida;Terebellidae;Nicolea;Nicolea zostericola	Spaghetti Worms	0	0	0	0	0	0	0	0	0	0	0	0	0	0	0	0	0	0	0	0	0	0	0	0	0	0	0	0	0	0	0	0	0	0	0	0	0	0	0	0	0	0	0	0	0	0	0	0	0	0	0	0	0	0	0	0	0	0	0	0	0	0	0	0	0	0	0	0	0	0	0	0	0	0	0	0	0	0	0	0	0	0	0	0	0	0	0	0	0	0	0	0	0	0	0	0	0	0	0	0	0	0	0	0	0	0	8	0	0	0	0	0	0	0	0	0	0	0	0	0	0	0	0
Animalia;Annelida;Sipuncula;Phascolosomatiformes;Phascolosomatidae;Phascolosoma	Phascolosomatids	132	0	0	0	0	0	0	0	0	0	0	0	0	0	0	0	0	0	0	0	0	0	0	0	0	0	0	0	0	0	0	0	0	0	0	0	0	0	0	0	0	0	0	0	0	0	0	0	0	0	0	0	0	0	0	0	0	0	0	0	0	0	0	0	0	0	0	0	0	0	0	0	0	0	0	0	0	0	0	0	0	0	215	0	0	0	0	0	0	0	0	0	0	0	0	0	0	0	0	0	0	0	0	0	0	0	0	0	4	0	335	0	0	0	0	0	0	0	0	0	0	0	0
Animalia;Arthropoda	Arthropod	0	0	0	0	0	2	2	0	0	0	0	0	0	0	0	7	0	0	0	3	0	0	0	0	0	0	0	0	0	0	0	2	0	9	0	0	0	0	0	0	0	0	2	0	0	3	8	0	2	8	4	3	0	0	0	0	2	3	0	0	0	0	3	2	7	0	0	0	2	200	0	0	0	0	0	0	0	0	3	0	3	0	0	0	0	0	3	0	0	0	0	0	2	0	5	0	0	3	0	132	6	0	2	0	0	2	0	4	2	2	0	3	3	4	0	12	20	6	6	0	2	0	0
Animalia;Arthropoda;Arachnida;Araneae;Oecobiidae;Oecobius;Oecobius sp. TAB-2009	Flatmesh weavers	0	0	0	0	0	0	0	0	0	0	0	0	0	0	0	0	0	0	0	0	0	0	0	0	0	0	0	0	0	0	0	0	0	0	0	0	0	0	0	8	0	0	0	0	0	0	0	0	0	0	0	0	0	0	0	0	0	0	0	0	0	0	0	0	0	0	0	0	0	0	0	0	0	0	0	0	0	0	0	0	0	0	0	0	0	0	0	0	0	0	0	0	0	0	0	0	0	0	0	0	0	0	0	0	0	0	0	0	0	0	0	0	0	0	0	0	0	0	0	0	0	0	0
Animalia;Arthropoda;Arachnida;Sarcoptiformes	Mites	0	0	0	0	0	0	0	0	0	0	0	0	0	0	0	0	0	0	0	0	0	0	0	0	0	0	0	0	0	0	0	0	0	0	0	0	0	0	0	0	0	0	0	0	0	0	0	0	0	0	0	0	0	0	0	0	0	0	0	0	0	0	0	0	0	0	0	0	0	0	0	0	0	0	0	0	0	0	0	0	0	0	0	0	0	0	0	0	0	0	0	0	0	0	0	0	85	0	0	0	0	0	0	0	0	0	0	0	0	0	0	0	0	0	0	0	0	0	0	0	7	0	0
Animalia;Arthropoda;Arachnida;Sarcoptiformes;Acaridae;Aleuroglyphus;Aleuroglyphus ovatus	Acarid mites	0	0	0	0	0	0	0	0	0	0	0	0	0	0	0	0	0	0	0	0	0	0	0	0	0	0	0	0	0	0	0	0	0	0	0	0	0	0	0	0	0	0	0	0	0	0	0	0	0	0	0	0	0	0	0	0	0	0	0	0	0	0	0	0	0	0	0	0	0	0	0	0	0	0	0	0	0	0	0	29	0	0	0	0	0	0	0	0	0	0	0	0	0	0	0	0	0	0	0	0	0	0	0	0	0	0	0	0	0	0	0	0	0	0	0	0	0	0	0	0	0	0	0
Animalia;Arthropoda;Arachnida;Sarcoptiformes;Acaridae;Rhizoglyphus	Acarid mites	0	0	0	0	0	0	0	0	0	0	0	0	0	0	0	0	0	0	0	0	0	0	0	0	0	0	0	0	0	0	0	0	0	0	0	0	0	0	0	0	0	0	0	0	0	0	0	0	0	0	0	0	0	0	0	0	0	0	0	0	0	0	0	0	0	0	28	0	0	0	0	0	0	0	0	0	0	0	0	0	0	0	0	0	0	0	0	0	0	0	0	0	0	0	0	0	0	0	0	0	0	0	0	0	0	0	0	0	0	0	0	0	0	0	0	0	0	0	0	0	0	0	0
Animalia;Arthropoda;Arachnida;Sarcoptiformes;Lardoglyphidae;Lardoglyphus;Lardoglyphus sp. AD983	Mites	0	0	0	0	0	0	0	0	0	0	0	0	0	0	0	0	0	0	0	0	0	0	0	0	0	0	0	0	0	0	0	0	0	0	0	0	0	0	0	0	0	0	0	0	0	0	0	0	0	0	0	0	0	0	0	0	0	0	0	0	0	0	0	0	0	0	9	0	0	0	0	0	0	0	0	0	0	0	0	0	0	0	0	0	0	0	0	0	0	0	0	0	0	0	0	0	0	0	0	0	0	0	0	0	0	0	0	0	0	0	0	0	0	0	0	0	0	0	0	0	0	0	0
Animalia;Arthropoda;Arachnida;Sarcoptiformes;Oribatulidae;Oribatula;Oribatula sakamorii	Mites	0	0	0	0	0	0	0	0	0	0	0	0	0	0	0	0	0	0	0	0	0	0	0	0	0	0	0	0	0	0	0	0	0	0	0	0	0	0	0	0	0	0	0	0	0	0	0	0	0	0	0	0	0	0	0	0	0	0	0	0	0	0	0	0	0	0	0	0	0	0	0	0	26	0	0	0	0	0	0	0	0	0	0	0	0	0	0	0	0	0	0	0	0	0	0	0	0	0	0	0	0	0	0	0	0	0	0	0	0	0	0	0	0	0	0	0	0	0	0	0	0	0	5
Animalia;Arthropoda;Arachnida;Trombidiformes	Mites	0	0	0	0	0	0	0	0	0	0	0	0	0	0	0	0	0	0	0	0	0	0	0	0	0	0	0	0	0	0	0	0	0	0	0	4	0	0	0	0	0	0	0	0	0	0	0	0	0	0	0	0	0	0	0	0	0	0	0	0	0	0	0	0	0	0	0	0	0	0	0	0	0	0	0	0	0	0	0	0	0	0	0	0	0	0	0	0	0	0	0	0	0	0	0	0	0	0	0	0	0	0	0	0	0	0	0	0	0	0	0	0	0	0	0	0	0	0	0	0	0	0	0
Animalia;Arthropoda;Arachnida;Trombidiformes;Cocceupodidae;Filieupodes	Mites	0	0	0	0	0	0	0	0	0	0	0	0	0	0	0	0	0	0	0	6	0	0	0	0	0	0	0	0	0	0	0	0	0	0	0	0	0	0	0	0	0	0	0	0	0	0	0	0	0	0	0	0	0	0	0	0	0	0	0	0	0	0	0	0	0	0	0	0	0	0	0	0	0	0	0	0	0	0	0	0	0	0	0	0	0	0	0	0	0	0	0	0	0	0	0	0	0	0	0	0	0	0	0	0	0	0	0	0	0	0	0	0	0	0	0	0	0	0	0	0	0	0	0
Animalia;Arthropoda;Arachnida;Trombidiformes;Phytoptidae	Mites	0	0	0	0	0	0	0	0	0	0	0	0	0	0	0	0	0	0	0	0	0	0	0	0	0	0	0	0	0	0	0	0	0	0	0	0	0	0	0	0	0	0	0	0	0	0	0	0	0	0	0	0	0	0	0	0	0	0	0	0	0	0	0	0	0	0	0	0	0	0	0	0	0	0	0	0	0	0	0	0	0	0	0	0	0	0	0	0	0	0	0	0	0	0	0	0	0	6	0	0	0	0	0	0	0	0	0	0	0	0	0	0	0	0	0	0	0	0	0	0	0	0	0
Animalia;Arthropoda;Arachnida;Trombidiformes;Phytoptidae;Nalepella;Nalepella torreyae	Mites	0	0	0	0	0	0	0	0	0	0	0	0	0	0	0	0	0	0	0	0	0	0	0	0	0	0	0	0	0	0	0	0	0	0	0	0	0	0	0	0	0	0	0	0	0	0	0	0	0	0	0	0	0	0	0	0	0	0	0	0	0	0	0	0	0	0	0	0	0	0	0	0	0	0	0	0	0	0	0	0	0	0	0	0	0	0	0	0	0	0	0	0	0	0	0	0	0	7	0	0	0	0	0	0	0	0	0	0	0	0	0	0	0	0	0	0	0	0	0	0	0	0	0
Animalia;Arthropoda;Collembola;Entomobryomorpha	Collembolans	0	0	0	0	0	0	0	0	0	0	0	0	0	0	0	0	0	0	0	0	0	0	0	0	0	0	0	0	0	0	0	0	0	0	0	0	0	0	0	0	0	0	0	0	0	0	0	18	0	0	0	0	0	0	0	0	0	0	0	0	0	0	0	0	0	0	0	0	0	0	0	0	0	0	0	0	0	0	7	0	0	0	0	0	0	0	0	0	0	0	0	0	0	0	0	0	0	0	0	0	0	0	0	0	0	0	0	0	0	0	0	0	0	0	0	0	0	0	0	0	0	0	0
Animalia;Arthropoda;Hexanauplia	Arthropod	0	0	27	407	0	29	79	70	35	0	0	0	0	5	2101	108	0	96	0	238	0	0	0	10	0	0	0	9	5	2	13	2	322	7	2	0	33	5	4	0	328	17	541	45	0	15	73204	1993	0	590	2	117700	2	2624	0	200	792	97	41	0	449	49	546	38	35	102	0	43	0	73	0	0	2098	3	0	15	40	5	157	0	142	38	11	2	2	1220	4630	0	25	0	2	0	78	0	90	0	0	0	10	0	1208	0	41	0	734	17587	41	47	45	16	57	21413	23	0	0	920	447	515	262	166	60	0	2
Animalia;Arthropoda;Hexanauplia;Calanoida	Calanoid Copepods	0	0	12	30	0	33	26	6	49	0	0	0	0	3	357	13	0	9	0	70	0	0	0	2	0	0	0	17	0	0	2	0	48	4	0	0	3	2	5	0	146	0	110	9	0	0	7938	293	3	64	0	12945	0	383	0	22	3185	33	2	0	54	5	2335	37	36	18	0	9	0	15	0	0	308	13	0	29	15	0	68	4	86	30	28	2	3	2427	529	2	7	0	0	0	31	0	9	0	0	0	0	0	191	0	13	0	79	2065	62	60	46	3	15	2278	4	0	0	106	61	44	37	50	15	0	0
Animalia;Arthropoda;Hexanauplia;Calanoida;Acartiidae;Acartia;Acartia bifilosa	Calanoid Copepods	0	0	0	0	0	0	0	0	0	0	0	0	0	0	0	0	0	0	0	0	0	0	0	0	0	0	0	0	0	0	0	0	0	0	0	0	0	0	0	0	0	0	2	0	0	0	0	0	0	0	0	0	0	0	0	0	0	4	0	0	0	0	0	0	0	0	0	0	0	0	0	0	0	0	0	0	7	0	2	0	2	2	0	0	0	0	0	0	0	0	0	0	0	0	0	0	0	0	0	0	0	0	0	0	0	0	0	0	0	0	0	0	0	0	0	0	0	0	0	0	0	0	0
Animalia;Arthropoda;Hexanauplia;Calanoida;Acartiidae;Acartia;Acartia hudsonica	Calanoid Copepods	0	0	0	0	0	0	0	0	0	0	0	0	0	0	0	0	0	0	0	0	0	0	0	0	0	0	0	0	0	0	0	0	0	0	0	0	0	0	0	0	0	0	0	0	0	0	0	0	0	0	0	0	0	0	0	0	21	0	0	0	0	0	0	0	0	0	0	0	0	0	0	0	0	0	0	0	0	0	0	0	0	0	0	0	0	0	0	0	0	0	0	0	0	0	0	0	2	0	0	0	0	0	0	0	0	0	0	0	0	0	0	0	0	0	0	0	0	0	0	0	0	0	0
Animalia;Arthropoda;Hexanauplia;Calanoida;Calanidae	Calanoid Copepods	0	0	0	0	0	0	0	0	0	0	0	0	0	0	4	0	0	0	0	2	0	0	0	0	0	0	0	0	0	0	0	0	2	0	0	0	0	0	0	0	3	0	0	0	0	0	271	10	0	0	0	411	0	12	0	0	0	0	0	0	2	0	0	0	0	0	0	0	0	0	0	0	10	0	0	0	0	0	0	0	0	0	0	0	0	2	19	0	0	0	0	0	0	0	0	0	0	0	0	0	8	0	0	0	2	82	0	2	0	0	0	94	0	0	0	0	3	2	0	0	0	0	0
Animalia;Arthropoda;Hexanauplia;Calanoida;Calanidae;Calanus	Calanoid Copepods	0	0	0	0	0	0	0	0	0	0	0	0	0	0	13	0	0	2	0	0	0	0	0	0	0	0	0	0	0	0	0	0	3	0	0	0	0	0	0	0	7	0	4	0	0	0	624	32	0	5	0	1162	0	22	0	0	0	0	0	0	0	0	0	0	0	0	0	0	0	0	0	0	20	0	0	0	0	0	0	0	0	0	0	0	0	0	53	0	0	0	0	0	0	0	0	0	0	0	0	0	4	0	0	0	9	144	0	0	0	0	0	177	2	0	0	10	4	5	2	0	0	0	0
Animalia;Arthropoda;Hexanauplia;Calanoida;Calanidae;Neocalanus;Neocalanus robustior	Calanoid Copepods	0	0	0	0	0	0	0	0	0	0	0	0	0	0	0	0	0	0	0	0	0	0	0	0	0	0	0	0	0	0	0	0	0	0	0	0	0	0	0	0	0	0	0	0	0	0	40	6	0	0	0	67	0	0	0	0	0	0	0	0	2	0	0	0	0	0	0	0	0	0	0	0	2	0	0	0	0	0	0	0	0	0	0	0	0	0	2	0	0	0	0	0	0	0	0	0	0	0	0	0	7	0	0	0	0	38	0	0	0	0	0	10	0	0	0	3	0	0	0	0	0	0	0
Animalia;Arthropoda;Hexanauplia;Calanoida;Centropagidae;Centropages;Centropages orsinii	Calanoid Copepods	0	0	0	0	0	0	0	0	0	0	0	0	0	0	0	0	0	0	0	0	0	0	0	0	0	0	0	0	0	0	0	0	0	0	0	0	0	0	0	0	0	0	0	0	0	0	0	0	0	0	0	0	0	0	0	0	6	0	0	0	0	0	2	0	0	0	0	0	0	0	0	0	0	0	0	0	0	0	0	0	0	0	0	0	0	0	0	0	0	0	0	0	0	0	0	0	0	0	0	0	0	0	0	0	0	0	0	0	0	0	0	0	0	0	0	0	0	0	0	0	0	0	0
Animalia;Arthropoda;Hexanauplia;Calanoida;Centropagidae;Sinocalanus	Calanoid Copepods	0	0	48	14	0	0	4	0	4	0	0	0	0	0	450	0	0	0	0	7	0	0	0	0	0	0	0	0	6	0	0	0	0	0	0	0	0	0	0	0	0	0	0	0	6	0	0	9	41	3	0	0	0	0	0	0	55680	0	2	0	0	0	40742	0	0	0	0	0	0	0	0	0	0	0	16	0	0	0	0	0	0	0	0	0	14	3	0	0	0	0	0	0	8	0	3	0	0	0	0	0	63	0	0	0	25	0	631	0	0	0	3	0	0	0	0	7	4	23	8	4	0	0	0
Animalia;Arthropoda;Hexanauplia;Calanoida;Centropagidae;Sinocalanus;Sinocalanus sp.	Calanoid Copepods	0	0	0	0	0	0	0	0	0	0	0	0	0	0	4	0	0	0	0	0	0	0	0	0	0	0	0	0	0	0	0	0	0	0	0	0	0	0	0	0	0	0	0	0	0	0	0	0	0	0	0	0	0	0	0	0	971	0	0	0	0	0	752	0	0	0	0	0	0	0	0	0	0	0	0	0	0	0	0	0	0	0	0	0	0	0	0	0	0	0	0	0	0	0	0	0	0	0	0	0	3	0	0	0	0	0	14	0	0	0	0	0	0	0	0	0	0	0	0	0	0	0	0
Animalia;Arthropoda;Hexanauplia;Calanoida;Clausocalanidae	Calanoid Copepods	0	0	105	0	0	10	0	0	1115	4	0	32	0	22	0	2	0	18	3	7	0	0	0	25	0	0	0	259	0	21	14	19	69	25	12	0	0	0	33	0	110	16	16	5	0	0	0	7	0	6	0	0	0	0	0	0	4342	8	0	4	0	0	0	0	0	105	0	0	0	2	0	0	0	0	0	484	0	0	15	0	5	51	0	48	0	41464	0	0	7	2	0	0	0	3	0	0	0	0	0	0	14	7	113	0	0	0	0	0	0	2	6	4	0	0	0	4	8	17	26	3	0	0	0
Animalia;Arthropoda;Hexanauplia;Calanoida;Clausocalanidae;Pseudocalanus	Calanoid Copepods	0	0	0	0	0	2	0	0	0	0	0	0	0	0	3	0	0	0	0	0	0	0	0	0	0	0	0	0	0	0	0	0	0	0	0	0	0	0	0	0	0	0	94	0	0	0	0	0	0	0	0	0	0	0	0	0	5	73	0	0	0	0	0	0	0	0	0	0	0	0	0	0	0	0	0	0	2	0	105	0	63	29	0	0	0	6	0	0	32	0	0	0	0	0	0	0	0	0	0	0	2	0	0	0	0	0	0	0	0	0	0	0	0	0	0	0	0	0	0	0	0	0	0
Animalia;Arthropoda;Hexanauplia;Calanoida;Clausocalanidae;Pseudocalanus;Pseudocalanus newmani	Calanoid Copepods	5	0	49	1819	21	3489	16	19	37	0	9	4	3	26	1337	4143	0	5	154	25	0	15	3	0	4	3	4	0	0	0	49	0	5	133	56	32	221	36	28	82	0	64	32958	44	7	98	2	42	129	615	0	0	64	83	33	32	48	71571	0	9	790	7	79	7	65	8	8	0	7	5	2	0	30	0	477	296	48286	46	48945	120	16773	15708	4	82	30	9	112	2	10396	22	7120	0	3	0	35	0	0	0	22	0	3051	3	398	3	122	1073	1357	2	6	22	38	29	12	0	0	60	45	122	127	76	11	2	221
Animalia;Arthropoda;Hexanauplia;Calanoida;Clausocalanidae;Pseudocalanus;Pseudocalanus sp. AC-2010	Calanoid Copepods	0	0	0	2	0	3	0	0	0	0	0	0	0	0	3	2	0	0	0	0	0	0	0	0	0	0	0	0	0	0	0	0	0	0	0	0	0	0	0	0	0	0	30	0	0	0	0	0	0	0	0	0	0	0	0	0	0	49	0	0	0	0	0	0	0	0	0	0	0	0	0	0	0	0	0	0	17	0	37	0	8	12	0	0	0	0	0	0	11	0	2	0	0	0	0	0	0	0	0	0	3	0	0	0	0	0	0	0	0	0	0	0	0	0	0	0	0	0	0	0	0	0	0
Animalia;Arthropoda;Hexanauplia;Calanoida;Eucalanidae;Subeucalanus;Subeucalanus pileatus	Calanoid Copepods	0	0	0	0	0	0	0	0	0	0	0	0	0	0	0	0	0	0	0	0	0	0	0	0	0	0	0	0	0	0	0	0	0	0	0	0	0	0	0	0	0	0	0	0	0	0	0	0	0	0	0	0	0	0	0	0	0	0	0	0	0	0	0	0	3	0	0	0	0	0	0	0	0	0	8	0	0	3	0	0	0	0	0	0	0	0	0	0	0	0	0	0	0	0	0	0	0	0	0	0	0	0	0	0	0	0	0	0	0	0	0	0	0	0	0	0	0	0	0	0	0	0	0
Animalia;Arthropoda;Hexanauplia;Calanoida;Euchaetidae;Euchaeta;Euchaeta indica	Calanoid Copepods	0	0	0	0	0	0	0	0	0	0	0	0	0	0	0	0	0	0	0	0	0	0	0	0	0	0	0	0	0	0	0	0	0	0	0	0	0	0	0	0	0	0	0	0	0	0	0	0	0	0	0	0	0	0	0	0	10	0	0	0	0	0	0	0	0	0	0	0	0	0	0	0	0	0	0	0	0	0	0	0	0	0	0	0	0	67	0	0	0	0	0	0	0	0	0	0	0	0	0	0	0	0	0	0	0	0	0	0	0	0	0	0	0	0	0	0	0	0	0	0	0	0	0
Animalia;Arthropoda;Hexanauplia;Calanoida;Euchaetidae;Euchaeta;Euchaeta media	Calanoid Copepods	0	0	0	0	0	0	0	0	0	0	0	0	0	0	0	0	0	0	0	0	0	0	0	0	0	0	0	0	0	0	0	0	0	0	0	0	0	0	0	0	0	0	0	0	0	0	0	0	0	0	0	2	0	0	0	0	0	0	0	0	0	0	0	0	0	0	0	0	0	0	0	0	0	0	0	0	0	0	0	0	0	0	0	0	0	3	0	0	0	0	0	0	0	0	0	0	0	0	0	0	0	0	0	0	0	0	0	0	0	0	0	0	0	0	0	0	0	0	0	0	0	0	0
Animalia;Arthropoda;Hexanauplia;Calanoida;Paracalanidae;Paracalanus	Calanoid Copepods	0	0	8	187	0	155	148	14	0	0	0	0	0	6	89	16	5	0	0	389	0	2	0	0	0	2	0	0	0	0	0	10	5	9	7	3	0	19	12	0	0	0	6	3	0	9	0	180	14	24	0	4	7	32	0	5	206	0	7	4	10	0	8	474	552	3	3	97	0	4	0	0	9	303	12	5	3	7	39	28	117	9	281	3	4	6	29	13	0	7	0	0	251	0	111	0	8	6	0	0	161	2	57	0	8	100	118	907	526	22	64	0	26	0	0	29	72	7	4	525	134	2	9
Animalia;Arthropoda;Hexanauplia;Calanoida;Paracalanidae;Paracalanus;Paracalanus parvus	Calanoid Copepods	14	0	547	18206	0	12487	15025	984	40	30	23	96	4	360	7707	1550	168	43	16	29986	5	99	21	4	16	59	41	0	27	3	293	755	239	754	712	189	78	888	898	68	93	158	595	306	39	611	83	11339	1183	1700	0	364	411	2242	140	326	16381	87	495	165	1176	49	901	31496	48740	137	352	8014	38	93	19	0	754	22252	1013	339	520	478	2740	2653	9321	763	27896	347	434	304	2192	1529	102	526	0	9	18599	9	8427	6	896	406	19	2	13366	271	6289	0	529	8471	11090	69372	42243	1761	5918	121	1874	232	3	1605	3808	568	372	36997	10661	130	438
Animalia;Arthropoda;Hexanauplia;Calanoida;Pontellidae;Anomalocera;Anomalocera patersoni	Calanoid Copepods	0	0	0	0	0	0	0	0	0	0	0	0	0	0	0	0	0	0	0	0	0	0	0	0	0	0	0	0	0	0	0	0	0	0	0	0	0	0	0	0	0	0	0	0	0	0	0	0	0	0	0	0	0	0	0	0	2	0	0	0	0	0	5	0	0	0	0	0	0	0	0	0	0	0	0	0	0	0	0	0	0	0	0	0	0	0	0	0	0	0	0	0	0	0	0	0	0	0	0	0	0	0	0	0	0	0	0	0	0	0	0	0	0	0	0	0	0	0	0	0	0	0	0
Animalia;Arthropoda;Hexanauplia;Calanoida;Tortanidae;Tortanus;Tortanus sp. New Caledonia-RJH-2004	Calanoid Copepods	0	0	0	0	0	0	0	0	0	0	0	0	0	0	0	0	0	0	0	0	0	0	0	0	0	0	0	0	0	0	0	0	0	0	0	0	0	0	0	0	0	0	0	0	0	0	0	0	0	0	0	0	0	0	0	0	7	0	0	0	0	0	6	0	0	0	0	0	0	0	0	0	0	0	0	0	0	0	0	0	0	0	0	0	0	0	0	0	0	0	0	0	0	0	0	0	0	0	0	0	0	0	0	0	0	0	0	0	0	0	0	0	0	0	0	0	0	0	0	0	0	0	0
Animalia;Arthropoda;Hexanauplia;Cyclopoida	Cyclopoid Copepods	0	0	0	2	0	0	0	0	0	0	0	0	0	0	0	0	0	0	0	0	0	0	0	0	0	0	0	0	0	0	0	0	0	0	0	0	0	0	0	0	0	0	0	0	0	0	0	0	0	0	0	0	0	0	0	0	0	0	0	0	0	0	0	0	0	0	0	0	0	0	0	0	0	0	0	3	0	0	0	0	0	0	0	0	0	0	0	0	0	0	0	0	0	0	0	0	0	0	0	0	0	0	0	0	0	0	0	0	0	0	0	0	0	0	0	0	0	0	0	0	0	0	0
Animalia;Arthropoda;Hexanauplia;Cyclopoida;Cyclopidae;Acanthocyclops;Acanthocyclops americanus	Copepods	0	0	0	0	0	0	0	0	0	0	0	0	0	0	0	0	0	0	0	0	0	0	0	0	0	0	0	0	0	0	0	0	0	0	0	0	0	0	0	0	0	0	0	0	0	0	0	0	0	0	0	0	0	0	4	0	0	0	0	0	0	0	0	0	0	0	0	0	0	0	0	0	0	0	0	0	0	0	0	0	0	0	0	0	0	0	0	0	0	0	0	0	0	0	0	0	0	0	0	0	0	0	0	0	0	0	0	0	0	0	0	0	0	0	0	0	0	0	0	0	0	0	0
Animalia;Arthropoda;Hexanauplia;Cyclopoida;Cyclopidae;Diacyclops;Diacyclops bisetosus	Copepods	0	0	0	29	0	0	0	0	0	0	0	0	0	0	15	6	0	0	0	0	0	0	0	0	0	0	0	0	0	0	0	0	0	0	0	0	0	0	0	0	0	0	0	0	0	0	0	0	0	0	0	0	0	0	0	0	0	0	2	0	0	0	0	0	0	0	0	0	0	0	0	0	0	0	0	0	0	0	0	0	0	0	0	0	0	0	0	0	0	0	0	0	0	0	0	0	0	0	0	0	0	0	4	0	0	0	0	0	0	0	0	0	0	0	0	0	0	0	0	0	0	0	0
Animalia;Arthropoda;Hexanauplia;Cyclopoida;Cyclopidae;Eucyclops	Copepods	0	0	0	0	0	0	0	0	0	0	0	0	0	0	0	0	0	0	0	0	0	0	0	0	0	0	0	0	0	0	0	5	0	0	0	0	0	0	0	0	0	0	0	0	0	0	0	0	0	0	0	0	0	0	0	0	0	0	0	0	0	0	0	0	0	0	0	0	0	0	0	0	0	0	0	0	0	0	0	0	0	0	0	0	0	0	0	0	0	0	0	0	0	0	0	0	0	0	0	0	0	0	0	0	0	0	0	0	0	0	0	0	0	0	0	0	0	0	0	0	0	0	0
Animalia;Arthropoda;Hexanauplia;Cyclopoida;Cyclopidae;Eucyclops;Eucyclops dumonti	Copepods	0	0	0	0	0	0	0	0	0	0	0	0	0	0	0	0	0	0	0	0	0	0	0	0	0	0	0	0	0	0	0	0	0	0	0	0	0	0	0	0	0	0	0	0	0	0	0	0	0	0	0	0	0	0	0	0	0	0	0	0	0	0	0	0	0	0	0	0	0	0	0	0	0	0	0	69	0	0	0	0	0	0	0	0	0	0	0	0	0	0	0	0	0	0	0	0	0	0	0	0	0	0	0	0	0	0	0	0	0	0	0	0	0	0	0	0	0	0	0	0	0	0	0
Animalia;Arthropoda;Hexanauplia;Cyclopoida;Cyclopidae;Macrocyclops;Macrocyclops albidus	Copepods	0	0	0	0	0	0	0	0	0	0	0	0	0	0	0	0	0	0	0	0	0	0	0	0	0	0	0	0	0	0	0	0	0	0	0	0	0	0	0	0	0	0	0	0	0	0	0	0	0	0	0	0	0	0	0	0	0	0	0	0	0	0	0	0	0	0	0	0	0	0	0	0	0	0	0	7	0	0	0	0	0	0	0	0	0	0	0	0	0	0	0	0	0	0	0	0	0	0	0	0	0	0	0	0	0	0	0	0	0	0	0	0	0	0	0	0	0	0	0	0	0	0	0
Animalia;Arthropoda;Hexanauplia;Cyclopoida;Oithonidae;Oithona	Cyclopoid Copepods	0	0	2	313	0	18	0	0	0	0	0	0	0	0	8	0	0	0	0	2	0	0	0	2	0	0	0	0	2	0	64	0	4	8	15	10	0	4	4	15	0	3	0	2	0	8	0	6	0	0	0	0	0	0	0	0	0	0	5	0	0	0	2	0	0	0	3	0	0	0	0	0	4	0	0	26	6	4	0	0	7	14	0	0	0	0	2	0	0	0	0	0	0	0	0	0	0	0	0	0	9	0	0	0	0	0	0	0	0	0	3	0	0	0	0	2	64	29	9	2	15	12	0
Animalia;Arthropoda;Hexanauplia;Cyclopoida;Oithonidae;Oithona;Oithona similis	Cyclopoid Copepods	0	0	12	3872	0	262	4	9	0	0	0	0	0	0	160	0	0	15	0	18	0	0	0	0	0	0	0	0	11	0	660	0	94	96	184	90	0	42	69	87	0	19	20	16	0	101	0	53	2	18	0	0	0	0	0	0	9	0	45	4	7	0	25	11	0	4	24	0	6	6	6	0	41	0	4	226	20	97	0	30	80	136	8	4	0	0	40	3	0	9	0	0	10	0	0	0	0	0	0	0	157	0	18	0	3	17	4	3	0	9	21	12	8	2	0	27	628	241	84	46	130	128	5
Animalia;Arthropoda;Hexanauplia;Harpacticoida	Arthropod	0	0	0	0	0	0	0	0	0	0	0	0	0	0	0	0	0	0	0	0	0	0	0	0	0	0	0	0	0	0	0	0	0	0	0	0	0	0	0	0	0	0	0	0	0	0	0	0	0	0	0	0	0	0	0	0	0	0	0	0	0	0	0	0	0	0	0	0	0	0	0	0	0	0	0	0	0	0	0	0	0	0	0	0	0	0	0	0	0	0	0	0	0	0	0	0	0	0	0	0	0	0	0	0	0	0	0	0	0	0	0	2	0	0	0	0	0	4	6	0	0	0	0
Animalia;Arthropoda;Hexanauplia;Harpacticoida;Ameiridae;Nitokra;Nitokra hibernica	Copepod	0	0	0	0	0	0	0	0	0	0	0	0	0	0	0	0	0	0	0	0	0	0	0	0	0	0	0	0	0	0	0	0	0	0	0	0	0	0	0	0	0	0	0	0	0	0	0	0	0	0	0	0	0	0	0	0	0	0	0	0	0	0	0	0	12	0	0	0	0	0	0	0	0	0	0	0	0	0	0	0	0	0	0	0	0	0	0	0	0	0	0	0	0	0	0	0	0	0	0	0	0	0	0	0	0	0	0	0	0	0	0	0	0	0	0	0	0	0	0	0	0	0	0
Animalia;Arthropoda;Hexanauplia;Harpacticoida;Cancrincolidae;Cancrincola;Cancrincola plumipes	Arthropod	0	0	0	0	0	0	0	0	0	0	0	0	0	0	2	0	0	0	0	0	0	0	0	0	0	0	0	0	0	0	0	0	0	3	0	0	0	0	0	0	0	0	0	0	0	0	0	0	0	0	0	0	0	0	0	0	0	0	0	0	0	0	0	0	67	0	0	0	0	0	0	0	0	0	0	0	0	0	0	0	0	0	0	0	0	0	0	0	0	0	0	0	0	0	0	0	0	0	0	0	0	0	0	0	0	0	0	0	0	0	0	0	0	0	0	0	0	0	0	0	0	0	0
Animalia;Arthropoda;Hexanauplia;Harpacticoida;Ectinosomatidae;Microsetella	Arthropod	0	0	0	0	0	0	0	0	0	0	0	0	0	0	0	0	0	0	0	0	0	0	0	0	0	0	0	0	0	0	0	0	0	0	0	0	0	0	0	0	0	0	0	0	0	7	0	0	0	0	0	0	0	0	0	0	0	0	0	0	0	0	0	0	0	0	0	0	0	0	0	0	0	0	0	0	0	0	0	0	0	0	0	0	0	0	0	0	0	0	0	0	0	0	0	0	0	0	0	0	0	0	0	0	0	0	0	0	0	0	0	0	0	0	0	0	0	0	0	0	0	0	0
Animalia;Arthropoda;Hexanauplia;Harpacticoida;Parastenocarididae	Arthropod	0	0	0	0	0	0	0	0	0	0	0	0	0	0	0	0	0	0	0	0	0	0	0	0	0	0	0	0	0	0	0	0	0	0	0	0	0	0	0	0	0	0	0	0	0	0	0	0	0	0	0	0	0	0	0	0	0	0	0	0	0	0	0	0	0	0	0	0	0	0	0	0	0	0	0	0	0	0	0	0	0	0	0	0	0	0	0	0	0	0	0	0	0	0	0	0	0	0	0	0	5	0	0	0	0	0	0	0	0	0	0	0	0	0	0	0	0	0	0	0	0	0	0
Animalia;Arthropoda;Hexanauplia;Poecilostomatoida	Arthropod	0	0	0	0	0	24	0	0	0	0	0	0	0	0	6	0	0	0	0	2	0	0	0	0	0	0	0	0	0	0	0	0	0	0	0	0	0	0	2	0	0	0	0	0	0	58	0	0	0	0	0	0	0	0	0	0	0	0	0	0	0	0	0	0	3	0	0	2	0	0	0	0	0	0	0	0	0	0	9	0	0	2	0	0	0	0	0	0	0	0	0	0	0	0	0	0	0	0	0	0	0	0	2	0	0	0	0	0	0	9	0	0	3	0	0	15	3	0	0	0	0	0	0
Animalia;Arthropoda;Hexanauplia;Poecilostomatoida;Corycaeidae	Arthropod	0	0	0	37	0	372	0	3	6	0	0	0	0	0	167	14	0	0	0	2	0	0	0	0	0	0	0	0	2	0	2	0	0	2	3	8	4	0	8	0	0	0	4	3	15	1347	3	21	3	12	0	0	0	0	0	0	0	0	0	0	2	0	2	0	0	0	0	10	8	0	0	0	0	0	6	2	0	0	151	2	0	41	7	5	0	0	4	0	0	5	6	0	4	0	3	0	0	0	0	0	50	0	50	0	13	0	0	2	3	109	0	0	35	0	0	402	152	5	5	0	6	10	2
Animalia;Arthropoda;Hexanauplia;Poecilostomatoida;Corycaeidae;Agetus;Agetus flaccus	Arthropod	0	0	0	0	0	29	0	0	0	0	0	0	0	0	14	0	0	0	0	0	0	0	0	0	0	0	0	0	0	0	0	0	0	0	0	0	0	0	0	0	0	0	2	0	0	101	0	2	0	0	0	0	0	0	0	0	0	0	0	0	0	0	0	0	0	0	0	0	0	0	0	0	0	0	2	0	0	0	13	0	2	0	0	0	0	0	0	0	0	0	0	0	0	0	0	0	0	0	0	0	3	0	0	0	0	0	0	0	0	9	0	0	0	0	0	22	9	0	0	0	0	0	0
Animalia;Arthropoda;Hexanauplia;Poecilostomatoida;Corycaeidae;Corycaeus;Corycaeus speciosus	Arthropod	0	0	0	262	0	5098	13	11	52	0	0	0	0	6	1987	141	4	9	0	30	0	0	0	0	2	14	0	0	23	0	15	0	7	32	39	119	58	6	64	0	0	0	62	70	207	19168	9	253	29	115	0	0	7	10	0	4	6	0	4	12	84	11	74	14	3	22	21	160	52	3	0	0	0	11	64	22	37	4	2107	13	49	457	83	48	3	10	51	4	9	26	47	0	23	0	17	2	4	0	2	0	517	3	502	0	173	4	0	2	22	1052	2	0	365	6	0	4962	1870	76	50	18	19	100	42
Animalia;Arthropoda;Hexanauplia;Poecilostomatoida;Oncaeidae;Oncaea;Oncaea sp. MVZ-2013	Arthropod	0	0	0	0	0	0	0	0	0	0	0	0	0	0	0	0	0	0	0	0	0	0	0	0	0	0	0	0	0	0	0	0	0	0	0	0	0	0	0	0	0	0	0	0	0	0	0	0	0	0	0	0	0	0	0	0	0	0	0	0	0	0	0	0	0	0	0	0	0	0	0	0	0	0	0	0	0	0	0	0	0	0	0	0	0	0	0	0	0	0	0	0	0	0	0	0	0	0	0	0	0	0	0	0	0	0	0	0	0	0	0	0	0	0	0	13	0	0	0	0	0	0	0
Animalia;Arthropoda;Hexanauplia;Polyarthra;Longipediidae;Longipedia;Longipedia koreana	Arthropod	0	0	0	0	0	0	0	0	0	0	0	0	0	0	0	0	0	0	0	2	0	0	0	0	0	0	0	0	0	0	0	0	0	0	0	0	0	0	0	0	0	0	0	0	0	0	0	0	0	0	0	0	0	0	0	0	0	0	0	0	0	0	0	0	0	0	0	0	0	0	0	0	0	0	0	0	0	0	0	0	0	0	0	0	0	0	0	0	0	0	0	0	0	0	0	0	0	0	0	0	0	0	0	0	0	0	0	0	0	0	0	0	0	0	0	0	0	0	0	0	3	0	0
Animalia;Arthropoda;Hexanauplia;Siphonostomatoida	Arthropod	0	0	0	0	0	0	0	0	0	0	0	0	0	0	0	0	0	0	0	3	0	0	0	0	0	0	0	0	0	0	0	0	0	0	0	0	0	0	0	0	0	0	0	0	0	0	0	0	0	0	0	0	0	0	0	0	0	0	0	0	0	0	0	0	0	0	0	0	0	0	0	0	0	0	0	0	0	0	0	0	0	0	0	0	0	0	0	0	0	0	0	0	0	0	0	0	0	0	0	0	0	0	0	0	0	0	0	0	0	0	0	0	0	0	0	0	0	0	6	0	0	0	0
Animalia;Arthropoda;Hexanauplia;Siphonostomatoida;Ecbathyriontidae;Ecbathyrion;Ecbathyrion prolixicauda	Arthropod	0	0	0	0	0	0	0	0	0	0	0	0	0	0	10	0	0	0	0	0	0	0	0	0	0	0	0	0	0	0	0	0	0	7	0	0	0	0	0	0	0	0	0	0	0	0	0	0	0	0	0	0	0	0	0	0	0	0	0	0	0	0	0	0	64	0	0	0	0	0	0	0	0	0	0	0	0	0	0	0	0	0	0	0	0	0	0	0	0	0	0	0	0	0	0	0	0	0	0	0	0	0	0	0	0	0	0	0	0	0	0	3	0	0	0	0	0	0	0	0	0	0	0
Animalia;Arthropoda;Hexanauplia;Siphonostomatoida;Pennellidae;Lernaeocera;Lernaeocera branchialis	Throat-ogre	0	0	0	3	0	0	0	0	0	0	0	0	0	0	76	0	0	0	0	0	0	0	0	0	0	0	0	0	0	0	0	0	0	41	0	0	0	0	0	0	0	0	10	0	0	0	0	0	0	0	0	0	0	0	0	0	0	0	0	0	0	0	3	0	963	0	0	0	0	2	0	0	0	0	0	0	0	0	0	0	0	0	0	0	0	0	0	0	0	0	0	0	0	0	0	0	0	0	0	0	0	0	0	0	0	0	0	0	0	0	6	36	0	0	0	0	0	0	0	0	0	12	0
Animalia;Arthropoda;Insecta;Diptera;Chironomidae;Tanypus;Tanypus sp.	Midges	0	0	0	0	0	0	0	0	0	0	0	0	0	0	0	0	0	0	0	0	0	0	0	0	0	0	0	0	0	0	0	0	0	0	0	0	0	0	0	0	0	0	0	0	0	0	0	0	0	0	0	0	0	0	0	0	0	0	0	0	0	0	0	0	0	0	0	0	0	0	0	0	0	0	0	0	0	0	0	0	0	0	0	0	0	0	0	0	0	0	55	0	0	0	0	0	0	0	0	0	0	0	0	0	0	0	0	0	0	0	0	0	0	0	0	0	0	0	0	0	0	0	0
Animalia;Arthropoda;Insecta;Hemiptera;Aphididae;Megoura	Aphid	0	0	0	0	0	0	0	0	0	0	0	0	0	0	0	0	0	0	0	0	0	0	0	0	0	0	0	0	0	0	0	0	0	0	0	0	0	0	0	0	0	0	0	0	0	0	0	79	0	0	0	0	0	0	0	0	0	0	0	0	0	0	0	0	0	0	0	0	0	0	0	0	0	0	0	0	0	0	0	0	0	0	0	0	0	0	0	0	0	0	0	0	0	0	0	0	0	0	0	0	0	0	0	0	0	0	0	0	0	0	0	0	0	0	0	0	0	0	0	0	0	0	0
Animalia;Arthropoda;Insecta;Hemiptera;Miridae;Trigonotylus;Trigonotylus uhleri	Mirid bug	0	0	0	0	0	0	0	0	0	0	0	0	0	0	0	0	0	0	0	0	0	0	0	0	0	0	0	0	0	0	0	0	0	0	0	0	0	0	0	0	0	0	0	0	0	0	0	0	0	0	0	0	0	0	0	0	0	0	0	0	0	0	0	0	0	0	0	0	0	0	0	0	0	0	0	0	0	0	0	0	0	0	0	0	0	0	0	0	0	0	0	0	0	0	0	0	0	2	0	0	0	0	0	0	0	0	0	0	0	0	0	0	0	0	0	0	0	0	0	3	6	0	0
Animalia;Arthropoda;Insecta;Hymenoptera	Ant, Bee, Wasp, Sawfly	0	0	0	0	0	0	0	0	0	0	0	0	0	0	0	0	0	0	0	0	0	0	0	0	0	0	0	0	0	0	0	0	0	0	0	0	0	0	0	0	0	0	0	0	0	0	0	0	0	0	0	0	0	0	0	0	0	0	0	0	0	0	0	0	0	0	0	0	0	0	0	0	0	0	0	0	0	0	0	3	0	0	0	0	0	0	0	0	0	0	0	0	0	0	0	0	0	0	0	0	0	0	0	0	0	0	0	0	2	0	0	0	0	0	0	0	0	0	0	0	0	0	0
Animalia;Arthropoda;Insecta;Neuroptera;Chrysopidae;Chrysoperla;Chrysoperla carnea	Common green lacewing	0	0	0	0	0	0	0	0	0	0	0	0	0	0	0	0	0	0	0	0	0	0	0	0	0	0	0	0	0	0	0	0	0	0	0	0	0	0	0	0	0	0	0	0	0	0	0	0	0	0	0	0	0	0	0	0	0	0	0	0	0	0	0	0	0	0	0	0	0	0	0	0	0	0	0	0	0	0	0	0	0	0	0	0	0	0	0	0	0	0	0	0	0	0	0	0	0	0	0	0	0	0	0	0	0	0	0	0	0	0	0	0	0	0	0	0	0	0	0	0	0	0	14
Animalia;Arthropoda;Insecta;Psocoptera	Bark lice	0	0	0	0	0	0	0	0	0	0	0	0	0	0	0	0	0	0	0	0	0	0	0	8	0	0	0	0	0	0	0	0	0	0	0	0	0	0	0	0	0	0	0	0	0	0	0	0	0	0	0	0	0	0	0	0	0	0	0	0	0	0	0	0	0	0	0	0	0	0	0	0	0	0	0	0	0	0	0	0	0	0	0	0	0	0	0	0	0	0	0	0	0	0	0	0	0	0	0	0	0	0	0	0	0	0	0	0	0	0	0	0	0	0	0	0	0	2	0	0	0	0	0
Animalia;Arthropoda;Insecta;Psocoptera;Liposcelididae	Booklouse	0	0	0	0	0	0	0	0	0	0	0	0	0	0	0	0	0	0	0	0	0	0	0	0	0	0	0	0	0	0	0	0	0	0	0	0	0	0	0	0	0	0	0	0	0	0	0	0	0	0	0	0	0	0	3	0	0	0	0	0	0	0	0	0	0	0	0	0	0	0	0	0	0	0	0	0	0	0	0	0	0	0	0	0	0	0	0	0	0	0	0	0	0	0	0	0	4	0	0	0	0	0	0	0	0	0	0	0	0	0	0	0	0	0	0	0	0	0	0	0	0	0	0
Animalia;Arthropoda;Insecta;Thysanoptera;Thripidae;Australothrips;Australothrips bicolor	Common thrips	0	0	0	0	0	0	0	0	0	0	0	0	0	0	0	0	0	0	0	0	0	0	0	0	0	0	0	0	0	13	0	0	0	0	0	0	0	0	0	0	0	0	0	0	0	0	0	0	0	0	0	0	0	0	0	0	0	0	0	0	0	0	0	0	0	0	0	0	0	0	0	0	0	0	0	0	0	0	0	0	0	0	0	0	0	0	0	0	0	0	0	0	0	0	0	0	0	0	0	0	0	0	0	0	0	0	0	0	0	0	0	0	0	0	0	0	0	0	0	0	0	0	0
Animalia;Arthropoda;Malacostraca	Malacostracans	0	0	0	0	0	0	0	0	0	0	0	0	0	0	0	0	0	0	0	0	0	0	0	0	0	0	0	0	0	0	0	0	0	0	0	0	0	0	0	0	0	0	0	0	0	0	0	0	0	0	0	0	0	0	0	0	0	0	0	0	0	0	0	0	0	0	0	0	0	67	0	0	0	0	0	0	0	0	0	0	0	0	0	0	0	0	0	0	0	0	0	0	0	0	0	0	0	0	0	54	0	0	0	0	0	0	0	0	0	0	0	0	0	0	0	0	0	0	0	0	0	0	0
Animalia;Arthropoda;Malacostraca;Amphipoda	Amphipods	0	0	0	0	0	0	0	0	0	0	0	0	0	11	0	0	0	0	0	0	0	0	0	0	0	0	0	0	0	0	0	0	0	0	0	0	0	0	0	0	0	0	0	0	0	0	0	0	0	0	0	0	0	0	0	0	0	0	0	0	0	0	0	0	0	0	0	0	0	0	0	0	0	0	0	0	0	0	0	0	0	0	0	0	0	0	0	0	0	0	0	0	0	0	0	0	0	0	0	0	0	0	0	0	0	0	0	0	0	0	0	0	0	0	0	0	2	0	0	0	0	0	0
Animalia;Arthropoda;Malacostraca;Amphipoda;Gammaridae;Gammarus;Gammarus cf. pulex Peloponnese	Freshwater Shrimp (Gammarus)	0	0	0	0	0	0	0	0	0	0	0	0	0	25	0	0	0	0	0	0	0	0	0	0	0	0	0	0	0	0	0	0	0	0	0	0	0	0	0	0	0	0	0	0	0	0	0	0	0	0	0	0	0	0	0	0	0	0	0	0	0	0	0	0	0	0	0	0	0	0	0	0	0	0	0	0	0	0	0	0	0	0	0	0	0	0	0	0	0	0	0	0	0	0	0	0	0	0	0	0	0	0	0	0	0	0	0	0	0	0	0	0	0	0	0	0	0	0	0	0	0	0	0
Animalia;Arthropoda;Malacostraca;Amphipoda;Hyperiidae;Themisto	Hyperiids	0	0	0	0	0	0	0	0	0	0	0	0	0	0	0	0	0	0	0	0	0	0	0	0	0	0	0	0	0	0	0	0	0	0	0	0	0	0	0	0	0	0	0	0	0	0	0	0	0	0	0	0	0	0	0	0	0	0	0	0	0	0	0	0	0	0	0	0	0	0	0	0	0	0	0	0	0	0	0	0	0	0	0	0	0	0	0	0	0	0	0	0	0	0	2	0	0	0	0	0	3	0	0	0	0	0	0	0	0	0	0	0	0	0	0	0	0	0	0	0	0	0	0
Animalia;Arthropoda;Malacostraca;Decapoda	Crabs	0	0	0	0	0	0	0	0	0	0	0	0	0	0	0	0	0	0	0	0	0	0	0	0	0	0	0	0	0	0	0	0	0	0	0	0	0	0	0	0	0	0	0	0	0	0	0	0	0	0	0	0	0	0	0	0	0	0	0	0	0	0	0	0	0	0	0	0	0	264	0	0	0	0	0	0	0	0	0	0	0	0	0	0	0	0	0	0	0	0	0	0	0	0	0	0	0	0	0	22005	0	0	0	2	0	0	0	0	0	0	0	0	0	0	0	0	3	0	0	0	0	0	0
Animalia;Arthropoda;Malacostraca;Decapoda;Atyidae;Xiphocaris;Xiphocaris elongata	Cricket shrimp, Yellow nose shrimp	0	0	0	0	0	0	0	0	0	0	0	0	0	0	0	0	0	0	0	0	0	0	0	0	0	0	0	0	0	0	0	0	0	0	0	0	0	0	0	0	0	0	0	0	0	0	0	0	0	0	0	0	0	0	0	0	0	0	0	0	0	0	0	0	0	0	0	0	0	0	0	0	0	0	0	0	0	0	0	0	0	0	0	0	0	0	0	0	0	0	0	0	0	0	0	0	0	0	0	5	0	0	0	0	0	0	0	0	0	0	0	0	0	0	0	0	0	0	0	0	0	0	0
Animalia;Arthropoda;Malacostraca;Decapoda;Calappidae;Hepatus;Hepatus epheliticus	Calico box crab	0	0	0	0	0	0	0	0	0	0	0	0	0	0	0	0	0	0	0	0	0	0	0	0	0	0	0	0	0	0	0	0	0	0	0	0	0	0	0	0	0	0	0	0	0	0	0	0	0	0	0	0	0	0	0	0	0	0	0	0	0	0	0	0	0	0	0	0	0	0	0	0	0	0	0	0	0	0	0	0	0	0	0	0	0	0	0	0	0	0	0	0	0	0	0	0	0	0	0	27	0	0	0	0	0	0	0	0	0	0	0	0	0	0	0	0	0	0	0	0	0	0	0
Animalia;Arthropoda;Malacostraca;Decapoda;Eriphiidae;NA;Eriphiidae sp. BPX-2007	Crabs	0	0	0	0	0	0	0	0	0	0	0	0	0	0	0	0	0	0	0	0	0	0	0	0	0	0	0	0	0	0	0	0	0	0	0	0	0	0	0	0	0	0	0	0	0	0	0	0	0	0	0	0	0	0	0	0	0	0	0	0	0	0	0	0	0	0	0	0	0	0	0	0	0	0	0	0	0	0	0	0	0	0	0	0	0	0	0	0	0	0	0	0	0	0	0	0	0	0	0	18	0	0	0	0	0	0	0	0	0	0	0	0	0	0	0	0	0	0	0	0	0	0	0
Animalia;Arthropoda;Malacostraca;Decapoda;Macrophthalmidae;Macrophthalmus;Macrophthalmus japonicus	Crabs	0	0	0	0	0	0	0	0	0	0	0	0	0	0	0	0	0	0	0	0	0	0	0	0	0	0	0	0	0	0	0	0	0	0	0	0	0	0	0	0	0	0	0	0	0	0	0	0	0	0	0	0	0	0	0	0	0	0	0	0	0	0	0	0	0	0	0	0	0	0	0	0	0	0	0	0	0	0	0	0	0	0	0	0	0	0	0	0	0	0	0	0	0	0	0	0	0	0	0	22	0	0	0	0	0	0	0	0	0	0	0	0	0	0	0	0	0	0	0	0	0	0	0
Animalia;Arthropoda;Malacostraca;Decapoda;Orithyiidae;Orithyia;Orithyia sinica	Crabs	0	0	0	0	0	0	0	2	0	0	0	0	0	0	0	0	0	0	0	0	0	0	0	0	0	0	0	0	0	0	0	0	0	0	0	0	0	0	0	0	0	0	0	0	0	0	0	0	0	0	0	0	0	0	0	0	0	0	0	0	0	0	0	0	0	0	0	0	0	0	0	0	0	0	0	0	0	0	0	0	0	0	0	0	0	0	0	0	0	0	0	0	0	0	0	0	0	0	0	0	0	0	0	0	0	0	0	0	0	0	0	0	0	0	0	0	0	0	0	0	0	0	0
Animalia;Arthropoda;Malacostraca;Decapoda;Polybiidae;Liocarcinus;Liocarcinus depurator	Harbour Crab	0	0	0	0	0	0	0	0	0	0	0	0	0	0	0	0	0	0	0	0	0	0	0	0	0	0	0	0	0	0	0	0	0	0	0	0	0	0	0	0	0	0	0	0	0	0	0	0	0	0	0	0	0	0	0	0	0	0	0	0	0	0	0	0	0	0	0	0	0	0	0	0	0	0	0	0	0	0	0	0	0	0	0	0	0	0	0	0	0	0	0	0	0	0	0	0	0	0	0	12	0	0	0	0	0	0	0	0	0	0	0	0	0	0	0	0	0	0	0	0	0	0	0
Animalia;Arthropoda;Malacostraca;Decapoda;Polybiidae;Liocarcinus;Liocarcinus maculatus	Swimming crabs	0	0	0	0	0	0	0	0	0	0	0	0	0	0	0	0	0	0	0	0	0	0	0	0	0	0	0	0	0	0	0	0	0	0	0	0	0	0	0	0	0	0	0	0	0	0	0	0	0	0	0	0	0	0	0	0	0	0	0	0	0	0	0	0	0	0	0	0	0	0	0	0	0	0	0	0	0	0	0	0	0	0	0	0	0	0	0	0	0	0	0	0	0	0	0	0	0	0	0	762	0	0	0	0	0	0	0	0	0	0	0	0	0	0	0	0	0	0	0	0	0	0	0
Animalia;Arthropoda;Malacostraca;Decapoda;Portunidae;Scylla;Scylla paramamosain	Swimming crabs	0	0	0	0	0	0	0	0	0	0	0	0	0	0	0	0	0	0	0	0	0	0	0	0	0	0	0	0	0	0	0	0	0	0	0	0	0	0	0	0	0	0	0	0	0	0	0	0	0	0	0	0	0	0	0	0	0	0	0	0	0	0	0	0	0	0	0	0	0	0	0	0	0	0	0	0	0	0	0	0	0	0	0	0	0	0	0	0	0	0	0	0	0	0	0	0	0	0	0	2	0	0	0	0	0	0	0	0	0	0	0	0	0	0	0	0	0	0	0	0	0	0	0
Animalia;Arthropoda;Malacostraca;Decapoda;Thaumastochelidae;Thaumastocheles;Thaumastocheles massonktenos	Crabs	0	0	0	0	0	0	0	0	0	0	0	0	0	0	0	0	0	0	0	0	0	0	0	0	0	0	0	0	0	0	0	0	0	0	0	0	0	0	0	0	0	0	0	0	0	0	0	0	0	0	0	0	0	0	0	0	0	0	0	0	0	0	0	0	0	0	0	0	0	234	0	0	0	0	0	0	0	0	0	0	0	0	0	0	0	0	0	0	0	0	0	0	0	0	0	0	0	0	0	0	0	0	0	0	0	0	0	0	0	0	0	0	0	0	0	0	0	0	0	0	0	0	0
Animalia;Arthropoda;Malacostraca;Decapoda;Varunidae	Crabs	0	0	0	0	0	0	0	0	0	0	0	0	0	0	0	0	0	0	0	0	0	0	0	0	0	0	0	0	0	0	0	0	0	0	0	0	0	0	0	0	0	0	0	0	0	0	0	0	0	0	0	0	0	0	0	0	0	0	0	0	0	0	0	0	0	0	0	0	0	0	0	0	0	0	0	0	0	0	0	0	0	0	0	0	0	0	0	0	0	0	0	0	0	0	0	0	0	0	0	4094	0	0	0	0	0	0	0	0	0	0	0	0	0	0	0	0	0	0	0	0	0	0	0
Animalia;Arthropoda;Malacostraca;Decapoda;Varunidae;Eriocheir;Eriocheir sinensis	Chinese freshwater edible crab	0	0	0	0	0	0	0	0	0	0	0	0	0	0	0	0	0	0	0	0	0	0	0	0	0	0	0	0	0	0	0	0	0	0	0	0	0	0	0	0	0	0	0	0	0	0	0	0	0	0	0	0	0	0	0	0	0	0	0	0	0	0	0	0	0	0	0	0	0	0	0	0	0	0	0	0	0	0	0	0	0	0	0	0	0	0	0	0	0	0	0	0	0	0	0	0	0	0	0	7	0	0	0	0	0	0	0	0	0	0	0	0	0	0	0	0	0	0	0	0	0	0	0
Animalia;Arthropoda;Malacostraca;Decapoda;Varunidae;Platyeriocheir;Platyeriocheir formosa	Crabs	0	0	0	0	0	0	0	0	0	0	0	0	0	0	0	0	0	0	0	0	0	0	0	0	0	0	0	0	0	0	0	0	0	0	0	0	0	0	0	0	0	0	0	0	0	0	0	0	0	0	0	0	0	0	0	0	0	0	0	0	0	0	0	0	0	0	0	0	0	0	0	0	0	0	0	0	0	0	0	0	0	0	0	0	0	0	0	0	0	0	0	0	0	0	0	0	0	0	0	514	0	0	0	0	0	0	0	0	0	0	0	0	0	0	0	0	0	0	0	0	0	0	0
Animalia;Arthropoda;Malacostraca;Euphausiacea;Euphausiidae	Euphausiids	0	0	0	0	0	0	0	0	0	0	0	0	0	0	0	0	0	0	0	3	0	0	0	0	0	0	0	0	0	0	0	0	0	0	0	0	0	0	0	0	0	0	0	0	0	0	0	0	0	0	0	0	0	0	0	0	0	0	0	0	0	0	0	0	0	0	0	0	0	23903	0	0	0	0	0	0	0	0	0	0	0	0	0	0	0	0	0	0	0	0	0	0	0	0	0	0	0	0	0	0	0	0	0	0	0	0	0	0	0	0	0	0	0	0	0	0	4	0	0	0	0	0	0
Animalia;Arthropoda;Malacostraca;Euphausiacea;Euphausiidae;Stylocheiron	Euphausiids	0	0	0	0	0	0	0	0	0	0	0	0	0	0	0	0	0	0	0	0	0	0	0	0	0	0	0	0	0	0	0	0	0	0	0	0	0	0	0	0	0	0	0	0	0	0	0	0	0	0	0	0	0	0	0	0	0	0	0	0	0	0	0	0	0	0	0	0	0	14	0	0	0	0	0	0	0	0	0	0	0	0	0	0	0	0	0	0	0	0	0	0	0	0	0	0	0	0	0	0	0	0	0	0	0	0	0	0	0	0	0	0	0	0	0	0	0	0	0	0	0	0	0
Animalia;Arthropoda;Malacostraca;Euphausiacea;Euphausiidae;Stylocheiron;Stylocheiron abbreviatum	Euphausiids	0	0	0	0	0	0	0	0	0	0	0	0	0	0	0	0	0	0	0	0	0	0	0	0	0	0	0	0	0	0	0	0	0	0	0	0	0	0	0	0	0	0	0	0	0	0	0	0	0	0	0	0	0	0	0	0	0	0	0	0	0	0	0	0	0	0	0	0	0	19	0	0	0	0	0	0	0	0	0	0	0	0	0	0	0	0	0	0	0	0	0	0	0	0	0	0	0	0	0	0	0	0	0	0	0	0	0	0	0	0	0	0	0	0	0	0	0	0	0	0	0	0	0
Animalia;Arthropoda;Malacostraca;Euphausiacea;Euphausiidae;Thysanopoda	Euphausiids	0	0	0	0	0	0	0	0	0	0	0	0	0	0	0	0	0	0	0	0	0	0	0	0	0	0	0	0	0	0	0	0	0	0	0	0	0	0	0	0	0	0	0	0	0	0	0	0	0	0	0	0	0	0	0	0	0	0	0	0	0	0	0	0	0	0	0	0	0	127	0	0	0	0	0	0	0	0	0	0	0	0	0	0	0	0	0	0	0	0	0	0	0	0	0	0	0	0	0	0	0	0	0	0	0	0	0	0	0	0	0	0	0	0	0	0	0	0	0	0	0	0	0
Animalia;Arthropoda;Malacostraca;Isopoda;Bopyridae;Probopyrus;Probopyrus pandalicola	Isopods	0	0	0	0	0	0	0	0	0	0	0	0	0	0	0	0	0	0	0	0	0	0	0	0	0	0	0	0	0	0	0	0	0	0	0	0	0	0	0	0	0	0	0	0	0	0	0	0	0	0	0	0	0	0	0	0	0	0	0	0	0	0	0	0	0	0	0	0	0	0	0	0	0	0	0	0	0	0	0	0	0	0	0	0	0	0	0	0	0	0	0	0	0	0	0	0	0	0	0	0	0	0	0	0	0	0	0	0	0	0	0	0	0	0	0	5	0	0	0	0	0	0	0
Animalia;Arthropoda;Ostracoda;Podocopida;Candonidae	Ostracods	0	0	0	0	0	0	0	0	0	0	0	0	0	0	0	0	0	0	0	0	0	0	0	0	0	0	0	0	0	0	0	0	0	0	0	0	0	0	0	0	0	0	0	0	0	0	0	0	0	0	0	0	0	0	0	0	0	0	0	0	0	0	0	0	0	0	0	0	0	0	0	0	0	0	0	0	0	0	0	0	0	0	0	0	0	0	0	0	0	0	0	0	0	0	0	0	0	0	0	0	0	0	0	0	0	0	0	0	0	0	0	0	0	0	0	0	0	43	0	0	0	0	0
Animalia;Arthropoda;Ostracoda;Podocopida;Schizocytheridae;Neomonoceratina;Neomonoceratina sp. QY-2003	Ostracods	0	0	3	0	0	0	0	0	0	0	0	0	0	0	0	0	0	0	0	0	0	0	0	0	0	0	0	0	0	0	0	0	0	0	0	0	10	8	0	6	0	0	0	0	0	0	0	0	0	0	0	0	0	0	0	0	0	0	37	0	0	0	0	0	3	0	4	0	0	0	0	0	0	0	0	191	0	0	4	0	0	0	0	0	53	0	0	0	0	0	0	0	0	0	0	0	0	0	0	0	0	0	0	2	0	0	0	0	0	0	0	0	2	0	0	0	7	0	0	0	0	0	0
Animalia;Arthropoda;Thecostraca	Arthropod	0	0	0	115	0	2	24	13	0	0	0	0	0	8	4	80	0	0	0	42	0	0	0	0	0	0	0	0	0	0	7	0	35	52	6	0	0	0	0	0	0	0	29	5	0	0	2	0	0	36	110359	0	0	165	0	22	0	0	0	0	0	0	2	0	15	0	0	0	2	0	0	0	0	0	0	0	0	0	0	0	0	0	4	0	0	0	29	3	0	0	0	0	14	0	280	0	0	0	0	0	14	0	16	0	0	2	3	217	24	576	9524	25	29	0	0	73	35	50	30	23	8	0	0
Animalia;Arthropoda;Thecostraca;Balanomorpha	Arthropod	0	0	0	0	0	0	0	0	0	0	0	0	0	0	0	0	0	0	0	0	0	0	0	0	0	0	0	0	0	0	0	0	0	0	0	0	0	0	0	0	0	0	0	0	0	0	0	0	0	0	6	0	0	0	0	0	0	0	0	0	0	0	0	0	0	0	0	0	0	0	0	0	0	0	0	0	0	0	0	0	0	0	0	0	0	0	0	0	0	0	0	0	0	0	0	0	0	0	0	0	0	0	0	0	0	0	0	0	0	0	0	0	0	0	0	0	0	0	0	0	0	0	0
Animalia;Arthropoda;Thecostraca;Balanomorpha;Balanidae;Balanus;Balanus nubilus	Giant acorn barnacle	3	0	0	0	0	0	0	0	0	0	0	0	0	0	0	0	0	0	0	0	0	0	0	0	0	12	0	0	0	0	0	0	0	0	0	0	20	0	0	0	0	0	0	0	0	0	0	0	2	0	0	0	0	0	0	0	0	0	0	0	0	0	0	0	0	0	0	0	0	0	0	0	0	0	0	0	0	0	0	0	0	0	0	0	0	0	0	0	0	0	0	0	0	12	6185	0	0	0	4	0	0	0	218	0	0	0	0	0	2	3	0	0	0	0	0	2	2	0	0	0	0	0	0
Animalia;Arthropoda;Thecostraca;Balanomorpha;Chthamalidae	Arthropod	0	0	0	0	0	0	0	0	0	0	0	0	0	0	0	0	0	0	0	0	0	0	0	0	0	0	0	0	0	0	0	0	0	0	0	0	0	0	0	0	0	0	0	0	0	0	0	0	0	0	0	0	0	0	0	0	0	0	0	0	0	0	0	0	0	0	0	0	0	0	0	0	0	0	0	0	0	0	0	0	0	0	0	0	0	0	0	0	0	0	0	0	0	0	0	0	0	0	0	0	0	0	0	0	0	0	0	3	0	0	0	0	4	0	0	0	0	0	0	0	0	0	0
Animalia;Arthropoda;Thecostraca;Balanomorpha;Chthamalidae;Chthamalus	Arthropod	0	0	0	0	0	0	0	0	0	0	0	0	0	0	0	0	0	0	0	0	0	0	0	0	0	0	0	0	0	0	0	0	0	0	0	0	0	0	0	0	0	0	0	0	0	0	0	0	0	0	0	0	0	0	0	0	0	0	0	0	0	0	0	0	0	0	0	0	0	0	0	0	0	0	0	0	0	0	0	0	0	0	0	0	0	0	0	0	0	0	0	0	0	0	37	0	0	0	0	0	0	0	0	0	0	0	0	2	0	0	0	0	29	0	0	0	0	0	0	0	0	0	0
Animalia;Arthropoda;Thecostraca;Balanomorpha;Coronulidae	Whale barnacles	0	0	0	0	0	0	0	0	0	0	0	0	0	0	0	0	0	0	0	0	0	0	0	0	0	0	0	0	0	0	0	0	0	0	0	0	0	0	0	0	0	0	0	0	0	0	0	0	0	0	8	0	0	0	0	0	0	0	0	0	0	0	0	0	0	0	0	0	0	0	0	0	0	0	0	0	0	0	0	0	0	0	0	0	0	0	0	0	0	0	0	0	0	0	0	0	0	0	0	0	0	0	0	0	0	0	0	0	0	0	0	0	0	0	0	0	0	0	0	0	0	0	0
Animalia;Arthropoda;Thecostraca;Pollicipedomorpha;Pollicipedidae;Pollicipes;Pollicipes polymerus	Leaf barnacle	0	0	0	0	0	0	0	0	0	0	0	0	0	0	0	0	0	0	0	2	0	0	0	0	0	0	0	0	0	0	0	0	0	2	0	0	0	0	0	0	0	0	0	0	0	0	0	0	0	0	2191	0	0	9	0	0	0	0	0	0	0	0	0	0	0	0	0	0	0	0	0	0	0	0	0	0	0	0	0	0	0	0	0	0	0	0	0	0	0	0	0	0	0	0	21	0	0	0	0	0	0	0	0	0	0	0	0	8	0	12	203	0	0	0	0	0	2	2	0	0	0	0	0
Animalia;Brachiopoda;Lingulata;Lingulida;Lingulidae;Glottidia;Glottidia pyramidata	Lingulate Brachiopods	0	0	0	0	0	0	0	0	0	0	0	0	0	0	0	0	0	0	0	0	0	0	0	0	0	0	0	0	0	0	0	0	0	0	0	0	0	0	0	0	0	0	0	0	0	0	0	0	0	0	0	0	0	0	0	0	0	0	0	0	0	0	0	0	0	0	0	0	54	0	0	0	0	0	0	0	0	0	0	0	0	0	0	0	0	0	0	0	0	0	0	0	0	0	0	0	0	0	0	0	0	0	0	0	0	0	0	0	0	0	0	0	0	0	0	0	0	0	0	0	0	0	0
Animalia;Brachiopoda;Rhynchonellata;Rhynchonellida;Basiliolidae;Basiliola	Articulate Brachiopods	0	0	0	0	0	0	0	0	0	0	0	0	0	0	0	0	0	0	0	0	0	0	0	0	0	0	0	0	0	0	0	0	0	0	0	0	0	0	0	0	0	0	0	0	0	0	0	0	0	0	0	0	0	0	0	0	0	0	0	0	0	0	0	0	0	0	0	0	15	0	0	0	0	0	0	0	0	0	0	0	0	0	0	0	0	0	0	0	0	0	0	0	0	0	0	0	0	0	0	0	0	0	0	0	0	0	0	0	0	0	0	0	0	0	0	0	0	0	0	0	0	0	0
Animalia;Bryozoa;Gymnolaemata;Cheilostomatida	Marine bryozoans	0	0	0	2	0	0	0	2	0	0	0	0	0	0	0	0	0	0	0	0	0	0	0	0	0	0	0	0	0	0	0	0	0	0	0	0	0	0	0	0	0	0	0	0	0	3	0	0	0	0	0	0	0	0	0	0	0	0	0	0	0	0	0	0	0	0	0	0	0	0	0	0	0	0	0	0	0	0	2	0	0	0	8	0	0	0	2	0	0	0	0	0	0	0	0	0	0	0	0	0	0	0	0	0	0	0	0	0	0	0	0	0	0	0	0	0	0	0	0	0	0	0	0
Animalia;Bryozoa;Gymnolaemata;Cheilostomatida;Membraniporidae;Membranipora;Membranipora sp. BLEED1777	Marine bryozoans	0	0	0	0	0	0	0	0	0	0	0	0	0	0	0	0	0	0	0	3	0	0	0	0	0	0	0	0	0	0	0	0	0	0	11	0	0	0	0	0	0	0	0	0	0	311	0	0	0	0	0	0	0	0	0	0	0	0	0	0	0	0	0	0	0	0	0	0	0	0	0	0	0	0	0	0	0	0	0	0	0	0	2	0	0	0	0	0	0	0	0	0	0	0	0	0	0	0	0	0	0	0	0	0	0	2	0	0	0	3	3	2	3	0	0	2	8	2	3	0	0	0	0
Animalia;Bryozoa;Gymnolaemata;Cheilostomatida;Romancheinidae;Haplopoma;Haplopoma graniferum	Marine bryozoans	0	0	0	0	0	0	0	0	0	0	0	0	0	0	0	0	0	0	0	0	0	0	0	0	0	0	0	0	0	0	0	0	0	0	0	0	0	0	0	0	0	0	0	0	0	0	0	0	0	0	0	0	0	0	0	0	0	0	0	0	0	0	0	0	0	0	0	0	0	0	0	0	0	0	0	0	0	0	0	0	0	0	0	0	0	0	0	0	0	0	0	0	0	0	0	0	0	0	0	0	0	0	0	0	0	0	0	0	0	0	0	0	0	0	0	2	3	0	0	0	0	0	0
Animalia;Bryozoa;Gymnolaemata;Ctenostomatida;Alcyonidiidae;Alcyonidium;Alcyonidium gelatinosum	Gelatinous bryozoan	2	5	125	29	9	47	15	0	13	25	5	16	10	32	29	4	21	0	6	12	0	0	5	6	0	0	4	334	9	0	6	0	0	31	50	0	12	0	9	0	0	0	2	22	31	35	0	0	13	23	0	0	7	0	0	3	4	0	33	0	13	0	6	9	0	0	14	0	0	0	0	0	22	0	6	0	4	20	10	6	3	22	10	0	0	4	0	35	5	2	100	0	6	0	11	7	5	0	22	2	9	0	4	7	40	9	2	140	89	160	73	102	124	0	0	81	62	18	25	15	4	0	0
Animalia;Bryozoa;Phylactolaemata;NA;Fredericellidae;Fredericella;Fredericella sultana	Freshwater Bryozoan	0	0	0	0	0	0	0	0	0	0	0	0	0	0	0	0	0	0	0	0	0	0	0	0	0	0	3	22	0	0	0	0	0	0	0	0	2	2	0	0	0	0	0	0	0	0	0	0	0	0	0	0	0	0	0	0	0	0	0	0	0	0	0	0	0	0	0	0	0	0	0	0	0	0	0	0	0	0	0	0	0	0	0	0	0	0	0	0	0	0	13	0	0	0	0	0	0	0	0	0	0	0	0	0	0	0	0	0	0	0	0	0	0	0	0	0	0	0	0	0	0	0	0
Animalia;Bryozoa;Stenolaemata;Cyclostomatida;Crisiidae;Crisia;Crisia sp. YJP-2003	Narrow Throat Bryozoans	0	0	0	0	0	0	0	0	0	0	0	0	0	0	0	0	0	0	0	0	0	0	0	0	0	0	0	0	0	0	0	0	0	0	0	0	0	0	0	0	0	0	0	0	0	0	0	0	0	0	0	0	0	0	0	0	0	0	0	0	0	0	0	0	0	0	0	0	0	0	0	0	0	0	0	0	0	0	0	0	0	0	0	0	0	0	0	0	0	0	0	0	0	0	0	0	0	0	0	0	0	0	0	0	0	3	0	0	0	0	0	0	0	0	0	0	2	0	0	0	0	0	0
Animalia;Chaetognatha;Sagittoidea;Aphragmophora;Sagittidae;Parasagitta	Arrow worms	0	0	0	0	0	0	0	0	0	0	0	26	0	0	0	0	0	0	0	0	0	0	0	0	0	0	0	0	0	0	0	0	0	0	0	0	0	0	0	0	0	0	0	0	0	0	0	0	0	0	0	0	0	0	0	0	0	0	0	0	0	0	0	0	0	0	0	0	0	0	0	0	0	0	0	0	0	0	0	0	0	0	0	0	0	0	0	0	0	0	0	0	0	0	0	0	0	0	0	0	0	0	0	0	0	0	0	0	0	0	0	0	0	0	0	0	0	0	0	0	0	0	0
Animalia;Chaetognatha;Sagittoidea;Aphragmophora;Sagittidae;Parasagitta;Parasagitta elegans	Arrow worm	0	0	0	0	4	0	0	0	6	0	2	7118	0	0	0	15	0	2	0	5	0	0	0	17	0	0	0	0	0	0	0	0	7	0	0	0	13	0	0	0	0	29	0	0	0	0	0	0	0	0	0	0	0	0	0	0	0	0	0	0	0	0	0	0	0	0	0	0	0	0	0	0	0	0	0	0	0	0	0	0	0	0	0	0	0	0	0	0	0	0	0	0	2	0	0	0	0	0	0	0	0	0	0	0	0	0	0	36	30	59	43	31	22	0	0	91	56	26	11	10	0	0	0
Animalia;Chaetognatha;Sagittoidea;Aphragmophora;Sagittidae;Parasagitta;Parasagitta megalophthalma	Arrow worms	0	0	0	0	0	0	0	0	0	0	0	248	0	0	0	0	0	0	0	0	0	0	0	0	0	0	0	0	0	0	0	0	0	0	0	0	0	0	0	0	0	0	0	0	0	0	0	0	0	0	0	0	0	0	0	0	0	0	0	0	0	0	0	0	0	0	0	0	0	0	0	0	0	0	0	0	0	0	0	0	0	0	0	0	0	0	0	0	0	0	0	0	0	0	0	0	0	0	0	0	0	0	0	0	0	0	0	0	2	0	0	3	2	0	0	8	0	0	3	0	0	0	0
Animalia;Chaetognatha;Sagittoidea;Aphragmophora;Sagittidae;Sagitta;Sagitta sp. DP-2006	Arrow worms	0	0	0	0	0	0	0	0	0	0	0	36	0	0	0	0	0	0	0	0	0	0	0	0	0	0	0	0	0	0	0	0	0	0	0	0	0	0	0	0	0	0	0	0	0	0	0	0	0	0	0	0	0	0	0	0	0	0	0	0	0	0	0	0	0	0	0	0	0	0	0	0	0	0	0	0	0	0	0	0	0	0	0	0	0	0	0	0	0	0	0	0	0	0	0	0	0	0	0	0	0	0	0	0	0	0	0	0	0	5	0	0	0	0	0	0	0	0	0	0	0	0	0
Animalia;Chordata;Actinopteri;Gadiformes	Cods	0	0	0	0	0	0	0	0	0	0	0	0	0	0	0	0	0	0	0	0	0	0	0	0	0	0	0	0	0	0	0	0	0	0	0	0	0	0	0	0	0	0	0	0	0	0	0	0	0	0	0	0	0	0	0	0	0	0	0	0	0	0	0	0	0	0	0	0	0	0	0	0	0	0	0	0	0	0	0	0	0	0	0	0	0	0	0	0	0	0	0	0	0	0	0	0	0	0	0	0	0	0	0	0	0	0	0	0	0	0	0	0	0	0	0	2	0	5	2	0	0	0	0
Animalia;Chordata;Actinopteri;Salmoniformes;Salmonidae;Oncorhynchus	Pacific salmon	0	0	0	0	0	0	0	0	0	0	0	0	0	0	0	0	0	0	0	0	0	0	0	0	0	0	0	0	0	0	0	0	2	0	0	0	0	0	0	0	0	0	0	0	0	0	0	0	0	0	0	0	0	0	0	0	0	0	0	0	0	0	0	0	0	0	0	0	0	0	0	0	0	0	0	0	0	0	0	0	0	0	0	0	0	0	0	0	0	0	0	0	0	0	0	0	0	0	0	0	0	0	0	0	0	0	0	0	0	0	0	0	0	0	0	0	0	0	0	0	0	0	0
Animalia;Chordata;Actinopteri;Uranoscopiformes;Ammodytidae	Sand-eels	0	0	0	0	0	0	0	0	0	0	0	0	35	0	0	0	0	0	0	0	0	0	0	0	0	0	0	0	0	0	0	0	0	0	0	0	0	0	0	0	0	0	0	0	0	0	0	0	3	0	0	0	0	0	0	0	0	0	0	0	0	0	0	0	0	0	0	0	0	0	0	0	0	0	0	0	0	0	0	0	0	0	0	0	0	0	0	0	0	0	0	0	0	0	0	0	0	0	0	0	0	0	0	0	0	0	0	0	0	0	0	0	0	0	0	0	0	0	0	0	0	0	0
Animalia;Chordata;Actinopteri;Uranoscopiformes;Ammodytidae;Hyperoplus;Hyperoplus immaculatus	Corbin's sand eel	0	0	0	0	0	0	0	0	0	0	0	0	0	0	0	0	0	0	0	0	0	0	0	0	0	0	0	0	0	0	0	0	0	0	0	0	0	0	0	0	0	0	0	0	0	0	0	0	0	0	0	0	0	0	0	0	0	0	0	0	0	0	2	0	0	0	0	0	0	0	0	0	0	0	0	0	0	0	0	0	0	0	0	0	0	0	0	0	0	0	0	0	0	0	0	0	0	0	0	0	0	0	0	0	0	0	0	0	0	0	0	0	0	0	0	9	0	5	0	0	0	0	0
Animalia;Chordata;Appendicularia;Copelata;Oikopleuridae	Appendicularians	0	0	2	17	0	20	0	0	0	0	0	0	0	2	10	50	0	0	0	0	0	0	0	0	0	0	0	0	0	0	0	0	0	6	0	0	0	0	0	2	0	0	0	0	0	19	0	0	3	3	0	0	0	0	0	0	0	0	0	0	0	0	2	0	0	0	3	0	0	3	0	0	0	0	6	13	0	2	0	0	0	0	14	0	2	0	4	4	0	5	0	0	0	0	0	0	2	6	0	0	35	0	17	0	3	4	5	0	3	3	0	3	0	0	0	0	0	3	2	0	2	0	0
Animalia;Chordata;Appendicularia;Copelata;Oikopleuridae;Oikopleura	Appendicularians	0	0	0	3	0	2	0	0	0	0	0	0	0	0	0	3	0	0	0	0	0	0	0	0	0	0	0	0	0	0	0	0	0	0	0	0	0	0	0	0	0	0	0	0	0	0	0	0	0	0	0	0	0	0	0	0	0	0	0	0	0	0	0	0	0	0	0	0	0	0	0	0	0	0	0	0	0	0	0	0	0	0	2	0	0	0	0	0	0	0	0	0	0	0	0	0	0	0	2	0	0	0	2	0	0	0	0	0	0	0	0	0	0	0	0	0	0	2	0	0	0	0	0
Animalia;Chordata;Appendicularia;Copelata;Oikopleuridae;Oikopleura;Oikopleura dioica	Chordates	0	65	83	486	0	664	18	17	6	2	0	15	0	41	337	1520	19	8	0	29	0	0	5	2	4	0	0	55	0	0	0	0	5	206	33	15	18	28	33	53	6	0	75	10	38	911	0	27	102	105	0	0	26	0	0	38	0	0	4	12	80	131	73	6	31	0	82	5	12	182	0	0	64	56	264	256	40	113	35	0	44	70	813	16	133	6	101	119	40	193	0	0	46	0	20	3	30	331	36	0	1265	3	778	0	86	413	140	62	117	111	105	97	169	7	0	105	120	144	89	56	38	6	0
Animalia;Chordata;Ascidiacea;Aplousobranchia;Clavelinidae;Distaplia;Distaplia dubia	Ascidians	0	0	0	0	0	0	0	0	0	0	0	0	0	0	0	0	0	0	0	0	0	0	0	0	0	0	0	0	0	0	0	0	0	0	0	0	0	0	0	0	0	0	0	0	0	0	0	0	0	0	0	0	0	0	0	0	0	0	0	0	0	0	0	0	0	0	0	0	0	0	0	0	0	0	0	0	0	0	0	0	0	0	0	0	0	0	0	0	0	0	0	0	0	0	0	0	0	0	0	0	0	0	0	0	0	0	0	0	3	0	0	0	0	0	0	7	0	0	0	0	0	0	0
Animalia;Chordata;Ascidiacea;Phlebobranchia;Ascidiidae;Ascidia;Ascidia mentula	Ascidia	0	0	0	0	0	0	0	0	0	0	0	0	0	0	0	0	0	0	0	0	0	0	0	0	0	0	0	0	0	0	0	0	0	0	0	0	0	0	0	0	0	0	0	0	0	0	0	0	0	0	0	0	0	0	0	0	0	0	0	0	0	0	0	0	0	0	0	0	0	0	0	0	0	0	0	0	0	0	0	0	0	0	2	0	0	0	0	0	0	0	0	0	0	0	0	0	0	0	0	0	0	0	0	0	0	0	0	0	0	0	0	0	0	0	0	0	0	2	0	2	0	0	0
Animalia;Chordata;Ascidiacea;Phlebobranchia;Corellidae;Corella;Corella eumyota	Orange-tipped sea squirt	0	0	0	0	0	0	2	0	0	0	0	0	0	0	0	0	0	0	0	0	0	0	0	0	0	0	0	0	0	0	0	0	0	0	0	0	0	0	0	0	0	0	0	0	0	0	0	0	0	0	0	0	0	0	0	0	0	0	0	0	0	0	0	0	0	0	0	0	0	0	0	0	0	0	0	0	0	0	0	0	0	0	0	0	0	0	0	4	0	0	0	0	0	0	4	0	0	0	0	0	0	0	0	0	0	0	0	0	4	0	0	0	0	0	0	9	3	0	2	0	0	0	0
Animalia;Chordata;Ascidiacea;Stolidobranchia	Ascidians	0	0	0	0	0	0	0	0	0	0	0	0	0	0	21	0	0	0	0	0	0	0	0	0	0	0	0	0	0	0	0	0	0	0	0	0	0	0	0	0	0	0	0	7	0	0	2	0	0	0	0	0	0	0	0	0	0	0	0	0	0	0	0	0	0	0	0	0	4	0	0	0	0	0	0	0	0	0	0	2	0	2	4	0	0	0	0	0	0	0	0	0	0	0	0	0	0	0	0	0	2	0	0	0	0	7	7	2	0	4	0	0	0	0	0	3	0	0	0	0	0	0	0
Animalia;Chordata;Ascidiacea;Stolidobranchia;Molgulidae;Molgula	Ascidians	0	0	0	0	0	0	0	0	0	0	0	0	0	0	0	0	0	0	0	4	0	0	0	0	0	0	0	0	0	0	0	0	0	0	0	0	0	0	0	0	0	0	0	0	0	0	0	0	0	0	0	0	0	0	0	0	0	0	0	0	0	0	0	0	0	0	0	0	0	0	0	0	0	0	0	0	0	0	0	0	0	0	0	0	0	0	0	0	0	0	0	0	0	0	0	0	0	0	0	0	0	0	0	0	0	0	0	0	0	0	0	0	0	0	0	11	0	0	0	0	0	0	0
Animalia;Chordata;Ascidiacea;Stolidobranchia;Pyuridae	Ascidians	0	0	0	0	0	10	0	0	0	0	0	0	0	0	343	4	0	0	0	0	0	0	0	0	0	0	0	0	0	0	0	0	0	0	0	0	0	0	0	0	0	0	0	0	0	0	0	0	0	5	0	0	0	0	0	0	0	0	0	0	0	0	0	0	0	0	0	0	2	0	19	0	0	0	0	0	0	0	24	25	0	5	40	14	0	0	0	7	0	0	0	0	0	0	0	0	0	0	0	0	2	0	2	0	16	45	22	12	0	4	2	0	0	0	0	0	0	0	0	0	0	0	0
Animalia;Chordata;Ascidiacea;Stolidobranchia;Styelidae	Ascidians	0	0	0	0	0	0	4	0	0	0	0	0	0	0	0	0	0	0	0	0	0	0	0	0	0	0	0	0	0	0	0	0	0	0	0	0	0	10	0	0	0	0	0	2	0	0	0	0	0	0	0	0	0	0	0	0	0	0	0	0	0	0	0	0	0	0	0	0	0	0	0	0	0	0	0	0	0	0	0	0	0	0	9	0	0	0	0	0	0	0	0	0	0	0	0	0	0	0	0	0	0	0	0	0	0	13	0	0	0	4	0	0	0	0	0	0	0	0	0	3	0	0	0
Animalia;Chordata;Ascidiacea;Stolidobranchia;Styelidae;Styela;Styela clava	Asian tunicate	0	0	0	0	0	0	0	0	0	0	0	0	0	0	0	0	0	0	0	0	0	0	0	0	0	0	0	0	0	0	0	0	0	0	0	0	0	0	0	0	0	0	0	0	0	0	0	0	0	0	0	0	0	0	0	0	0	0	0	0	0	0	0	0	0	0	0	0	0	0	0	0	0	0	0	0	0	0	0	0	0	0	4	0	0	0	0	0	0	0	0	0	0	0	0	0	0	0	0	0	0	0	0	0	0	0	3	0	0	0	0	0	0	0	0	0	0	0	0	0	0	0	0
Animalia;Cnidaria	Cnidarians	0	0	0	0	0	2	0	0	0	0	0	0	0	0	0	0	0	0	0	2	0	0	0	0	0	0	0	0	0	0	0	0	0	0	0	0	0	0	3	0	0	2	0	0	8	0	0	0	0	0	0	0	0	0	0	0	0	0	0	0	34	0	0	0	0	0	5	3	0	0	0	0	2	0	0	0	0	2	0	0	0	0	4	0	0	3	0	0	0	0	0	0	3	0	0	0	0	0	0	0	0	0	0	0	0	0	0	0	0	0	0	0	0	0	0	3	0	2	0	0	0	0	2
Animalia;Cnidaria;Anthozoa	Anthozoans	0	0	0	0	0	0	0	0	0	0	0	0	0	0	0	0	0	0	0	0	0	0	0	0	0	0	0	0	0	0	0	0	0	0	4	0	0	0	2	0	0	0	0	0	0	0	0	0	2	0	0	0	0	0	0	0	0	0	0	0	0	0	0	0	0	0	20	0	0	0	0	0	0	0	0	4	0	0	0	0	0	0	3	0	0	0	4	0	0	0	0	0	2	0	0	0	2	0	0	0	8	0	0	0	0	0	0	2	6	3	4	7	9	0	0	32	14	8	8	0	2	3	0
Animalia;Cnidaria;Anthozoa;Actiniaria;Actiniidae	Anemones	0	0	0	0	0	0	0	0	0	0	0	0	0	0	0	0	0	0	0	0	0	0	0	0	0	0	0	0	3	0	0	0	0	0	0	0	0	0	0	0	0	0	0	0	0	0	0	0	0	0	0	0	0	0	0	0	0	0	0	0	0	0	0	0	0	0	0	0	0	0	0	0	0	0	0	0	0	0	0	0	0	0	5	0	0	0	0	0	0	0	0	0	0	0	0	0	0	0	0	0	0	0	0	0	0	0	0	0	0	0	0	3	0	0	0	0	0	0	0	0	0	0	0
Animalia;Cnidaria;Anthozoa;Actiniaria;Halcampoididae;Halcampoides;Halcampoides purpureus	Purple anemone	0	0	0	0	0	0	0	0	0	0	0	0	0	0	0	0	0	0	0	0	0	0	0	0	0	0	0	0	0	0	0	0	0	0	0	0	0	0	0	0	0	0	0	0	0	0	0	0	0	0	0	0	0	0	0	0	0	0	0	0	0	0	0	0	0	0	0	0	0	0	0	0	0	0	0	0	0	0	0	0	0	0	0	0	0	0	0	0	0	0	0	0	0	0	0	0	0	0	0	0	0	0	0	0	0	0	0	12	0	0	0	0	0	0	0	5	0	0	0	0	0	0	0
Animalia;Cnidaria;Anthozoa;Alcyonacea;Primnoidae	Anthozoans	0	0	0	0	0	0	0	0	0	0	0	0	0	0	0	0	0	0	0	0	0	0	0	0	0	0	0	0	0	0	0	0	0	0	0	0	0	0	0	0	0	0	0	0	0	0	0	0	0	0	0	0	0	0	0	0	0	0	0	0	0	0	0	0	0	0	0	0	0	0	0	0	0	0	0	3	0	0	0	0	0	0	0	0	0	0	0	2	0	0	0	0	0	0	0	0	0	0	0	0	0	0	0	0	0	0	0	0	0	0	0	0	0	0	0	0	0	0	0	0	0	0	0
Animalia;Cnidaria;Anthozoa;Ceriantharia;Cerianthidae;Pachycerianthus;Pachycerianthus fimbriatus	Anthozoans	0	0	0	0	0	0	0	0	0	0	0	0	0	0	0	0	0	0	0	0	0	0	0	0	0	0	0	0	0	0	0	0	0	0	0	0	0	0	0	0	0	0	0	0	0	6	0	0	0	0	0	0	0	0	0	0	0	0	0	0	0	0	0	0	0	0	0	0	0	0	0	0	0	0	0	0	0	0	0	0	0	0	0	0	0	0	0	0	0	0	0	0	0	0	0	0	0	0	0	0	0	0	0	0	0	0	0	0	0	0	0	0	0	0	0	0	0	0	0	0	0	0	0
Animalia;Cnidaria;Anthozoa;Pennatulacea	Anthozoans	0	0	0	0	0	0	2	0	0	0	0	0	0	0	0	0	0	0	0	0	0	0	0	0	0	0	0	0	0	0	0	0	0	0	0	0	0	0	0	0	0	0	0	0	0	0	0	0	0	0	0	0	0	0	0	0	0	0	0	0	0	0	0	0	0	0	0	0	0	0	0	0	0	0	0	0	0	0	0	0	0	0	0	0	0	0	0	0	0	0	0	0	0	0	0	0	0	0	0	0	0	0	0	0	0	0	0	0	0	0	0	0	0	0	0	29	20	10	5	4	3	0	0
Animalia;Cnidaria;Anthozoa;Pennatulacea;Pennatulidae;Pennatula;Pennatula aculeata	Thorny sea pen	0	0	0	0	0	0	0	0	0	0	0	0	0	0	0	0	0	0	0	0	0	0	0	0	0	0	0	0	0	0	0	0	0	0	0	0	0	0	0	0	0	0	0	0	0	0	0	0	0	0	0	0	0	0	0	0	0	0	0	0	0	0	0	0	0	0	0	0	0	0	0	0	0	0	0	0	0	0	0	0	0	0	0	0	0	0	14	0	0	0	0	0	0	0	0	0	0	0	0	0	0	0	0	0	0	0	0	0	0	0	0	0	4	0	0	2	0	4	0	0	0	0	0
Animalia;Cnidaria;Anthozoa;Pennatulacea;Virgulariidae;Acanthoptilum;Acanthoptilum sp.	Anthozoans	0	0	0	0	0	0	0	0	0	0	0	0	0	0	0	0	0	0	0	0	0	0	0	0	0	0	0	0	0	0	0	0	0	0	0	0	0	0	0	0	0	0	0	0	0	0	0	0	0	0	0	0	0	0	0	0	0	0	0	0	0	0	0	0	0	0	0	0	0	0	0	0	0	0	0	0	0	0	0	0	0	0	0	0	0	0	0	0	0	0	0	0	0	0	0	0	0	0	0	0	0	0	0	0	0	0	0	0	0	0	0	0	0	0	0	19	21	2	9	10	0	0	0
Animalia;Cnidaria;Anthozoa;Pennatulacea;Virgulariidae;Virgularia;Virgularia sp.	Anthozoans	0	0	0	0	0	0	0	0	0	0	0	0	0	0	0	0	0	0	0	0	0	0	0	0	0	0	0	0	0	0	0	0	0	0	0	0	0	0	0	0	0	0	0	0	0	0	0	0	0	0	0	0	0	0	0	0	0	0	0	0	0	0	0	0	0	0	0	0	0	0	0	0	0	0	0	0	0	0	0	0	0	0	0	0	0	0	0	0	0	0	0	0	0	0	0	0	0	0	0	0	0	0	0	0	0	0	0	0	0	0	0	0	0	0	0	7	4	0	0	0	0	0	0
Animalia;Cnidaria;Anthozoa;Scleractinia	Hard Corals	0	0	0	0	0	0	0	0	0	0	0	0	0	0	0	0	0	0	0	0	0	0	0	0	0	0	0	0	0	0	0	0	0	0	0	0	0	0	0	0	0	0	0	0	0	2	0	0	0	0	0	0	0	0	0	0	0	0	0	0	0	0	0	0	0	0	2	0	0	2	0	0	2	0	0	0	0	0	0	0	0	0	0	0	0	0	0	0	0	0	0	0	0	0	0	0	0	0	0	0	0	0	0	0	3	0	0	0	0	4	0	2	2	0	0	3	4	0	0	0	0	0	2
Animalia;Cnidaria;Anthozoa;Scleractinia;Merulinidae;Goniastrea	Closed brain coral	0	0	0	0	0	0	0	0	0	0	0	0	0	0	0	0	0	0	0	0	0	0	0	0	0	0	0	0	0	0	0	0	0	0	0	0	0	0	0	0	0	0	0	0	0	0	0	0	0	0	0	0	0	0	0	0	0	0	0	0	0	0	0	0	0	0	0	0	0	16	0	0	0	0	0	0	0	0	0	0	0	0	0	0	0	0	0	0	0	0	0	0	0	0	0	0	0	0	0	0	0	0	0	0	0	0	0	0	0	0	0	0	0	0	0	0	0	0	0	0	0	0	0
Animalia;Cnidaria;Hydrozoa	Hydralike animals	0	0	4	2	0	0	0	0	0	0	0	0	0	0	0	0	0	0	0	0	0	0	0	0	0	0	0	0	0	0	3	0	0	16	5	0	7	0	0	0	0	0	0	0	6	0	0	0	0	2	0	0	0	0	3	2	0	0	2	0	0	0	0	0	0	0	3	0	0	0	0	0	0	0	2	3	0	5	0	0	0	0	25	0	0	0	0	6	0	0	0	0	0	0	0	0	0	0	0	0	7	0	0	0	0	5	2	0	2	10	2	0	0	0	0	4	0	3	0	0	0	0	0
Animalia;Cnidaria;Hydrozoa;Anthoathecata	Hydralike animals	0	0	0	0	0	0	0	0	0	0	0	0	0	0	0	0	0	0	0	0	0	0	0	0	0	0	0	0	0	0	0	0	0	0	0	0	0	0	0	0	0	0	0	0	0	0	0	0	0	0	0	0	0	0	0	0	6	0	0	0	0	0	0	0	0	0	0	0	0	0	0	0	0	0	0	0	0	0	0	0	0	0	0	0	0	0	0	0	0	0	0	0	0	0	0	0	0	0	0	0	0	0	0	0	0	0	0	0	0	0	0	0	4	0	0	0	0	0	0	0	0	0	0
Animalia;Cnidaria;Hydrozoa;Anthoathecata;Bougainvilliidae;Bougainvillia;Bougainvillia sp. AGC-2001	Hydralike animals	0	0	0	0	0	2	0	0	0	0	0	0	0	0	0	0	0	0	0	0	0	0	0	0	0	0	0	0	0	0	0	0	0	0	0	0	0	0	0	0	0	0	0	0	0	0	0	0	0	0	0	0	0	0	0	0	0	0	0	0	0	0	0	0	0	0	0	0	0	0	0	0	0	0	0	0	0	0	7	0	0	0	2	0	0	0	0	0	0	0	0	0	0	0	0	0	0	0	0	0	2	0	0	0	0	0	0	3	0	0	0	0	0	0	0	0	0	8	4	0	0	0	0
Animalia;Cnidaria;Hydrozoa;Anthoathecata;Bougainvilliidae;Garveia;Garveia sp. CC-2005	Hydralike animals	0	0	0	0	0	0	0	0	0	0	0	0	0	0	0	0	0	0	0	0	0	0	0	0	0	0	0	0	0	0	0	0	0	0	0	0	0	0	0	0	0	0	0	0	0	0	0	0	0	0	0	0	0	0	0	0	0	0	0	0	0	0	0	0	0	0	0	0	0	0	0	0	0	0	0	0	0	0	0	0	0	0	2	0	0	0	0	0	0	0	0	0	0	0	0	0	0	0	0	0	0	0	0	0	0	0	4	2	0	0	0	0	0	0	0	2	0	4	0	0	0	0	0
Animalia;Cnidaria;Hydrozoa;Anthoathecata;Proboscidactylidae;Proboscidactyla	Hydralike animals	0	0	0	0	0	0	0	0	0	0	0	0	0	0	0	0	0	0	0	0	0	0	0	0	0	0	0	0	0	0	0	0	0	0	0	0	0	0	0	0	0	0	0	0	0	0	0	0	4	0	0	0	0	0	0	0	0	0	0	0	0	0	0	0	0	0	0	0	0	0	0	0	0	0	0	0	0	0	0	0	0	0	0	0	0	0	0	0	0	0	0	0	0	0	0	0	0	0	0	0	0	0	0	0	0	0	0	0	0	0	0	0	0	0	0	0	0	0	3	0	0	0	0
Animalia;Cnidaria;Hydrozoa;Anthoathecata;Proboscidactylidae;Proboscidactyla;Proboscidactyla flavicirrata	Hydroid	0	0	0	7	0	0	0	0	0	0	0	0	0	0	0	0	0	0	0	0	0	0	0	0	0	0	0	0	0	0	0	0	0	0	0	0	0	0	0	0	0	0	0	0	0	0	0	2	101	0	0	0	0	0	0	0	0	0	0	0	0	0	0	0	0	0	0	0	0	0	0	0	0	0	0	0	0	0	0	0	0	0	0	0	0	0	0	0	0	0	0	0	2	0	2	0	0	0	0	0	5	0	0	0	0	2	0	0	0	0	0	0	0	0	0	7	0	8	16	0	4	0	0
Animalia;Cnidaria;Hydrozoa;Anthoathecata;Tubulariidae;Ectopleura	Hydralike animals	0	0	0	0	0	0	2	0	0	0	0	0	0	0	0	0	0	0	0	2	0	0	0	0	0	0	0	0	0	0	0	0	0	0	0	0	0	0	0	0	0	0	0	0	0	0	0	0	0	0	0	0	0	0	0	0	0	0	0	0	0	0	0	0	0	0	0	0	0	0	0	0	0	0	0	0	0	0	0	0	0	0	0	0	0	0	0	0	0	0	0	0	0	0	0	0	0	0	0	0	0	0	0	0	0	0	0	0	0	0	0	0	0	0	0	8	7	0	0	0	0	0	0
Animalia;Cnidaria;Hydrozoa;Leptothecata;Aequoreidae;Aequorea	Hydralike animals	0	0	0	0	0	0	0	0	0	0	0	0	0	0	0	3	0	0	0	0	0	0	0	0	0	0	0	0	0	0	0	0	0	0	0	0	0	0	0	0	0	0	0	0	0	0	0	0	0	0	0	0	0	0	0	0	0	0	0	0	0	0	0	0	0	0	0	0	0	0	0	0	0	0	0	0	0	0	0	0	0	0	0	0	0	0	0	0	0	0	0	0	0	0	0	0	0	0	0	0	2	0	0	0	0	0	0	0	0	0	0	0	0	0	0	0	0	0	0	0	0	0	0
Animalia;Cnidaria;Hydrozoa;Leptothecata;Campanulariidae;Calycella;Calycella syringa	Creeping bell hydroid	0	0	0	0	0	0	0	0	0	0	0	0	0	0	0	0	0	0	0	0	0	0	0	0	0	0	0	0	0	0	0	0	0	0	0	0	0	0	0	0	0	0	0	0	0	0	0	0	0	0	0	0	0	0	0	0	0	0	0	0	0	0	0	0	0	0	0	0	0	0	0	0	0	0	0	0	0	0	0	0	0	0	0	0	0	0	0	0	0	0	0	0	0	0	0	0	0	0	0	0	0	0	0	0	0	4	4	0	0	0	0	0	0	0	0	0	0	0	4	0	0	0	0
Animalia;Cnidaria;Hydrozoa;Leptothecata;Campanulariidae;Orthopyxis;Orthopyxis crenata	Hydralike animals	0	0	0	0	0	0	0	0	0	0	0	0	0	0	0	0	0	0	0	0	0	0	0	0	0	0	0	0	0	0	0	0	0	0	0	0	0	0	0	0	0	0	0	0	0	0	0	0	0	0	0	0	0	0	0	0	0	0	0	0	0	0	0	0	0	0	0	0	0	0	0	0	0	0	0	0	0	0	0	0	0	0	3	0	0	0	0	0	0	0	0	0	0	0	0	0	0	0	0	0	0	0	0	0	0	0	0	0	0	0	0	0	0	0	0	0	0	0	0	0	0	0	0
Animalia;Cnidaria;Hydrozoa;Leptothecata;Clytiidae;Clytia;Clytia hemisphaerica	Hydroid	0	0	0	0	0	0	0	0	0	0	0	0	0	0	0	0	0	0	0	0	0	0	0	0	0	0	0	0	0	0	0	0	0	0	0	0	0	0	0	0	0	0	0	0	0	0	0	0	0	0	0	0	0	0	0	0	0	0	0	0	0	0	0	0	0	0	0	0	0	0	0	0	0	0	0	0	0	0	0	0	0	0	0	0	0	0	0	0	0	0	0	0	0	0	0	0	0	0	0	0	4	0	0	0	0	0	0	0	0	0	0	0	0	0	0	0	2	0	2	0	0	0	0
Animalia;Cnidaria;Hydrozoa;Leptothecata;Eirenidae;Eutonina;Eutonina indicans	Umbrella jellyfish	0	0	0	0	0	0	0	0	0	0	0	0	0	0	0	0	0	0	0	0	0	0	0	0	0	0	0	0	0	0	0	0	0	0	0	0	0	0	0	0	0	0	0	0	0	0	0	0	0	0	0	0	0	0	0	0	0	0	0	0	0	0	0	0	0	0	0	0	0	0	0	0	0	0	0	0	0	0	0	0	0	0	6	0	0	0	0	0	0	0	0	0	0	0	0	0	0	0	0	0	0	0	0	0	0	0	0	0	0	0	0	0	0	0	0	0	0	0	0	0	0	0	0
Animalia;Cnidaria;Hydrozoa;Leptothecata;Laodiceidae;Melicertissa;Melicertissa sp. AGC-2001	Hydralike animals	0	0	0	0	0	0	0	0	0	0	0	0	0	0	0	0	0	0	0	0	0	0	0	0	0	0	0	0	0	0	0	0	0	0	0	0	0	0	0	0	0	0	0	0	0	0	0	0	0	0	0	0	21	0	0	0	0	0	0	0	0	0	0	0	0	0	0	0	0	0	0	0	0	0	0	0	0	0	0	0	0	0	0	0	0	0	0	2	0	0	0	0	0	0	0	0	2	0	0	0	0	0	0	0	0	0	0	0	0	0	0	0	0	0	0	0	0	0	0	0	0	0	0
Animalia;Cnidaria;Hydrozoa;Leptothecata;Obeliidae;Obelia;Obelia dichotoma	Sea thread hydroid	0	0	0	0	0	0	0	0	0	0	0	0	0	0	0	0	0	0	0	0	0	0	0	0	0	0	0	0	0	0	0	0	0	0	0	0	0	0	0	0	0	0	0	0	0	0	0	0	0	0	0	0	0	0	0	0	0	0	0	0	0	0	0	0	0	0	0	0	0	0	0	0	0	0	0	0	0	0	0	0	0	0	0	0	0	0	0	26	0	0	0	0	0	0	0	0	0	0	0	0	0	0	0	0	0	0	0	0	0	0	0	0	0	0	0	0	0	0	0	0	0	0	0
Animalia;Cnidaria;Hydrozoa;Leptothecata;Obeliidae;Obelia;Obelia longissima	Hydroid	0	0	0	0	0	0	0	0	0	0	0	0	0	0	0	0	0	0	0	3	0	0	0	0	0	0	0	0	0	0	0	0	0	0	0	0	0	0	0	0	0	0	0	0	0	0	0	0	0	0	0	0	0	0	0	0	0	0	0	0	0	0	0	0	0	0	0	0	3	0	0	0	0	0	0	0	0	0	0	0	0	0	0	0	0	0	0	0	0	0	0	0	0	0	0	0	0	0	0	0	0	0	0	0	0	2	0	3	0	0	0	0	0	0	0	0	0	0	2	0	0	0	0
Animalia;Cnidaria;Hydrozoa;Leptothecata;Phialellidae;Phialella;Phialella quadrata	Hydralike animals	0	0	0	0	0	0	0	0	0	0	0	0	0	0	0	0	0	0	0	0	0	0	0	0	0	0	0	0	0	0	0	0	0	0	0	0	0	0	0	0	0	0	0	0	0	0	0	0	0	0	0	0	0	0	0	0	0	0	0	0	0	0	0	0	0	0	0	0	0	0	0	0	0	0	0	0	0	0	0	0	0	0	2	0	0	0	0	0	0	0	0	0	0	0	0	0	0	0	0	0	0	0	0	0	0	0	0	0	0	0	0	0	0	0	0	0	0	3	0	0	0	0	0
Animalia;Cnidaria;Hydrozoa;Leptothecata;Plumulariidae;Plumularia;Plumularia strictocarpa	Hydralike animals	0	0	0	0	0	0	0	0	0	0	0	0	0	0	0	0	0	0	0	0	0	0	0	0	0	0	0	0	0	0	0	0	0	0	10	0	0	0	0	0	0	0	0	0	0	0	0	0	0	0	0	0	0	0	0	0	0	0	0	0	0	0	0	0	0	0	0	0	0	0	0	0	0	0	0	0	0	0	0	0	0	0	5	0	0	0	0	0	0	0	0	0	0	0	0	0	0	0	0	0	0	0	0	0	0	2	5	0	0	0	0	0	0	0	0	4	0	0	0	0	0	0	0
Animalia;Cnidaria;Hydrozoa;Leptothecata;Sertulariidae	Hydralike animals	0	0	0	0	0	0	0	0	0	0	0	0	0	0	0	0	0	0	0	0	0	0	0	0	0	0	0	0	0	0	0	0	0	0	0	0	0	0	0	0	0	0	0	0	0	0	0	0	0	0	0	0	0	0	0	0	0	0	0	0	0	0	0	0	0	0	0	0	0	0	0	0	0	0	0	0	0	0	0	0	0	0	7	0	0	0	0	0	0	0	0	0	0	0	0	0	0	0	0	0	0	0	0	0	0	9	4	0	0	3	0	0	0	0	0	0	2	0	0	0	0	0	0
Animalia;Cnidaria;Hydrozoa;Leptothecata;Sertulariidae;Symplectoscyphus;Symplectoscyphus tricuspidatus	Sessile hydrozoans	0	0	0	0	0	0	0	0	0	0	0	0	0	0	0	0	0	0	0	0	0	0	0	0	0	0	0	0	0	0	0	0	0	0	0	0	0	0	0	0	0	0	0	0	0	0	0	0	0	2	0	0	0	0	0	0	0	0	0	0	0	0	0	0	0	0	0	0	0	0	0	0	0	0	0	0	0	0	0	0	0	0	5	0	0	0	0	0	0	0	0	0	0	0	0	0	0	0	0	0	0	0	0	0	0	3	0	0	0	0	0	0	0	0	0	0	0	0	0	0	0	0	0
Animalia;Cnidaria;Hydrozoa;Leptothecata;Tiaropsidae;Tiaropsidium;Tiaropsidium kelseyi	Hydralike animals	0	0	0	0	0	0	0	0	0	0	0	0	0	0	0	0	0	0	0	0	0	0	0	0	0	0	0	0	0	0	0	0	0	0	0	0	0	0	0	0	0	0	0	0	0	0	0	0	0	0	0	0	0	0	0	0	0	0	0	0	0	0	0	0	0	0	0	0	0	0	0	0	0	0	0	0	0	0	0	0	0	0	0	0	0	0	0	0	0	0	0	0	0	0	0	0	0	0	0	0	0	0	0	0	0	2	10	0	0	0	0	0	0	0	0	0	0	0	0	0	0	0	0
Animalia;Cnidaria;Hydrozoa;Narcomedusae	Narcomedusas	0	0	0	0	0	0	0	0	0	0	0	0	0	0	0	0	0	0	0	0	0	0	0	0	0	0	0	0	0	0	3	0	0	7	0	0	0	0	0	0	0	0	0	0	0	0	0	0	0	0	0	0	0	0	0	0	0	0	0	0	0	0	0	0	0	0	0	0	0	0	0	0	0	0	0	0	0	0	0	0	0	0	0	0	0	0	0	0	0	0	0	0	0	0	0	0	0	0	0	0	0	0	0	0	0	0	0	0	0	0	0	0	0	0	0	0	0	0	0	0	0	0	0
Animalia;Cnidaria;Hydrozoa;Siphonophorae	Siphonophores	0	0	0	0	0	0	0	0	0	0	0	0	0	0	0	2	0	0	0	0	0	0	0	0	0	0	0	0	0	0	0	0	0	72	2	0	0	0	3	0	0	0	0	0	0	0	0	0	0	0	0	0	0	0	0	0	0	0	0	0	0	0	0	0	0	0	0	0	0	0	0	0	0	0	0	0	0	0	0	0	0	3	0	0	0	0	2	0	0	0	0	0	0	0	0	0	0	0	0	0	10	0	0	0	0	0	0	0	0	0	0	0	0	0	0	2	2	2	0	0	0	0	0
Animalia;Cnidaria;Hydrozoa;Siphonophorae;Diphyidae	Siphonophores	0	0	0	0	0	0	0	0	0	0	0	0	0	0	0	2	0	0	0	0	0	0	0	0	0	0	0	0	5	0	0	0	0	131	0	0	4	0	0	0	0	0	0	0	0	0	0	0	0	0	0	0	0	0	0	0	0	0	0	0	0	0	0	0	0	0	3	0	0	0	0	0	2	0	0	0	0	0	2	0	0	0	0	0	0	0	0	0	0	0	0	0	0	0	0	0	0	0	0	0	18	0	0	0	0	0	2	0	0	0	0	0	0	0	0	2	6	0	0	0	0	0	0
Animalia;Cnidaria;Hydrozoa;Siphonophorae;Diphyidae;Lensia;Lensia cossack	Siphonophores	0	0	0	18	0	6	0	2	0	0	0	0	0	0	0	41	0	0	0	6	0	0	0	0	0	0	0	0	55	0	0	0	0	1692	27	0	33	0	6	0	0	0	5	0	6	7	0	2	0	0	0	2	0	0	0	0	0	0	4	0	0	0	0	0	2	0	7	0	0	0	0	0	51	0	0	0	0	0	12	0	8	19	6	0	0	0	9	2	0	0	0	0	0	0	0	0	0	0	0	0	243	0	7	0	0	18	16	5	2	7	3	0	4	2	0	39	45	25	21	13	2	0	0
Animalia;Cnidaria;Hydrozoa;Trachymedusae;Geryoniidae;Liriope;Liriope tetraphylla	Hydralike animals	0	0	0	0	0	0	0	0	0	0	0	0	0	0	0	0	0	0	0	0	0	0	0	0	0	0	0	0	0	0	0	0	0	0	0	0	0	0	0	0	0	0	0	0	2	0	0	0	0	0	0	0	0	0	0	0	0	0	0	0	0	0	0	0	0	0	0	0	0	0	0	0	0	0	0	0	0	0	0	0	0	0	0	0	0	0	0	0	0	0	0	0	0	0	0	0	0	0	0	0	0	0	0	0	0	0	0	0	0	2	0	0	0	0	0	0	0	0	0	0	3	0	0
Animalia;Cnidaria;Hydrozoa;Trachymedusae;Rhopalonematidae	Hydralike animals	0	0	0	0	0	0	0	0	0	0	0	0	0	0	0	0	0	0	0	0	0	0	0	0	0	0	0	0	0	0	0	0	0	0	0	0	0	0	0	0	0	0	0	0	0	0	0	0	0	0	0	0	0	0	0	0	0	0	0	0	0	0	0	0	0	0	0	0	0	0	0	0	0	5	0	0	0	0	0	0	0	0	3	0	0	0	0	0	0	0	0	0	0	0	0	0	0	0	0	0	0	0	10	0	0	0	3	0	0	0	0	0	0	0	0	5	0	2	0	3	2	0	0
Animalia;Cnidaria;Myxozoa;Bivalvulida;Ceratomyxidae;Ceratomyxa;Ceratomyxa verudensis	Myxozoans	0	0	0	0	0	0	0	0	0	0	0	0	0	0	0	0	0	0	0	0	0	0	0	0	0	0	0	0	0	0	0	0	0	0	0	0	0	0	0	0	0	0	0	0	0	0	0	0	0	0	0	0	0	0	0	0	0	0	0	0	0	0	0	0	0	0	0	0	0	0	0	0	0	0	0	0	0	0	0	0	5	0	0	0	0	0	0	0	0	0	0	0	0	0	0	0	0	0	0	0	0	0	0	0	0	0	0	0	0	0	0	0	0	0	0	0	0	0	0	0	0	0	0
Animalia;Cnidaria;Myxozoa;Bivalvulida;Sphaeromyxidae;Sphaeromyxa;Sphaeromyxa longa	Myxozoans	0	0	0	0	0	0	0	0	0	0	0	0	0	0	0	0	0	0	0	0	0	0	0	0	0	0	0	0	0	0	0	0	0	0	0	0	0	0	0	0	0	0	0	0	0	0	0	0	0	0	0	0	0	0	0	0	0	0	0	0	0	0	0	0	0	0	0	0	0	0	0	0	0	0	0	0	0	0	0	0	0	0	0	0	0	0	0	0	0	0	0	0	0	0	0	0	0	0	0	0	0	0	0	0	0	0	0	0	0	0	0	0	0	0	0	52	0	0	0	0	0	0	0
Animalia;Cnidaria;Myxozoa;Malacovalvulida;Saccosporidae;Tetracapsuloides;Tetracapsuloides bryosalmonae	Myxozoans	0	0	0	0	0	0	0	0	0	0	0	0	0	0	0	0	0	2	0	0	0	0	0	0	0	0	0	0	0	0	0	0	0	0	0	0	0	0	0	0	0	0	0	0	0	0	0	0	0	0	0	0	0	0	0	7	0	0	0	0	0	0	0	0	0	0	0	0	0	0	0	0	0	0	0	0	0	0	0	0	0	0	0	0	0	0	0	0	0	0	0	0	0	0	0	0	0	0	0	0	0	0	0	0	0	0	0	0	0	0	0	0	0	0	0	0	0	0	0	0	0	0	0
Animalia;Cnidaria;Scyphozoa;Semaeostomeae	Semaeostome Jellyfish	0	0	0	0	0	0	0	0	0	0	0	0	0	0	0	0	0	0	0	2	0	0	0	0	0	0	0	0	0	0	0	0	0	0	0	0	0	0	0	0	0	0	0	0	0	0	0	0	0	0	0	0	0	0	0	0	0	0	0	0	0	0	0	0	0	0	0	0	0	0	0	0	0	0	0	0	0	0	0	0	0	0	0	0	0	0	0	0	0	0	0	0	0	0	0	0	0	0	0	0	0	0	0	0	0	0	0	3	0	0	0	0	0	0	0	0	0	5	4	0	0	0	0
Animalia;Cnidaria;Scyphozoa;Semaeostomeae;Ulmaridae;Aurelia	Moon jellies	0	0	0	0	0	0	0	0	0	0	0	0	0	0	0	0	0	0	0	0	0	0	0	0	0	0	0	0	0	0	0	0	0	0	0	0	0	0	0	0	0	0	0	0	0	0	0	0	0	0	0	0	0	0	0	0	0	0	0	0	0	0	0	0	0	0	0	0	0	0	0	0	0	0	0	0	0	0	0	0	0	0	0	0	0	0	0	0	0	0	0	0	0	0	0	0	0	0	0	0	0	0	0	0	0	0	0	0	6	0	0	0	0	0	0	0	0	0	0	0	0	0	0
Animalia;Cnidaria;Staurozoa;Stauromedusae	Stalked jellyfish	0	0	0	0	0	0	0	0	0	0	0	0	0	0	0	0	0	0	0	0	0	0	0	0	0	0	0	0	0	0	0	3	0	6	0	0	0	0	3	0	0	0	0	0	0	0	0	0	3	0	0	0	0	0	0	0	0	0	0	0	0	0	0	0	0	0	0	0	0	0	0	0	3	0	0	0	0	0	0	0	0	0	0	0	0	0	0	2	0	0	0	0	0	0	0	0	0	0	0	0	0	0	0	0	0	0	0	0	0	0	0	0	0	0	0	0	0	3	0	0	0	0	0
Animalia;Ctenophora;Tentaculata;Lobata;Bolinopsidae;Bolinopsis;Bolinopsis infundibulum	Common northern comb jelly	0	0	0	0	0	0	0	0	0	0	0	0	0	0	2	0	0	0	0	0	0	0	0	0	0	0	0	0	0	0	0	0	0	0	0	0	0	0	0	0	0	0	0	0	0	0	0	0	0	0	0	0	0	0	0	0	0	0	0	0	0	0	0	0	0	0	0	0	0	0	0	0	0	0	0	0	0	0	0	0	0	0	0	0	0	0	0	0	0	0	0	0	0	0	0	0	0	0	0	0	0	0	0	0	0	0	0	0	0	4	0	0	0	0	0	4	0	0	4	0	0	0	0
Animalia;Echinodermata	Echinoderms	0	0	0	6	0	0	0	0	0	0	0	0	0	0	0	0	0	0	0	0	0	0	0	0	0	0	0	0	0	0	0	0	0	0	0	0	0	0	0	0	0	0	0	0	13	0	0	0	0	0	0	0	0	0	0	0	0	0	0	0	0	0	0	0	0	0	0	0	0	0	0	0	0	0	0	0	0	0	0	0	0	31	0	0	0	0	0	0	0	0	0	0	0	0	0	0	0	0	0	0	0	0	16	0	0	2	0	0	0	0	0	0	0	0	0	0	0	0	0	0	0	0	0
Animalia;Echinodermata;Echinoidea	Heart urchins	0	0	0	0	0	0	0	0	0	0	0	0	0	0	0	0	0	0	0	0	0	0	0	0	0	0	0	0	0	0	0	0	0	0	0	0	0	0	0	0	0	0	0	0	0	0	0	0	0	0	0	0	0	0	0	0	0	0	0	0	0	0	0	0	0	0	0	0	0	0	0	0	0	0	0	0	0	0	0	0	0	0	18	0	0	0	0	0	0	0	0	0	2	0	0	0	0	0	0	0	0	0	0	0	0	19	18	0	0	0	0	0	0	0	0	0	3	0	0	0	0	0	0
Animalia;Echinodermata;Holothuroidea;Dendrochirotida	Sea cucumbers	0	0	0	0	0	0	0	0	0	0	0	0	0	0	0	0	0	0	0	0	0	0	0	0	0	0	0	0	0	0	0	0	0	0	0	0	0	0	0	0	0	0	0	0	7	0	0	0	0	0	0	0	0	0	0	0	0	0	0	0	0	0	0	0	0	0	0	0	0	0	0	0	0	0	0	0	0	0	0	0	0	0	0	0	0	0	0	0	0	0	0	0	0	0	0	0	0	0	0	0	0	0	0	0	0	0	0	0	0	0	0	0	0	0	0	0	0	0	0	0	0	0	0
Animalia;Echinodermata;Ophiuroidea;Amphilepidida;Amphiuridae;Amphipholis;Amphipholis squamata	Dwarf brittle star, Long-armed brittle star, Scale brittle star, Small brittle star, Tiny brittle star	0	0	0	37	0	0	0	0	0	0	0	0	0	0	0	0	0	0	0	0	0	0	0	0	0	0	0	0	0	0	0	0	0	0	0	0	0	0	0	0	0	0	0	0	72	0	0	0	0	10	0	0	0	0	0	0	0	0	0	0	0	0	0	0	0	0	0	0	0	0	0	0	0	0	0	0	0	0	0	0	0	169	0	0	0	0	0	0	0	0	0	0	0	0	0	0	0	0	0	0	0	0	0	0	0	3	2	0	0	0	0	0	0	0	0	0	0	0	0	0	0	0	0
Animalia;Gastrotricha;NA;Chaetonotida;Chaetonotidae	Gastrotrichs	0	0	0	0	0	0	0	0	0	0	0	0	0	0	0	0	0	0	0	0	0	0	0	0	0	0	0	0	0	0	0	0	0	0	0	0	0	0	0	0	0	0	0	0	0	0	0	0	0	0	0	0	0	0	5	0	0	0	0	0	0	0	0	0	0	0	0	0	0	0	0	0	0	0	0	0	0	0	0	0	0	0	0	0	0	0	0	0	0	0	0	0	0	0	0	0	0	5	0	0	0	0	0	0	0	0	0	0	0	0	0	0	0	0	0	0	0	0	0	0	0	0	0
Animalia;Gastrotricha;NA;Chaetonotida;Chaetonotidae;Chaetonotus;Chaetonotus sp. 1 MK-2019	Gastrotrichs	0	0	0	0	0	0	0	0	0	0	0	0	0	2	0	0	0	0	0	0	0	0	0	0	0	0	0	34	0	0	0	0	0	0	0	3	0	0	0	0	23	0	0	0	0	0	0	0	0	0	0	0	0	0	0	0	0	0	0	0	0	0	0	0	0	0	0	0	0	0	0	0	3	0	0	0	0	0	0	0	0	0	0	0	7	0	0	0	0	0	0	0	0	0	0	0	0	0	0	0	0	0	0	0	0	0	0	0	0	0	0	0	0	0	0	0	0	0	0	0	0	0	0
Animalia;Mollusca;Bivalvia	Bivalves	0	0	0	52	0	0	5	2	0	0	0	0	0	3	0	0	0	0	3	0	0	0	0	0	0	0	0	0	0	0	0	0	0	0	0	0	0	3	2	0	0	0	89	0	4	3	0	0	1244	0	0	0	0	0	0	0	0	0	29	0	0	0	0	0	0	21	0	0	0	0	0	0	0	0	0	0	0	0	0	0	0	0	0	0	0	0	0	0	0	0	0	0	0	0	0	0	0	0	0	0	0	0	0	0	0	0	0	0	0	0	2	0	0	10	0	2	0	0	0	2	4	0	0
Animalia;Mollusca;Bivalvia;Adapedonta;Hiatellidae;Panopea;Panopea generosa	Pacific geoduck	0	0	0	0	0	0	5	0	0	0	0	0	0	0	0	0	0	0	0	0	0	0	0	0	0	0	0	0	0	0	0	0	0	0	0	0	0	15	0	0	0	0	0	0	0	0	0	0	3	0	0	0	0	0	0	0	0	0	0	0	0	0	0	0	0	0	0	0	0	0	0	0	0	0	0	0	0	0	0	0	0	0	0	0	0	0	0	0	0	0	0	0	2	0	3	0	0	0	0	0	0	0	0	0	0	0	0	0	3	0	0	0	0	0	0	3	5	0	5	3	13	0	0
Animalia;Mollusca;Bivalvia;Cardiida;Donacidae;Donax;Donax variabilis	Butterfly shell	0	0	0	0	0	0	0	0	0	0	0	0	0	0	0	0	0	0	0	0	0	0	0	0	0	0	0	0	0	0	0	0	0	0	0	0	0	0	0	0	0	0	184	0	0	0	0	0	0	0	0	0	0	0	0	0	0	0	0	0	0	0	0	0	0	0	0	0	0	0	0	0	0	0	0	0	0	0	0	0	0	0	0	0	0	0	0	0	0	0	0	0	0	0	0	0	0	0	0	0	0	0	0	0	0	0	0	0	0	0	0	0	0	0	0	0	0	0	0	0	0	0	0
Animalia;Mollusca;Bivalvia;Cardiida;Psammobiidae;Hiatula;Hiatula diphos	Diphos sanguin	0	0	0	0	0	5	2	0	6	21	0	0	25	0	0	2	0	0	0	3	0	0	0	0	0	0	0	0	0	0	0	0	0	0	0	0	0	0	0	0	0	0	83	0	87	8	0	0	11	0	0	0	2	0	0	0	6	10	48	0	0	0	0	0	0	0	0	0	0	0	0	0	0	0	8	0	0	0	0	0	0	0	0	0	0	0	0	0	0	0	0	0	0	0	5	0	0	0	2	0	0	0	2	0	0	0	38	0	3	5	0	4	2	0	0	4	10	6	0	0	0	0	0
Animalia;Mollusca;Bivalvia;Carditida;Carditidae	Cardita clams	0	0	0	0	0	0	0	0	0	0	0	0	0	0	0	0	0	0	0	0	0	0	0	0	0	0	0	0	0	0	0	0	0	0	0	0	0	0	0	0	0	0	0	0	0	0	2	0	0	0	0	0	0	0	0	0	0	0	0	0	0	0	0	0	0	0	0	0	0	0	0	0	0	0	0	0	0	0	0	0	0	0	0	0	0	0	6	0	0	0	0	0	0	0	0	0	0	0	0	0	0	0	0	0	0	0	0	0	0	0	0	0	0	0	0	0	0	0	0	0	0	0	0
Animalia;Mollusca;Bivalvia;Mytilida;Mytilidae	Mussel	0	0	0	0	0	0	0	0	0	0	0	0	0	0	0	0	0	0	0	4	0	0	0	0	0	0	0	0	0	0	249	0	0	2	0	0	0	0	0	0	0	0	18906	0	0	0	0	0	0	0	116	0	3	0	0	0	0	0	0	0	0	0	0	0	0	0	0	0	0	0	0	0	0	0	0	0	0	0	0	0	6	0	2	0	0	0	0	6	0	10	0	0	0	0	0	0	0	0	0	0	0	0	0	0	0	4	0	7	18	66	10	0	3	1183	0	4	0	3	0	0	0	0	0
Animalia;Mollusca;Bivalvia;Mytilida;Mytilidae;Adula;Adula aff. californiensis MO-2010	Datemussel	0	0	0	0	0	0	0	0	0	0	0	0	0	0	0	0	0	0	0	0	0	0	0	0	0	0	0	0	0	0	0	0	0	0	0	0	0	0	0	0	0	0	0	0	0	0	0	0	0	0	0	0	0	0	0	0	0	0	0	0	0	0	0	0	0	0	0	0	0	0	0	0	0	0	0	0	0	0	0	0	0	0	0	0	0	0	0	0	0	0	0	0	0	0	0	0	0	0	0	0	0	0	0	0	0	0	0	0	0	0	0	0	0	6	0	0	0	0	0	0	0	0	0
Animalia;Mollusca;Bivalvia;Mytilida;Mytilidae;Byssogerdius;Byssogerdius subsulcatus	Mussel	0	0	0	0	0	0	0	0	0	0	0	0	0	0	0	0	0	0	0	0	0	0	0	0	0	0	0	0	0	0	0	0	0	0	0	0	0	0	0	0	0	0	18	0	0	0	0	0	0	0	0	0	0	0	0	0	0	0	0	0	0	0	0	0	0	0	0	0	0	0	0	0	0	0	0	0	0	0	0	0	0	0	0	0	0	0	0	0	0	0	0	0	0	0	0	0	0	0	0	0	0	0	0	0	0	0	0	0	0	0	0	0	0	0	0	0	0	0	0	0	0	0	0
Animalia;Mollusca;Bivalvia;Mytilida;Mytilidae;Modiolus;Modiolus americanus	American horsemussel	0	0	0	2	0	0	6	3	0	0	0	0	0	0	0	0	0	0	0	457	0	0	0	0	0	0	0	0	0	0	15280	0	50	264	0	0	0	0	31	0	0	0	2	0	7	47	0	21	74	0	3061	8	110	59	0	14	0	0	7	0	91	0	11	0	5	0	18	0	15	0	0	0	0	0	24	0	0	0	0	0	282	0	7	0	0	0	18	0	0	911	0	0	6	0	5	0	0	0	0	0	2	0	0	0	0	2	3	710	1792	3389	355	169	260	82574	0	31	24	40	16	3	0	0	0
Animalia;Mollusca;Bivalvia;Mytilida;Mytilidae;Mytilus;Mytilus edulis	Bay mussel	0	0	0	0	0	0	0	0	0	0	0	0	0	0	0	0	0	0	0	0	0	0	0	0	0	0	0	0	0	0	0	0	0	0	0	0	0	0	0	0	0	0	3068	0	0	0	0	0	0	0	0	0	0	0	0	0	0	0	0	0	0	0	0	0	0	0	0	0	0	0	0	0	0	0	0	0	0	0	0	0	0	0	0	0	0	0	0	0	0	0	0	0	0	0	0	0	0	0	0	0	0	0	0	0	0	0	0	0	0	0	0	0	0	0	0	0	0	0	0	0	0	0	0
Animalia;Mollusca;Bivalvia;Nuculida;Nuculidae;Ennucula;Ennucula tenuis	Little nut clam	0	0	0	0	0	0	0	0	0	0	0	0	0	0	0	0	0	0	0	0	0	0	0	0	0	0	0	0	0	0	0	0	0	0	0	0	0	0	0	0	0	0	0	0	0	0	0	0	0	0	0	0	0	0	0	0	0	0	0	0	0	0	0	0	0	0	0	0	0	0	0	0	0	0	0	0	0	0	0	0	0	0	0	0	0	0	0	0	0	0	0	0	0	0	0	0	0	0	0	0	0	0	0	0	0	0	0	0	0	0	0	0	0	0	0	5	0	8	0	0	0	0	0
Animalia;Mollusca;Bivalvia;Ostreida;Ostreidae;Crassostrea	Cupped oysters	0	0	0	0	0	0	0	0	0	0	0	0	0	0	0	0	0	0	0	0	0	0	0	0	0	0	0	0	0	0	0	0	0	0	0	0	0	0	0	0	0	0	0	0	0	0	0	0	0	0	0	0	0	0	0	0	0	0	0	0	0	0	0	0	0	0	0	0	0	0	0	0	0	0	0	0	0	0	0	0	0	0	0	0	0	0	0	0	0	0	0	0	0	0	0	0	0	0	0	0	0	0	0	0	0	0	0	0	0	0	0	0	0	185	0	0	0	0	0	0	0	0	0
Animalia;Mollusca;Bivalvia;Ostreida;Ostreidae;Crassostrea;Crassostrea ariakensis	Suminoe oyster	0	0	0	0	0	0	0	0	0	0	0	0	0	0	0	0	0	0	0	0	0	0	0	0	0	0	0	0	0	0	0	0	0	0	0	0	0	0	0	0	0	0	0	0	0	0	0	0	0	0	0	0	0	0	0	0	0	0	0	0	0	0	0	0	0	0	0	0	0	0	0	0	0	0	0	0	0	0	0	0	0	0	0	0	0	0	0	0	0	0	0	0	0	0	0	0	0	0	0	0	0	0	0	0	0	0	0	0	0	0	0	0	0	4169	0	2	0	3	0	0	0	0	0
Animalia;Mollusca;Bivalvia;Ostreida;Ostreidae;Crassostrea;Crassostrea rivularis	Cupped oysters	0	0	0	0	0	0	0	0	0	0	0	0	0	0	0	0	0	0	0	0	0	0	0	0	0	0	0	0	0	0	0	0	0	0	0	0	0	0	0	0	0	0	0	0	0	0	0	0	0	0	0	0	0	0	0	0	0	0	0	0	0	0	0	0	0	0	0	0	0	0	0	0	0	0	0	0	0	0	0	0	0	0	0	0	0	0	0	0	0	0	0	0	0	0	0	0	0	0	0	0	0	0	0	0	0	0	0	0	0	0	0	0	0	204	0	0	0	0	0	0	0	0	0
Animalia;Mollusca;Bivalvia;Pectinida;Pectinidae	Scallops	0	0	0	0	0	0	0	0	17	57	0	0	0	16	0	0	10	0	0	0	0	0	0	0	0	0	0	0	0	0	0	0	0	0	0	0	0	18	6	0	0	27	0	0	110	30	0	9	0	6	0	0	78	18	0	0	4	4	26	0	38	0	4	0	0	0	2	0	0	0	0	0	70	93	57	0	0	0	13	0	4	21	12	0	0	896	0	13	0	0	2	0	0	0	0	0	0	0	0	0	3	0	10	0	0	11	3	10	10	13	73	9	18	0	0	19	5	7	0	0	0	0	0
Animalia;Mollusca;Bivalvia;Pectinida;Pectinidae;Mizuhopecten;Mizuhopecten yessoensis	Ezo giant scallop	0	0	0	0	0	0	0	0	0	0	0	0	0	0	0	0	0	0	0	0	0	0	0	0	0	0	0	0	0	0	0	0	0	0	0	0	0	0	0	0	0	0	0	0	0	0	0	0	0	0	0	0	0	0	0	0	0	0	0	0	0	0	0	0	0	0	0	0	0	0	0	0	0	0	0	0	0	0	0	0	0	0	0	0	0	4	0	0	0	0	0	0	0	0	0	0	0	0	0	0	0	0	0	0	0	0	0	0	0	0	0	0	0	0	0	0	0	0	0	0	0	0	0
Animalia;Mollusca;Bivalvia;Venerida	Bivalves	0	0	0	0	0	0	0	0	0	0	0	0	0	0	0	0	0	0	0	0	0	0	0	0	0	0	0	0	0	0	0	0	0	0	0	0	0	0	0	0	0	0	0	0	0	0	0	0	0	0	0	0	0	0	0	0	0	0	0	0	0	0	0	0	0	40	0	2	0	0	0	0	2	0	0	0	0	0	0	0	0	0	0	0	0	0	0	0	0	0	0	0	0	0	0	0	0	0	0	0	0	0	0	0	0	0	0	0	0	0	0	0	0	0	0	0	0	0	0	0	0	0	0
Animalia;Mollusca;Bivalvia;Venerida;Sphaeriidae;Sphaerium;Sphaerium striatinum	Witham orb mussel	0	0	0	0	0	0	0	0	0	0	0	0	0	20	0	0	0	0	0	3	0	0	0	0	0	0	0	0	0	0	3	0	0	0	0	0	0	0	0	0	0	0	0	0	0	0	0	0	0	0	0	0	0	0	0	0	0	0	0	0	0	0	0	0	0	0	0	2	0	0	0	0	0	0	0	0	0	0	0	0	0	0	0	0	0	0	0	0	0	0	0	0	0	0	2	0	0	0	0	0	0	0	0	0	0	2	0	0	0	0	0	0	0	0	0	0	2	0	0	0	0	0	0
Animalia;Mollusca;Bivalvia;Venerida;Veneridae;Saxidomus;Saxidomus purpurata	Butter clams	0	0	0	0	0	4	0	0	0	0	0	0	0	0	0	0	0	0	0	0	0	0	0	0	0	0	0	0	0	0	0	0	0	0	0	0	0	0	0	0	0	0	0	0	0	0	0	0	0	0	0	0	0	0	15	0	0	0	0	0	0	0	0	0	0	2687	0	0	0	0	0	0	23	0	0	0	0	0	0	0	0	0	2	0	0	0	0	0	0	0	0	0	0	0	0	0	0	0	0	0	4	0	3	0	0	0	0	0	0	4	2	0	2	0	0	2	0	2	3	0	0	0	0
Animalia;Mollusca;Bivalvia;Venerida;Vesicomyidae;Archivesica;Archivesica marissinica	Bivalves	0	0	0	0	0	0	5	0	0	0	0	0	0	0	0	0	0	0	0	0	0	0	0	0	0	0	0	0	0	0	0	0	0	0	0	0	0	0	0	0	0	0	0	0	0	0	0	0	0	0	0	0	0	0	0	0	0	0	0	0	0	0	0	0	0	6	4	0	0	0	0	0	0	0	0	0	0	0	0	0	0	0	0	0	0	0	0	0	0	0	0	0	0	0	0	0	0	0	0	0	2	0	0	0	0	0	0	0	2	3	0	4	0	0	0	0	0	0	0	0	0	0	0
Animalia;Mollusca;Gastropoda	Gastropods	0	0	0	0	0	0	0	0	0	0	0	0	0	0	0	0	231	0	0	0	0	0	0	0	0	0	0	0	0	0	0	320	0	0	0	0	0	0	0	0	0	0	65	0	0	0	0	0	0	0	0	0	0	0	0	0	3	0	0	0	0	0	0	0	0	0	0	4	0	0	0	0	0	0	600	0	0	0	0	0	0	19	0	0	0	6	0	0	0	0	0	0	0	0	0	0	0	0	0	0	0	0	0	0	0	0	88	0	0	0	0	0	0	0	0	0	2	0	0	0	0	0	0
Animalia;Mollusca;Gastropoda;Littorinimorpha	Littorinimorph Snails	0	0	0	0	0	0	0	0	0	0	0	0	0	0	0	0	0	0	0	0	0	0	0	0	0	0	0	0	0	0	0	7	0	0	0	0	0	0	0	0	0	0	0	0	0	0	0	0	0	0	0	0	0	0	0	0	0	0	0	0	0	0	0	0	0	0	0	0	0	0	0	0	0	0	0	0	0	0	0	0	0	0	0	0	0	0	0	0	0	0	0	0	0	0	0	0	0	0	0	0	0	0	0	0	0	0	0	0	0	0	0	0	0	0	0	0	0	0	0	0	0	0	0
Animalia;Mollusca;Gastropoda;Littorinimorpha;Bursidae;Bursa;Bursa rhodostoma	St. Thomas frogsnail	0	0	0	0	0	0	0	0	0	0	0	0	0	0	0	0	0	0	0	0	0	0	0	0	0	0	0	0	0	0	0	9	0	0	0	0	0	0	0	0	0	0	0	0	0	0	0	0	0	0	0	0	0	0	0	0	0	0	0	0	0	0	0	0	0	0	0	0	0	0	0	0	0	0	0	0	0	0	0	0	0	0	0	0	0	0	0	0	0	0	0	0	0	0	0	0	0	0	0	0	0	0	0	0	0	0	0	0	0	0	0	0	0	0	0	0	0	0	0	0	0	0	0
Animalia;Mollusca;Gastropoda;Littorinimorpha;Littorinidae;Littorina;Littorina littorea	Common Periwinkle	0	0	0	0	0	0	0	0	0	0	0	0	0	0	0	0	0	0	0	0	0	0	0	0	0	0	0	0	0	0	0	12	0	0	0	0	0	0	0	0	0	0	0	0	0	0	0	0	0	0	0	0	0	0	0	0	0	0	0	0	0	0	0	0	0	0	0	0	0	0	0	0	0	0	0	0	0	0	0	0	0	0	0	0	0	0	0	0	0	0	0	0	0	0	0	0	0	0	0	0	0	0	0	0	0	0	0	0	0	0	0	0	0	0	0	0	0	0	0	0	0	0	0
Animalia;Mollusca;Gastropoda;NA;Lottiidae;Lottia;Lottia gigantea	Owl limpet	0	0	0	0	0	0	2	2	0	0	0	0	0	0	0	0	0	0	0	0	0	0	0	0	0	0	0	0	0	0	0	0	0	0	0	0	0	0	0	0	0	0	0	0	0	0	0	0	0	0	0	0	0	0	0	0	0	0	0	0	0	0	0	0	0	0	0	0	0	0	0	0	0	0	0	0	0	0	0	0	0	0	2	0	0	0	0	0	0	0	0	0	0	0	0	0	0	0	0	0	0	0	0	0	0	0	0	0	0	0	0	0	0	0	0	0	0	0	0	0	0	0	0
Animalia;Mollusca;Gastropoda;NA;Planorbidae;Biomphalaria;Biomphalaria kuhniana	Clessin Ramshorn	0	0	0	0	0	0	0	0	0	0	0	0	0	0	0	0	16	0	0	0	0	0	0	0	0	0	0	0	0	0	0	0	0	0	0	0	0	0	0	0	0	0	0	0	0	0	0	0	0	0	0	0	0	0	0	0	0	0	0	0	0	0	0	0	0	0	0	0	0	0	0	0	0	0	6	0	0	0	0	0	0	0	0	0	0	0	0	0	0	0	0	0	0	0	0	0	0	0	0	0	0	0	0	0	0	0	0	0	0	0	0	0	0	0	0	0	0	0	0	0	0	0	0
Animalia;Mollusca;Gastropoda;NA;Pyramidellidae;Miralda;Miralda sp. EED-Phy-918	Gastropods	0	0	0	0	0	0	0	0	0	0	0	0	0	0	0	0	5420	0	0	0	0	0	0	0	0	0	0	0	0	0	0	0	0	0	0	0	0	0	0	0	0	0	0	0	0	0	0	0	0	0	0	0	0	0	0	0	0	0	0	0	0	0	0	0	0	0	0	0	0	0	0	0	0	0	0	0	0	0	0	0	0	0	0	0	0	0	0	0	0	0	0	0	0	0	0	0	0	0	0	0	2	0	0	0	0	0	0	0	0	0	0	0	0	0	0	0	4	0	0	0	0	0	0
Animalia;Mollusca;Gastropoda;Neogastropoda	Neogastropod Snails	0	0	0	0	0	0	0	0	0	0	0	0	0	0	0	0	0	0	0	0	0	0	0	0	0	0	0	0	0	0	0	5	0	0	0	0	0	0	0	0	0	0	0	0	0	0	0	0	0	0	0	0	0	0	0	0	0	0	0	0	0	0	0	0	0	0	0	0	0	0	0	0	0	0	0	0	0	0	0	0	0	0	0	0	0	0	0	0	0	0	0	0	0	0	0	0	0	0	0	0	0	0	0	0	0	0	0	0	0	0	0	0	0	0	0	0	0	0	0	0	0	0	0
Animalia;Mollusca;Gastropoda;Neogastropoda;Buccinidae;Buccinum;Buccinum pemphigus	Buccinum whelks	0	0	0	0	0	0	0	0	0	0	0	0	0	0	0	0	0	0	0	0	0	0	0	0	0	0	0	0	0	0	0	30	0	0	0	0	0	0	0	0	0	0	0	0	0	0	0	0	0	0	0	0	0	0	0	0	0	0	0	0	0	0	0	0	0	0	0	0	0	0	0	0	0	0	0	0	0	0	0	0	0	0	0	0	0	0	0	0	0	0	0	0	0	0	0	0	0	0	0	0	0	0	0	0	0	0	0	0	0	0	0	0	0	0	0	0	0	0	0	0	0	0	0
Animalia;Mollusca;Gastropoda;Neogastropoda;Buccinidae;Japelion;Japelion latus	Buccinum whelks	0	0	0	0	0	0	0	0	0	0	0	0	0	0	0	0	0	0	0	0	0	0	0	0	0	0	0	0	0	0	0	6	0	0	0	0	0	0	0	0	0	0	0	0	0	0	0	0	0	0	0	0	0	0	0	0	0	0	0	0	0	0	0	0	0	0	0	0	0	0	0	0	0	0	0	0	0	0	0	0	0	0	0	0	0	0	0	0	0	0	0	0	0	0	0	0	0	0	0	0	0	0	0	0	0	0	0	0	0	0	0	0	0	0	0	0	0	0	0	0	0	0	0
Animalia;Mollusca;Gastropoda;Neogastropoda;Nassariidae;Nassarius;Nassarius succinctus	Dog whelks	0	0	0	0	0	0	0	0	0	0	0	0	0	0	0	0	0	0	0	0	0	0	0	0	0	0	0	0	0	0	0	44	0	0	0	0	0	0	0	0	0	0	0	0	0	0	0	0	0	0	0	0	0	0	0	0	0	0	0	0	0	0	0	0	0	0	0	0	0	0	0	0	0	0	0	0	0	0	0	0	0	0	0	0	0	0	0	0	0	0	0	0	0	0	0	0	0	0	0	0	0	0	0	0	0	0	0	0	0	0	0	0	0	0	0	0	0	0	0	0	0	0	0
Animalia;Mollusca;Gastropoda;Nudibranchia	Nudibranchs	0	0	0	0	0	0	0	0	0	0	0	0	0	0	0	0	0	0	0	0	0	0	0	0	0	0	0	0	0	0	0	0	0	0	0	0	0	0	0	0	0	0	0	0	0	0	0	0	0	0	0	0	0	0	0	0	0	0	0	0	0	0	0	0	0	0	0	0	0	0	0	0	0	0	0	0	0	0	0	0	0	0	0	0	0	0	0	0	0	0	0	0	0	0	0	0	0	0	0	0	0	0	0	0	0	0	0	0	0	0	0	0	0	0	0	0	3	0	0	0	0	0	0
Animalia;Mollusca;Gastropoda;Nudibranchia;Cuthonidae;Cuthona;Cuthona nana	Nudibranchs	0	0	0	0	0	0	0	0	0	0	0	0	0	0	0	0	0	0	0	0	0	0	0	0	0	0	0	0	0	0	0	0	0	0	0	0	0	0	0	0	0	0	0	0	0	0	0	0	0	0	0	0	0	0	0	0	0	0	0	0	0	0	0	0	0	0	0	0	0	0	0	0	0	0	0	0	0	0	0	0	0	0	0	0	0	0	0	0	0	0	0	0	0	0	0	0	0	0	0	0	0	0	0	0	0	4	0	0	0	0	0	0	0	0	0	0	0	2	0	0	0	0	0
Animalia;Mollusca;Gastropoda;Nudibranchia;Dendrodorididae	Nudibranchs	0	0	0	0	0	0	0	0	0	0	0	0	0	0	0	0	0	0	0	52	0	0	0	0	0	0	0	0	0	0	0	0	0	0	0	0	0	0	0	0	0	0	0	0	0	0	0	0	0	0	0	0	0	0	0	0	0	0	0	0	0	0	0	0	0	0	0	0	0	0	0	0	0	0	0	0	0	0	0	0	0	0	0	0	0	0	0	0	0	0	0	0	0	0	0	0	0	0	0	0	0	0	0	0	0	0	0	0	2	0	0	0	0	0	0	0	0	0	0	0	0	0	0
Animalia;Mollusca;Gastropoda;Nudibranchia;Dendrodorididae;Doriopsilla;Doriopsilla miniata	Nudibranchs	0	0	0	0	0	0	0	0	0	0	0	0	0	0	0	0	0	0	0	8	0	0	0	0	0	0	0	0	0	0	0	0	0	0	0	0	0	0	0	0	0	0	0	0	0	0	0	0	0	0	0	0	0	0	0	0	0	0	0	0	0	0	0	0	0	0	0	0	0	0	0	0	0	0	0	0	0	0	0	0	0	0	0	0	0	0	0	0	0	0	0	0	0	0	0	0	0	0	0	0	0	0	0	0	0	0	0	0	0	0	0	0	0	0	0	0	0	0	0	0	0	0	0
Animalia;Mollusca;Gastropoda;Nudibranchia;Tritoniidae;Tritonia;Tritonia festiva	Diamondback tritonia	0	0	0	0	0	0	0	0	0	0	0	0	0	0	0	0	0	0	0	0	0	0	0	0	0	0	0	0	0	0	0	0	0	0	0	0	0	0	0	0	0	0	0	0	0	0	0	0	0	0	0	0	0	0	0	0	0	0	0	0	0	0	0	0	0	0	0	0	0	0	0	0	0	0	0	0	0	0	0	0	0	0	0	0	0	0	0	0	0	0	0	0	0	0	0	0	0	0	0	0	0	0	0	0	0	0	0	0	0	0	0	0	0	0	0	0	0	5	0	0	0	0	0
Animalia;Mollusca;Gastropoda;Pteropoda	Pteropods	0	0	0	0	0	0	0	0	0	0	0	0	0	0	0	0	0	0	0	0	0	0	0	0	0	0	0	0	0	0	0	0	0	0	0	0	0	0	0	0	0	0	0	0	0	0	0	0	0	0	0	0	0	0	0	0	0	0	0	0	0	0	0	0	0	10	0	0	0	0	0	0	0	0	0	0	0	0	0	0	0	0	0	0	0	22	0	0	0	0	0	0	0	0	0	0	0	0	0	0	0	0	0	0	0	0	0	0	0	0	0	0	0	0	0	0	0	0	0	0	0	0	0
Animalia;Mollusca;Gastropoda;Pteropoda;Cavoliniidae;Cavolinia;Cavolinia uncinata	Long Spine Sea Butterfly	0	0	0	0	0	0	0	0	0	0	0	0	0	0	0	0	0	0	0	0	0	0	0	0	0	0	0	0	11	0	0	0	0	0	0	0	0	0	0	0	0	0	0	0	0	0	0	0	0	0	0	0	0	0	0	0	0	0	0	0	0	0	0	0	0	1067	0	0	0	0	0	0	0	0	0	0	0	0	0	0	0	0	0	0	0	5898	0	0	0	0	0	0	0	0	0	0	0	0	0	0	0	0	0	0	0	0	0	0	0	0	0	0	0	0	0	0	0	0	0	0	0	0	0
Animalia;Mollusca;Gastropoda;Stylommatophora	Slug	0	0	0	0	0	0	0	0	0	0	0	0	0	0	0	0	2	0	0	0	0	0	0	0	0	0	0	0	0	0	0	0	0	0	0	0	0	0	0	0	0	0	0	0	0	0	0	4	0	0	0	0	0	0	0	0	0	0	0	0	0	0	0	0	0	0	0	0	0	0	0	0	0	0	0	0	0	0	0	0	0	0	0	0	0	0	0	0	0	0	0	0	0	0	0	0	0	0	0	0	0	0	0	0	0	0	0	0	0	0	0	0	0	0	0	0	0	0	0	0	0	0	0
Animalia;Mollusca;Gastropoda;Trochida;Margaritidae;Margarites;Margarites helicinus	Helicina margarite	0	0	0	0	0	0	0	0	0	0	0	0	0	0	0	0	0	0	0	0	0	0	0	0	0	0	0	0	0	0	0	0	0	0	0	0	0	0	0	0	0	0	0	0	0	0	0	0	0	0	0	0	0	0	0	0	0	0	0	0	0	0	0	0	0	0	0	0	0	0	0	0	0	0	0	0	0	0	0	0	0	0	0	0	0	0	0	0	0	0	0	0	0	0	0	0	0	0	0	0	0	0	0	0	0	0	0	0	0	0	0	0	0	0	0	7	0	0	0	0	0	0	0
Animalia;Nematoda;Chromadorea;Chromadorida;Chromadoridae;Chromadorita;Chromadorita leuckarti	Nematodes	0	0	0	0	0	0	0	0	0	0	0	0	0	0	0	0	0	0	0	0	0	0	0	0	0	0	0	0	0	0	0	0	0	0	0	0	0	0	0	0	0	0	0	0	0	0	0	0	0	0	0	0	0	0	0	0	0	0	0	0	0	0	0	0	0	0	0	0	0	0	0	0	0	0	0	0	0	0	0	0	0	0	0	0	0	0	0	11	0	0	0	0	0	0	0	0	0	0	0	0	0	0	0	0	0	0	0	0	0	0	0	0	0	0	0	0	0	0	0	0	0	0	0
Animalia;Nematoda;Chromadorea;Rhabditida	Nematodes	0	0	0	0	0	0	0	0	0	0	0	0	0	0	0	0	0	0	0	0	0	0	0	0	0	0	0	0	0	0	0	0	0	0	0	0	0	0	0	0	0	0	0	0	3	0	0	0	0	0	0	0	0	0	0	0	0	0	0	0	0	0	0	0	0	0	0	0	0	0	0	0	2	0	0	0	0	0	4	3	0	0	0	0	0	0	0	0	0	0	0	0	0	0	0	0	0	0	0	0	0	0	0	0	0	0	0	0	0	0	0	0	0	0	0	0	0	0	0	0	0	0	0
Animalia;Nematoda;Enoplea;Dorylaimida;Dorylaimidae;Mesodorylaimus;Mesodorylaimus sp. 1 WJW-2018	Nematodes	0	0	0	0	0	0	0	0	0	0	0	0	0	0	0	0	0	0	0	0	0	0	0	0	0	0	0	0	0	0	0	0	0	0	0	0	0	0	0	0	0	0	0	0	0	0	0	0	0	0	0	0	0	0	0	0	0	0	0	0	0	0	0	0	0	0	0	0	0	0	0	0	0	0	0	0	0	0	0	0	0	0	0	0	0	0	0	0	0	0	0	0	0	0	0	0	0	0	0	0	0	0	0	0	0	0	0	0	0	0	0	0	0	0	0	0	0	7	0	0	0	0	0
Animalia;Nemertea;Enopla	Proboscis worms	0	0	0	0	0	0	0	0	0	0	0	0	0	0	0	0	0	0	0	17	0	0	0	0	0	0	0	0	0	0	0	0	0	0	0	0	0	0	0	0	0	0	0	0	0	0	0	0	0	0	0	0	0	0	0	0	0	0	0	0	0	0	0	0	0	0	0	0	0	0	0	0	0	0	0	0	0	0	0	0	0	0	0	0	0	0	0	0	0	0	0	0	0	0	0	0	0	0	0	0	0	0	0	0	0	0	0	0	0	0	0	0	0	0	0	0	0	3	0	2	0	0	0
Animalia;Nemertea;Enopla;Monostilifera	Proboscis worms	0	0	0	0	0	0	0	0	0	0	0	0	0	0	0	0	0	0	0	3	0	0	0	0	0	0	0	0	0	0	0	0	0	0	0	0	0	0	0	0	0	0	0	0	5	0	0	0	0	0	0	0	0	0	0	0	0	0	0	0	0	0	0	0	0	0	0	0	0	0	0	0	0	0	0	0	0	0	0	0	0	0	0	0	0	0	0	0	0	0	0	0	0	0	0	0	0	0	0	0	0	0	0	0	0	3	0	0	0	0	0	0	0	0	0	0	0	0	0	0	0	0	0
Animalia;Nemertea;Enopla;Monostilifera;Amphiporidae;Zygonemertes;Zygonemertes virescens	Proboscis worms	0	0	0	0	0	0	0	0	0	0	0	0	0	0	0	0	0	0	0	0	0	0	0	0	0	0	0	0	0	0	0	0	0	0	0	0	0	0	0	0	0	0	0	0	0	0	0	0	0	0	0	0	0	0	0	0	0	0	0	0	0	0	0	0	0	0	0	0	0	0	0	0	0	0	0	0	0	0	0	0	0	0	0	0	0	0	0	0	0	0	0	0	0	0	0	0	0	0	0	0	0	0	0	0	0	0	0	0	0	0	0	0	3	0	0	2	0	0	0	0	0	0	0
Animalia;Nemertea;Palaeonemertea;Tubulaniformes;Tubulanidae	Proboscis worms	0	0	0	0	0	0	0	0	0	0	0	0	0	0	0	0	0	0	0	0	0	0	0	0	0	0	0	0	0	0	0	0	0	0	0	0	0	0	0	0	0	0	0	0	0	0	0	0	0	0	0	0	0	0	0	0	0	0	0	0	0	0	0	0	0	0	0	0	0	0	0	0	0	0	0	0	0	0	0	40	0	0	0	0	0	0	0	0	0	0	0	0	0	0	0	0	0	0	0	0	0	0	0	0	0	0	0	0	0	0	0	0	0	0	0	0	0	0	0	0	0	0	0
Animalia;Nemertea;Pilidiophora;Heteronemertea	Proboscis worms	0	0	0	0	0	0	0	0	0	0	0	0	0	0	0	0	0	0	0	0	0	0	0	0	0	0	0	5	0	0	0	0	0	0	0	0	0	0	0	0	0	0	0	0	0	0	0	0	0	0	0	0	0	0	0	0	0	0	0	0	0	0	0	0	0	0	0	0	0	0	0	0	0	0	0	0	0	0	0	0	0	0	2	0	0	0	0	0	0	0	0	0	0	0	0	0	0	0	0	0	0	0	0	0	0	2	3	0	0	2	0	0	0	0	0	0	0	0	0	0	0	0	0
Animalia;Nemertea;Pilidiophora;Heteronemertea;Lineidae	Proboscis worms	0	0	0	0	0	0	0	0	0	0	0	0	0	0	0	0	0	0	0	0	0	0	0	0	0	0	0	396	0	0	0	0	0	0	0	0	0	15	0	0	0	0	0	0	0	0	0	0	0	0	0	0	0	0	0	0	0	0	0	0	0	0	0	2	0	0	3	0	0	0	0	0	0	0	0	0	0	0	0	0	0	0	0	0	0	0	0	0	0	0	0	0	0	0	0	0	0	0	0	0	0	0	0	0	0	0	0	0	0	0	0	0	0	0	0	0	0	0	0	0	0	0	0
Animalia;Nemertea;Pilidiophora;Heteronemertea;Lineidae;Kulikovia;Kulikovia cf. montgomeryi	Proboscis worms	0	0	0	0	0	0	0	0	0	0	0	0	0	0	0	0	0	0	0	0	0	0	0	0	0	0	0	0	0	0	0	0	0	0	0	0	0	0	0	0	0	0	0	0	4	0	0	0	0	0	0	0	0	0	0	0	0	0	0	0	0	0	0	0	0	0	0	0	0	0	0	0	0	0	0	0	0	0	0	0	0	0	0	0	0	0	0	0	0	0	0	0	0	0	0	0	0	0	0	0	0	0	0	0	0	0	0	0	0	0	0	2	0	0	0	0	0	0	0	0	0	0	0
Animalia;Orthonectida;NA;NA;Rhopaluridae;Rhopalura;Rhopalura ophiocomae	Orthonectids	0	0	0	0	0	0	2	3	2	0	0	0	0	0	0	0	30	0	0	2	0	0	0	0	0	0	0	61	3	0	0	3	0	2	0	0	0	0	0	0	0	0	0	0	3	4	0	0	0	0	0	0	0	0	0	0	0	0	0	0	0	0	0	0	0	0	0	0	0	0	0	0	4	0	0	0	0	0	3	0	0	2	2	0	0	0	0	0	0	0	13	0	0	0	5	0	0	0	0	0	0	0	0	0	0	2	0	3	9	0	3	2	4	0	0	10	22	16	16	7	5	3	0
Animalia;Platyhelminthes;Rhabditophora;Macrostomida;Microstomidae;Microstomum	Flatworms	0	0	0	0	0	0	0	0	0	0	0	0	0	0	0	0	0	0	0	0	0	0	0	0	0	0	0	0	0	0	0	0	0	0	0	0	0	0	0	0	0	0	0	0	0	0	0	0	0	0	0	0	0	0	0	0	0	0	0	0	0	0	0	0	0	0	0	0	0	0	0	0	0	0	0	0	0	0	0	0	0	0	0	0	0	0	0	0	0	0	0	0	0	0	0	0	0	0	0	0	0	0	0	0	0	0	0	0	0	0	2	0	4	0	0	0	0	0	0	0	0	0	0
Animalia;Platyhelminthes;Rhabditophora;Macrostomida;Microstomidae;Microstomum;Microstomum lineare	Flatworms	0	0	0	0	0	0	0	0	0	0	0	0	0	0	0	0	0	0	0	0	0	0	0	0	0	0	0	0	0	0	0	0	0	0	0	0	0	0	0	0	0	0	0	0	0	0	0	0	0	0	0	0	0	6	0	0	0	0	0	0	0	0	0	0	0	0	0	0	0	0	0	0	0	0	0	0	0	0	0	0	0	0	0	0	0	0	0	0	0	0	0	0	0	0	0	0	0	0	0	0	0	0	0	0	0	0	0	0	0	0	0	0	0	0	0	0	0	0	0	0	0	0	0
Animalia;Platyhelminthes;Rhabditophora;Polycladida	Flatworms	0	0	0	0	0	0	0	0	0	0	0	0	0	0	0	0	0	0	0	0	0	0	0	0	0	0	0	0	0	0	0	0	0	0	0	0	0	0	0	0	0	0	0	0	0	0	0	0	0	0	0	0	0	0	0	0	0	0	0	0	0	0	0	0	0	0	0	0	0	0	0	0	0	0	0	0	0	0	0	0	0	8	3	0	0	0	0	0	0	0	0	0	0	0	0	0	0	0	0	0	0	0	0	0	1313	0	0	0	0	0	0	0	0	0	0	0	0	5	0	0	0	0	0
Animalia;Platyhelminthes;Rhabditophora;Rhabdocoela;Graffillidae;Bresslauilla;Bresslauilla relicta	Flatworms	0	0	4	0	0	0	0	0	0	0	0	0	0	0	0	0	0	0	0	0	0	0	0	0	0	0	0	0	0	0	0	0	0	0	0	0	0	0	0	0	0	0	0	0	0	0	0	0	0	0	0	0	0	0	0	0	0	0	11	0	0	0	0	0	0	0	0	0	0	0	0	0	0	0	0	0	0	0	0	0	0	0	0	0	0	0	7	0	0	0	0	0	0	0	0	0	0	0	0	0	0	0	0	0	0	0	0	0	0	0	0	0	0	0	0	0	0	0	0	0	0	0	0
Animalia;Platyhelminthes;Rhabditophora;Rhabdocoela;Polycystididae;Gyratrix;Gyratrix hermaphroditus	Flatworms	0	0	0	0	0	0	0	0	0	0	0	0	0	0	0	0	0	0	0	0	0	0	0	0	0	0	0	0	0	0	0	0	0	0	0	0	0	0	0	0	0	0	0	0	0	0	0	0	0	0	0	0	7	0	0	0	0	0	0	0	0	0	0	0	0	0	0	0	0	0	0	0	0	0	0	0	0	0	0	0	0	0	0	0	0	0	0	0	0	0	0	0	0	0	0	0	0	0	0	0	0	0	0	0	0	0	0	0	0	0	0	0	0	0	0	0	0	0	0	0	0	0	0
Animalia;Platyhelminthes;Trematoda;Diplostomida;Strigeidae;Cotylurus	Flukes	0	0	0	0	0	0	0	0	0	0	0	0	0	0	0	0	0	0	0	0	0	0	0	0	0	0	0	0	0	0	0	0	0	0	0	0	0	0	0	0	0	0	0	0	0	0	0	0	0	0	0	0	0	0	0	0	0	0	0	0	0	0	0	0	0	0	0	0	0	0	0	0	0	0	0	0	0	0	0	0	0	0	0	0	23	0	0	0	0	0	0	0	0	0	0	0	0	0	0	0	0	0	0	0	0	0	0	0	0	0	0	0	0	0	0	0	0	0	0	0	0	0	0
Animalia;Porifera;Calcarea;Leucosolenida;Leucosoleniidae;Leucosolenia	Branching ball-sponge	0	0	0	0	0	0	0	0	0	0	0	0	0	0	0	0	0	0	0	0	0	0	0	0	0	0	0	0	0	0	0	0	0	0	0	0	0	0	0	0	0	0	0	0	0	0	0	0	0	0	0	0	0	0	0	0	0	0	2	0	0	0	0	0	0	0	0	0	0	0	0	0	0	0	0	0	0	0	0	0	0	0	0	0	0	3	4	0	0	0	0	0	0	0	0	0	0	0	0	0	0	0	0	0	0	0	0	0	0	0	0	0	0	0	0	0	0	0	0	0	0	0	0
Animalia;Porifera;Demospongiae	Demosponge	0	0	0	0	0	4	0	0	0	0	0	0	0	0	0	4	0	0	0	0	0	0	0	0	0	0	0	0	0	0	0	0	0	0	0	0	0	0	0	0	4	0	0	0	0	0	0	0	0	0	0	0	0	0	0	0	0	0	0	0	0	0	0	0	0	0	0	0	0	0	0	0	4	0	0	3	0	0	0	0	0	0	16	0	0	0	6	0	0	0	0	0	0	0	0	0	0	0	0	0	2	0	0	0	0	10	7	15	156	633	25	2	11	2	0	13	8	4	7	6	4	0	3
Animalia;Porifera;Demospongiae;Haplosclerida;Chalinidae;Haliclona;Haliclona sp. OGL2003	Demosponge	0	0	0	0	0	0	0	0	0	0	0	0	0	0	0	0	0	0	0	3	0	0	0	0	0	0	0	0	0	0	0	0	0	0	0	0	0	0	0	0	0	0	0	0	0	0	0	0	0	0	0	0	0	0	0	0	0	0	0	0	0	0	0	0	0	0	0	0	0	0	0	0	0	0	0	0	0	0	0	0	0	0	0	0	0	0	0	0	0	0	0	0	0	0	0	0	0	0	0	0	0	0	0	0	0	0	0	0	0	0	0	0	0	0	0	3	0	0	3	8	0	0	0
Animalia;Porifera;Demospongiae;Poecilosclerida;Desmacididae;Desmapsamma;Desmapsamma anchorata	Lumpy Overgrowing Sponge	0	0	0	0	0	0	0	0	0	0	0	0	0	0	0	0	0	0	0	0	0	0	0	0	0	0	0	0	0	0	0	0	0	0	0	0	0	0	0	0	0	0	0	0	0	0	0	0	0	0	0	0	0	0	0	0	0	0	0	0	0	0	0	0	0	0	0	0	0	0	0	0	0	0	0	0	0	0	0	0	0	0	0	0	0	0	0	3	0	0	0	0	0	0	0	0	0	0	0	0	0	0	0	0	0	2	0	0	0	0	0	0	0	0	0	0	0	0	0	0	0	0	0
Animalia;Porifera;Demospongiae;Poecilosclerida;Mycalidae;Mycale	Demosponge	0	0	0	0	0	0	0	0	0	0	0	0	0	0	0	0	0	0	0	0	0	0	0	0	0	0	0	0	0	0	0	0	0	0	0	0	0	0	0	0	0	0	0	0	0	0	0	0	0	0	0	0	0	0	0	0	0	0	0	0	0	0	0	0	0	0	0	0	0	0	0	0	0	0	0	0	0	0	0	0	0	0	0	0	0	0	0	0	0	0	0	0	0	0	0	0	0	0	0	0	0	0	0	0	0	0	0	0	7	0	0	0	0	0	0	0	0	0	0	0	0	0	0
Animalia;Porifera;Demospongiae;Spongillida;Spongillidae	Freshwater Sponges	0	0	0	0	0	0	0	0	0	0	0	0	0	0	0	0	0	0	0	0	0	0	0	0	0	0	0	0	0	0	0	0	0	0	0	0	0	0	0	0	0	0	0	0	0	0	0	0	0	0	0	0	0	0	0	0	0	0	0	0	0	0	0	0	0	0	0	0	0	0	0	0	0	0	0	0	0	0	0	0	0	0	0	0	0	0	0	0	0	0	0	0	0	0	0	0	0	0	0	0	0	0	0	0	0	0	0	0	0	0	0	0	0	0	0	0	0	3	0	0	0	0	0
Animalia;Porifera;Demospongiae;Suberitida;Halichondriidae;Halichondria;Halichondria okadai	Demosponge	0	0	0	0	0	0	0	0	0	0	0	0	0	0	0	0	0	0	0	0	0	0	0	0	0	0	0	0	0	0	0	0	0	0	0	0	0	0	0	0	0	0	0	0	0	0	0	0	0	0	0	0	0	0	0	0	0	0	0	0	0	0	0	0	0	0	0	0	0	0	0	0	0	0	0	0	0	0	0	0	0	0	0	0	0	0	0	2	0	0	0	0	0	0	0	0	0	0	0	0	0	0	0	0	0	0	0	0	0	0	0	0	0	0	0	0	6	2	0	0	0	0	0
Animalia;Rotifera;Eurotatoria;Flosculariaceae	Rotifers	0	0	0	0	0	0	0	0	0	0	0	0	0	0	0	0	0	0	0	0	0	0	0	0	0	0	0	0	0	0	0	0	0	0	0	0	0	0	0	0	0	0	0	0	0	0	0	0	0	0	0	0	0	0	0	0	0	0	0	0	0	0	0	0	0	0	0	0	0	0	0	0	2	0	0	0	0	0	0	0	0	0	0	0	0	0	0	0	0	0	0	0	0	0	0	0	0	0	0	0	0	0	0	0	0	0	0	0	0	0	0	0	0	0	0	0	0	0	0	0	0	0	0
Animalia;Rotifera;Eurotatoria;Flosculariaceae;Conochilidae;Conochilus;Conochilus hippocrepis	Rotifers	0	0	0	0	0	0	0	0	0	0	0	0	0	0	0	0	0	0	0	0	0	0	0	0	0	0	0	0	0	0	0	0	0	0	0	0	0	0	0	0	0	0	0	0	0	0	0	0	0	0	0	0	0	0	0	0	0	0	0	0	0	0	0	0	0	0	0	0	0	0	0	0	6	0	0	0	0	0	0	0	0	0	0	0	0	0	0	0	0	0	0	0	0	0	0	0	0	0	0	0	0	0	0	0	0	0	0	0	0	0	0	0	0	0	0	0	0	0	0	0	0	0	0
Animalia;Rotifera;Eurotatoria;Flosculariaceae;Flosculariidae;Ptygura;Ptygura libera	Rotifers	0	0	0	0	0	0	0	0	0	0	0	0	0	0	0	0	0	0	0	0	0	0	0	0	0	0	0	0	0	0	0	0	0	0	0	0	10	0	0	0	0	0	0	0	0	0	0	0	0	0	0	0	0	0	0	0	0	0	0	0	0	0	0	0	0	0	0	0	0	0	0	0	0	0	0	0	0	0	0	0	0	0	0	0	0	0	0	0	0	0	0	0	0	0	0	0	0	0	0	0	0	0	0	0	0	0	0	0	0	0	0	0	0	0	0	0	0	0	0	0	0	0	0
Animalia;Rotifera;Eurotatoria;Ploima	Rotifers	0	0	0	0	0	0	44	10	0	16	0	0	0	6	2	0	2	0	0	17	0	0	0	0	0	0	0	12	0	0	0	2	0	74	4	0	0	0	0	0	0	0	0	0	416	0	0	8	0	3	0	0	2	0	0	0	0	0	0	0	0	0	0	4	29	0	0	0	0	0	0	0	0	0	0	0	0	0	0	0	0	35	12	0	5	0	2	0	0	0	29	45	23	0	18	0	0	0	0	0	0	9	0	0	0	0	0	186	271	1210	855	677	983	2	0	0	0	0	0	0	0	0	0
Animalia;Rotifera;Eurotatoria;Ploima;Brachionidae;Notholca	Rotifers	0	0	0	0	0	0	0	0	0	0	0	0	0	0	0	0	0	0	0	0	0	0	0	0	0	0	0	0	0	0	0	0	0	0	0	0	0	0	0	0	0	0	0	0	0	0	0	0	0	0	0	0	0	0	0	0	0	0	0	0	0	0	0	0	0	0	0	0	0	0	0	0	0	0	0	0	0	0	0	0	0	0	0	0	0	0	0	0	0	0	0	0	0	0	0	0	0	0	0	0	0	0	0	0	0	0	0	0	0	0	0	0	2	0	0	0	0	0	0	0	0	0	0
Animalia;Rotifera;Eurotatoria;Ploima;Gastropidae;Ascomorpha;Ascomorpha ecaudis	Rotifers	3	0	0	0	0	0	83	18	0	36	0	0	0	16	3	0	3	0	0	43	0	0	0	0	0	0	0	31	0	0	2	0	0	154	0	0	0	0	0	0	0	0	0	0	0	0	0	0	0	0	0	0	5	0	0	0	0	0	2	0	0	0	0	0	57	0	0	0	0	0	0	0	0	0	0	0	0	0	0	0	0	62	10	0	0	5	0	0	0	0	49	91	18	0	35	0	0	0	0	0	0	25	0	0	0	0	0	353	529	1970	1443	1087	1637	2	0	0	0	0	0	0	0	0	0
Animalia;Rotifera;Eurotatoria;Ploima;Gastropidae;Ascomorpha;Ascomorpha ovalis	Rotifers	0	0	0	0	0	0	0	0	0	0	0	0	0	0	0	0	0	0	0	0	0	0	0	0	0	0	0	0	0	7	0	12	0	0	12	0	0	0	0	0	0	0	0	0	17	0	0	0	0	0	0	0	0	0	0	0	0	0	0	0	0	0	0	0	2	0	0	0	0	0	0	0	0	0	0	0	0	0	4	0	0	0	0	0	83	0	0	0	0	0	0	0	0	0	0	0	0	0	0	0	0	0	0	0	0	0	0	4	2	16	8	12	22	0	0	4	0	0	0	0	0	0	0
Animalia;Rotifera;Eurotatoria;Ploima;Lepadellidae;Squatinella;Squatinella lamellaris	Rotifers	0	0	0	0	0	0	0	0	0	0	0	0	0	0	0	0	0	0	0	0	0	0	0	0	0	0	0	0	0	0	0	0	0	0	0	0	0	0	0	0	2	0	0	0	0	0	0	0	0	0	0	0	0	0	0	0	0	0	0	0	0	0	0	0	0	0	0	0	0	0	0	0	0	0	0	0	0	0	0	0	0	0	0	0	0	0	0	0	0	0	0	0	0	0	0	0	0	0	0	0	0	0	0	0	0	0	0	0	0	0	0	0	0	0	0	0	0	0	0	0	0	0	0
Animalia;Rotifera;Eurotatoria;Ploima;Notommatidae;Monommata	Rotifers	0	0	0	0	0	0	0	0	0	0	5	0	0	0	0	0	0	0	0	0	0	0	0	0	0	0	3	0	0	0	0	0	0	0	2	0	0	0	0	0	0	0	0	0	0	0	0	0	0	0	0	0	15	4	0	0	0	0	0	0	0	0	0	0	0	0	0	0	0	0	0	0	0	0	0	0	0	0	0	0	0	0	0	0	0	0	0	0	0	0	0	0	0	0	0	0	0	0	0	0	0	0	0	0	0	0	0	0	0	0	0	0	0	0	0	0	0	0	0	0	0	0	0
Animalia;Rotifera;Eurotatoria;Ploima;Notommatidae;Pleurotrocha;Pleurotrocha sigmoidea	Rotifers	0	0	0	0	10	0	0	0	0	0	0	0	0	0	0	0	0	0	0	0	0	0	0	0	0	0	0	0	0	0	0	0	0	0	0	0	0	0	0	0	0	0	0	0	0	0	0	0	0	0	0	0	0	0	0	0	0	0	0	0	0	0	0	0	0	0	0	0	0	0	0	0	0	0	0	0	0	0	0	0	0	0	0	0	0	0	0	0	0	0	0	0	0	0	0	0	0	0	0	0	0	0	0	0	0	0	0	0	0	0	0	0	0	0	0	0	0	0	0	0	0	0	0
Animalia;Rotifera;Eurotatoria;Ploima;Synchaetidae;Synchaeta	Rotifers	0	0	2	0	0	0	27	9	0	0	0	0	0	0	13	0	0	0	0	0	0	0	0	0	0	0	0	0	0	0	0	0	0	0	0	0	22	0	0	0	0	0	0	0	0	0	0	0	0	0	0	0	0	0	0	0	0	0	0	0	0	0	0	0	0	0	0	0	0	0	0	0	0	0	0	0	0	3	0	0	0	0	0	0	0	0	0	0	0	0	0	0	8	0	10	0	3	0	0	0	0	0	0	0	0	0	0	118	36	65	1013	16	130	0	0	0	0	2	0	0	0	0	0
Animalia;Rotifera;Eurotatoria;Ploima;Synchaetidae;Synchaeta;Synchaeta grimpei	Rotifers	0	0	0	0	0	0	0	0	0	0	0	0	0	0	0	0	0	0	0	0	0	0	0	0	0	0	0	0	0	0	0	0	0	0	0	0	0	0	0	0	0	0	0	0	0	0	0	0	0	3	0	0	0	0	0	0	0	0	0	0	0	0	0	0	0	0	0	0	0	0	0	0	0	0	0	0	0	0	0	0	0	0	0	0	0	0	0	3	0	0	0	0	0	0	0	0	0	0	0	0	30	0	0	0	0	0	0	0	0	7	295	0	224	0	0	0	0	0	0	0	0	0	0
Animalia;Rotifera;Eurotatoria;Ploima;Synchaetidae;Synchaeta;Synchaeta tremuloida	Rotifers	0	0	0	0	0	0	0	0	0	0	0	0	0	0	0	0	0	0	0	0	0	0	0	0	0	0	0	0	0	0	0	0	0	3	0	0	0	0	0	0	0	0	0	0	0	0	0	0	0	0	0	0	0	0	0	0	0	0	0	0	0	0	0	0	0	0	0	0	0	0	0	0	0	0	0	0	0	0	0	0	0	2	0	0	0	0	0	0	0	0	0	0	0	0	0	0	0	0	0	0	0	3	0	0	0	0	0	0	10	29	31	16	24	0	0	0	0	0	0	0	0	0	0
Animalia;Rotifera;Eurotatoria;Ploima;Synchaetidae;Synchaeta;Synchaeta vorax	Rotifers	0	0	0	0	0	0	154	83	0	0	0	0	0	0	0	0	0	0	0	0	0	0	0	0	0	0	0	0	0	0	0	0	0	0	0	0	0	0	0	0	0	0	0	0	0	0	0	0	0	0	0	0	0	0	0	2	0	0	0	0	0	0	0	0	0	0	0	0	0	0	0	0	0	0	0	0	0	27	0	0	0	0	6	0	0	0	0	0	0	0	0	0	102	0	98	0	0	0	0	0	0	0	0	0	0	0	0	3	202	282	884	47	537	0	0	0	0	0	0	0	0	0	0
Animalia;Rotifera;Eurotatoria;Ploima;Trichocercidae;Trichocerca	Rotifers	0	0	0	0	0	0	11	5	0	9	0	0	0	0	0	0	2	0	0	7	0	0	0	0	0	0	0	4	0	2	0	0	0	23	0	0	0	0	0	0	0	0	0	0	3	0	0	0	0	0	0	0	2	0	0	0	0	0	0	0	0	0	0	0	5	0	0	0	0	0	0	0	0	0	0	0	0	0	0	0	0	10	7	0	3	0	0	0	0	0	6	18	8	0	11	0	0	0	0	0	0	7	0	0	0	0	0	56	72	344	228	185	259	0	0	0	0	0	0	0	0	0	0
Animalia;Rotifera;Eurotatoria;Ploima;Trichocercidae;Trichocerca;Trichocerca elongata	Rotifers	3	0	0	0	0	0	45	24	0	38	0	0	0	3	0	0	0	0	0	32	0	0	0	0	0	0	0	26	0	0	0	0	0	127	0	0	0	0	0	0	0	0	0	0	0	0	0	0	0	0	0	0	0	99	0	0	0	0	0	0	0	0	0	0	23	0	0	0	0	0	0	0	0	0	0	0	0	0	0	0	0	40	6	0	0	0	0	0	0	0	40	40	21	0	25	0	0	0	0	0	0	17	0	0	2	0	0	272	391	1575	1064	860	1309	0	0	0	2	0	0	0	0	0	0
Animalia;Rotifera;Eurotatoria;Ploima;Trichocercidae;Trichocerca;Trichocerca mucosa	Rotifers	4	0	0	0	0	12	409	160	0	272	0	0	16	70	3	7	17	0	0	286	0	0	0	0	3	0	0	159	0	0	5	0	0	1041	12	0	0	3	0	0	0	0	0	0	0	0	0	0	2	11	0	0	8	0	0	0	0	0	2	0	0	0	2	0	353	0	0	0	0	0	0	0	0	0	0	0	0	5	0	0	0	384	54	0	0	7	7	0	6	0	316	465	265	0	278	0	5	0	0	0	0	163	2	0	10	0	2	2367	3658	14149	10001	7541	11670	14	2	0	2	6	0	0	0	0	0
Animalia;Tardigrada;Eutardigrada	Eutardigrades	0	0	0	0	0	0	0	0	0	0	0	0	0	0	0	0	0	0	0	0	0	0	0	0	0	0	0	0	0	0	0	0	0	0	0	0	0	0	0	0	0	0	0	0	0	0	0	0	0	0	0	0	0	0	0	0	0	0	0	0	0	0	0	0	0	0	0	0	0	0	0	0	0	0	0	0	0	0	0	0	0	0	0	0	0	0	0	0	0	0	0	0	2	0	0	0	0	0	0	0	0	0	0	0	0	0	0	0	0	0	0	0	0	0	0	0	0	0	0	0	0	0	0
Animalia;Tardigrada;Eutardigrada;Parachela;Hypsibiidae;Hypsibius;Hypsibius convergens	Eutardigrades	0	0	0	0	0	0	0	0	0	0	0	0	0	0	0	0	0	0	0	0	0	0	0	0	0	0	0	0	0	0	0	0	0	0	0	0	0	0	0	0	0	0	0	0	0	0	0	0	0	0	0	0	0	0	0	0	0	0	0	0	0	0	0	0	0	0	0	0	0	0	0	0	0	0	0	0	0	0	0	0	0	0	0	0	0	0	0	0	0	0	0	0	0	0	0	0	0	0	0	0	0	0	0	0	0	0	0	0	0	0	0	0	0	0	0	0	10	0	0	0	0	0	0
Animalia;Tardigrada;Eutardigrada;Parachela;Hypsibiidae;Hypsibius;Hypsibius sp. CJS-2008	Eutardigrades	0	0	0	0	5	0	0	0	0	0	0	0	0	0	0	0	0	0	0	0	0	0	0	0	0	0	0	0	0	0	0	0	0	0	0	0	0	0	0	0	0	0	0	0	0	0	0	0	0	0	0	0	0	0	0	0	0	0	0	0	0	0	0	0	0	0	0	0	0	0	0	0	0	0	0	0	0	0	0	0	0	0	0	0	0	0	0	0	0	0	0	0	0	0	0	0	0	0	0	0	0	0	0	0	0	0	0	0	0	0	0	0	0	0	0	0	0	0	0	0	0	0	0
Animalia;Tardigrada;Eutardigrada;Parachela;Isohypsibiidae;Isohypsibius;Isohypsibius sp. Tar194	Eutardigrades	0	0	0	0	0	0	0	0	0	0	0	0	0	0	0	0	0	0	0	0	0	0	0	0	0	0	0	0	0	0	0	0	0	0	0	0	0	0	0	0	0	0	0	0	0	0	0	0	0	0	0	0	0	0	0	0	0	0	0	0	0	0	0	0	0	0	0	0	0	0	0	0	0	0	0	0	0	0	0	0	0	0	0	0	0	0	0	0	0	0	0	0	0	0	0	0	0	0	0	0	0	0	0	0	0	0	0	0	0	0	0	0	0	0	0	0	0	0	0	0	4	0	0
Archaea	Archaea	0	0	0	0	0	0	0	0	0	0	0	0	0	0	0	0	0	0	0	0	0	0	0	0	0	0	0	0	0	0	0	0	0	0	0	0	0	0	0	0	0	0	0	0	0	0	0	0	0	0	0	0	0	0	0	0	0	0	0	0	0	0	0	0	0	0	0	0	0	0	0	0	0	0	0	0	0	0	0	0	0	0	0	0	0	0	0	0	0	0	0	0	0	0	0	0	0	0	0	0	0	0	0	0	0	0	0	2	2	0	0	0	0	0	0	3	5	4	0	0	0	0	0
Archaea;Candidatus Thermoplasmatota	Archaea	0	0	0	8	0	10	5	0	0	0	0	0	0	0	0	3	0	0	0	5	0	0	0	0	0	0	0	0	0	0	0	0	0	0	0	0	0	0	2	0	0	0	0	4	5	2	0	0	0	0	0	0	0	0	0	0	2	0	0	0	6	0	0	0	2	0	2	0	0	0	0	0	5	0	3	0	0	2	7	22	6	2	0	0	0	0	8	11	0	4	0	0	4	0	5	0	0	0	0	0	8	0	4	0	11	0	3	4	4	5	6	4	3	0	0	113	95	46	68	49	14	3	0
Archaea;Candidatus Thermoplasmatota;Candidatus Poseidoniia;Candidatus Poseidoniales;Candidatus Thalassarchaeaceae;Candidatus Thalassarchaeum;Candidatus Thalassoarchaea mediterranii	Archaea	0	0	191	430	7	440	750	344	27	15	0	14	4	15	44	212	36	12	0	2191	0	0	14	8	0	3	5	0	28	0	31	0	6	158	124	74	71	134	202	14	0	51	62	78	277	159	4	46	88	313	0	6	125	50	13	23	14	64	129	16	250	199	135	12	29	0	151	0	16	28	4	0	211	28	354	304	34	120	305	93	139	147	122	90	43	16	611	199	47	15	38	5	697	0	1409	13	121	0	3	0	265	5	104	0	269	54	72	3157	2543	2109	1510	1420	347	9	0	17741	19352	13751	12922	9434	4271	294	19
Bacteria;Acidobacteria;Holophagae;Holophagales;Holophagaceae;Holophaga;Holophaga sp. oral clone CA002	Bacteria	0	0	0	0	0	0	0	0	0	0	0	0	0	0	0	0	0	0	0	0	0	0	0	0	0	0	0	0	0	0	0	0	0	0	0	0	0	0	0	0	0	0	0	0	0	0	0	0	0	0	0	0	0	0	0	0	0	0	0	0	0	0	0	0	0	0	0	0	0	0	0	0	0	0	0	0	0	0	0	0	0	0	0	0	0	0	0	0	0	0	0	0	0	0	0	0	0	0	0	0	0	0	0	0	0	0	0	0	2	2	0	0	3	0	0	5	2	3	0	0	0	0	0
Bacteria;Cyanobacteria;NA;Chroococcidiopsidales;NA;Compactococcus;Compactococcus sarcinoides	Bacteria	0	0	0	0	0	0	0	0	0	0	0	0	0	0	0	0	0	0	0	0	0	0	0	0	0	0	0	0	0	0	0	0	0	0	0	0	0	0	0	0	0	0	0	0	0	0	0	0	0	0	0	0	0	0	0	0	0	0	0	0	0	0	0	0	0	0	0	0	0	0	0	0	0	0	0	0	0	0	0	0	0	0	0	0	0	0	0	0	0	0	0	0	0	0	0	0	0	0	0	0	0	0	0	0	0	0	0	0	0	0	0	0	0	0	0	4	2	3	2	0	0	0	0
Bacteria;Planctomycetota;Phycisphaerae;Phycisphaerales	Bacteria	0	0	0	0	0	0	0	0	0	0	0	0	0	0	0	0	0	0	0	2	0	0	0	0	0	0	0	0	0	0	0	0	0	0	0	0	0	0	0	0	0	0	0	0	0	0	0	0	0	0	0	0	0	0	0	0	0	0	0	0	0	0	0	0	0	0	0	0	0	0	0	0	0	0	0	0	0	0	0	0	0	0	0	0	0	0	0	0	0	0	0	0	0	0	0	0	0	0	0	0	0	0	0	0	0	0	0	5	0	0	0	2	2	0	0	2	5	4	4	5	0	0	0
Bacteria;Planctomycetota;Planctomycetia;Pirellulales;Lacipirellulaceae	Bacteria	0	0	0	0	0	0	0	0	0	0	0	0	0	0	0	0	0	0	0	0	0	0	0	0	0	0	0	0	0	0	0	0	0	0	0	0	0	0	0	0	0	0	0	0	0	0	0	0	0	0	0	0	0	0	0	0	0	0	0	0	0	0	0	0	0	0	0	0	0	0	0	0	0	0	0	0	0	0	0	0	0	0	0	0	0	0	0	0	0	0	0	0	0	0	0	0	0	0	0	0	0	0	0	0	0	0	0	5	3	3	8	4	5	0	0	3	3	5	2	6	0	0	0
Bacteria;Planctomycetota;Planctomycetia;Pirellulales;Lacipirellulaceae;Bythopirellula;Bythopirellula goksoeyrii	Bacteria	0	0	0	0	0	0	0	0	0	0	0	0	0	0	0	0	0	0	0	2	0	0	0	0	0	0	0	0	0	0	0	0	0	0	0	0	0	0	0	0	0	0	0	0	0	0	0	0	0	0	0	0	0	0	0	0	0	0	0	0	0	0	0	0	0	0	0	0	0	0	0	0	0	0	0	0	0	0	0	0	0	0	0	0	0	0	0	0	0	0	0	0	0	0	0	0	0	0	0	0	0	0	0	0	0	0	0	2	3	0	0	0	3	0	0	5	3	0	0	0	0	0	0
Bacteria;Planctomycetota;Planctomycetia;Pirellulales;Pirellulaceae	Bacteria	0	0	0	0	0	0	0	0	0	0	0	0	0	0	0	0	0	0	0	0	0	0	0	0	0	0	0	0	0	0	0	0	0	0	0	0	0	0	0	0	0	0	0	0	0	0	0	0	0	0	0	0	0	0	0	0	0	0	0	0	0	0	0	0	0	0	0	0	0	0	0	0	0	0	0	0	0	0	0	0	0	0	0	0	0	0	0	0	0	0	0	0	0	0	0	0	0	0	0	0	0	0	0	0	0	0	0	2	3	0	0	3	4	0	0	6	8	12	11	11	0	0	0
Bacteria;Planctomycetota;Planctomycetia;Pirellulales;Pirellulaceae;Aureliella;Aureliella helgolandensis	Bacteria	0	0	0	0	0	0	5	0	0	0	0	0	0	0	0	0	0	0	0	8	0	0	0	0	0	0	0	0	0	0	0	0	0	0	0	0	0	0	0	0	0	0	0	0	0	0	0	0	0	0	0	0	0	0	0	0	0	0	0	0	0	0	0	0	0	0	0	0	0	0	0	0	0	0	0	0	0	0	0	0	0	0	0	0	0	0	0	0	0	0	0	0	3	0	0	0	0	0	0	0	0	0	0	0	0	0	0	6	5	5	4	3	5	0	0	21	6	20	9	7	2	0	0
Bacteria;Planctomycetota;Planctomycetia;Pirellulales;Pirellulaceae;Novipirellula;Novipirellula aureliae	Bacteria	0	0	0	0	0	0	0	0	0	0	0	0	0	0	0	0	0	0	0	0	0	0	0	0	0	0	0	0	0	0	0	0	0	0	0	0	0	0	0	0	0	0	0	0	0	0	0	0	0	0	0	0	0	0	0	0	0	0	0	0	0	0	0	0	0	0	0	0	0	0	0	0	0	0	0	0	0	0	0	0	0	0	0	0	0	0	0	0	0	0	0	0	0	0	0	0	0	0	0	0	0	0	0	0	0	0	0	0	2	0	0	0	2	0	0	4	4	0	0	0	0	0	0
Bacteria;Planctomycetota;Planctomycetia;Pirellulales;Thermoguttaceae;Thermogutta	Bacteria	0	0	0	0	0	0	0	0	0	0	0	0	0	0	0	0	0	0	0	0	0	0	0	0	0	0	0	0	0	0	0	0	0	0	0	0	0	0	0	0	0	0	0	0	0	0	0	0	0	0	0	0	0	0	0	0	0	0	0	0	0	0	0	0	0	0	0	0	0	0	0	0	0	0	0	0	0	0	0	0	0	0	0	0	0	0	0	0	0	0	0	0	0	0	0	0	0	0	0	0	0	0	0	0	0	0	0	0	2	0	2	0	2	0	0	3	2	3	0	0	2	0	0
Bacteria;Planctomycetota;Planctomycetia;Pirellulales;Thermoguttaceae;Thermogutta;Thermogutta terrifontis	Bacteria	0	0	0	0	0	0	0	0	0	0	0	0	0	0	0	0	0	0	0	0	0	0	0	0	0	0	0	0	0	0	0	0	0	0	0	0	0	0	0	0	0	0	0	0	0	0	0	0	0	0	0	0	0	0	0	0	0	0	0	0	0	0	0	0	0	0	0	0	0	0	0	0	0	0	0	0	0	0	0	0	0	0	0	0	0	0	0	0	0	0	0	0	0	0	0	0	0	0	0	0	0	0	0	0	0	0	0	0	0	0	0	0	0	0	0	0	25	0	0	0	0	0	0
Bacteria;Planctomycetota;Planctomycetia;Planctomycetales;Planctomycetaceae;NA;Planctomycetaceae bacterium	Bacteria	0	0	0	0	0	0	0	0	0	0	0	0	0	0	0	0	0	0	0	0	0	0	0	0	0	0	0	0	0	0	0	0	0	0	0	0	0	0	0	0	0	0	0	0	0	0	0	0	0	0	0	0	0	0	0	0	0	0	0	0	0	0	0	0	0	0	0	0	0	0	0	0	0	0	0	0	0	0	0	0	0	0	0	0	0	0	0	0	0	0	0	0	0	0	0	0	0	0	0	0	0	0	0	0	0	0	0	0	0	0	0	0	2	0	0	0	0	0	4	2	2	0	0
Bacteria;Planctomycetota;Planctomycetia;Planctomycetales;Planctomycetaceae;NA;planctomycete str. 567	Bacteria	0	0	0	0	0	0	0	0	0	0	0	0	0	0	0	0	0	0	0	0	0	0	0	0	0	0	0	0	0	0	0	0	0	0	0	0	0	0	0	0	0	0	0	0	0	0	0	0	0	0	0	0	0	0	0	0	0	0	0	0	0	0	0	0	0	0	0	0	0	0	0	0	0	0	0	0	0	0	0	0	0	0	0	0	0	0	0	0	0	0	0	0	0	0	0	0	0	0	0	0	0	0	0	0	0	0	0	0	2	0	4	0	0	0	0	0	2	2	2	0	0	0	0
Bacteria;Planctomycetota;Planctomycetia;Planctomycetales;Planctomycetaceae;Polystyrenella;Polystyrenella longa	Bacteria	0	0	0	0	0	0	0	0	0	0	0	0	0	0	0	0	0	0	0	0	0	0	0	0	0	0	0	0	0	0	0	0	0	0	0	0	0	0	0	0	0	0	0	0	0	0	0	0	0	0	0	0	0	0	0	0	0	0	0	0	0	0	0	0	0	0	0	0	0	0	0	0	0	0	0	0	0	0	0	0	0	0	0	0	0	0	0	0	0	0	0	0	0	0	0	0	0	0	0	0	0	0	0	0	0	0	0	0	0	3	0	2	3	0	0	2	2	0	0	0	3	0	0
Bacteria;Planctomycetota;Planctomycetia;Planctomycetales;Planctomycetaceae;Symmachiella;Symmachiella dynata	Bacteria	0	0	0	0	0	0	0	0	0	0	0	0	0	0	0	0	0	0	0	0	0	0	0	0	0	0	0	0	0	0	0	0	0	0	0	0	0	0	0	0	0	0	0	0	0	0	0	0	0	0	0	0	0	0	0	0	0	0	0	0	0	0	0	0	0	0	0	0	0	0	0	0	0	0	0	0	0	0	0	0	0	0	0	0	0	0	0	0	0	0	0	0	0	0	0	0	0	0	0	0	0	0	0	0	0	0	0	4	4	0	2	0	0	0	0	0	0	0	0	0	0	0	0
Bacteria;Planctomycetota;Planctomycetia;Planctomycetales;Planctomycetaceae;Thalassoglobus;Thalassoglobus polymorphus	Bacteria	0	0	0	0	0	2	5	2	0	0	0	0	0	0	0	0	0	0	0	3	0	0	0	0	0	0	0	0	0	0	0	0	0	0	0	0	0	0	0	0	0	0	0	0	0	0	0	0	0	0	0	0	0	0	0	0	0	0	0	0	0	0	0	0	0	0	0	0	0	0	0	0	0	0	0	0	0	0	0	0	0	0	0	0	0	0	0	0	0	0	0	0	0	0	6	0	0	0	0	0	0	0	0	0	0	0	0	0	0	0	0	0	0	0	0	18	18	41	20	18	16	0	0
Bacteria;Pseudomonadota;Alphaproteobacteria;Caulobacterales;Caulobacteraceae;Brevundimonas;Brevundimonas naejangsanensis	Α-proteobacteria	0	0	0	0	0	0	2	5	0	0	0	0	0	0	0	0	0	0	0	0	0	0	0	0	0	0	0	0	0	0	0	0	0	0	0	0	0	0	0	0	0	0	0	0	0	0	0	0	0	0	0	0	0	0	0	0	0	0	0	0	0	2	0	0	0	0	0	0	0	0	0	0	0	0	0	0	0	0	0	0	0	0	0	0	0	0	0	0	0	0	0	0	3	0	2	0	0	0	0	0	0	0	0	0	0	0	0	0	0	0	5	2	0	0	0	4	15	59	27	39	45	0	0
Bacteria;Pseudomonadota;Alphaproteobacteria;Holosporales	Α-proteobacteria	0	0	0	0	0	0	0	0	0	0	0	0	0	0	0	0	0	0	0	0	0	0	0	0	0	0	0	0	0	0	0	0	0	0	0	0	0	2	0	0	0	0	0	0	0	0	0	0	0	0	0	0	0	0	0	0	0	0	0	0	0	0	0	0	0	0	0	0	0	0	0	0	0	0	0	0	0	0	0	0	0	0	0	0	0	0	0	0	0	0	0	0	0	0	0	0	0	0	0	0	0	0	0	0	0	0	0	0	0	0	2	0	0	0	0	5	8	9	6	7	11	0	0
Bacteria;Pseudomonadota;Alphaproteobacteria;Hyphomicrobiales;Devosiaceae	Α-proteobacteria	0	0	0	3	0	2	15	6	0	0	0	0	0	0	0	0	0	0	0	17	0	0	0	0	0	0	0	0	0	0	0	0	0	0	0	0	0	2	0	0	4	0	0	0	0	0	0	0	0	0	0	0	0	0	0	0	0	0	0	0	0	0	0	0	0	0	0	0	0	0	0	0	0	0	0	0	0	0	0	0	0	0	0	0	0	0	0	0	0	0	0	0	3	0	6	0	0	0	0	0	0	0	0	0	0	0	0	6	12	16	10	19	36	0	0	64	61	111	88	58	89	2	0
Bacteria;Pseudomonadota;Alphaproteobacteria;Hyphomicrobiales;NA;NA;Hyphomicrobiales bacterium	Α-proteobacteria	0	0	0	0	0	0	0	0	0	0	0	0	0	0	0	0	0	0	0	0	0	0	0	0	0	0	0	0	0	0	0	0	0	0	0	0	0	0	0	0	0	0	0	0	0	0	0	0	0	0	0	0	0	0	0	0	0	0	0	0	0	0	0	0	0	0	0	0	0	0	0	0	0	0	0	0	0	0	0	0	0	0	0	0	0	0	0	0	0	0	0	0	0	0	0	0	0	0	0	0	0	0	0	0	0	0	0	0	0	0	0	0	0	0	0	0	4	4	0	3	2	0	0
Bacteria;Pseudomonadota;Alphaproteobacteria;Hyphomicrobiales;Parvibaculaceae	Α-proteobacteria	0	0	0	0	0	0	0	0	0	0	0	0	0	0	0	0	0	0	0	0	0	0	0	0	0	0	0	0	0	0	0	0	0	0	0	0	0	0	0	0	0	0	0	0	0	0	0	0	0	0	0	0	0	0	0	0	0	0	0	0	0	0	0	0	0	0	0	0	0	0	0	0	0	0	0	0	0	0	0	0	0	0	0	0	0	0	0	0	0	0	0	0	0	0	0	0	0	0	0	0	0	0	0	0	0	0	0	0	0	0	2	0	0	0	0	3	0	0	0	0	0	0	0
Bacteria;Pseudomonadota;Alphaproteobacteria;Maricaulales;Maricaulaceae;Maricaulis	Α-proteobacteria	0	0	0	0	0	0	0	3	0	0	0	0	0	0	0	0	0	0	0	0	0	0	0	0	0	0	0	0	0	0	0	0	0	0	0	0	0	0	0	0	0	0	0	0	0	0	0	0	0	0	0	0	0	0	0	0	0	0	0	0	0	0	0	0	0	0	0	0	0	0	0	0	0	0	0	0	0	0	0	0	0	0	0	0	0	0	0	0	0	0	0	0	0	0	0	0	0	0	0	0	0	0	0	0	0	0	0	0	0	0	3	2	3	0	0	4	6	16	8	5	7	0	0
Bacteria;Pseudomonadota;Alphaproteobacteria;NA;NA;Candidatus Puniceispirillum;Candidatus Puniceispirillum marinum	Α-proteobacteria	0	0	0	0	0	0	4	5	0	0	0	0	0	0	0	0	0	0	0	0	0	0	0	0	0	0	0	0	0	0	0	0	0	0	0	0	0	0	0	0	0	0	0	0	0	0	0	0	0	3	0	0	0	0	0	0	0	0	0	0	0	0	0	0	0	0	0	0	0	0	0	0	0	0	0	0	0	0	0	0	0	0	0	0	0	0	2	0	0	0	0	0	0	0	3	0	0	0	0	0	0	0	0	0	0	0	0	0	3	2	6	8	7	0	0	18	11	26	20	27	19	2	0
Bacteria;Pseudomonadota;Alphaproteobacteria;NA;NA;NA;alpha proteobacterium OM25	Α-proteobacteria	0	0	0	0	0	0	3	0	0	0	0	0	0	0	0	0	0	0	0	2	0	0	0	0	0	0	0	0	0	0	0	0	0	0	0	0	0	0	0	0	0	0	0	0	0	0	0	0	0	0	0	0	0	0	0	0	0	0	0	0	0	0	0	0	0	0	0	0	0	0	0	0	2	0	0	0	0	0	0	0	0	0	0	0	0	0	0	0	0	0	0	0	2	0	4	0	0	0	0	0	0	0	0	0	0	0	0	0	0	0	2	2	2	0	0	19	23	45	34	44	37	2	0
Bacteria;Pseudomonadota;Alphaproteobacteria;Pelagibacterales;Pelagibacteraceae;Candidatus Pelagibacter	Α-proteobacteria	0	0	0	0	0	0	0	0	0	0	0	0	0	0	0	0	0	0	0	2	0	0	0	0	0	0	0	0	0	0	0	0	0	0	0	0	0	0	0	0	0	0	0	0	0	0	0	0	0	0	0	0	0	0	0	0	0	0	0	0	0	0	0	0	0	0	0	0	0	0	0	0	0	0	0	0	0	0	2	0	0	0	0	0	0	0	0	0	0	0	0	0	2	0	0	0	0	0	0	0	0	0	0	0	0	0	0	0	0	0	0	0	0	0	0	6	5	23	12	15	10	0	0
Bacteria;Pseudomonadota;Alphaproteobacteria;Pelagibacterales;Pelagibacteraceae;Candidatus Pelagibacter;Candidatus Pelagibacter sp. AAA795-J21	Α-proteobacteria	0	0	0	0	0	0	0	0	0	0	0	0	0	0	0	0	0	0	0	0	0	0	0	0	0	0	0	0	0	0	0	0	0	0	0	0	0	0	0	0	0	0	0	0	0	0	0	0	0	0	0	0	0	0	0	0	0	0	0	0	0	0	0	0	0	0	0	0	0	0	0	0	0	0	0	0	0	0	2	0	0	0	0	0	0	0	0	0	0	0	0	0	0	0	0	0	0	0	0	0	0	0	0	0	0	0	0	0	0	0	0	0	0	0	0	0	0	0	2	0	2	0	0
Bacteria;Pseudomonadota;Alphaproteobacteria;Pelagibacterales;Pelagibacteraceae;Candidatus Pelagibacter;Candidatus Pelagibacter sp. AAA795-N17	Α-proteobacteria	0	0	0	0	0	0	4	4	0	0	0	0	0	0	2	0	0	0	0	0	0	0	0	0	0	0	0	0	0	0	0	0	0	0	0	0	0	0	0	0	0	0	2	0	0	0	0	0	0	0	0	0	0	0	0	0	0	0	0	0	0	0	0	0	0	0	0	0	0	0	0	0	0	0	0	0	0	0	0	0	0	0	0	0	0	0	0	0	0	0	0	0	2	0	2	0	0	0	0	0	0	0	0	0	4	0	0	4	3	5	6	3	9	0	0	23	24	45	41	20	23	0	0
Bacteria;Pseudomonadota;Alphaproteobacteria;Pelagibacterales;Pelagibacteraceae;NA;alpha proteobacterium HIMB5	Α-proteobacteria	0	0	0	0	0	0	7	5	0	0	0	0	0	0	0	0	0	0	0	6	0	0	0	0	0	0	0	0	0	0	0	0	0	0	0	0	0	0	0	0	0	0	0	0	3	0	0	0	0	0	0	0	0	0	0	0	0	0	0	0	0	2	0	0	0	0	0	0	0	0	0	0	3	0	2	0	0	0	0	0	0	0	0	0	0	0	3	0	0	0	0	0	3	0	4	0	0	0	0	0	0	0	0	0	0	0	0	0	2	5	7	6	15	0	0	36	45	91	89	64	77	2	2
Bacteria;Pseudomonadota;Alphaproteobacteria;Pelagibacterales;Pelagibacteraceae;NA;alpha proteobacterium HIMB59	Α-proteobacteria	0	0	0	0	0	0	3	2	0	0	0	0	0	0	0	0	0	0	0	2	0	0	0	0	0	0	0	0	0	0	0	0	0	0	0	0	0	0	0	0	0	0	0	0	0	0	0	0	0	0	0	0	0	0	0	0	0	0	0	0	0	0	0	0	0	0	0	0	0	0	0	0	0	0	0	0	0	0	0	0	0	0	0	0	0	0	0	0	0	0	0	0	0	0	2	0	0	0	0	0	0	0	0	0	0	0	0	0	0	0	0	0	0	0	0	8	13	44	39	36	58	0	0
Bacteria;Pseudomonadota;Alphaproteobacteria;Rhodobacterales	Α-proteobacteria	0	0	2	2	0	2	21	27	3	2	0	2	2	0	0	0	0	0	0	22	0	0	0	0	0	0	0	0	2	0	0	0	0	8	25	0	0	0	0	0	0	0	0	2	10	9	0	0	0	3	0	0	2	0	2	0	0	0	2	0	0	0	4	2	0	0	0	0	0	0	0	0	0	0	0	0	0	0	2	8	0	4	0	0	0	0	3	4	0	4	0	0	7	0	14	0	3	0	0	0	0	2	0	0	0	0	0	37	66	73	98	82	192	0	0	86	85	213	112	76	93	22	0
Bacteria;Pseudomonadota;Alphaproteobacteria;Rhodobacterales;Paracoccaceae	Α-proteobacteria	0	0	0	0	0	0	0	0	0	0	0	0	0	0	0	0	0	0	0	0	0	0	0	0	0	0	0	0	0	0	0	0	0	0	0	0	0	0	0	0	0	0	0	0	0	0	0	0	0	0	0	0	0	0	0	0	0	0	0	0	0	0	0	0	0	0	0	0	0	0	0	0	0	0	0	0	0	0	0	0	0	0	0	0	2	0	0	0	0	0	0	0	0	0	0	0	0	0	0	0	0	0	0	0	0	0	0	2	2	3	4	0	0	0	0	0	0	0	2	0	0	0	0
Bacteria;Pseudomonadota;Alphaproteobacteria;Rhodobacterales;Paracoccaceae;NA;Rhodobacteraceae bacterium JAMH 0111	Α-proteobacteria	0	0	0	0	0	0	0	0	0	0	0	0	0	0	0	0	0	0	0	0	0	0	0	0	0	0	0	0	0	0	0	0	0	0	0	0	0	0	0	0	0	0	0	0	0	0	0	0	0	0	0	0	0	0	0	0	0	0	0	0	0	0	0	0	0	0	0	0	0	0	0	0	0	0	0	0	0	0	0	0	0	0	0	0	0	0	0	0	0	0	0	0	0	0	0	0	0	0	0	0	0	0	0	0	0	0	0	0	0	0	0	0	0	0	0	0	0	3	2	0	0	0	0
Bacteria;Pseudomonadota;Alphaproteobacteria;Rhodobacterales;Paracoccaceae;Rhodobacter	Α-proteobacteria	0	0	0	0	0	0	0	2	0	0	0	0	0	0	0	0	0	0	0	0	0	0	0	0	0	0	0	0	0	0	0	0	0	0	0	0	0	0	0	0	0	0	0	0	0	0	0	0	0	0	0	0	0	0	0	0	0	0	0	0	0	0	0	0	0	0	0	0	0	0	0	0	0	0	0	0	0	0	0	0	0	0	0	0	0	0	0	0	0	0	0	0	0	0	0	0	0	0	0	0	0	0	0	0	0	0	0	3	0	0	5	3	4	0	0	9	10	17	5	9	14	0	0
Bacteria;Pseudomonadota;Alphaproteobacteria;Rhodobacterales;Roseobacteraceae	Α-proteobacteria	0	0	0	0	0	0	0	0	0	0	0	0	0	0	0	0	0	0	0	0	0	0	0	0	0	0	0	0	0	0	0	0	0	0	0	0	0	0	0	0	0	0	0	0	0	0	0	0	0	0	0	0	0	0	0	0	0	0	0	0	0	0	0	0	0	0	0	0	0	0	0	0	0	0	0	0	0	0	0	0	0	0	0	0	0	0	0	0	0	0	0	0	0	0	0	0	0	0	0	0	0	0	0	0	0	0	0	0	2	5	3	4	5	0	0	5	3	2	2	3	0	0	0
Bacteria;Pseudomonadota;Alphaproteobacteria;Rhodobacterales;Roseobacteraceae;Actibacterium;Actibacterium sp.	Α-proteobacteria	0	0	0	0	0	0	0	3	0	0	0	0	0	0	0	0	0	0	0	0	0	0	0	0	0	0	0	0	0	0	0	0	0	0	2	0	0	0	0	0	0	0	0	0	0	0	0	0	0	0	0	0	0	0	0	0	0	0	0	0	0	0	0	0	0	0	0	0	0	0	0	0	0	0	0	0	0	0	0	0	0	0	0	0	0	0	0	0	0	0	0	0	0	0	2	0	0	0	0	0	0	0	0	0	0	0	0	0	2	4	4	3	4	0	0	3	5	7	2	4	0	2	0
Bacteria;Pseudomonadota;Alphaproteobacteria;Rhodobacterales;Roseobacteraceae;Pelagimonas;Pelagimonas phthalicica	Α-proteobacteria	0	0	0	0	0	0	0	0	0	0	0	0	0	0	0	0	0	0	0	0	0	0	0	0	0	0	0	0	0	0	0	0	0	0	0	0	0	0	0	0	0	0	0	0	2	0	0	0	0	0	0	0	0	0	0	0	0	0	2	0	0	0	0	0	0	0	0	0	0	0	0	0	0	0	0	0	0	0	0	0	0	0	0	0	0	0	0	0	0	0	0	0	0	0	0	0	0	0	0	0	0	0	0	0	0	0	0	2	3	2	3	0	2	0	0	9	13	32	25	26	27	6	0
Bacteria;Pseudomonadota;Alphaproteobacteria;Rhodobacterales;Roseobacteraceae;Pseudoruegeria;Pseudoruegeria sp.	Α-proteobacteria	0	0	0	0	0	0	0	0	0	0	0	0	0	0	0	0	0	0	0	0	0	0	0	0	0	0	0	0	0	0	0	0	0	0	0	0	0	0	0	0	0	0	0	0	0	0	0	0	0	0	0	0	0	0	0	0	0	0	0	0	0	0	0	0	0	0	0	0	0	0	0	0	0	0	0	0	0	0	0	0	0	0	0	0	0	0	0	0	0	0	0	0	0	0	0	0	0	0	0	0	0	0	0	0	0	0	0	0	0	0	2	0	0	0	0	0	0	0	0	0	4	0	0
Bacteria;Pseudomonadota;Alphaproteobacteria;Rhodobacterales;Roseobacteraceae;Sulfitobacter;Sulfitobacter sp. Gp-4-5.2.1-voll	Α-proteobacteria	0	0	0	0	0	0	0	3	0	0	0	0	0	0	0	0	0	0	0	3	0	0	0	0	0	0	0	0	0	0	0	0	0	0	0	0	0	0	0	0	0	0	0	0	0	0	2	0	0	0	0	0	0	0	0	0	0	0	0	0	0	0	0	0	0	0	0	0	0	0	0	0	0	0	0	0	0	0	0	0	0	0	0	0	0	0	0	0	0	0	0	0	0	0	3	0	0	0	0	0	0	0	0	0	0	0	0	2	2	2	0	0	2	0	0	8	4	13	5	8	3	0	0
Bacteria;Pseudomonadota;Alphaproteobacteria;Rhodospirillales;Acetobacteraceae	Α-proteobacteria	0	0	0	0	2	0	0	0	0	0	0	0	0	0	0	0	0	0	0	0	0	0	0	0	0	0	0	0	0	0	0	0	0	0	0	0	0	0	0	0	0	0	0	0	3	0	0	0	0	0	0	0	0	0	4	0	0	0	0	0	0	0	0	0	0	0	0	0	0	0	0	0	0	0	0	0	0	0	0	0	0	0	0	0	0	0	0	0	0	0	0	0	0	0	0	0	0	0	0	0	0	0	0	0	0	0	0	0	0	0	0	0	0	0	0	0	0	0	0	0	0	0	0
Bacteria;Pseudomonadota;Alphaproteobacteria;Rhodospirillales;Azospirillaceae;Niveispirillum;Niveispirillum fermenti	Α-proteobacteria	0	0	0	0	0	0	2	2	0	0	0	0	0	0	0	0	0	0	0	2	0	0	0	0	0	0	0	0	0	0	0	0	0	2	0	0	0	0	0	0	0	0	0	0	0	0	0	0	0	0	0	0	0	0	0	0	0	0	0	0	0	0	0	0	0	0	0	0	0	0	0	0	0	0	0	0	0	0	0	0	0	0	0	0	0	0	0	0	0	0	0	0	0	0	0	0	0	0	0	0	0	0	2	0	0	0	0	4	2	6	2	0	8	0	0	26	34	55	33	28	20	0	0
Bacteria;Pseudomonadota;Alphaproteobacteria;Rhodospirillales;NA;NA;Rhodospirillales bacterium	Α-proteobacteria	0	0	0	0	0	0	0	0	0	0	0	0	0	0	0	0	0	0	0	0	0	0	0	0	0	0	0	0	0	0	0	0	0	0	0	0	0	0	0	0	0	0	0	0	0	0	0	0	0	0	0	0	0	0	0	0	0	0	0	0	0	0	0	0	0	0	0	0	0	0	0	0	0	0	0	0	0	0	0	0	0	0	0	0	0	0	0	0	0	0	0	0	0	0	0	0	0	0	0	0	0	0	0	0	0	0	0	0	0	2	2	0	0	0	0	0	0	2	2	0	0	0	0
Bacteria;Pseudomonadota;Betaproteobacteria;Ferritrophicales;Ferritrophicaceae;Ferritrophicum;Ferritrophicum radicicola	Β-proteobacteria	0	0	0	0	0	0	0	0	0	0	0	0	0	0	0	0	0	0	0	0	0	0	0	0	0	0	0	0	0	0	0	0	0	0	0	0	0	0	0	0	0	0	0	0	0	0	0	0	0	0	0	0	0	0	0	0	0	0	0	0	0	0	0	0	0	0	0	0	0	0	0	0	0	0	0	11	0	0	0	0	0	0	0	0	0	0	0	0	0	0	0	0	0	0	0	0	0	0	0	0	0	0	0	0	0	0	0	0	0	0	0	0	0	0	0	0	0	0	0	0	0	0	0
Bacteria;Pseudomonadota;Betaproteobacteria;Nitrosomonadales;Nitrosomonadaceae;Nitrosospira	Β-proteobacteria	0	0	0	0	0	0	0	0	0	0	0	0	0	0	0	0	0	0	0	0	0	0	0	0	0	0	0	0	0	0	0	0	0	0	0	0	0	0	0	0	0	0	0	0	0	0	0	0	0	0	0	0	0	0	0	0	0	0	0	0	0	0	0	0	0	0	0	0	0	0	0	0	0	0	0	0	0	0	0	0	0	0	0	0	0	0	0	0	0	0	0	0	0	0	0	0	0	0	0	0	0	0	0	0	0	0	0	0	0	0	0	0	0	0	0	0	6	4	4	3	3	0	0
Bacteria;Pseudomonadota;Deltaproteobacteria;Bradymonadales;Lujinxingiaceae;Lujinxingia	Bacteria	0	0	0	0	0	0	0	0	0	0	0	0	0	0	0	0	0	0	0	0	0	0	0	0	0	0	0	0	0	0	0	0	0	0	0	0	0	0	0	0	0	0	0	0	0	0	0	0	0	0	0	0	0	0	0	0	0	0	0	0	0	0	0	0	0	0	0	0	0	0	0	0	0	0	0	0	0	0	0	0	0	0	0	0	0	0	0	0	0	0	0	0	0	0	0	0	0	0	0	0	0	0	0	0	0	0	0	0	0	0	0	0	2	0	0	3	3	3	0	0	0	0	0
Bacteria;Pseudomonadota;Deltaproteobacteria;Desulfobacterales;Desulfobulbaceae;Desulfurivibrio;Desulfurivibrio alkaliphilus	Bacteria	0	0	0	0	0	0	0	0	0	0	0	0	0	0	0	0	0	0	0	0	0	0	0	0	0	0	0	0	0	0	0	0	0	0	0	0	0	0	0	0	0	0	0	0	2	0	0	0	0	0	0	0	0	0	0	0	0	0	0	0	0	0	0	0	0	0	0	0	0	0	0	0	0	0	0	0	0	0	0	0	0	0	0	0	0	0	0	0	0	0	0	0	0	0	0	0	0	0	0	0	0	0	0	0	0	0	0	0	5	0	2	3	5	0	0	13	9	11	0	6	0	0	0
Bacteria;Pseudomonadota;Deltaproteobacteria;Desulfovibrionales;Desulfovibrionaceae;Desulfovibrio;Desulfovibrio biadhensis	Bacteria	0	0	0	0	0	2	2	0	0	0	0	0	0	0	2	0	0	0	0	12	0	0	0	0	0	0	0	0	0	0	0	0	0	2	0	0	2	0	0	0	0	2	0	0	3	0	0	0	4	0	0	0	0	3	0	0	0	0	3	0	7	3	0	0	0	0	2	0	0	0	0	0	6	0	0	0	0	0	0	0	0	0	0	0	0	0	2	0	0	3	0	0	4	0	6	0	0	0	0	0	0	0	0	0	0	0	0	0	0	3	2	0	2	0	0	39	57	136	98	111	54	2	0
Bacteria;Pseudomonadota;Deltaproteobacteria;Desulfuromonadales	Bacteria	0	0	0	0	0	0	0	0	0	0	0	0	0	0	0	0	0	0	0	0	0	0	0	0	0	0	0	0	0	0	0	0	0	0	0	0	0	0	0	0	0	0	0	0	0	0	0	0	0	0	0	0	0	0	0	0	0	0	0	0	0	0	0	0	0	0	0	0	0	0	0	0	0	0	0	0	0	0	0	0	0	0	0	0	0	0	0	0	0	0	0	0	0	0	0	0	0	0	0	0	0	0	0	0	0	0	0	2	2	0	3	4	4	0	0	11	2	0	0	0	0	0	0
Bacteria;Pseudomonadota;Deltaproteobacteria;Desulfuromonadales;Desulfuromonadaceae;Pelobacter;Pelobacter sp. A3b3	Bacteria	0	0	0	0	0	0	0	0	0	0	0	0	0	0	0	0	0	0	0	0	0	0	0	0	0	0	0	0	0	0	0	0	0	0	0	0	0	0	0	0	0	0	0	0	0	0	0	0	0	0	0	0	0	0	0	0	0	0	0	0	0	0	0	0	0	0	0	0	0	0	0	0	0	0	0	0	0	0	3	0	0	0	0	0	0	0	0	0	0	0	0	0	0	0	2	0	0	0	0	0	0	0	0	0	0	0	0	17	21	24	11	15	40	0	0	36	19	20	4	4	0	0	0
Bacteria;Pseudomonadota;Deltaproteobacteria;Myxococcales;Kofleriaceae;Haliangium;Haliangium ochraceum	Myxobacteria	0	0	0	0	0	0	0	0	0	0	0	0	0	0	0	0	0	0	0	0	0	0	0	0	0	0	0	0	0	0	0	0	0	0	0	0	0	0	0	0	0	0	0	0	0	0	0	0	0	0	0	0	0	0	0	0	0	0	0	0	0	0	0	0	0	0	0	0	0	0	0	0	0	0	0	0	0	0	0	0	0	0	0	0	0	0	0	0	0	0	0	0	0	0	0	0	0	0	0	0	0	0	0	0	0	0	0	0	0	0	0	3	33	0	0	3	0	2	0	0	0	0	0
Bacteria;Pseudomonadota;Deltaproteobacteria;Myxococcales;NA;NA;Myxococcales bacterium	Myxobacteria	0	0	0	0	0	0	0	0	0	0	0	0	0	0	0	0	0	0	0	0	0	0	0	0	0	0	0	0	0	0	0	0	0	0	0	0	0	0	0	0	0	0	0	0	0	0	0	0	0	0	0	0	0	0	0	0	0	0	0	0	0	0	0	0	0	0	0	0	0	0	0	0	0	0	0	0	0	0	0	0	0	0	0	0	0	0	0	0	0	0	0	0	0	0	0	0	0	0	0	0	0	0	0	0	0	0	0	0	0	0	0	0	0	0	0	2	0	0	0	3	0	0	0
Bacteria;Pseudomonadota;Deltaproteobacteria;Myxococcales;Sandaracinaceae;Sandaracinus;Sandaracinus amylolyticus	Myxobacteria	0	0	0	0	0	0	0	0	0	0	0	0	0	0	0	0	0	0	0	0	0	0	0	0	0	0	0	0	0	0	0	0	0	0	0	0	0	0	0	0	0	0	0	0	0	0	0	0	0	0	0	0	0	2	0	0	0	0	0	0	0	0	0	0	0	0	0	0	0	0	0	0	0	0	0	0	0	0	0	0	0	0	0	0	0	0	0	0	0	0	0	0	0	0	0	0	0	0	0	0	0	0	0	0	0	0	0	0	0	0	0	0	0	0	0	4	5	2	0	0	0	0	0
Bacteria;Pseudomonadota;Deltaproteobacteria;NA;NA;NA;sulfate-reducing bacterium mXyS1	Bacteria	0	0	0	0	0	0	0	0	0	0	0	0	0	0	0	0	0	0	0	0	0	0	0	0	0	0	0	0	0	0	0	0	0	0	0	0	0	0	0	0	0	0	0	0	0	0	0	0	0	0	0	0	0	0	0	0	0	0	0	0	0	0	0	0	0	0	0	0	0	0	0	0	0	0	0	0	0	0	0	0	0	0	0	0	0	0	0	0	0	0	0	0	0	0	0	0	0	0	0	0	0	0	0	0	0	0	0	0	0	0	2	0	3	0	0	5	2	0	2	3	0	0	0
Bacteria;Pseudomonadota;Deltaproteobacteria;Syntrophales;Syntrophaceae	Bacteria	0	0	0	0	0	0	0	2	0	0	0	0	0	0	0	0	0	0	0	0	0	0	0	0	0	0	0	0	0	0	0	0	0	0	0	0	0	0	0	0	0	0	0	0	0	0	0	0	0	0	0	0	0	0	0	0	0	0	0	0	0	0	0	0	0	0	0	0	0	0	0	0	0	0	0	0	0	0	0	0	0	0	0	0	0	0	0	0	0	0	0	0	0	0	0	0	0	0	0	0	0	0	0	0	0	0	0	0	0	0	2	0	0	0	0	8	10	9	10	9	5	0	0
Bacteria;Pseudomonadota;Epsilonproteobacteria	Bacteria	0	0	0	0	0	0	0	0	0	0	0	0	0	0	0	0	0	0	0	0	0	0	0	0	0	0	0	0	0	0	0	0	0	0	0	0	0	0	0	0	0	0	0	0	0	0	0	0	0	0	0	0	0	0	0	0	0	0	0	0	0	0	0	0	0	0	0	0	0	0	0	0	0	0	0	0	0	0	0	0	0	0	0	0	0	0	0	0	0	0	0	0	0	0	0	0	0	0	0	0	0	0	0	0	0	0	0	2	0	0	0	0	0	0	0	0	0	0	0	4	0	0	0
Bacteria;Pseudomonadota;Epsilonproteobacteria;Campylobacterales;Arcobacteraceae	Bacteria	0	0	0	0	0	3	0	0	0	0	0	0	0	0	0	0	0	0	0	0	0	0	0	0	0	0	0	0	0	0	0	0	0	0	0	0	0	0	0	0	0	0	0	0	0	0	0	0	0	0	0	0	0	0	0	0	0	0	0	0	0	0	0	0	0	0	0	0	0	0	0	0	0	0	0	0	0	0	0	0	0	0	5	0	0	0	0	0	0	0	0	0	0	0	2	0	0	0	0	0	0	0	0	0	0	0	0	5	13	2	7	9	17	0	0	9	11	21	14	29	5	0	0
Bacteria;Pseudomonadota;Epsilonproteobacteria;Campylobacterales;Arcobacteraceae;Arcobacter	Bacteria	0	0	0	0	0	0	0	0	0	0	0	0	0	0	0	0	0	0	0	0	0	0	0	0	0	0	0	0	0	0	0	0	0	0	0	0	0	0	0	0	0	0	0	0	0	0	0	0	0	0	0	0	0	0	0	0	0	0	0	0	0	0	0	0	0	0	0	0	0	0	0	0	0	0	0	0	0	0	0	0	0	0	0	0	0	0	0	0	0	0	0	0	0	0	0	0	0	0	0	0	0	0	0	0	0	0	0	0	0	0	0	0	0	0	0	0	0	0	2	0	0	0	0
Bacteria;Pseudomonadota;Epsilonproteobacteria;Campylobacterales;Thiovulaceae;Sulfurimonas	Bacteria	0	0	0	0	0	0	0	0	0	0	0	0	0	0	0	0	0	0	0	2	0	0	0	0	0	0	0	0	0	0	0	0	0	0	0	0	0	0	0	0	0	0	0	0	0	0	0	0	0	0	0	0	0	0	0	0	0	0	0	0	0	0	0	0	0	0	0	0	0	0	0	0	0	0	0	0	0	0	0	0	0	0	0	0	0	0	0	0	0	0	0	0	0	0	0	0	0	0	0	0	0	0	0	0	0	0	0	0	2	3	0	3	6	0	0	2	0	5	0	5	4	0	0
Bacteria;Pseudomonadota;Epsilonproteobacteria;Campylobacterales;Thiovulaceae;Sulfurimonas;Sulfurimonas xiamenensis	Bacteria	0	0	0	0	0	0	0	0	0	0	0	0	0	0	0	0	0	0	0	0	0	0	0	0	0	0	0	0	0	0	0	0	0	0	0	0	0	0	0	0	0	0	0	0	0	0	0	0	0	0	0	0	0	0	0	0	0	0	0	0	0	0	0	0	0	0	0	0	0	0	0	0	0	0	0	0	0	0	0	0	0	0	0	0	0	0	0	0	0	0	0	0	0	0	0	0	0	0	0	0	0	0	0	0	0	0	0	0	2	0	0	0	0	0	0	0	0	2	2	2	0	0	0
Bacteria;Pseudomonadota;Gammaproteobacteria;Aeromonadales;Aeromonadaceae;Aeromonas;Aeromonas hydrophila	Γ-proteobacteria	0	0	0	0	0	0	0	0	0	0	0	0	0	0	0	0	0	0	0	0	0	0	0	0	0	0	0	0	0	0	0	0	0	0	0	0	0	0	0	0	0	0	0	0	0	0	0	0	0	0	0	0	0	0	0	0	0	0	0	0	0	0	0	0	0	0	0	0	0	0	0	0	0	0	0	0	0	0	0	0	0	0	0	0	0	0	0	0	0	0	0	0	0	0	0	0	0	0	0	0	0	0	0	0	0	0	0	4	5	0	2	3	6	0	0	14	5	2	0	0	0	0	0
Bacteria;Pseudomonadota;Gammaproteobacteria;Alteromonadales	Γ-proteobacteria	0	0	0	0	0	0	0	0	0	0	0	0	0	0	0	0	0	0	0	0	0	0	0	0	0	0	0	0	0	0	0	0	0	0	0	0	0	0	0	0	0	0	0	0	2	0	0	0	0	0	0	0	6	0	0	0	0	0	3	0	0	0	0	0	0	0	0	0	0	0	0	0	0	0	0	0	0	0	0	0	0	0	0	0	0	0	2	0	0	0	0	0	0	0	3	0	0	0	0	0	0	0	0	0	0	0	0	0	0	0	4	0	0	0	0	27	17	41	37	21	19	0	0
Bacteria;Pseudomonadota;Gammaproteobacteria;Alteromonadales;NA;Neiella;Neiella sp.	Γ-proteobacteria	0	0	0	0	0	0	0	0	0	0	0	0	0	0	0	0	0	0	0	0	0	0	0	0	0	0	0	0	0	0	0	0	0	0	0	0	0	0	0	0	0	0	0	0	0	0	0	0	0	0	0	0	0	0	0	0	0	0	0	0	0	0	0	0	0	0	0	0	0	0	0	0	0	0	0	0	0	0	0	0	0	0	0	0	0	0	0	0	0	0	0	0	0	0	0	0	0	0	0	0	0	0	0	0	0	0	0	0	0	0	0	0	3	0	0	2	0	2	0	0	0	0	0
Bacteria;Pseudomonadota;Gammaproteobacteria;Alteromonadales;Pseudoalteromonadaceae;Pseudoalteromonas;Pseudoalteromonas sp. 520P1	Γ-proteobacteria	0	0	0	0	0	0	0	0	0	0	0	0	0	0	0	0	0	0	0	0	0	0	0	0	0	0	0	0	0	0	0	0	0	0	0	0	0	0	0	0	0	0	0	0	0	0	0	0	0	0	0	0	0	0	0	0	0	0	0	0	0	0	0	0	0	0	0	0	0	0	0	0	0	0	0	0	0	0	0	0	0	0	0	0	0	0	0	0	0	0	0	0	0	0	0	0	0	0	0	0	0	0	0	0	0	0	0	0	0	2	0	0	2	0	0	0	2	3	4	4	5	0	0
Bacteria;Pseudomonadota;Gammaproteobacteria;Alteromonadales;Shewanellaceae;Shewanella;Shewanella gelidii	Γ-proteobacteria	0	0	0	0	0	0	0	0	0	0	0	0	0	0	0	0	0	0	0	0	0	0	0	0	0	0	0	0	0	0	0	0	0	0	0	0	0	0	0	0	0	0	0	0	0	0	0	0	0	0	0	0	0	0	0	0	0	0	0	0	0	0	0	0	0	0	0	0	0	0	0	0	0	0	0	0	0	0	0	0	0	0	0	0	0	0	0	0	0	0	0	0	0	0	0	0	0	0	0	0	0	0	0	0	0	0	0	0	0	2	3	0	2	0	0	0	3	6	4	0	3	0	0
Bacteria;Pseudomonadota;Gammaproteobacteria;Candidatus Comchoanobacterales;Candidatus Comchoanobacteraceae;Candidatus Comchoanobacter;Candidatus Comchoanobacter bicostacola	Γ-proteobacteria	0	0	0	0	0	0	0	0	0	0	0	0	0	0	0	0	0	0	0	0	0	0	0	0	0	0	0	0	0	0	0	0	0	0	0	0	0	0	0	0	0	0	0	0	0	0	0	0	0	0	0	0	0	0	0	0	0	0	0	0	0	0	0	0	0	0	0	0	0	0	0	0	0	0	0	0	0	0	0	0	0	0	0	0	0	0	0	0	0	0	0	0	0	0	0	0	0	0	0	0	0	0	0	0	0	0	0	0	0	0	0	0	0	0	0	2	3	5	2	0	0	0	0
Bacteria;Pseudomonadota;Gammaproteobacteria;Cellvibrionales;Cellvibrionaceae	Γ-proteobacteria	0	0	0	0	0	0	14	11	0	0	0	0	0	0	0	0	0	0	0	12	0	0	0	0	0	0	0	0	0	0	0	0	0	4	0	0	0	0	0	0	0	0	0	0	0	0	0	0	0	0	0	0	0	0	0	0	0	2	0	0	0	0	0	0	0	0	0	0	0	0	0	0	0	0	0	0	0	2	0	0	0	0	0	0	0	0	0	0	0	0	0	0	3	0	8	0	0	0	0	0	0	0	0	0	0	0	0	2	8	12	8	6	4	0	0	141	98	181	128	90	58	2	0
Bacteria;Pseudomonadota;Gammaproteobacteria;Chromatiales;Chromatiaceae;Thiospirillum;Thiospirillum jenense	Purple Sulfur Bacteria	0	0	0	0	0	0	0	3	0	0	0	0	0	0	0	0	0	0	0	0	0	0	0	0	0	0	0	0	0	0	0	0	0	0	0	0	0	0	0	0	0	0	0	0	0	0	0	0	0	0	0	0	0	0	0	0	0	0	0	0	0	0	0	0	0	0	0	0	0	0	0	0	0	0	0	0	0	0	0	0	0	0	0	0	0	0	0	0	0	0	0	0	0	0	2	0	0	0	0	0	0	0	0	0	0	0	0	2	4	0	0	0	2	0	0	6	0	4	0	0	0	0	0
Bacteria;Pseudomonadota;Gammaproteobacteria;Legionellales;Coxiellaceae	Γ-proteobacteria	0	0	0	0	0	0	0	0	0	0	0	0	0	0	0	0	0	0	0	0	0	0	0	0	0	0	0	0	0	0	0	0	0	0	0	0	0	0	0	0	0	0	0	0	0	0	0	0	0	0	0	0	0	2	0	0	0	0	0	0	0	0	0	0	0	0	0	0	0	0	0	0	0	0	0	0	0	0	0	0	0	0	0	0	0	0	0	0	0	0	0	0	0	0	0	0	0	0	0	0	0	0	0	0	0	0	0	0	0	0	0	0	0	0	0	0	0	0	0	0	0	0	0
Bacteria;Pseudomonadota;Gammaproteobacteria;Legionellales;Coxiellaceae;Coxiella	Γ-proteobacteria	0	0	0	0	0	0	3	5	0	0	0	0	0	0	2	0	0	0	0	7	0	0	0	0	0	0	0	0	0	0	0	0	0	0	0	0	0	0	0	0	0	0	0	0	0	0	0	0	0	0	0	0	0	0	0	0	0	0	0	0	0	0	0	0	0	0	0	0	0	0	0	0	0	0	0	0	0	0	0	0	0	0	0	0	0	0	0	0	0	0	0	0	2	0	3	0	0	0	0	0	0	0	0	0	0	0	0	4	4	5	6	2	21	0	0	23	9	41	25	37	12	0	0
Bacteria;Pseudomonadota;Gammaproteobacteria;Legionellales;Coxiellaceae;Coxiella;Candidatus Coxiella mudrowiae	Γ-proteobacteria	0	0	0	0	0	0	2	0	0	0	0	0	0	0	0	0	0	0	0	0	0	0	0	0	0	0	0	0	0	0	0	0	0	0	0	0	0	0	0	0	0	0	0	0	0	0	0	0	0	0	0	0	0	0	0	0	0	0	0	0	0	0	0	0	0	0	0	0	0	0	0	0	0	0	0	0	0	0	0	0	0	0	0	0	0	0	0	0	0	0	0	0	0	0	0	0	0	0	0	0	0	0	0	0	0	0	0	0	0	0	0	0	0	0	0	0	0	3	3	3	3	0	0
Bacteria;Pseudomonadota;Gammaproteobacteria;Legionellales;Coxiellaceae;Coxiella;Coxiella endosymbiont of Dermacentor marginatus	Γ-proteobacteria	0	0	0	0	0	0	0	0	0	0	0	0	0	0	0	0	0	0	0	0	0	0	0	0	0	0	0	0	0	0	0	0	0	0	0	0	0	0	0	0	0	0	0	0	0	0	0	0	0	0	0	0	0	0	0	0	0	0	0	0	0	0	0	0	0	0	0	0	0	0	0	0	0	0	0	0	0	0	0	0	0	0	0	0	0	0	0	0	0	0	0	0	0	0	0	0	0	0	0	0	0	0	0	0	0	0	0	0	0	0	0	0	0	0	0	2	0	2	2	2	0	0	0
Bacteria;Pseudomonadota;Gammaproteobacteria;Legionellales;Legionellaceae;Legionella	Γ-proteobacteria	0	0	0	0	0	0	0	0	0	0	0	0	0	0	0	0	0	0	0	2	0	0	0	0	0	0	0	0	0	0	0	0	0	0	0	0	0	0	0	0	0	0	0	0	0	0	0	0	0	0	0	0	0	0	0	0	0	0	0	0	0	0	2	0	0	0	0	0	0	0	0	0	0	0	0	0	0	0	0	0	0	0	0	0	0	0	0	0	0	0	0	0	0	0	0	0	0	0	0	0	0	0	0	0	0	0	0	0	0	0	0	0	0	0	0	0	3	2	0	2	0	0	0
Bacteria;Pseudomonadota;Gammaproteobacteria;Methylococcales;Methylococcaceae;NA;Methylococcaceae bacterium	Γ-proteobacteria	0	0	0	0	0	0	0	0	0	0	0	0	0	0	0	0	0	0	0	0	0	0	0	0	0	0	0	0	0	0	0	0	0	0	0	0	0	0	0	0	0	0	0	0	0	0	0	0	0	0	0	0	0	0	0	0	0	0	0	0	0	0	0	0	0	0	3	0	0	0	0	0	0	0	0	0	0	0	0	0	0	0	0	0	0	0	0	0	0	0	0	0	0	0	0	0	0	0	0	0	0	0	0	0	0	0	0	0	0	0	0	0	0	0	0	2	0	0	0	0	0	0	0
Bacteria;Pseudomonadota;Gammaproteobacteria;Moraxellales;Moraxellaceae;Psychrobacter;Psychrobacter meningitidis	Γ-proteobacteria	0	0	0	0	0	0	0	0	0	0	0	0	0	0	0	0	0	0	0	0	0	0	0	0	0	0	0	0	0	0	0	0	0	0	0	0	0	0	0	0	0	0	0	0	0	0	0	0	0	0	0	0	0	0	0	0	0	0	0	0	0	0	0	0	0	0	0	0	0	0	0	0	0	0	0	0	0	0	0	0	0	0	0	0	0	0	0	0	0	0	0	0	0	0	0	0	0	0	0	0	0	0	0	0	0	0	0	0	0	4	0	3	7	0	0	0	0	0	2	0	0	0	0
Bacteria;Pseudomonadota;Gammaproteobacteria;NA;NA;NA;Anodontia fragilis gill symbiont	Γ-proteobacteria	0	0	0	0	0	0	0	0	0	0	0	0	0	0	0	0	0	0	0	0	0	0	0	0	0	0	0	0	0	0	0	0	0	0	0	0	0	0	0	0	0	0	0	0	0	0	0	0	0	0	0	0	0	0	0	0	0	0	0	0	0	0	0	0	0	0	0	0	0	0	0	0	0	0	0	0	0	0	0	0	0	0	0	0	0	0	0	0	0	0	0	0	0	0	0	0	0	0	0	0	0	0	0	0	0	0	0	0	0	0	0	0	0	0	0	2	2	0	3	0	0	0	0
Bacteria;Pseudomonadota;Gammaproteobacteria;NA;NA;NA;Loripes lacteus gill symbiont	Γ-proteobacteria	0	0	0	0	0	0	0	0	0	0	0	0	0	0	0	0	0	0	0	0	0	0	0	0	0	0	0	0	0	0	0	0	0	0	0	0	0	0	0	0	0	0	0	0	0	0	0	0	0	0	0	0	0	0	0	0	0	0	0	0	0	0	0	0	0	0	0	0	0	0	0	0	0	0	0	0	0	0	0	0	0	0	0	0	0	0	0	0	0	0	0	0	0	0	0	0	0	0	0	0	0	0	0	0	0	0	0	0	0	0	3	2	2	0	0	7	10	12	9	8	6	0	0
Bacteria;Pseudomonadota;Gammaproteobacteria;NA;NA;NA;SAR86 cluster bacterium	Γ-proteobacteria	0	0	3	3	3	4	92	64	0	0	0	0	0	0	0	2	0	0	0	98	0	0	0	0	0	0	0	4	0	0	0	0	0	4	8	5	3	6	0	0	0	0	3	0	6	0	0	0	0	4	0	0	0	0	0	0	0	2	2	0	2	0	2	0	0	0	3	0	2	0	0	0	7	0	0	0	0	0	0	0	0	0	4	0	0	0	7	0	0	0	3	0	38	0	78	0	2	0	0	0	2	0	0	0	5	0	2	37	54	50	70	84	157	0	0	772	1024	1612	1150	900	981	11	2
Bacteria;Pseudomonadota;Gammaproteobacteria;NA;NA;Thiolapillus;Thiolapillus brandeum	Purple Sulfur Bacteria	0	0	0	0	0	0	0	0	0	0	0	0	0	0	0	0	0	0	0	0	0	0	0	0	0	0	0	0	0	0	0	0	0	0	0	0	0	0	0	0	0	0	0	0	0	0	0	0	0	0	0	0	0	0	0	0	0	0	0	0	0	0	0	0	0	0	0	0	0	0	0	0	0	0	0	0	0	0	0	0	0	0	0	0	0	0	0	0	0	0	0	0	0	0	0	0	0	0	0	0	0	0	0	0	0	0	0	0	0	5	0	0	2	0	0	0	2	2	0	0	0	0	0
Bacteria;Pseudomonadota;Gammaproteobacteria;Oceanospirillales;Oceanospirillaceae;Marinobacterium	Γ-proteobacteria	0	0	0	0	0	0	0	0	0	0	0	0	0	0	0	0	0	0	0	0	0	0	0	0	0	0	0	0	0	0	0	0	0	0	0	0	0	0	0	0	0	0	0	0	0	0	0	0	0	0	0	0	0	0	0	0	0	0	0	0	0	0	0	0	0	0	0	0	0	0	0	0	0	0	0	0	0	0	0	0	0	0	0	0	0	0	0	0	0	0	0	0	0	0	0	0	0	0	0	0	0	0	0	0	0	0	0	0	3	0	0	0	0	0	0	0	0	2	0	0	0	0	0
Bacteria;Pseudomonadota;Gammaproteobacteria;Orbales;Orbaceae;Gilliamella;Gilliamella apicola	Γ-proteobacteria	0	0	0	0	0	0	2	0	0	0	0	0	0	0	0	0	0	0	0	0	0	0	0	0	0	0	0	0	0	0	0	0	0	0	0	0	0	0	0	0	0	0	0	0	0	0	0	0	0	0	0	0	0	0	0	0	0	0	0	0	0	0	0	0	0	0	0	0	0	0	0	0	0	0	0	0	0	0	0	0	0	0	0	0	0	0	0	0	0	0	0	0	0	0	0	0	0	0	0	0	0	0	0	0	0	0	0	0	0	0	0	0	0	0	0	3	0	4	2	0	2	0	0
Bacteria;Pseudomonadota;Gammaproteobacteria;Pseudomonadales;Pseudomonadaceae;Pseudomonas	Γ-proteobacteria	0	0	0	0	0	0	0	0	0	0	0	0	0	0	0	0	0	0	0	0	0	0	0	0	0	0	0	0	0	0	0	0	0	0	0	0	0	0	0	0	0	0	0	0	0	0	0	0	0	0	0	0	0	0	0	0	0	0	0	0	0	0	0	0	0	0	0	0	0	0	0	0	0	0	0	0	0	0	0	0	0	0	0	0	0	0	0	0	0	0	0	0	0	0	0	0	0	0	0	0	0	0	0	0	0	0	0	0	0	0	0	0	3	0	0	9	6	7	3	0	4	0	0
Bacteria;Pseudomonadota;Gammaproteobacteria;Pseudomonadales;Pseudomonadaceae;Pseudomonas;Arctic sea ice associated bacterium ARK10142	Γ-proteobacteria	0	0	0	0	0	0	4	2	0	0	0	0	0	0	0	0	0	0	0	2	0	0	0	0	0	0	0	0	0	0	0	0	0	0	0	0	0	0	0	0	0	0	0	0	0	0	0	0	0	0	0	0	0	0	0	0	0	0	0	0	0	0	0	0	0	0	0	0	0	0	0	0	0	0	0	0	0	0	0	0	0	0	0	0	0	0	0	0	0	0	0	0	2	0	2	0	0	0	0	0	0	0	0	0	0	0	0	2	6	2	3	2	6	0	0	25	19	30	15	25	7	0	0
Bacteria;Pseudomonadota;Gammaproteobacteria;Pseudomonadales;Pseudomonadaceae;Pseudomonas;Pseudomonas sp. 31sr	Γ-proteobacteria	0	0	0	0	0	0	0	0	0	0	0	0	0	0	0	0	0	0	0	0	0	0	0	0	0	0	0	0	0	0	0	0	0	0	0	0	0	0	0	0	0	0	0	0	0	0	0	0	0	0	0	0	0	0	0	0	0	0	0	0	0	0	0	0	0	0	0	0	0	0	0	0	0	0	0	0	0	0	0	0	0	0	0	0	0	0	0	0	0	0	0	0	0	0	0	0	0	0	0	0	0	0	0	0	0	0	0	0	0	0	0	0	0	0	0	3	0	3	0	0	0	0	0
Bacteria;Pseudomonadota;Gammaproteobacteria;Thiotrichales;Francisellaceae;Francisella	Γ-proteobacteria	0	0	0	0	0	0	0	0	0	0	0	0	0	0	0	0	0	0	0	0	0	0	0	0	0	0	0	0	0	0	0	0	0	0	0	0	0	0	0	0	0	0	0	0	0	2	0	0	0	0	0	0	0	0	0	0	0	0	0	0	0	0	0	0	10	316	0	0	0	28	0	0	0	0	0	0	0	0	0	0	0	0	0	0	0	0	0	0	0	0	0	0	0	0	0	0	0	0	0	0	0	0	0	0	0	0	0	3	2	0	4	0	3	0	0	0	0	0	0	0	0	0	0
Bacteria;Pseudomonadota;Gammaproteobacteria;Thiotrichales;Piscirickettsiaceae;Methylophaga;Methylophaga lonarensis	Γ-proteobacteria	0	0	0	0	0	0	0	0	0	0	0	0	0	0	0	0	0	0	0	0	0	0	0	0	0	0	0	0	0	0	0	0	0	0	0	0	0	0	0	0	0	0	0	0	0	0	0	0	0	0	0	0	0	0	0	0	0	0	0	0	0	0	0	0	0	0	0	0	0	0	0	0	0	0	0	0	0	0	0	0	0	0	0	0	0	0	0	0	0	0	0	0	0	0	0	0	0	0	0	0	0	0	0	0	0	0	0	0	0	0	0	0	0	0	0	0	0	0	2	0	3	0	0
Bacteria;Pseudomonadota;Oligoflexia;Bacteriovoracales;Halobacteriovoraceae;Halobacteriovorax	Bacteria	0	0	0	0	0	0	0	0	0	0	0	0	0	0	0	0	0	0	0	2	0	0	0	0	0	0	0	0	0	0	0	0	0	0	0	0	0	0	0	0	0	0	0	0	0	0	0	0	0	0	0	0	0	0	0	0	0	0	0	0	0	0	0	0	0	0	0	0	0	0	0	0	0	0	0	0	0	0	0	0	0	0	0	0	0	0	0	0	0	0	0	0	0	0	0	0	0	0	0	0	0	0	0	0	0	0	0	2	0	0	3	2	0	0	0	4	2	2	0	0	3	0	0
Bacteria;Pseudomonadota;Oligoflexia;Bdellovibrionales;Pseudobdellovibrionaceae;Bdellovibrio;Bdellovibrio bacteriovorus	Bacteria	0	0	0	0	0	0	0	0	0	0	0	0	0	0	0	0	0	0	0	0	0	0	0	0	0	0	0	0	0	0	0	0	0	0	0	0	0	0	0	0	0	0	0	0	0	0	0	0	0	0	0	0	0	0	0	0	0	0	0	0	0	0	0	0	0	0	0	0	0	0	0	0	0	0	0	0	0	0	0	0	0	0	0	0	0	0	0	0	0	0	0	0	0	0	0	0	0	0	0	0	0	0	0	0	0	0	0	0	0	0	0	0	0	0	0	0	2	0	0	0	0	0	0
Bacteria;Pseudomonadota;Oligoflexia;Oligoflexales;Pseudobacteriovoracaceae;Pseudobacteriovorax;Pseudobacteriovorax antillogorgiicola	Bacteria	0	0	0	0	0	0	0	0	0	0	0	0	0	0	0	0	0	0	0	2	0	0	0	0	0	0	0	0	0	0	0	0	0	0	0	0	0	0	0	0	0	0	0	0	0	0	0	0	0	0	0	0	0	0	0	0	0	0	0	0	0	0	0	0	0	0	3	0	0	0	0	0	0	0	0	0	0	0	0	2	0	0	0	0	0	0	0	0	0	0	0	0	0	0	0	0	0	0	0	0	0	0	0	0	0	0	0	0	0	0	0	0	0	0	0	6	5	2	0	0	0	0	0
Bacteria;Verrucomicrobia	Bacteria	0	0	0	0	0	0	0	0	0	0	0	0	0	0	0	0	0	0	0	3	0	0	0	0	0	0	0	0	0	0	0	0	0	0	2	0	0	0	0	0	0	0	0	0	0	0	0	0	0	0	0	0	0	8	0	0	0	0	2	0	0	0	0	0	0	0	0	0	0	0	0	0	0	0	0	0	0	0	0	0	0	0	0	0	0	0	0	0	0	2	0	0	0	0	0	0	0	0	0	0	0	0	0	0	0	0	0	3	5	0	2	4	7	0	0	11	12	17	12	6	5	0	0
Bacteria;Verrucomicrobia;Opitutae	Bacteria	0	0	0	0	0	2	0	2	0	0	0	0	0	0	2	0	0	0	0	4	0	0	0	0	0	0	0	0	0	0	0	0	0	0	0	0	0	2	0	0	0	0	0	0	0	0	0	0	0	0	0	0	0	0	0	0	0	0	2	0	0	0	0	0	0	0	3	0	0	0	0	0	0	0	0	0	0	0	0	0	0	0	0	2	0	0	4	0	0	0	0	0	0	0	0	0	0	0	0	0	0	0	0	0	0	0	0	3	4	4	0	0	8	0	0	28	25	36	25	39	29	2	0
Bacteria;Verrucomicrobia;Opitutae;Opitutales;Opitutaceae	Bacteria	0	0	0	0	0	0	0	0	0	0	0	0	0	0	0	0	0	0	0	0	0	0	0	0	0	0	0	0	0	0	0	0	0	0	0	0	0	0	0	0	0	0	0	0	0	0	0	0	0	0	0	0	0	0	0	0	0	0	0	0	0	0	0	0	0	0	0	0	0	0	0	0	0	0	0	0	0	0	0	0	0	0	0	0	0	0	0	0	0	0	0	0	0	0	0	0	0	0	0	0	0	0	0	0	0	0	0	0	0	0	0	0	0	0	0	0	0	3	2	2	0	0	0
Bacteria;Verrucomicrobia;Opitutae;Puniceicoccales;Puniceicoccaceae;Candidatus Moanabacter;Candidatus Moanabacter tarae	Bacteria	0	0	0	0	0	0	0	5	0	0	0	0	0	0	0	0	0	0	0	2	0	0	0	0	0	0	0	0	0	0	0	0	0	0	0	0	0	0	0	0	0	0	0	0	0	0	0	0	0	0	0	0	0	0	0	0	0	0	4	0	0	0	0	0	0	0	0	0	0	0	0	0	0	0	0	0	0	0	0	0	0	0	0	0	0	0	0	0	0	0	0	0	0	0	0	0	0	0	0	0	0	0	0	0	0	0	0	4	3	0	0	2	0	0	0	22	23	55	18	19	10	0	0
Bacteria;Verrucomicrobia;Opitutae;Puniceicoccales;Puniceicoccaceae;Coraliomargarita;Coraliomargarita akajimensis	Bacteria	0	0	0	0	0	0	4	0	0	0	0	0	0	0	0	0	0	0	0	4	0	0	0	0	0	0	0	0	0	0	0	0	0	0	2	0	0	0	0	0	0	0	5	0	0	0	0	0	0	0	0	0	0	0	0	0	0	0	0	0	2	0	0	0	0	0	0	0	0	0	0	0	2	0	0	0	0	0	0	0	0	0	0	0	0	0	4	0	0	0	0	0	0	0	0	0	0	0	0	0	0	0	0	0	0	0	0	2	3	6	5	9	12	0	0	6	10	7	5	8	2	0	0
Bacteria;Verrucomicrobia;Opitutae;Puniceicoccales;Puniceicoccaceae;Ruficoccus;Ruficoccus sp.	Bacteria	0	0	0	0	0	0	3	0	0	0	0	0	0	0	0	0	0	0	0	2	0	0	0	0	0	0	0	0	0	0	0	0	0	0	0	0	0	0	0	0	0	0	0	0	0	0	0	0	0	0	0	0	0	0	0	0	0	0	0	0	0	0	0	0	0	0	0	0	0	0	0	0	0	0	0	0	0	0	0	0	0	0	0	0	0	0	0	0	0	0	0	0	0	0	0	0	0	0	0	0	0	0	0	0	0	0	0	0	0	0	0	0	2	0	0	3	9	30	39	39	40	2	0
Bacteria;Verrucomicrobia;Verrucomicrobiae;Verrucomicrobiales;Verrucomicrobiaceae;NA;Verrucomicrobiaceae bacterium	Bacteria	0	0	0	9	0	17	6	8	0	0	0	0	0	0	12	2	0	0	0	13	0	0	0	0	0	0	0	0	0	0	0	0	0	0	0	0	0	2	0	0	0	0	0	0	0	0	0	0	0	0	0	0	0	2	0	0	0	0	0	0	0	0	0	0	0	0	0	0	0	0	0	0	0	0	0	0	0	7	0	0	0	0	0	0	0	0	0	3	0	0	0	0	0	0	2	0	0	0	0	0	3	0	0	0	0	0	0	50	65	66	77	49	120	0	0	75	75	144	73	76	32	0	0
Chromista;Apicomplexa	Chromists	0	0	0	0	0	0	0	0	0	0	0	0	0	0	0	0	0	0	0	0	0	0	0	0	0	0	0	0	0	0	0	0	0	0	3	0	0	0	0	0	0	0	0	0	0	0	0	0	0	0	0	0	0	0	0	0	0	0	0	0	0	0	0	0	0	0	0	0	0	0	0	0	0	0	0	108	0	8	0	0	0	0	0	0	0	0	0	0	0	0	0	0	0	0	0	0	0	0	0	0	0	0	0	0	0	0	0	0	0	0	0	0	0	0	0	11	0	0	2	2	0	0	0
Chromista;Apicomplexa;Aconoidasida;Nephromycida;NA;Cardiosporidium;Cardiosporidium cionae	Chromists	0	0	0	0	0	0	0	0	0	0	0	0	0	0	0	0	0	0	0	0	0	0	0	0	0	0	0	0	0	0	0	0	0	0	0	0	0	0	0	0	0	0	0	0	0	0	0	0	0	0	0	0	0	0	0	0	0	0	0	0	0	0	0	0	0	0	0	0	0	0	0	0	0	0	0	0	0	0	0	0	0	0	0	0	0	0	0	0	0	0	0	0	0	0	0	0	0	0	0	0	0	0	0	0	0	0	0	11	0	0	0	0	0	0	0	0	0	0	0	0	0	0	0
Chromista;Apicomplexa;Aconoidasida;Piroplasmida;Theileriidae;Theileria;Theileria parva	Chromists	0	0	0	0	0	0	0	0	0	0	0	0	0	0	0	0	0	0	0	0	0	0	0	0	0	0	0	0	0	0	0	0	0	0	0	0	0	0	0	0	0	0	0	0	0	0	0	0	0	0	0	0	0	0	0	0	0	0	0	0	0	0	0	0	0	0	2	0	0	0	0	0	0	0	0	0	0	0	0	0	0	0	0	0	0	0	0	0	0	0	0	0	0	0	0	0	0	0	0	0	0	0	0	0	0	0	0	0	0	0	0	0	0	0	0	0	0	0	0	0	0	0	0
Chromista;Apicomplexa;Conoidasida	Chromists	0	0	0	0	0	4	20	10	0	0	0	0	0	0	2	4	0	0	0	10	0	0	0	0	0	0	12	0	0	0	0	0	0	0	0	0	0	0	0	0	0	0	0	0	4	0	0	0	8	0	0	0	0	0	2	0	0	2	0	0	0	0	0	0	0	0	0	0	0	0	0	0	4	0	0	0	0	0	3	0	0	0	0	0	0	0	11	0	0	0	0	0	7	0	2	0	0	0	0	0	0	0	0	0	0	0	0	6	7	19	32	7	55	0	0	39	10	89	21	22	9	2	15
Chromista;Apicomplexa;Conoidasida;Archigregarinorida;Selenidiidae	Chromists	0	0	0	4	0	0	0	0	3	0	0	0	5	0	0	0	3	0	0	0	0	0	0	0	0	0	0	0	0	7	2	2	4	4	4	9	0	0	3	0	0	0	0	0	2	2	0	0	2	0	0	0	0	3	0	0	0	0	0	3	5	0	0	0	6	0	4	4	0	0	0	0	0	0	0	0	5	2	2	0	0	0	3	0	0	0	0	0	0	0	0	0	0	0	0	0	0	0	0	0	0	0	0	0	0	0	0	18	3	0	0	0	0	0	2	0	0	2	0	0	0	0	0
Chromista;Apicomplexa;Conoidasida;Archigregarinorida;Selenidiidae;Filipodium;Filipodium phascolosomae	Chromists	0	0	0	0	0	0	0	0	0	0	0	0	0	0	0	0	0	0	0	0	0	0	0	0	0	0	0	0	0	0	0	0	0	0	0	0	0	0	0	0	0	0	0	2	5	0	0	0	0	0	0	0	0	0	0	0	0	0	0	0	0	0	0	2	0	0	0	0	0	0	0	0	2	0	7	0	0	0	0	0	0	0	3	0	0	0	0	0	0	0	0	0	0	0	0	0	0	0	0	0	2	0	0	0	0	0	0	0	0	2	3	0	2	0	0	4	0	2	2	0	0	0	0
Chromista;Apicomplexa;Conoidasida;Archigregarinorida;Selenidiidae;Selenidium	Chromists	0	0	0	0	0	2	8	9	0	0	0	0	0	0	0	0	0	0	0	6	0	0	0	0	0	0	0	0	0	0	0	22	0	0	0	0	0	0	0	0	0	0	0	0	2	2	0	0	0	0	0	0	0	0	0	0	0	2	0	0	0	0	0	0	0	0	0	0	0	0	0	0	57	6	2	0	0	4	0	0	0	0	0	0	0	0	0	0	0	0	0	0	0	0	13	0	0	0	0	0	0	0	0	0	0	0	0	6	12	14	6	9	114	0	0	35	42	0	0	3	0	0	10
Chromista;Apicomplexa;Conoidasida;Archigregarinorida;Selenidiidae;Selenidium;Selenidium cf. axiferens	Chromists	0	0	0	0	0	0	68	0	0	0	0	0	0	0	0	0	0	0	0	0	0	0	0	0	0	0	0	0	63	0	0	0	0	0	3	0	0	0	0	0	0	0	0	0	539	3	0	0	0	0	0	0	0	0	0	0	0	0	0	0	0	0	0	0	0	0	0	0	0	0	0	0	0	0	0	0	0	0	2	0	0	3	0	0	0	0	0	0	0	0	0	0	0	0	0	0	0	0	0	0	0	0	0	0	0	0	0	0	0	0	0	0	0	0	0	0	0	0	0	0	0	0	0
Chromista;Apicomplexa;Conoidasida;Archigregarinorida;Selenidiidae;Selenidium;Selenidium cf. echinatum	Chromists	0	0	0	0	0	0	0	0	0	0	0	0	0	0	0	0	0	0	0	0	0	0	0	0	0	0	0	0	0	0	0	0	0	0	0	0	0	0	0	0	0	0	0	0	0	0	0	0	0	0	0	0	0	0	0	0	0	0	0	0	0	0	0	0	0	0	0	0	0	0	0	0	58	0	0	0	0	0	0	0	0	0	0	0	0	0	0	0	0	0	0	0	0	0	0	0	0	0	0	0	0	0	0	0	0	0	0	11	42	0	46	0	0	0	0	0	0	0	0	0	0	0	0
Chromista;Apicomplexa;Conoidasida;Archigregarinorida;Selenidiidae;Selenidium;Selenidium cf. mesnili	Chromists	0	0	0	0	0	0	0	0	0	0	0	0	0	0	0	0	0	0	0	0	0	0	0	0	0	0	0	0	0	0	0	0	0	0	0	0	0	0	0	0	0	0	0	0	0	0	0	0	0	0	0	0	0	0	0	0	0	0	0	0	0	0	0	0	0	0	0	0	0	0	0	0	0	0	0	0	0	0	0	0	0	0	0	0	0	0	0	0	0	0	0	0	4	0	0	0	0	0	0	0	0	0	0	0	0	0	0	35	0	0	0	0	0	0	0	0	0	0	0	0	24	0	0
Chromista;Apicomplexa;Conoidasida;Archigregarinorida;Selenidiidae;Selenidium;Selenidium fallax	Chromists	0	0	0	0	0	0	0	0	0	0	0	0	0	0	0	0	0	0	0	0	0	0	0	0	0	0	0	0	0	0	0	0	0	0	23	0	0	0	0	0	0	0	0	0	0	0	0	0	0	0	0	0	0	0	0	0	0	0	0	0	0	0	0	0	0	0	0	0	0	0	0	0	0	0	0	0	0	0	2	0	0	0	3	0	0	0	0	0	0	0	0	0	0	0	4	0	0	0	0	0	0	0	0	0	0	0	0	0	0	0	0	0	0	0	0	0	0	0	0	0	0	0	0
Chromista;Apicomplexa;Conoidasida;Archigregarinorida;Selenidiidae;Selenidium;Selenidium idanthyrsae	Chromists	0	0	0	0	0	0	0	0	0	0	0	0	0	0	0	0	0	0	0	0	0	0	0	0	0	0	0	0	0	0	0	0	0	0	0	0	0	0	0	0	0	0	0	0	0	0	0	0	0	0	0	0	0	0	0	0	0	183	0	0	0	0	0	0	0	0	0	0	0	0	0	0	0	0	0	0	0	0	0	0	0	3	0	0	0	0	0	0	0	0	0	0	0	0	0	0	0	0	0	0	0	0	0	0	0	0	0	0	0	0	0	0	0	0	0	0	0	0	0	0	0	0	0
Chromista;Apicomplexa;Conoidasida;Archigregarinorida;Selenidiidae;Selenidium;Selenidium neosabellariae	Chromists	0	0	0	0	0	0	0	0	0	12	0	0	0	0	5	0	0	0	0	0	0	0	0	0	0	0	0	0	0	0	0	0	0	0	0	0	0	0	0	0	0	34	0	0	6	0	0	0	0	0	0	0	0	0	0	0	0	0	0	0	35	0	0	0	0	0	0	0	0	0	0	0	0	0	0	0	0	0	0	0	0	0	0	0	0	0	0	0	0	0	0	0	0	0	0	0	0	0	0	0	0	0	0	0	24	0	2	0	0	0	0	0	0	0	0	3	0	0	0	0	0	2	0
Chromista;Apicomplexa;Conoidasida;Archigregarinorida;Selenidiidae;Selenidium;Selenidium patagonica	Chromists	0	0	0	0	0	0	2	0	0	0	0	0	0	0	0	0	0	0	0	0	0	0	0	0	0	0	0	0	0	0	0	0	0	0	0	0	0	0	0	0	0	0	0	0	3	0	0	0	0	0	0	0	0	0	0	0	0	0	0	0	0	0	0	0	0	0	0	0	0	0	0	0	0	0	0	0	0	0	0	0	0	0	0	0	0	0	0	0	0	0	0	0	0	0	0	0	0	0	0	0	0	0	0	0	0	0	0	0	0	0	0	0	0	0	0	0	0	0	0	0	0	0	0
Chromista;Apicomplexa;Conoidasida;Archigregarinorida;Selenidiidae;Selenidium;Selenidium pendula	Chromists	0	0	0	3	3	0	5	0	2	0	0	0	0	0	3	0	0	0	0	10	0	0	0	0	0	0	0	0	15	0	0	0	12	0	8	0	12	0	0	0	0	0	3	7	17	47	0	0	0	2	0	0	0	0	0	0	0	4	0	16	0	0	0	0	0	0	0	0	0	0	0	0	312	5	30	0	0	8	23	0	0	0	3	0	0	0	0	8	6	0	0	0	9	0	7	0	0	0	0	0	3	0	0	0	0	0	3	82	53	87	39	24	70	0	0	30	0	27	4	0	0	0	0
Chromista;Apicomplexa;Conoidasida;Archigregarinorida;Selenidiidae;Selenidium;Selenidium terebellae	Chromists	0	0	0	0	0	0	0	0	0	0	0	0	0	0	0	0	0	0	0	0	0	0	0	0	0	0	0	0	0	0	0	0	0	0	0	0	0	0	0	0	0	0	0	0	0	0	0	0	0	0	0	0	0	0	0	0	0	0	0	0	0	0	0	0	0	0	0	0	0	0	0	0	0	0	0	0	0	0	0	0	0	0	0	0	0	0	0	0	0	0	0	0	0	0	0	0	0	0	0	0	0	0	0	0	0	0	0	0	0	24	0	0	0	0	0	3	0	0	0	0	0	0	0
Chromista;Apicomplexa;Conoidasida;Eucoccidiorida	Chromists	0	0	0	0	0	0	0	0	0	0	0	0	0	0	0	0	0	0	0	0	0	0	0	0	0	3	0	0	0	0	0	0	0	5	0	2	0	0	0	0	0	0	0	0	4	0	0	5	0	0	0	0	0	20	0	0	0	0	0	0	0	0	0	0	0	0	0	0	0	0	3	0	0	0	0	0	0	0	0	0	0	0	0	0	0	0	0	0	0	0	0	0	0	0	0	2	0	0	0	0	0	0	0	0	0	0	0	2	0	0	0	0	0	0	0	0	0	0	0	0	0	4	8
Chromista;Apicomplexa;Conoidasida;Eucoccidiorida;Cryptosporidiidae;Cryptosporidium;Cryptosporidium baileyi	Chromists	0	2	0	0	0	0	0	0	0	0	0	0	0	4	0	0	0	0	0	0	0	0	0	12	0	0	0	4	0	0	0	0	0	0	2	0	0	0	0	0	0	0	0	0	0	0	0	0	0	0	0	0	0	11	0	0	0	0	0	0	2	0	0	0	0	0	0	2	0	0	0	0	47	0	4	0	0	0	0	0	0	0	0	0	0	0	0	0	0	0	0	0	0	0	2	0	0	0	0	0	0	0	0	0	0	0	0	0	0	0	0	0	0	0	0	0	2	0	0	0	2	0	6
Chromista;Apicomplexa;Conoidasida;Eucoccidiorida;Eimeriidae	Chromists	0	0	0	0	0	0	0	0	0	0	0	0	0	0	0	0	0	0	0	0	0	0	0	0	0	0	0	0	0	0	0	0	0	0	0	0	0	0	0	0	0	0	0	0	0	0	0	0	0	0	0	0	0	0	0	0	0	0	0	0	0	0	0	0	0	0	0	0	0	0	0	0	0	0	0	5	0	0	0	0	0	0	0	0	0	0	0	0	0	0	0	0	0	0	0	0	0	0	0	0	0	0	0	0	0	0	0	0	0	0	0	0	0	0	0	0	0	0	0	0	0	0	0
Chromista;Apicomplexa;Conoidasida;Eucoccidiorida;Eimeriidae;Cyclospora	Chromists	0	0	0	0	0	0	0	0	0	0	0	0	0	0	0	0	0	0	0	0	0	0	0	0	0	0	0	0	0	0	0	0	0	2	0	0	0	0	0	0	0	0	0	0	0	0	0	0	0	0	0	0	0	0	0	0	0	0	0	0	0	0	0	0	0	0	0	0	0	0	0	0	0	0	0	552	0	32	0	0	0	0	0	0	0	0	0	0	0	0	0	0	0	0	0	0	0	0	0	0	0	0	0	0	0	0	0	0	0	0	0	0	0	0	0	0	0	0	0	0	0	0	0
Chromista;Apicomplexa;Conoidasida;Eucoccidiorida;Eimeriidae;Eimeria	Chromists	0	0	0	0	0	0	0	0	0	0	0	0	0	0	0	0	0	0	0	0	0	0	0	0	0	0	0	0	0	0	0	0	0	0	0	0	0	0	0	0	0	0	0	0	0	0	0	0	0	0	0	0	0	0	0	0	0	0	0	0	0	0	0	0	0	0	0	0	0	0	0	0	0	0	0	27	0	2	0	0	0	0	0	0	0	0	0	0	0	0	0	0	0	0	0	0	0	0	0	0	0	0	0	0	0	0	0	0	0	0	0	0	0	0	0	0	0	0	0	0	0	0	0
Chromista;Apicomplexa;Conoidasida;Eucoccidiorida;Eimeriidae;Eimeria;Eimeria canadensis	Chromists	0	0	0	0	0	0	0	0	0	0	0	0	0	0	0	0	0	0	0	0	0	0	0	0	0	0	0	0	0	0	0	0	0	0	0	0	0	0	0	0	0	0	0	0	0	0	0	0	0	0	0	0	0	0	0	0	0	0	0	0	0	0	0	0	0	0	0	0	0	0	0	0	0	0	0	6	0	0	0	0	0	0	0	0	0	0	0	0	0	0	0	0	0	0	0	0	0	0	0	0	0	0	0	0	0	0	0	0	0	0	0	0	0	0	0	0	0	0	0	0	0	0	0
Chromista;Apicomplexa;Conoidasida;Eucoccidiorida;Eimeriidae;Eimeria;Eimeria maxima	Chromists	0	0	0	0	0	0	0	0	0	0	0	0	0	0	0	0	0	0	0	0	0	0	0	0	0	0	0	0	0	0	0	0	0	0	0	0	0	0	0	0	0	0	0	0	0	0	0	0	0	0	0	0	0	0	0	0	0	0	0	0	0	0	0	0	0	0	0	0	0	0	0	0	0	0	0	9	0	0	0	0	0	0	0	0	0	0	0	0	0	0	0	0	0	0	0	0	0	0	0	0	0	0	0	0	0	0	0	0	0	0	0	0	0	0	0	13	0	2	0	0	0	0	0
Chromista;Apicomplexa;Conoidasida;Eucoccidiorida;NA;NA;Eucoccidiorida sp. Okushiri-2009	Chromists	0	0	0	0	0	0	0	0	0	0	0	0	0	0	0	0	0	0	0	0	0	0	0	0	0	0	0	0	0	0	0	0	0	0	0	0	0	0	0	0	0	0	0	0	0	0	0	0	0	0	0	0	0	0	0	0	0	0	0	0	0	0	0	0	0	0	0	0	0	0	0	0	0	0	0	0	0	0	0	0	0	0	0	0	0	0	0	0	0	0	0	0	0	0	0	0	0	0	0	0	0	0	0	0	0	0	0	4	0	0	0	0	0	0	0	0	0	0	10	0	0	0	0
Chromista;Apicomplexa;Conoidasida;Eucoccidiorida;Sarcocystidae	Chromists	2	4	0	0	2	0	0	0	4	0	0	0	6	0	0	0	3	0	14	0	0	0	0	4	0	25	0	0	21	0	15	0	0	0	0	0	0	0	0	0	0	0	0	0	9	4	0	3	2	0	0	0	3	192	0	0	0	0	0	0	0	0	0	0	0	0	0	0	0	0	0	0	0	0	0	0	0	0	0	0	2	0	0	0	0	0	0	0	0	0	0	9	0	0	0	30	0	0	5	0	0	4	0	4	0	0	0	0	0	0	0	0	2	0	0	0	0	0	0	0	0	0	18
Chromista;Apicomplexa;Conoidasida;Eucoccidiorida;Sarcocystidae;Sarcocystis	Chromists	0	0	0	0	0	0	0	0	0	0	0	0	7	0	0	0	2	0	0	0	0	0	0	0	0	5	0	0	7	0	6	0	0	0	0	0	0	0	0	0	0	3	0	0	0	3	2	0	0	0	0	0	0	66	0	0	0	0	0	0	0	0	0	0	0	0	0	0	0	0	0	0	0	0	0	0	0	0	0	0	0	0	0	0	0	0	0	0	0	0	0	0	0	0	0	0	0	0	0	0	0	0	0	3	0	0	0	0	0	0	0	0	0	0	0	0	0	0	0	0	0	6	4
Chromista;Apicomplexa;Conoidasida;Eucoccidiorida;Sarcocystidae;Sarcocystis;Sarcocystis elongata	Chromists	0	0	0	0	0	0	0	0	0	0	0	0	0	0	0	0	0	0	0	0	0	0	0	0	0	0	0	0	0	0	3	0	0	0	0	0	0	0	0	0	0	0	0	0	0	0	0	3	0	0	0	0	0	19	0	0	0	0	0	0	0	0	0	0	0	0	0	0	0	0	0	0	0	0	0	0	0	0	0	0	0	0	0	0	0	0	0	0	0	0	0	0	0	0	0	3	0	0	0	0	0	2	0	0	0	0	0	0	0	0	0	0	0	0	0	0	0	0	0	0	0	0	0
Chromista;Apicomplexa;Conoidasida;Eucoccidiorida;Sarcocystidae;Sarcocystis;Sarcocystis sp.	Chromists	0	0	0	0	0	0	0	0	0	2	2	0	4	0	0	0	0	0	0	0	0	0	0	3	0	8	0	0	7	0	9	0	0	4	0	4	3	0	0	0	0	0	0	0	5	2	2	3	4	0	0	0	2	88	0	0	0	0	0	2	5	0	0	0	0	0	0	0	0	0	2	0	0	0	0	3	0	0	0	0	3	0	0	0	0	0	0	0	2	0	0	0	0	0	0	12	0	0	0	0	0	2	0	3	0	0	0	0	0	0	0	0	2	0	0	0	0	0	0	0	0	0	11
Chromista;Apicomplexa;Conoidasida;Eucoccidiorida;Sarcocystidae;Sarcocystis;Sarcocystis suihominis	Chromists	0	0	0	0	0	0	0	0	0	0	0	0	0	0	0	0	0	0	0	0	0	0	0	0	0	0	0	0	0	0	0	0	0	0	0	0	0	0	0	0	0	0	0	0	0	0	0	0	0	0	0	0	0	0	7	0	0	0	0	0	0	0	0	0	0	0	0	0	0	0	0	0	0	0	0	5	0	0	0	0	0	0	0	0	0	0	0	0	0	3	0	0	0	0	0	0	0	0	0	0	0	0	0	0	0	0	0	0	0	0	0	0	0	0	0	0	0	0	0	0	0	0	0
Chromista;Apicomplexa;Conoidasida;Eugregarinorida	Chromists	0	0	15	82	6	313	273	190	6	4	0	9	7	7	146	19	0	0	5	427	0	0	9	6	0	0	0	0	6	0	144	42	63	24	37	90	70	10	62	192	120	11	25	10	68	37	4	3	117	21	0	22	7	350	107	2	16	122	54	65	202	11	5	0	7	114	7	4	0	17	3	0	610	36	204	1466	42	33	53	225	4	37	55	74	234	10	337	20	12	26	0	0	116	0	183	2	6	0	2	0	23	0	10	0	104	10	108	647	651	227	229	211	998	0	0	1497	1680	2961	1788	1549	1484	159	27
Chromista;Apicomplexa;Conoidasida;Eugregarinorida;Cephaloidophoridae;Cephaloidophora	Chromists	0	0	0	0	0	0	0	0	0	0	0	0	0	0	0	0	0	0	0	0	0	0	0	0	0	0	0	0	0	0	0	0	0	0	0	0	0	0	0	0	0	0	0	0	0	0	0	0	0	0	0	0	0	0	0	0	0	0	0	0	0	0	0	0	0	0	0	0	0	0	0	0	0	0	0	0	0	0	0	0	0	0	0	3	0	0	0	0	0	0	0	0	0	0	0	0	0	0	0	0	0	0	0	0	0	0	0	0	0	0	0	0	0	0	0	0	2	0	0	0	0	0	0
Chromista;Apicomplexa;Conoidasida;Eugregarinorida;Cephaloidophoridae;Cephaloidophora;Cephaloidophora cf. communis	Chromists	5	0	14	21	5	118	193	42	6	5	0	13	10	8	54	0	3	0	3	258	0	5	8	6	0	0	3	0	5	0	10	5	14	9	204	10	98	0	23	0	0	0	0	0	40	3	2	31	6	7	0	0	10	0	0	6	12	102	175	10	0	38	0	0	10	22	0	0	0	0	0	0	298	5	552	4	35	7	128	179	13	9	5	2974	0	7	2	13	0	0	0	0	33	0	137	0	0	0	0	0	7	0	3	0	47	5	5	2866	1967	5776	4663	2648	14101	6	0	690	489	488	176	114	54	0	30
Chromista;Apicomplexa;Conoidasida;Eugregarinorida;Cephaloidophoridae;Cephaloidophora;Cephaloidophora sp. KCW-2020b	Chromists	0	0	0	0	0	0	16	0	0	0	0	0	0	0	0	0	0	0	0	0	0	0	0	0	0	0	0	0	0	0	0	0	0	0	0	0	0	0	0	9	0	0	0	0	0	0	0	0	0	0	0	0	0	0	0	0	0	0	0	0	0	0	0	0	0	0	0	0	0	0	0	0	0	0	0	0	0	0	0	0	0	0	0	2	0	0	63	0	0	0	0	0	0	0	9	0	0	0	0	0	0	0	0	0	0	0	0	0	2	0	0	16	0	0	0	27	195	28	0	0	0	0	0
Chromista;Apicomplexa;Conoidasida;Eugregarinorida;Ganymedidae;Ganymedes;Ganymedes themistos	Chromists	0	0	0	0	0	0	0	0	0	0	0	0	0	0	0	0	0	0	0	0	0	0	0	0	0	0	0	0	0	0	0	0	0	0	0	0	0	0	0	0	0	0	0	4	0	0	0	0	0	0	0	0	0	0	0	0	0	0	0	3	8	0	0	0	0	0	0	0	0	0	0	0	0	0	0	0	0	0	0	0	0	0	0	0	0	0	0	0	0	0	0	0	0	0	86	0	0	0	0	0	0	0	0	0	0	0	0	8	0	0	0	0	0	0	0	0	0	0	0	0	0	0	0
Chromista;Apicomplexa;Conoidasida;Eugregarinorida;Lecudinidae;Ancora;Ancora cf. sagittata	Chromists	0	0	0	0	0	0	0	0	0	0	0	0	0	0	0	0	0	0	0	0	0	0	0	0	0	0	0	0	0	0	0	0	0	0	0	0	0	0	0	0	0	0	0	0	0	0	0	0	0	0	0	0	0	0	0	0	0	0	0	0	0	0	0	0	0	0	0	0	0	0	0	0	0	0	0	0	0	0	0	0	0	0	0	0	0	0	0	0	0	0	0	0	0	0	5	0	0	0	0	0	0	0	0	0	0	0	0	0	0	0	0	0	70	0	0	0	0	0	0	0	0	0	0
Chromista;Apicomplexa;Conoidasida;Eugregarinorida;Lecudinidae;Ancora;Ancora sagittata	Chromists	0	0	0	0	0	0	0	0	0	0	0	0	0	0	0	0	0	0	0	0	0	0	0	0	0	0	0	0	0	0	0	0	0	0	0	0	0	0	0	0	0	0	0	0	0	0	0	0	0	0	0	0	0	0	0	0	0	0	0	0	0	0	0	0	0	0	0	0	0	0	0	0	0	0	0	0	0	0	0	0	0	0	0	0	0	0	0	0	0	0	0	0	0	0	0	0	0	0	0	0	0	0	0	0	0	0	0	0	0	0	0	0	0	0	0	0	0	2	0	12	0	0	0
Chromista;Apicomplexa;Conoidasida;Eugregarinorida;Lecudinidae;Lecudina;Lecudina polymorpha	Chromists	0	0	0	3	0	27	0	0	0	0	0	0	0	0	0	0	3	0	0	0	0	0	0	0	0	0	0	0	0	0	0	0	0	0	0	0	0	0	0	0	0	0	0	0	0	0	0	0	0	0	0	0	0	0	0	0	0	0	0	0	0	0	0	0	0	0	0	0	0	0	0	0	0	0	0	0	0	0	0	0	0	0	5	0	0	0	0	0	0	0	0	0	0	0	0	0	0	0	0	0	2	0	0	0	0	0	0	0	0	6	0	0	0	0	0	0	0	0	0	0	0	0	0
Chromista;Apicomplexa;Conoidasida;Eugregarinorida;Lecudinidae;Paralecudina;Paralecudina anankea	Chromists	0	0	0	0	0	4	7	0	0	0	0	0	0	0	0	0	0	0	0	0	0	0	0	0	0	0	0	0	0	0	0	0	0	0	0	0	60	0	2	0	0	0	0	0	0	0	0	0	0	0	0	0	0	45	0	0	0	0	0	0	0	0	0	0	0	0	0	0	0	0	0	0	0	0	0	0	0	0	0	0	0	9	0	0	0	0	0	0	0	0	0	0	0	0	0	0	0	0	0	0	3	0	0	0	0	0	0	60	43	0	6	0	0	0	0	7	9	149	0	0	0	0	0
Chromista;Apicomplexa;Conoidasida;Eugregarinorida;Lecudinidae;Polyrhabdina;Polyrhabdina sp.	Chromists	0	0	0	0	0	0	0	0	0	0	0	0	0	0	0	0	0	0	0	0	0	0	0	0	0	0	0	0	0	0	0	0	0	0	0	0	0	0	0	0	0	0	0	0	0	0	0	0	0	0	0	0	0	0	0	0	0	0	40	0	0	0	0	0	0	0	0	0	0	0	0	0	0	0	0	0	0	0	0	0	0	0	0	0	0	0	0	0	0	0	0	0	0	0	0	0	0	0	0	0	0	0	0	0	0	0	0	0	0	0	0	0	0	0	0	0	0	0	0	0	0	0	0
Chromista;Apicomplexa;Conoidasida;Eugregarinorida;Porosporidae;Thiriotia;Thiriotia pugettiae	Chromists	0	0	0	49	0	73	379	593	2	0	0	0	0	0	76	9	0	0	0	793	0	0	0	5	0	0	0	0	0	0	0	0	0	5	46	0	41	7	6	13	0	0	0	4	11	9	0	8	24	0	0	0	20	39	138	0	5	42	123	4	199	6	0	0	5	69	23	9	0	33	0	0	504	65	402	356	49	41	24	373	14	84	52	5	149	19	539	73	13	90	0	0	254	0	803	0	7	0	0	0	9	0	9	0	54	34	42	47	50	43	11	12	229	0	0	9965	4293	11854	9783	7204	4771	70	44
Chromista;Apicomplexa;Conoidasida;Eugregarinorida;Uradiophoridae;Heliospora;Heliospora caprellae	Chromists	0	0	0	0	0	0	0	0	0	0	0	0	0	0	4	0	0	0	0	16	0	0	0	0	0	0	0	0	0	3	0	0	0	0	0	0	0	0	3	0	0	0	0	0	0	0	0	0	0	0	0	0	0	0	0	0	2	0	0	0	0	0	0	0	0	6	0	0	0	0	0	0	4	0	0	0	0	4	0	17	0	0	2	0	0	0	0	0	0	0	0	0	8	0	0	0	0	0	0	0	0	0	0	0	0	0	0	46	0	0	0	0	91	0	0	0	0	131	0	9	0	0	0
Chromista;Apicomplexa;Conoidasida;NA;NA;NA;Coccidia sp.	Chromists	0	0	0	0	0	0	0	0	0	0	0	0	0	0	0	0	0	0	0	0	0	0	0	0	0	0	0	0	0	0	0	0	0	0	0	0	0	0	0	0	0	0	0	0	0	0	0	0	0	0	0	0	0	0	0	0	0	0	0	0	0	0	0	0	0	0	0	0	0	0	0	0	0	0	0	0	0	0	0	0	0	0	0	0	0	0	0	0	0	0	0	0	0	0	0	0	0	0	0	0	0	0	0	0	0	0	0	0	0	0	0	0	2	0	0	4	0	4	0	0	0	0	2
Chromista;Apicomplexa;Marosporida	Chromists	0	0	0	0	0	0	0	0	0	0	0	0	0	0	0	0	0	0	0	0	0	0	0	0	0	0	0	0	0	0	0	0	0	0	0	0	0	0	0	0	0	0	0	0	0	0	0	0	0	0	0	0	0	0	0	0	0	0	0	0	0	0	0	0	0	0	0	0	0	0	0	0	0	0	0	0	0	0	0	0	0	0	0	0	0	0	0	0	0	0	0	0	0	0	0	0	0	0	0	0	0	0	0	0	0	0	0	0	0	0	0	0	0	0	0	5	0	0	0	0	0	0	0
Chromista;Apicomplexa;Marosporida;Agamococcidiorida;Rhytidocystidae;Rhytidocystis	Chromists	0	0	0	0	0	0	0	0	0	0	0	0	0	0	0	0	0	0	0	0	0	0	0	0	0	0	0	0	0	0	0	0	0	0	0	0	0	0	0	0	0	0	0	0	0	0	0	0	0	0	0	0	0	0	0	0	0	0	0	0	0	0	0	0	0	0	0	0	0	0	0	0	0	0	0	0	0	0	0	0	0	0	0	0	0	0	0	0	0	0	0	0	0	0	0	0	0	0	0	0	0	0	0	0	0	0	0	0	0	0	0	0	0	0	0	0	0	3	0	0	0	0	0
Chromista;Apicomplexa;Marosporida;Agamococcidiorida;Rhytidocystidae;Rhytidocystis;Rhytidocystis dobrovolskiji	Chromists	0	0	0	0	0	0	5	0	0	0	0	0	0	0	0	0	0	0	0	0	0	0	0	0	0	0	0	0	0	0	0	0	0	0	0	0	2	0	0	0	0	0	0	0	0	0	0	0	0	0	0	0	0	0	0	0	0	0	0	0	0	0	0	0	0	0	0	0	0	0	0	0	0	0	0	0	0	0	6	0	0	0	0	0	0	0	0	0	0	0	0	0	0	0	0	0	0	0	0	0	0	0	0	0	0	0	0	13	0	4	0	0	0	0	0	32	22	9	0	0	0	0	0
Chromista;Bacillariophyta	Diatoms	383	299	2299	1054	176	1882	1868	1008	4817	5065	478	1897	1707	3602	3169	1008	4158	599	92	1100	144	72	214	20	17	52	370	48	1577	41	42	374	3065	792	6277	42	433	194	6791	788	2289	1589	228	2409	17042	9808	822	1499	3553	3073	0	19	4667	8475	210	1317	402	936	6009	394	419	87	3468	372	5110	765	11404	286	1524	651	356	0	6496	2559	3845	2392	4526	5144	8361	3435	2957	6393	672	393	860	1512	1648	14003	2167	435	1216	163	552	77	1473	57	815	1446	432	10	782	265	411	46	5014	405	369	603	782	1199	717	645	734	3025	21	4540	6358	15551	15411	15281	16032	765	3430
Chromista;Bacillariophyta;Bacillariophyceae;Bacillariales;Bacillariaceae;Nitzschia;Nitzschia longissima	Diatoms	0	0	0	6	0	11	4	0	2	0	0	0	0	0	0	58	2	0	0	11	0	0	0	0	0	6	0	0	14	0	3	0	0	30	25	0	0	0	2	0	0	0	0	3	5	12	0	0	0	4	0	0	0	9	0	0	0	6	0	0	5	0	5	0	0	0	0	0	0	0	0	0	0	0	0	0	0	2	0	0	0	3	28	0	0	0	0	0	0	0	0	0	0	0	2	0	2	0	12	0	55	0	12	0	0	22	11	2	3	0	3	0	0	0	0	49	108	6	30	9	15	22	0
Chromista;Bacillariophyta;Bacillariophyceae;Bacillariales;Bacillariaceae;Pseudo-nitzschia	Diatoms	0	0	0	7	0	4	0	7	6	0	0	0	0	7	13	42	4	3	0	5	0	0	0	0	0	0	0	0	0	0	0	0	0	14	5	4	0	0	13	0	0	5	19	24	36	46	3	2	0	40	0	0	22	0	0	3	0	20	15	4	26	28	15	0	9	0	17	0	14	4	0	0	0	0	3	0	2	0	4	0	12	12	77	0	0	0	13	13	18	0	0	0	2	0	4	4	4	0	0	0	35	0	20	0	14	27	5	16	25	7	11	14	25	0	0	44	28	0	11	2	2	0	0
Chromista;Bacillariophyta;Bacillariophyceae;Bacillariales;Bacillariaceae;Pseudo-nitzschia;Pseudo-nitzschia delicatissima	Diatoms	0	0	18	58	0	41	0	0	12	0	0	0	0	0	13	81	11	0	0	7	3	0	0	0	0	0	0	0	5	0	0	0	0	5	5	0	0	0	10	0	0	0	0	7	8	81	4	0	3	19	0	0	0	0	0	0	0	0	0	0	0	4	4	0	0	0	0	0	2	0	0	0	0	0	0	0	0	0	0	0	6	6	187	0	0	0	485	29	0	0	155	0	2	0	3	0	3	0	0	0	133	0	29	0	0	132	88	8	11	6	0	0	6	6	0	18	61	9	20	13	6	14	0
Chromista;Bacillariophyta;Bacillariophyceae;Bacillariales;Bacillariaceae;Pseudo-nitzschia;Pseudo-nitzschia fraudulenta	Diatoms	0	0	0	0	0	0	0	0	0	0	0	0	0	5	0	2	0	0	0	0	0	0	0	0	0	0	0	0	0	0	0	0	0	0	0	0	0	0	2	0	0	0	0	0	0	0	0	0	0	0	0	0	0	0	0	0	0	0	0	0	0	0	0	0	0	0	0	0	2	0	0	0	0	0	0	0	0	0	0	0	0	0	3	0	0	0	0	0	0	0	0	0	0	0	0	0	0	0	0	0	2	0	0	0	0	3	3	11	13	4	3	0	9	5	0	5	3	3	0	0	0	3	0
Chromista;Bacillariophyta;Bacillariophyceae;Bacillariales;Bacillariaceae;Pseudo-nitzschia;Pseudo-nitzschia heimii	Diatoms	0	0	0	7	0	22	0	2	0	0	0	0	0	0	2	85	0	0	0	0	0	0	0	0	0	0	0	0	0	0	0	0	0	7	0	0	0	0	10	0	0	0	0	0	38	16	0	0	0	2	0	0	68	0	0	0	2	0	0	0	0	25	0	0	0	0	5	0	0	2	0	0	0	0	0	0	0	0	2	0	6	4	43	0	0	0	25	3	5	12	0	0	2	0	2	0	0	0	0	0	78	0	29	0	0	71	18	3	0	5	0	0	0	0	0	5	0	0	0	0	0	0	0
Chromista;Bacillariophyta;Bacillariophyceae;Cymbellales	Diatoms	0	0	0	0	0	0	0	0	0	0	0	0	0	0	0	0	0	0	0	0	0	0	0	0	0	0	0	0	0	0	0	0	0	0	0	0	0	0	0	0	0	0	0	0	0	0	0	0	0	0	0	0	0	0	0	0	0	0	0	0	0	0	0	0	0	0	0	0	0	0	0	0	0	0	0	0	0	0	0	0	0	0	0	0	0	0	0	0	0	0	0	0	0	0	0	0	0	0	0	0	3	0	0	0	0	0	0	0	0	0	0	0	0	0	0	0	0	0	0	0	0	0	0
Chromista;Bacillariophyta;Bacillariophyceae;Cymbellales;Cymbellaceae;Brebissonia;Brebissonia lanceolata	Diatoms	0	0	0	0	0	0	0	0	0	0	0	0	0	0	0	0	0	0	0	0	0	3	9	0	0	0	0	0	5	0	0	0	0	0	0	0	3	0	2	0	0	0	0	0	0	0	0	0	0	0	0	0	0	0	0	0	0	0	0	0	0	0	0	0	0	0	0	0	0	0	0	0	0	0	0	0	0	0	0	0	0	0	0	0	0	0	14	0	0	27	0	0	0	0	0	0	0	50	0	0	0	0	0	0	0	0	0	0	0	0	0	0	0	0	2	0	0	0	0	0	0	0	0
Chromista;Bacillariophyta;Bacillariophyceae;Cymbellales;Cymbellaceae;Cymbella;Cymbella cistuliformis	Diatoms	0	0	0	2	0	0	0	0	0	0	0	0	0	0	0	0	0	0	0	0	0	0	0	0	0	0	0	0	0	0	0	0	0	0	0	0	0	0	0	0	0	0	0	0	0	0	0	0	0	0	0	0	0	0	0	0	0	0	0	0	0	0	0	0	0	0	0	0	0	0	0	0	0	0	0	0	0	0	0	0	0	0	0	0	0	0	0	0	0	0	0	0	0	0	0	0	0	0	0	0	2	0	0	0	0	2	0	0	0	0	0	0	0	0	0	0	0	0	3	0	0	0	0
Chromista;Bacillariophyta;Bacillariophyceae;Cymbellales;Gomphonemataceae;Gomphonema;Gomphonema parvulum	Diatoms	0	0	0	0	0	0	0	0	0	0	2	0	0	0	0	0	0	0	0	0	0	0	0	0	0	0	0	0	0	0	0	0	0	0	0	22	0	0	0	17	0	0	0	0	0	0	0	0	0	0	0	0	0	0	0	0	0	0	0	0	0	0	0	0	0	4	2	0	0	0	0	0	0	0	0	0	0	0	0	0	0	0	0	0	0	0	0	0	0	0	0	0	0	0	0	0	0	0	0	0	0	0	0	0	0	0	0	0	0	0	0	0	0	0	0	0	0	0	0	0	0	0	0
Chromista;Bacillariophyta;Bacillariophyceae;Mastogloiales;Achnanthaceae;Achnanthes	Diatoms	0	0	0	4	0	0	0	0	0	0	0	0	0	0	3	0	3	0	0	0	0	0	0	0	0	0	0	0	0	0	0	0	0	0	0	0	0	0	0	0	0	0	0	3	0	0	0	0	0	6	0	0	0	0	0	0	0	0	0	0	0	0	0	0	0	0	0	0	0	0	0	0	0	0	0	0	0	0	0	0	0	0	13	0	0	0	0	0	0	0	0	0	0	0	0	0	0	0	0	0	2	0	0	0	0	4	3	0	0	0	0	0	0	0	0	0	0	0	0	0	0	0	0
Chromista;Bacillariophyta;Bacillariophyceae;Naviculales;Naviculaceae	Diatoms	2	0	12	8	0	6	0	0	39	47	4	11	13	19	37	9	25	4	0	0	0	4	2	0	0	0	2	0	8	0	0	3	25	12	69	0	0	707	52	5	15	15	0	13	107	75	5	7	45	20	0	0	55	56	0	10	3	6	40	3	2	0	39	19	45	7	89	2	7	6	2	0	26	33	45	10	47	48	73	18	24	36	27	2	2	9	8	195	21	9	0	3	0	0	0	0	7	241	0	0	6	0	4	0	40	6	5	0	5	2	2	0	0	13	0	0	0	0	0	0	0	53	27
Chromista;Bacillariophyta;Bacillariophyceae;Naviculales;Naviculaceae;Navicula	Diatoms	0	0	44	268	74	349	10	6	8	32	2	7	5	15	943	201	3	10	7	3	2	2	28	13	7	30	31	78	16	13	21	45	47	56	47	89	6	829	176	366	725	46	3	26	93	143	14	63	81	78	0	9	212	137	0	16	13	34	96	8	57	36	84	13	25	114	65	7	5	25	34	0	96	26	116	163	67	73	172	355	35	85	69	21	175	19	624	108	44	37	121	9	2	4	2	23	20	873	6	0	193	2	73	11	151	106	44	0	2	0	0	2	21	2	4	60	151	90	113	91	97	245	89
Chromista;Bacillariophyta;Bacillariophyceae;Naviculales;Naviculaceae;Navicula;Navicula cryptocephala	Diatoms	0	0	0	2	0	0	0	0	0	0	0	0	0	0	0	0	0	0	0	0	0	0	0	0	0	0	0	0	0	0	0	0	0	0	0	0	0	2	0	0	0	2	0	0	0	0	0	0	0	0	0	0	0	0	0	0	0	0	0	0	0	0	0	0	0	0	0	0	0	0	0	0	0	0	0	0	0	6	0	0	0	0	0	0	0	0	0	3	0	0	0	0	0	0	0	0	0	0	0	0	0	0	0	0	0	0	0	0	0	0	0	0	0	0	0	0	0	0	0	0	0	0	0
Chromista;Bacillariophyta;Bacillariophyceae;Naviculales;Naviculaceae;Navicula;Navicula gregaria	Diatoms	0	0	8	0	0	5	0	0	16	12	2	5	3	7	0	0	12	0	0	0	0	0	0	0	0	0	2	0	4	0	0	0	7	0	27	0	2	0	14	0	3	4	0	4	58	32	0	5	8	14	0	0	17	15	0	4	3	3	20	2	0	0	5	2	22	2	34	2	9	3	0	0	11	8	7	4	10	11	22	5	5	19	0	2	2	2	3	31	8	0	38	0	0	0	0	0	0	0	3	0	0	0	0	0	12	0	0	0	0	0	0	0	0	14	0	0	0	0	0	0	0	0	9
Chromista;Bacillariophyta;Bacillariophyceae;Naviculales;Naviculaceae;Seminavis;Seminavis sp.	Diatoms	3	2	9	0	0	0	0	0	22	22	0	10	5	14	5	2	15	2	0	0	0	0	0	0	0	0	2	0	6	0	0	0	12	5	30	0	0	0	30	6	9	7	0	9	82	50	0	0	12	5	0	0	13	38	0	4	0	5	16	2	0	0	9	2	30	4	36	0	5	4	3	0	16	11	15	2	18	19	31	10	8	27	0	0	2	9	9	60	11	0	0	0	0	0	0	0	4	0	3	0	0	0	0	0	16	0	0	0	0	0	0	0	0	15	0	0	0	0	0	0	0	0	15
Chromista;Bacillariophyta;Bacillariophyceae;Naviculales;Pleurosigmataceae;Gyrosigma;Gyrosigma acuminatum	Diatoms	0	0	0	34	0	54	9	2	0	0	0	0	0	0	50	7	0	0	0	2	0	0	0	0	0	0	0	0	3	0	0	0	0	0	0	0	0	0	22	0	0	0	0	0	29	68	0	0	0	41	0	0	0	0	0	0	16	0	0	4	0	0	3	0	35	0	22	0	5	0	0	0	0	0	0	0	0	0	0	0	0	0	5	0	0	0	2	0	0	0	0	0	0	0	13	0	0	0	0	0	8	0	2	0	0	14	8	4	2	0	0	0	0	0	0	27	6	0	0	0	3	0	0
Chromista;Bacillariophyta;Bacillariophyceae;Surirellales;Surirellaceae;Cymatopleura;Cymatopleura elliptica	Diatoms	0	0	0	0	0	0	0	0	0	0	0	0	0	0	0	0	0	0	0	0	0	0	0	0	0	0	0	0	0	0	0	0	0	0	0	0	0	0	0	0	0	0	0	0	0	0	0	0	0	0	0	0	0	0	0	0	0	3	0	0	0	0	0	0	0	0	0	0	0	0	0	0	0	0	0	0	0	0	0	0	0	0	0	0	0	0	0	0	0	0	0	0	0	0	0	0	0	0	0	0	0	0	0	0	0	0	0	0	0	0	0	0	0	0	0	0	0	0	0	0	0	0	0
Chromista;Bacillariophyta;Bacillariophyceae;Thalassiophysales;Catenulaceae;Amphora	Diatoms	0	0	0	0	0	0	0	0	0	0	0	0	0	0	0	0	0	0	0	0	0	0	0	0	0	0	0	0	0	0	2	0	0	0	0	0	0	0	0	0	0	0	0	0	0	0	0	0	0	0	0	0	0	0	0	0	0	0	0	0	0	0	0	0	0	0	0	0	0	0	0	0	0	0	0	0	0	0	0	0	0	0	0	0	0	0	0	0	0	0	0	0	0	0	0	0	0	0	0	0	0	0	0	0	0	0	0	0	0	0	0	0	0	0	0	0	0	0	0	0	0	0	0
Chromista;Bacillariophyta;Bacillariophyceae;Thalassiophysales;Catenulaceae;Amphora;Amphora cf. proteus	Diatoms	0	0	0	0	0	0	0	0	0	0	0	0	0	0	2	0	2	0	0	0	0	0	0	0	0	0	0	0	3	0	0	0	0	2	4	0	0	0	0	0	3	0	0	0	4	4	0	0	0	0	0	0	3	7	0	0	0	2	0	0	0	0	0	0	0	0	0	0	0	0	0	0	5	0	0	18	0	3	0	7	0	0	3	0	5	0	0	0	0	0	0	0	0	0	0	0	0	0	0	0	0	0	0	0	0	0	2	0	0	0	0	0	0	0	0	0	0	0	0	0	0	0	0
Chromista;Bacillariophyta;Coscinodiscophyceae	Diatoms	0	14	137	67	0	53	30	35	41	79	0	49	19	67	79	76	98	13	5	64	0	11	7	2	0	17	3	50	64	3	20	4	14	230	175	111	4	0	97	5	15	4	0	393	41	159	38	10	80	251	0	2	76	82	0	7	2	11	27	6	27	7	100	6	19	0	26	0	37	4	2	0	29	47	37	3	19	146	52	54	15	35	707	3	6	27	31	70	57	18	200	0	36	3	47	0	38	0	5	0	125	2	27	2	27	455	309	539	1124	1239	905	1196	1634	105	0	293	133	410	275	190	86	94	44
Chromista;Bacillariophyta;Coscinodiscophyceae;Chaetocerotales;Attheyaceae;Attheya;Attheya longicornis	Diatoms	0	0	0	67	0	53	0	5	4	0	0	0	0	0	83	19	2	0	0	0	0	0	0	0	0	0	0	0	0	0	0	0	0	11	18	0	0	0	28	0	0	0	0	0	99	27	0	0	2	6	0	0	0	11	0	0	0	2	22	0	0	20	4	0	0	0	0	0	0	0	0	0	18	22	3	0	0	0	48	19	0	18	163	0	0	0	33	9	11	0	0	0	0	0	0	0	0	0	0	0	24	0	6	0	13	95	82	0	4	5	0	3	9	0	0	33	28	6	16	7	4	0	0
Chromista;Bacillariophyta;Coscinodiscophyceae;Chaetocerotales;Chaetocerotaceae;Chaetoceros	Diatoms	0	0	76	106	41	93	49	21	13	7	0	0	0	0	37	109	39	5	0	52	7	0	0	0	0	0	0	0	14	0	11	0	24	46	103	38	14	32	25	0	0	38	0	16	92	511	5	0	18	27	0	0	2	2	0	4	0	3	66	0	0	17	6	0	2	0	107	2	4	2	0	0	23	36	26	0	3	8	24	4	3	8	209	6	2	6	2027	63	6	10	0	0	39	0	84	0	76	0	0	0	113	0	37	0	4	114	76	30	29	12	26	28	55	11	0	268	334	103	114	94	55	36	18
Chromista;Bacillariophyta;Coscinodiscophyceae;Chaetocerotales;Chaetocerotaceae;Chaetoceros;Chaetoceros contortus	Diatoms	0	0	5	6	0	10	5	0	31	0	0	0	2	0	0	57	11	0	0	4	0	0	0	0	0	0	0	0	3	0	0	0	0	3	0	0	0	0	15	0	0	0	0	0	80	34	0	0	0	5	0	6	2	0	0	0	3	0	0	0	0	0	4	2	0	0	0	4	0	0	0	0	3	3	11	0	9	0	39	0	2	4	34	0	0	2	0	23	4	0	0	0	0	0	4	0	7	0	0	0	27	0	11	0	0	45	13	0	5	0	0	0	2	2	0	25	4	37	0	0	0	0	18
Chromista;Bacillariophyta;Coscinodiscophyceae;Chaetocerotales;Chaetocerotaceae;Chaetoceros;Chaetoceros debilis	Diatoms	0	0	12	16	23	31	144	140	43	5	0	2	0	2	17	26	9	0	0	706	0	0	3	0	0	0	0	0	9	0	0	2	0	25	12	0	0	7	23	0	0	0	0	4	235	93	4	11	3	5	0	3	3	0	0	0	9	8	22	3	0	43	0	0	0	0	14	0	0	0	0	0	88	91	53	0	10	0	187	56	28	8	69	0	52	16	78	166	10	3	0	0	230	0	97	0	0	0	0	0	17	0	0	0	24	37	13	13	23	41	24	9	23	0	0	10809	3498	1751	369	197	7	0	44
Chromista;Bacillariophyta;Coscinodiscophyceae;Chaetocerotales;Chaetocerotaceae;Chaetoceros;Chaetoceros diversus	Diatoms	0	0	0	0	0	0	0	0	0	0	0	0	0	0	0	3	0	0	0	0	0	0	0	0	0	0	0	0	0	0	0	0	0	0	0	0	0	3	0	0	0	0	0	0	7	10	0	0	0	0	0	0	0	0	0	0	0	0	0	0	0	0	0	0	0	0	0	0	0	0	0	0	0	0	0	0	0	0	0	0	0	0	0	0	0	0	0	0	0	0	0	0	0	0	0	0	0	0	0	0	0	0	0	0	0	0	0	0	0	0	0	2	0	0	0	4	0	0	0	0	0	0	0
Chromista;Bacillariophyta;Coscinodiscophyceae;Chaetocerotales;Chaetocerotaceae;Chaetoceros;Chaetoceros gelidus	Diatoms	0	0	26	25	0	75	134	71	62	12	0	2	9	4	12	160	17	0	4	221	0	0	5	0	0	9	0	0	26	0	10	0	0	32	8	23	0	0	54	84	0	6	0	5	355	391	31	65	44	17	0	29	128	87	0	4	22	53	249	38	3	0	5	0	19	9	34	7	3	10	4	0	1397	338	450	66	36	42	469	642	79	99	149	0	48	90	356	524	66	44	0	0	81	0	125	0	11	0	0	0	141	0	67	0	68	188	93	37	42	71	53	68	100	2	0	871	383	283	102	85	13	0	74
Chromista;Bacillariophyta;Coscinodiscophyceae;Chaetocerotales;Chaetocerotaceae;Chaetoceros;Chaetoceros socialis	Diatoms	0	0	0	34	0	58	51	128	0	0	0	0	0	0	35	125	0	0	0	134	0	0	0	0	0	0	0	0	0	0	6	9	0	47	11	4	7	24	169	16	0	22	10	44	472	377	29	15	235	107	0	3	68	10	7	9	9	22	111	19	92	22	29	2	21	3	53	13	17	9	0	0	0	10	2	0	0	4	54	44	15	14	142	0	32	7	11	60	7	0	0	0	66	0	73	0	0	0	0	0	108	0	38	0	5	160	84	1162	1916	2790	2092	1412	3982	9	0	420	167	145	51	47	10	0	14
Chromista;Bacillariophyta;Coscinodiscophyceae;Chaetocerotales;Chaetocerotaceae;Chaetoceros;Chaetoceros sp. NIES-3971	Diatoms	0	0	100	5	0	15	6	0	31	0	0	0	0	10	0	67	27	9	2	7	0	3	0	3	0	7	17	0	6	0	0	0	0	22	10	15	17	0	0	0	0	0	0	0	4	2	0	11	0	0	0	0	0	0	0	0	0	0	0	0	0	0	0	0	0	0	10	0	0	0	0	0	0	2	0	0	0	9	11	21	2	0	317	0	0	0	0	20	5	0	0	0	2	0	4	0	17	0	2	0	154	0	40	0	22	199	106	6	7	5	19	7	45	3	0	9	3	0	2	0	2	0	0
Chromista;Bacillariophyta;Coscinodiscophyceae;Chaetocerotales;Chaetocerotaceae;Chaetoceros;Chaetoceros sp. RCC4816	Diatoms	0	0	0	0	0	0	0	0	0	0	0	0	0	0	0	0	0	0	0	0	0	0	0	0	0	0	0	0	0	0	0	0	0	0	0	0	0	0	0	0	0	0	0	0	0	0	0	0	0	0	0	0	0	0	0	0	0	0	0	0	0	0	0	0	0	0	0	0	0	0	0	0	0	0	0	0	0	0	0	0	0	0	0	0	0	0	0	0	0	0	0	0	0	0	0	0	0	0	0	0	0	0	0	0	0	0	0	2	2	3	2	2	3	0	0	0	0	0	0	0	0	0	0
Chromista;Bacillariophyta;Coscinodiscophyceae;Chaetocerotales;Chaetocerotaceae;Chaetoceros;Chaetoceros sp. UNC1414	Diatoms	0	0	0	0	0	7	0	0	4	0	0	0	0	0	4	8	0	0	0	0	0	0	0	0	0	0	0	0	0	0	0	0	0	0	0	0	0	0	8	8	0	0	0	14	732	182	16	47	0	9	0	0	0	0	0	0	0	0	0	0	0	4	4	0	0	0	31	0	3	0	0	0	0	0	0	0	0	0	137	0	3	3	60	0	0	0	0	15	8	0	0	0	0	0	0	0	0	0	0	0	13	0	5	0	5	31	23	3	15	8	0	4	3	0	0	49	45	4	4	0	2	0	0
Chromista;Bacillariophyta;Coscinodiscophyceae;Coscinodiscales;Coscinodiscaceae;Coscinodiscus;Coscinodiscus granii	Diatoms	0	0	0	0	0	0	58	0	0	0	0	0	0	0	0	0	0	0	0	0	0	0	0	0	0	0	0	0	0	0	0	0	0	0	0	0	0	0	0	0	0	0	0	0	0	3	0	0	0	2	0	0	0	0	0	0	0	0	0	0	0	2	0	0	0	0	0	0	0	3	0	0	0	0	0	0	0	0	0	0	0	0	0	0	0	0	0	0	0	0	0	0	0	0	0	0	0	0	0	0	0	0	0	0	0	0	0	0	25	13	4	21	15	0	0	0	0	0	0	0	0	0	0
Chromista;Bacillariophyta;Coscinodiscophyceae;Coscinodiscales;Coscinodiscaceae;Stellarima;Stellarima microtrias	Diatoms	0	0	0	2	0	16	0	0	0	0	0	0	0	0	13	0	0	0	0	2	0	0	0	0	0	0	0	0	0	0	0	0	0	0	0	0	0	0	0	0	3	0	0	3	0	0	0	0	0	0	0	0	0	0	0	0	0	0	0	0	6	0	0	0	0	0	0	0	0	0	0	0	0	0	0	0	0	0	0	0	0	0	0	0	0	0	0	0	0	0	0	0	0	0	14	0	0	0	0	0	3	0	2	0	2	12	6	8	0	7	0	0	0	0	0	0	8	0	25	0	0	0	0
Chromista;Bacillariophyta;Coscinodiscophyceae;Coscinodiscales;Heliopeltaceae;Actinoptychus;Actinoptychus sinensis	Diatoms	0	0	2	3	0	0	0	0	0	0	0	0	0	0	19	6	0	0	0	0	0	0	0	0	0	0	0	0	2	0	0	3	6	60	525	0	5	3	64	0	0	0	0	23	0	19	2	0	27	7	0	0	0	0	0	29	9	0	13	48	0	0	4	9	2	0	4	12	2	29	0	0	0	27	6	0	193	34	4	3	0	42	3	0	0	0	4	390	16	12	0	0	0	0	0	0	11	0	0	0	6	0	8	0	2	3	2	0	0	0	0	0	0	2	0	0	0	0	0	0	0	2	0
Chromista;Bacillariophyta;Coscinodiscophyceae;Coscinodiscales;Hemidiscaceae;Actinocyclus;Actinocyclus curvatulus	Diatoms	0	0	0	394	0	285	0	0	0	0	0	0	0	0	247	338	8	0	0	0	0	0	0	0	0	0	0	0	2	0	0	0	0	0	2	0	0	0	0	0	0	3	0	70	117	198	11	25	7	4	0	0	15	36	0	6	0	0	0	28	0	0	18	0	12	0	0	0	2	3	0	0	0	0	0	0	9	236	39	0	0	12	79	0	0	0	4	15	0	0	0	0	0	0	0	0	0	0	0	0	200	4	103	0	3	44	80	0	0	0	0	0	0	0	0	2	0	0	0	0	0	0	0
Chromista;Bacillariophyta;Coscinodiscophyceae;Leptocylindrales;Leptocylindraceae;Leptocylindrus;Leptocylindrus aporus	Diatoms	0	0	0	0	0	0	0	0	0	0	0	0	0	0	0	0	0	0	0	0	0	0	0	0	0	0	0	0	0	0	0	0	0	0	0	0	0	0	0	0	0	0	0	0	0	0	0	0	0	0	0	0	0	0	0	0	0	0	0	0	0	0	0	0	0	0	0	0	0	0	0	0	0	0	0	0	0	0	0	0	0	0	0	0	0	0	2	0	0	5	0	0	0	0	0	0	0	0	0	0	0	0	0	0	0	0	0	0	0	0	0	0	0	0	0	0	3	0	0	0	0	0	0
Chromista;Bacillariophyta;Coscinodiscophyceae;Leptocylindrales;Leptocylindraceae;Leptocylindrus;Leptocylindrus convexus	Diatoms	0	0	0	0	0	0	0	0	0	0	0	0	0	0	0	0	0	0	0	0	0	0	0	0	0	0	0	0	0	0	0	0	0	0	0	0	0	0	0	0	0	0	0	0	0	0	0	0	0	0	0	0	0	0	0	0	0	0	0	0	0	0	0	0	0	0	0	0	0	0	0	0	0	2	0	0	0	0	2	0	0	0	0	0	0	0	0	0	0	23	0	0	0	0	0	0	0	0	0	0	0	0	0	0	0	0	0	0	0	0	0	0	0	0	0	0	0	0	0	0	0	0	0
Chromista;Bacillariophyta;Coscinodiscophyceae;Leptocylindrales;Leptocylindraceae;Leptocylindrus;Leptocylindrus danicus	Diatoms	0	0	0	0	0	0	0	0	10	7	0	0	0	0	0	0	2	0	0	8	0	0	0	0	0	0	0	0	6	0	90	0	0	4	32	14	4	0	9	0	0	0	0	0	164	45	7	12	4	5	0	0	2	4	0	0	0	6	14	2	7	0	3	0	6	5	7	5	2	0	2	0	626	24	15	0	0	0	129	8	2	9	8	0	33	9	88	62	17	0	0	0	0	0	4	0	4	0	0	0	2	0	0	0	8	4	2	19	43	19	17	22	18	48	0	242	92	106	44	34	2	0	47
Chromista;Bacillariophyta;Coscinodiscophyceae;Leptocylindrales;Leptocylindraceae;Leptocylindrus;Leptocylindrus hargravesii	Diatoms	0	0	5	0	0	0	0	0	15	0	0	0	0	2	0	0	5	0	0	0	0	0	0	0	0	0	0	0	0	0	0	0	0	0	0	0	0	0	0	0	0	0	0	0	0	0	0	0	0	0	0	0	0	0	0	0	0	0	0	0	0	0	0	0	0	0	0	0	0	0	0	0	0	0	0	0	0	0	0	0	0	0	4	0	0	0	0	0	0	0	0	0	0	0	0	0	6	0	0	0	4	0	0	0	2	0	4	3	6	6	2	2	0	0	0	2	0	0	0	0	0	0	0
Chromista;Bacillariophyta;Coscinodiscophyceae;Leptocylindrales;Leptocylindraceae;Tenuicylindrus;Tenuicylindrus belgicus	Diatoms	0	0	0	2	0	0	0	0	3	0	0	0	0	0	0	2	0	0	0	0	0	0	0	5	0	0	0	0	0	0	0	0	0	0	17	0	0	0	12	0	0	0	3	0	66	10	0	0	0	3	0	0	0	0	0	0	0	0	0	0	0	0	0	0	0	0	0	0	0	0	0	0	0	0	0	0	0	0	5	0	0	0	6	0	0	0	0	0	0	0	0	0	0	0	0	0	0	0	0	0	7	0	0	0	0	4	0	2	8	3	0	0	2	0	0	2	0	0	0	0	0	0	0
Chromista;Bacillariophyta;Coscinodiscophyceae;Melosirales;Melosiraceae;Melosira;Melosira dubia	Diatoms	38	0	0	4	0	0	44	22	0	0	12	0	0	0	34	2	0	0	0	71	0	0	0	0	0	0	0	0	2	0	0	0	0	0	0	0	0	2372	0	0	0	0	0	0	76	34	0	0	0	0	0	0	0	0	0	0	0	0	0	0	0	0	0	0	0	0	3	100	0	0	0	0	0	0	0	0	0	0	0	0	0	0	25	0	352	0	48	0	0	0	0	0	28	0	98	0	0	0	0	0	0	0	0	0	0	4	16	0	101	210	70	2	26	0	0	0	219	0	36	0	0	0	225
Chromista;Bacillariophyta;Coscinodiscophyceae;Melosirales;Stephanopyxidaceae;Stephanopyxis;Stephanopyxis nipponica	Diatoms	0	0	0	0	0	0	0	0	0	0	0	0	0	0	0	0	0	0	0	0	0	0	0	0	0	0	0	0	44	0	0	0	0	0	0	0	0	0	0	0	0	0	0	0	0	0	0	0	0	2	0	0	0	0	0	0	0	0	0	0	0	0	0	0	0	0	0	0	0	0	0	0	0	0	0	0	0	0	0	0	0	0	0	0	0	0	0	0	0	0	0	0	0	0	0	0	0	0	0	0	0	0	0	0	0	0	0	0	0	0	0	0	0	0	0	0	0	0	0	0	0	0	0
Chromista;Bacillariophyta;Coscinodiscophyceae;Melosirales;Stephanopyxidaceae;Stephanopyxis;Stephanopyxis palmeriana	Diatoms	0	0	0	0	0	0	0	0	0	0	0	0	0	0	0	0	0	0	0	0	0	0	0	0	0	0	0	0	0	0	0	0	0	0	0	0	0	0	0	0	0	0	0	0	27	0	0	0	0	0	0	0	0	0	0	0	0	0	0	0	0	0	0	0	0	0	0	0	0	0	0	0	0	0	0	0	0	0	0	0	0	0	0	0	0	0	4	3	0	0	0	0	0	0	0	0	0	0	0	0	0	0	0	0	0	0	0	0	0	0	0	0	0	0	0	0	0	0	0	0	0	0	0
Chromista;Bacillariophyta;Coscinodiscophyceae;Melosirales;Stephanopyxidaceae;Stephanopyxis;Stephanopyxis turris	Diatoms	0	0	0	0	0	0	0	0	4	0	0	0	0	0	0	0	0	0	0	0	0	0	0	0	0	0	0	0	0	0	0	0	0	0	39	0	0	0	10	0	0	0	3	0	0	0	0	0	0	3	0	0	0	0	0	0	0	0	0	0	23	5	0	0	0	0	0	0	0	0	0	0	0	0	0	0	0	2	7	0	0	0	0	0	0	0	0	5	0	0	0	0	0	0	0	0	0	0	0	0	0	0	0	0	3	0	0	0	0	0	0	0	0	0	0	0	8	9	4	0	0	5	0
Chromista;Bacillariophyta;Coscinodiscophyceae;Paraliales;Paraliaceae;Paralia;Paralia sol	Diatoms	4	0	6	7	0	0	0	0	0	0	0	0	0	0	29	0	0	0	548	0	0	0	3	267	0	0	0	0	0	0	308	0	0	9	5032	0	0	0	0	0	1601	0	23	5	1209	83	31	197	1868	1193	0	0	2509	4833	0	0	47	0	0	40	91	0	0	4	0	0	7	0	174	0	11	0	734	696	0	501	1193	0	613	8731	132	705	17	0	701	0	2120	2117	990	584	0	0	0	0	0	0	27	0	0	0	11	229	7	0	148	2	23	0	0	0	0	0	0	193	5	7	2	5	2	0	0	0	0
Chromista;Bacillariophyta;Coscinodiscophyceae;Rhizosoleniales;Rhizosoleniaceae	Diatoms	0	0	0	0	0	0	0	0	0	0	0	0	0	0	0	0	0	0	0	0	0	0	0	0	0	0	0	0	0	0	0	0	0	0	0	0	0	0	0	0	0	0	0	0	0	0	0	0	0	0	0	0	0	0	0	0	0	0	0	0	0	0	0	0	0	0	0	0	0	0	0	0	0	0	0	0	0	0	0	0	0	0	0	0	0	0	0	0	6	0	0	0	0	0	0	0	0	0	0	0	0	0	0	0	0	2	0	0	137	0	0	0	0	0	0	0	4	0	0	0	4	0	0
Chromista;Bacillariophyta;Coscinodiscophyceae;Rhizosoleniales;Rhizosoleniaceae;Rhizosolenia;Rhizosolenia setigera	Diatoms	0	0	0	0	0	0	4	0	0	0	0	0	0	10	0	0	6	0	0	0	0	0	0	0	0	0	0	0	0	0	0	0	0	8	0	0	0	0	0	0	0	0	0	0	0	0	0	0	0	0	0	0	0	0	0	0	0	0	0	0	0	0	0	0	0	0	0	0	0	0	0	0	0	0	0	0	0	0	0	0	0	0	0	0	0	0	0	0	0	0	0	0	0	0	2	0	7	0	0	0	3	0	0	0	0	0	0	11	12	26	6	12	9	3	0	0	0	2	0	0	0	4	0
Chromista;Bacillariophyta;Coscinodiscophyceae;Stephanodiscales;Stephanodiscaceae	Diatoms	0	0	0	0	0	0	0	0	0	0	0	0	0	0	0	0	0	0	0	0	0	0	0	0	0	0	0	0	0	0	0	0	0	0	0	0	0	0	0	0	0	0	0	0	0	0	0	0	0	0	0	0	0	0	0	0	0	0	0	0	0	0	3	0	0	0	0	0	0	0	0	0	0	0	0	0	0	2	0	0	0	0	0	0	0	0	0	0	0	0	0	0	0	0	0	0	0	0	0	0	0	0	0	0	0	0	0	0	0	0	0	0	0	0	0	0	0	0	0	0	0	0	0
Chromista;Bacillariophyta;Coscinodiscophyceae;Stephanodiscales;Stephanodiscaceae;Cyclotella	Diatoms	0	0	0	15	0	11	0	0	0	0	0	0	0	0	18	5	0	0	0	0	0	0	0	0	0	0	0	0	0	0	2	0	12	47	46	4	0	9	62	0	0	14	0	16	4	15	0	20	51	18	0	0	20	0	0	20	0	0	5	0	26	2	19	0	8	0	9	0	2	2	0	0	4	0	24	0	17	65	2	2	11	6	29	0	0	2	0	35	3	0	0	0	0	0	0	0	9	2	2	0	7	0	0	0	3	15	11	0	2	0	0	0	0	14	0	0	0	3	0	0	0	0	6
Chromista;Bacillariophyta;Coscinodiscophyceae;Stephanodiscales;Stephanodiscaceae;Cyclotella;Cyclotella bodanica	Diatoms	0	0	0	0	0	0	0	0	0	0	0	0	0	0	0	2	0	0	0	0	0	0	0	0	0	0	0	0	0	0	0	0	0	0	0	0	0	0	0	0	0	0	0	0	2	3	0	0	0	0	0	0	0	0	0	0	0	0	0	0	0	0	3	0	0	0	0	0	0	0	0	0	2	0	0	0	2	0	0	0	0	0	3	0	0	0	0	0	0	0	0	0	0	0	0	0	0	0	0	0	0	0	0	0	0	0	0	0	0	0	0	0	0	0	0	0	0	0	2	0	0	0	0
Chromista;Bacillariophyta;Coscinodiscophyceae;Stephanodiscales;Stephanodiscaceae;Cyclotella;Cyclotella choctawhatcheeana	Diatoms	2	0	15	304	0	137	0	0	4	0	7	45	67	13	805	447	10	5	0	0	6	0	0	0	0	0	0	0	0	2	2	17	288	1357	1901	108	40	4	716	24	0	8	77	311	106	431	48	58	192	527	0	0	1740	0	0	795	188	0	557	37	11	16	674	76	172	0	556	50	294	111	0	0	640	197	1867	0	1003	7745	337	154	739	484	305	0	0	165	115	3254	172	2	0	0	0	0	0	0	445	83	61	2	730	69	176	0	165	159	93	0	0	0	0	2	0	71	0	0	2	3	25	0	0	18	170
Chromista;Bacillariophyta;Coscinodiscophyceae;Stephanodiscales;Stephanodiscaceae;Cyclotella;Cyclotella litoralis	Diatoms	0	0	0	3	0	0	0	0	0	0	0	0	0	0	12	5	0	0	0	0	0	0	0	0	0	0	0	0	0	0	0	0	3	21	23	2	0	0	6	0	0	0	0	4	0	3	0	0	2	9	0	0	20	0	0	9	2	0	0	0	0	0	3	0	3	0	0	0	4	2	0	0	8	0	19	0	12	75	3	0	2	3	3	0	0	0	0	22	2	0	0	0	0	0	0	0	11	0	4	0	4	0	0	0	3	0	0	0	0	0	0	0	0	0	0	0	0	0	0	0	0	0	2
Chromista;Bacillariophyta;Coscinodiscophyceae;Stephanodiscales;Stephanodiscaceae;Cyclotella;Cyclotella sp. 119	Diatoms	0	6	14	29	8	8	0	2	0	0	18	6	15	0	70	44	0	12	3	0	0	5	15	0	0	20	9	69	0	0	0	4	38	163	218	65	13	2	84	49	0	7	4	34	19	47	5	19	33	65	0	0	282	0	61	81	28	0	69	4	0	12	73	8	24	85	156	7	47	14	31	0	53	46	291	0	90	940	46	94	86	44	29	5	0	11	11	410	18	26	97	11	0	2	4	4	46	163	13	0	80	7	14	2	19	11	8	0	0	3	0	8	5	8	0	2	0	4	5	7	0	2	51
Chromista;Bacillariophyta;Coscinodiscophyceae;Stephanodiscales;Stephanodiscaceae;Discostella;Discostella woltereckii	Diatoms	0	0	0	0	0	0	0	0	0	0	0	0	0	0	0	0	0	0	236	0	0	0	0	0	0	0	0	0	0	0	0	0	0	0	0	0	0	0	0	0	0	0	0	0	0	0	0	0	0	0	0	0	0	0	0	0	0	0	61	0	0	0	0	0	0	0	0	0	0	0	0	0	0	0	0	0	0	0	0	0	0	0	0	0	0	0	0	0	0	0	0	0	0	0	0	0	0	0	0	0	0	0	0	0	0	0	0	0	0	0	837	0	0	0	0	0	0	0	0	0	0	0	0
Chromista;Bacillariophyta;Coscinodiscophyceae;Stephanodiscales;Stephanodiscaceae;Stephanodiscus;Stephanodiscus niagarae	Diatoms	0	0	0	0	0	0	0	0	0	0	0	0	0	0	0	0	0	0	0	0	0	0	0	0	0	0	0	0	0	0	0	0	0	0	0	0	0	0	0	0	0	0	0	0	0	0	0	0	0	0	0	0	0	0	0	0	0	0	0	0	0	0	0	0	0	0	0	0	0	0	0	0	0	0	0	0	0	0	0	0	0	0	0	0	0	0	0	3	0	0	0	0	0	0	0	0	0	0	0	0	0	0	0	0	0	0	2	0	0	0	0	0	0	0	0	0	0	0	0	0	0	0	0
Chromista;Bacillariophyta;Coscinodiscophyceae;Thalassiosirales	Diatoms	0	0	15	56	0	194	8	2	6	5	0	0	0	5	168	51	8	0	0	16	0	0	0	0	0	0	0	0	0	0	0	0	0	11	6	0	0	0	14	0	0	0	3	5	32	13	0	0	0	21	0	0	9	0	0	8	0	0	0	3	4	0	6	0	2	0	32	0	12	0	0	0	32	24	18	0	5	15	103	101	23	24	81	2	134	11	44	229	41	0	0	0	7	0	4	0	3	0	0	0	40	0	18	0	22	74	33	13	38	19	28	23	21	0	0	48	27	24	9	3	0	0	0
Chromista;Bacillariophyta;Coscinodiscophyceae;Thalassiosirales;Lauderiaceae;Lauderia	Diatoms	0	0	0	16	0	40	0	0	0	0	0	0	0	0	2	147	0	0	0	0	0	0	0	0	0	0	0	0	0	0	0	0	0	0	0	0	0	0	0	0	0	0	0	0	0	0	0	0	0	0	0	0	0	0	0	0	0	0	0	0	0	6	0	0	0	0	0	0	0	0	0	0	0	2	50	86	0	26	3	0	7	14	49	23	0	0	10	18	9	0	0	0	0	0	0	0	0	0	0	0	60	0	59	0	72	21	15	0	0	0	0	0	0	0	0	0	0	0	0	0	0	0	0
Chromista;Bacillariophyta;Coscinodiscophyceae;Thalassiosirales;Skeletonemataceae;Skeletonema	Diatoms	0	0	25	13	0	18	2	2	2	3	0	0	0	5	4	55	7	0	0	3	0	0	0	0	0	0	0	0	0	0	0	0	12	41	58	11	19	53	89	2	56	13	13	24	305	139	6	66	34	111	0	0	0	34	0	0	3	31	7	0	94	37	36	4	8	0	11	0	8	4	4	0	52	2	16	0	3	60	44	63	13	8	12	25	4	0	9	25	5	0	0	0	0	0	2	0	24	0	0	0	21	0	8	0	17	28	0	6	16	33	27	37	146	7	0	56	26	9	6	0	5	12	24
Chromista;Bacillariophyta;Coscinodiscophyceae;Thalassiosirales;Skeletonemataceae;Skeletonema;Skeletonema costatum	Diatoms	0	0	0	0	0	0	0	0	0	0	0	0	0	0	0	0	0	0	0	0	0	0	0	0	0	0	0	0	0	0	0	0	0	0	0	0	0	0	0	0	0	0	0	0	2	0	0	0	0	0	0	0	0	0	0	0	0	0	0	0	0	0	0	0	0	0	0	0	0	0	0	0	0	0	0	0	0	0	0	0	0	0	0	0	0	0	0	0	0	0	0	0	0	0	0	0	0	0	0	0	0	0	0	0	0	0	0	0	0	0	0	0	2	0	0	0	0	0	0	0	0	0	0
Chromista;Bacillariophyta;Coscinodiscophyceae;Thalassiosirales;Skeletonemataceae;Skeletonema;Skeletonema pseudocostatum	Diatoms	0	0	0	5	0	20	12	9	2	0	0	2	0	0	4	42	3	0	0	33	0	0	0	0	0	0	0	0	0	0	0	9	67	350	476	94	40	6	241	42	304	6	2	13	350	153	16	227	138	17	0	0	9	268	0	10	32	108	75	25	93	3	9	0	8	0	9	0	6	0	4	0	126	23	43	0	35	5	44	141	10	35	15	0	6	2	74	21	4	0	0	0	15	0	19	0	69	0	0	0	37	0	20	0	71	13	0	5	3	2	5	4	6	2	0	161	186	61	77	12	18	52	209
Chromista;Bacillariophyta;Coscinodiscophyceae;Thalassiosirales;Thalassiosiraceae	Diatoms	0	0	2	141	0	169	37	38	0	3	0	0	0	0	279	79	4	0	0	41	0	0	0	0	0	0	0	4	2	0	0	6	26	68	113	5	14	7	116	3	18	5	4	4	64	111	6	36	43	37	0	0	23	46	0	0	6	38	26	23	11	15	13	6	27	3	112	0	6	10	0	0	83	23	95	32	42	36	88	112	75	53	73	9	13	18	60	215	7	12	3	0	24	0	37	0	7	0	0	0	81	0	25	0	62	68	14	7	3	15	5	22	24	4	0	87	87	255	212	186	349	18	35
Chromista;Bacillariophyta;Coscinodiscophyceae;Thalassiosirales;Thalassiosiraceae;Conticribra;Conticribra guillardii	Diatoms	0	0	2	35	0	230	0	0	0	0	0	0	0	0	132	48	0	0	0	0	0	0	0	0	0	0	0	0	0	0	0	0	0	0	0	0	0	0	5	0	0	0	0	0	0	3	0	0	0	3	0	0	0	0	0	0	0	0	0	0	0	0	0	0	0	0	0	0	0	0	0	0	0	0	0	0	0	0	0	0	0	3	22	0	0	0	0	7	0	0	0	0	0	0	0	0	0	0	0	0	11	0	7	0	0	15	24	0	0	0	0	0	0	0	0	0	0	0	0	0	0	0	0
Chromista;Bacillariophyta;Coscinodiscophyceae;Thalassiosirales;Thalassiosiraceae;Minidiscus	Diatoms	0	0	63	2225	0	3370	1033	980	20	28	11	0	0	17	4988	862	27	14	3	755	4	0	0	8	0	0	14	0	42	0	3	46	110	635	523	41	282	26	880	36	295	159	77	113	385	317	41	202	811	238	0	13	216	1142	6	81	185	380	524	136	460	253	97	34	39	108	109	3	29	41	13	0	1010	168	1012	1005	500	362	316	816	143	281	1163	181	211	45	453	244	45	164	125	7	493	0	1065	0	26	0	25	0	746	8	248	0	1194	590	387	212	320	479	433	630	973	11	0	2150	2413	7112	5652	6157	11230	264	78
Chromista;Bacillariophyta;Coscinodiscophyceae;Thalassiosirales;Thalassiosiraceae;Minidiscus;Minidiscus sp. RCC4810	Diatoms	0	0	0	0	0	2	10	19	0	0	0	0	0	0	0	0	0	0	0	34	0	0	0	0	0	0	0	0	0	0	0	0	0	0	3	0	0	0	0	0	0	0	0	0	0	0	0	0	0	0	0	0	0	0	0	0	0	0	0	0	0	0	0	0	0	0	0	0	0	0	0	0	0	0	0	0	0	0	0	0	0	0	0	0	0	0	0	0	0	0	0	0	12	0	19	0	0	0	0	0	0	0	0	0	0	0	0	0	0	0	0	0	0	0	0	31	21	34	11	14	4	0	0
Chromista;Bacillariophyta;Coscinodiscophyceae;Thalassiosirales;Thalassiosiraceae;Minidiscus;Minidiscus spinulatus	Diatoms	0	0	0	0	0	4	30	53	0	0	0	0	0	0	0	2	0	0	0	102	0	0	0	0	0	0	0	0	0	0	0	0	2	0	4	3	3	0	0	0	0	0	0	0	0	0	0	0	3	0	0	0	0	0	0	0	0	0	0	0	3	0	0	0	0	0	0	0	0	0	0	0	0	0	0	0	0	0	0	0	0	0	5	0	0	0	0	3	0	0	0	0	47	0	89	0	2	0	0	0	0	0	0	0	0	0	0	0	0	0	0	0	0	0	0	123	82	133	48	37	40	0	0
Chromista;Bacillariophyta;Coscinodiscophyceae;Thalassiosirales;Thalassiosiraceae;Minidiscus;Minidiscus trioculatus	Diatoms	0	0	0	5	0	0	0	0	0	0	0	0	0	0	8	2	0	0	0	3	0	0	0	0	0	0	0	0	0	0	0	0	0	0	2	0	0	0	0	0	2	0	0	0	0	0	0	0	3	0	0	0	0	0	0	0	0	0	0	0	0	0	0	0	0	0	0	0	0	0	0	0	0	0	0	0	0	0	0	2	0	0	0	0	0	0	2	0	0	0	0	0	0	0	2	0	0	0	0	0	5	0	0	0	0	0	0	0	0	0	4	0	0	0	0	4	0	5	2	8	15	0	0
Chromista;Bacillariophyta;Coscinodiscophyceae;Thalassiosirales;Thalassiosiraceae;Thalassiosira	Diatoms	0	0	39	2	0	4	4	4	2	4	0	0	0	0	9	17	6	2	0	2	0	0	6	4	0	0	0	0	0	0	0	8	14	25	43	2	3	0	31	0	70	14	10	8	25	102	5	12	68	34	0	0	18	16	0	4	7	0	40	6	4	3	9	11	10	2	21	5	7	8	0	0	33	59	31	3	20	45	41	53	23	22	12	4	5	26	19	73	16	2	0	0	0	0	3	0	3	0	0	0	14	0	9	0	32	9	4	2	0	7	3	0	0	2	0	4	9	18	5	4	7	6	35
Chromista;Bacillariophyta;Coscinodiscophyceae;Thalassiosirales;Thalassiosiraceae;Thalassiosira;Thalassiosira concaviuscula	Diatoms	0	0	0	0	0	0	0	0	0	0	0	0	0	0	0	0	0	0	0	4	0	0	0	0	0	0	0	0	0	0	0	0	15	0	6	0	0	0	0	0	0	0	4	2	4	2	0	0	0	2	0	0	11	0	0	2	0	0	0	0	17	0	2	0	0	0	0	0	0	0	0	0	0	0	0	0	0	0	0	0	0	2	0	0	0	0	0	0	0	0	0	0	0	0	0	0	0	0	0	0	0	0	0	0	0	0	0	4	4	3	0	0	3	0	0	4	0	0	0	0	0	0	0
Chromista;Bacillariophyta;Coscinodiscophyceae;Thalassiosirales;Thalassiosiraceae;Thalassiosira;Thalassiosira delicatula	Diatoms	0	0	14	0	0	16	35	23	0	0	0	0	0	0	6	51	6	0	0	56	7	0	0	0	5	0	0	0	0	0	4	0	28	239	182	55	67	4	3	0	0	0	12	0	0	11	0	0	5	28	0	0	17	0	0	8	0	0	0	0	74	40	3	0	0	0	15	0	0	2	0	0	0	0	0	0	0	0	0	0	0	0	12	0	0	0	0	5	0	0	0	0	24	0	66	0	312	0	0	0	78	0	32	0	12	9	4	0	5	2	3	7	0	2	0	44	87	22	33	23	35	227	87
Chromista;Bacillariophyta;Coscinodiscophyceae;Thalassiosirales;Thalassiosiraceae;Thalassiosira;Thalassiosira hendeyi	Diatoms	0	0	0	4	0	2	5	2	0	0	0	0	0	2	3	0	0	0	0	8	0	0	0	0	0	0	0	0	4	0	0	0	4	6	8	0	2	0	7	0	14	5	0	0	3	19	0	4	7	2	0	0	3	4	0	5	2	0	8	0	0	0	4	2	3	0	4	0	0	2	0	0	3	10	3	6	4	10	6	8	4	4	0	2	2	5	3	13	3	0	0	0	4	0	6	0	0	0	0	0	2	0	0	0	3	0	0	0	0	0	0	0	0	0	0	9	3	8	6	5	2	0	16
Chromista;Bacillariophyta;Coscinodiscophyceae;Thalassiosirales;Thalassiosiraceae;Thalassiosira;Thalassiosira minima	Diatoms	0	0	0	6	0	5	0	4	0	0	0	0	0	0	8	3	0	0	0	5	0	0	0	0	0	0	0	0	0	0	0	0	3	11	6	0	0	0	5	0	11	3	0	0	6	21	3	2	10	2	0	0	4	9	0	2	0	0	20	0	0	0	4	3	0	0	2	2	0	0	0	0	5	8	4	0	8	7	4	18	2	11	2	2	2	7	5	14	0	0	0	0	0	0	4	0	0	0	0	0	5	0	2	0	5	2	0	0	0	0	0	0	0	0	0	9	5	10	5	5	2	0	11
Chromista;Bacillariophyta;Coscinodiscophyceae;Thalassiosirales;Thalassiosiraceae;Thalassiosira;Thalassiosira oceanica	Diatoms	0	0	0	388	0	630	67	68	4	0	0	0	0	5	354	114	5	0	0	80	0	0	0	0	2	0	0	0	0	0	0	0	2	37	2	0	0	0	31	0	0	0	7	16	3	19	0	17	7	18	0	0	53	157	0	6	12	3	46	3	2	8	2	2	0	0	0	0	2	0	0	0	0	5	19	0	30	70	2	0	4	14	224	14	0	14	84	39	15	14	0	0	42	0	86	0	22	0	0	0	103	0	28	0	18	93	135	34	62	24	32	17	3	0	0	479	491	363	498	340	291	17	0
Chromista;Bacillariophyta;Coscinodiscophyceae;Thalassiosirales;Thalassiosiraceae;Thalassiosira;Thalassiosira pseudonana	Diatoms	0	0	0	0	0	0	0	0	0	0	0	0	0	0	0	0	0	0	0	0	0	0	0	0	0	0	0	0	0	0	0	0	0	0	0	0	0	0	0	0	0	0	0	6	0	0	0	0	0	0	0	0	0	0	0	0	0	0	0	0	0	0	0	0	0	0	0	0	0	0	0	0	0	0	0	0	0	0	0	0	0	0	0	0	0	0	0	0	0	0	0	0	0	0	0	0	0	0	0	0	0	0	0	0	0	0	0	0	7	0	0	0	0	0	0	0	0	2	0	0	0	0	0
Chromista;Bacillariophyta;Coscinodiscophyceae;Thalassiosirales;Thalassiosiraceae;Thalassiosira;Thalassiosira punctigera	Diatom	0	0	0	35	0	79	0	0	0	0	0	0	0	0	110	34	0	0	0	0	0	0	0	0	0	0	0	0	0	0	0	0	0	0	0	0	0	8	7	0	0	0	0	0	0	0	0	0	0	3	0	0	0	0	0	0	0	0	0	0	0	0	0	0	3	0	0	0	0	0	0	0	38	11	0	50	8	13	19	0	8	12	66	0	0	0	30	11	12	17	0	0	0	0	0	0	0	0	0	0	25	0	16	0	42	42	42	0	0	0	0	0	0	0	0	0	0	0	0	0	0	0	5
Chromista;Bacillariophyta;Coscinodiscophyceae;Thalassiosirales;Thalassiosiraceae;Thalassiosira;Thalassiosira rotula	Diatoms	0	0	0	2	0	0	0	0	0	0	0	0	0	0	0	0	0	0	0	0	0	0	0	0	0	0	0	0	0	0	0	0	0	0	0	0	0	0	0	0	0	0	0	0	0	0	0	0	0	0	0	0	0	0	0	0	0	0	0	0	0	0	0	0	0	0	0	0	0	0	0	0	0	0	0	0	0	0	0	0	0	0	0	0	0	0	0	0	0	0	0	0	0	0	0	0	0	0	0	0	0	0	0	0	0	0	0	0	0	0	0	0	0	0	0	0	2	10	15	5	10	0	0
Chromista;Bacillariophyta;Coscinodiscophyceae;Thalassiosirales;Thalassiosiraceae;Thalassiosira;Thalassiosira sp.	Diatoms	0	0	0	89	0	98	0	0	0	0	0	0	0	4	59	304	0	0	0	0	0	0	0	0	0	0	0	0	0	0	0	2	2	15	9	0	0	7	50	0	437	0	3	2	35	53	0	0	9	6	0	0	2	2	0	7	0	0	3	2	30	4	15	6	20	0	48	0	2	5	0	0	4	5	45	0	188	634	88	13	14	109	140	9	0	30	0	77	11	0	2	0	0	0	0	0	0	0	0	0	394	0	89	0	24	103	76	0	0	0	0	0	0	0	0	0	3	2	0	0	0	0	6
Chromista;Bacillariophyta;Coscinodiscophyceae;Thalassiosirales;Thalassiosiraceae;Thalassiosira;Thalassiosira sp. UNC1417	Diatoms	0	0	0	0	0	0	3	0	0	0	0	0	0	0	0	4	0	0	0	0	0	2	0	0	0	0	0	0	0	0	0	0	5	21	16	7	6	0	4	0	0	0	2	0	0	0	0	0	0	0	0	0	0	0	0	0	0	0	0	0	7	0	0	0	0	0	0	0	0	0	0	0	0	0	0	0	0	0	0	0	0	0	0	0	0	0	0	0	0	0	0	0	2	0	7	0	10	0	0	0	5	0	0	0	0	0	0	0	0	0	0	0	0	0	0	2	0	0	2	0	5	10	2
Chromista;Bacillariophyta;Fragilariophyceae;Fragilariales;Fragilariaceae;Asteroplanus;Asteroplanus karianus	Diatoms	0	0	0	0	0	0	0	0	0	0	0	0	0	0	0	0	0	0	0	0	0	0	0	0	0	0	0	0	0	0	0	0	0	0	0	0	0	0	0	0	0	0	0	0	0	0	0	0	0	0	0	0	0	0	0	0	0	0	0	0	0	0	0	0	0	0	0	0	0	0	0	0	0	0	0	0	0	0	0	0	0	0	0	0	0	0	0	0	0	0	0	0	0	0	0	0	0	0	0	0	0	0	0	0	0	0	0	0	0	0	0	0	0	0	0	13	3	2	0	0	0	0	0
Chromista;Bacillariophyta;Fragilariophyceae;Fragilariales;Fragilariaceae;Fragilaria;Fragilaria vaucheriae	Diatoms	0	0	0	0	0	0	0	0	0	0	0	0	0	0	0	0	0	0	0	0	0	0	0	0	0	0	0	0	0	0	0	0	0	0	0	0	0	0	0	0	0	0	0	0	0	0	0	0	0	0	0	0	0	0	0	0	0	0	0	0	0	0	0	0	0	0	0	0	0	0	0	0	0	0	0	0	0	0	0	0	0	0	2	0	0	0	0	0	0	0	0	0	0	0	0	0	0	0	0	0	0	0	0	0	0	0	0	0	0	0	0	0	0	0	0	0	0	0	0	0	0	0	0
Chromista;Bacillariophyta;Fragilariophyceae;Fragilariales;Staurosiraceae;Staurosira;Staurosira cf. mutabilis	Diatoms	0	0	0	0	0	0	0	0	0	0	0	0	0	0	0	0	0	0	0	0	0	0	0	0	0	0	0	0	0	0	0	0	0	0	0	43	0	0	0	0	0	0	0	0	0	0	0	0	0	0	0	0	0	0	0	0	0	0	0	0	0	0	0	0	0	0	0	0	0	0	0	0	0	0	0	0	0	0	0	0	0	0	0	0	0	0	0	0	0	0	0	0	0	0	0	0	0	0	0	0	0	0	0	0	0	0	0	0	0	0	0	0	0	0	0	0	0	0	0	0	0	0	0
Chromista;Bacillariophyta;Fragilariophyceae;Licmophorales;Ulnariaceae	Diatoms	0	0	0	0	0	0	0	0	0	0	0	0	0	0	0	0	0	0	0	0	0	0	0	0	0	0	0	0	0	0	0	0	0	0	0	0	0	0	0	0	0	0	0	0	0	0	0	0	0	0	0	0	0	0	0	0	0	0	0	0	0	0	0	0	0	0	0	0	0	0	0	0	0	0	0	0	0	2	0	0	0	0	13	0	0	0	0	0	0	0	0	0	0	0	0	0	0	0	0	0	0	0	0	0	0	0	3	0	0	0	0	0	0	0	0	0	0	0	0	0	0	0	0
Chromista;Bacillariophyta;Fragilariophyceae;Licmophorales;Ulnariaceae;Catacombas;Catacombas gaillonii	Diatoms	0	0	0	0	0	0	0	0	0	0	0	0	0	0	0	2	0	0	0	0	0	0	0	0	0	0	0	0	0	0	0	0	0	0	0	0	0	0	0	0	0	0	0	0	0	0	0	0	0	0	0	0	0	0	0	0	0	0	0	10	0	0	0	0	0	0	0	0	0	0	0	0	0	0	0	0	0	0	0	0	0	0	23	0	0	0	0	0	0	0	0	0	0	0	0	0	0	0	0	0	4	0	0	0	0	21	12	0	0	0	0	0	0	0	0	0	0	0	0	0	0	0	0
Chromista;Bacillariophyta;Fragilariophyceae;Licmophorales;Ulnariaceae;Tabularia	Diatoms	0	0	0	6	0	24	0	0	0	0	0	0	0	0	21	2	0	0	0	0	0	0	0	0	0	0	0	0	0	0	0	0	0	0	16	0	0	0	0	0	0	0	0	0	0	0	0	0	0	3	0	0	0	0	0	0	0	0	0	0	0	0	0	0	0	0	0	0	0	0	0	0	0	0	0	0	0	0	0	0	0	0	13	0	0	0	0	0	0	0	0	0	0	0	0	0	0	0	0	0	3	0	0	0	0	2	2	0	0	0	0	0	0	0	0	0	0	0	2	0	3	0	0
Chromista;Bacillariophyta;Fragilariophyceae;Licmophorales;Ulnariaceae;Ulnaria;Ulnaria ulna	Diatoms	0	0	0	0	0	0	0	0	0	3	0	0	0	0	0	0	0	0	0	0	0	0	5	0	0	0	0	0	0	0	0	0	0	0	0	3	0	4	0	0	0	0	0	0	0	0	0	0	0	0	0	0	0	0	0	0	0	0	0	0	0	0	0	0	0	0	0	0	0	0	0	0	0	0	0	102	0	0	0	0	0	0	0	0	0	0	0	0	0	0	0	0	0	0	0	0	0	0	0	0	0	0	0	0	0	0	0	2	0	0	0	0	0	0	0	0	0	0	0	0	0	0	2
Chromista;Bacillariophyta;Fragilariophyceae;Rhabdonematales;Grammatophoraceae;Grammatophora	Diatoms	0	0	0	0	0	0	0	0	0	0	0	0	0	0	0	0	0	0	0	0	0	0	0	0	0	0	0	0	0	0	0	0	0	0	0	0	0	0	0	0	0	0	0	0	0	0	0	0	0	0	0	0	0	0	0	0	0	0	0	0	0	0	0	0	0	0	0	0	0	0	0	0	0	0	0	24	0	0	3	0	0	0	0	0	10	0	0	0	0	0	0	0	0	0	0	0	0	0	0	0	2	0	0	0	0	0	0	0	0	0	0	0	0	0	0	0	0	0	0	0	0	0	0
Chromista;Bacillariophyta;Mediophyceae;Anaulales;Anaulaceae;Eunotogramma;Eunotogramma laevis	Diatoms	0	0	38	17	0	15	0	0	11	15	4	6	20	8	9	63	32	4	0	0	0	2	0	4	0	0	7	0	25	0	11	17	6	11	42	3	2	2	33	9	54	16	18	25	109	97	10	22	43	42	0	0	25	74	4	3	4	0	10	11	32	14	14	4	6	2	20	4	4	0	0	0	60	11	25	34	8	30	55	136	26	29	75	8	13	8	78	82	15	10	0	0	0	0	0	0	2	0	2	0	80	3	34	0	11	51	50	2	3	5	3	0	7	0	0	4	4	2	3	3	2	12	69
Chromista;Bacillariophyta;Mediophyceae;Biddulphiales;Biddulphiaceae;Biddulphia;Biddulphia sp. CCMP147	Diatoms	0	0	0	0	0	0	6	2	7	13	0	0	0	0	0	0	0	0	0	4	0	0	0	0	0	0	0	0	0	0	0	0	0	0	0	0	0	0	0	0	0	0	0	0	0	0	0	0	8	0	0	0	0	0	0	0	0	0	0	0	0	0	0	0	0	0	0	0	0	0	0	0	0	0	0	0	0	0	0	0	0	0	17	0	0	0	0	3	0	0	0	0	0	0	2	0	0	0	0	0	0	0	0	0	0	0	7	0	0	0	0	0	0	0	0	0	0	4	0	0	0	0	0
Chromista;Bacillariophyta;Mediophyceae;Cymatosirales;Cymatosiraceae;Minutocellus;Minutocellus sp. CCMP1701	Diatoms	0	0	0	14	0	49	247	105	0	0	0	0	0	0	24	7	0	0	0	74	0	0	0	0	0	0	0	0	0	0	0	0	0	4	12	0	0	0	6	6	4	0	0	0	2	3	0	0	21	0	0	0	5	5	0	0	3	12	19	0	3	0	0	0	0	0	2	0	0	0	0	0	135	3	5	15	21	4	12	27	7	6	11	2	27	3	4	10	3	0	0	0	48	0	156	0	3	0	0	0	4	0	2	0	19	9	2	5	14	13	7	7	5	0	0	430	557	1269	1106	858	1095	98	2
Chromista;Bacillariophyta;Mediophyceae;Hemiaulales;Hemiaulaceae;Eucampia	Diatoms	0	0	38	69	0	148	68	20	0	0	0	0	0	0	19	444	7	2	0	22	0	0	13	0	0	2	0	0	28	0	12	0	15	31	16	0	14	0	25	32	0	16	59	29	21	20	0	20	0	47	0	7	27	0	0	0	0	2	89	2	0	11	12	2	12	0	0	4	6	8	0	0	49	0	71	0	7	2	7	0	4	30	346	0	0	0	42	55	32	12	0	0	21	0	31	0	107	0	0	0	653	2	259	0	25	176	157	99	108	151	116	104	305	21	0	59	132	62	64	59	133	75	0
Chromista;Bacillariophyta;Mediophyceae;Lithodesmiales;Lithodesmiaceae;Ditylum;Ditylum brightwellii	Diatoms	0	0	69	366	0	552	7	6	5	0	0	0	0	15	119	885	8	0	0	8	0	0	0	0	0	0	0	0	4	0	9	0	21	28	14	0	15	80	254	36	0	26	86	67	181	130	18	49	72	265	0	2	3	88	33	152	2	16	6	9	85	352	81	48	59	21	113	66	19	75	0	0	114	86	165	451	80	87	275	61	208	262	785	66	0	7	427	319	77	43	0	0	2	0	12	0	48	0	0	0	824	2	367	0	456	257	432	23	85	46	30	21	31	28	0	29	18	29	23	14	16	15	0
Chromista;Bacillariophyta;Mediophyceae;Triceratiales;Plagiogrammaceae	Diatoms	3	0	18	0	0	4	0	0	22	33	0	10	12	27	10	3	21	0	0	0	0	0	0	0	0	0	0	0	5	0	0	6	14	6	45	0	6	0	33	2	12	12	0	26	101	55	5	9	22	25	0	0	19	61	0	7	3	4	39	0	2	0	20	5	26	8	63	0	7	4	8	0	23	11	20	11	30	28	50	20	9	38	0	0	0	14	6	83	9	5	0	0	0	2	0	0	2	0	2	0	0	0	0	0	26	0	0	0	0	0	0	0	0	16	0	0	0	0	0	0	0	0	74
Chromista;Bacillariophyta;Mediophyceae;Triceratiales;Plagiogrammaceae;Psammoneis;Psammoneis pseudojaponica	Diatoms	2	0	0	2	0	2	0	0	3	2	0	3	0	4	2	2	5	0	0	0	0	0	2	0	0	0	0	0	2	0	0	0	3	0	7	0	2	0	2	2	2	0	0	0	15	11	0	0	5	6	0	0	2	7	0	2	0	0	5	0	0	0	2	0	4	0	3	0	0	0	0	0	2	2	0	0	3	3	11	4	0	3	3	0	0	2	2	16	3	0	0	0	0	0	0	0	0	0	0	0	0	0	0	0	2	0	3	0	0	0	0	0	0	0	0	0	0	0	0	0	0	0	3
Chromista;Bacillariophyta;Mediophyceae;Triceratiales;Triceratiaceae;Pleurosira;Pleurosira cf. laevis	Diatoms	0	0	0	0	0	0	0	0	0	0	0	0	0	0	2	0	0	0	0	0	0	0	0	0	0	0	0	0	0	0	0	0	0	0	0	0	0	0	0	0	0	0	0	0	0	0	0	0	3	0	0	0	0	0	0	0	0	0	2	0	0	0	0	0	0	0	0	0	0	0	0	0	0	0	0	0	0	0	0	0	0	0	0	0	0	0	0	0	0	0	0	0	0	0	0	0	0	0	0	0	0	0	0	0	0	0	0	0	0	0	0	0	0	0	3	0	0	0	0	0	0	0	0
Chromista;Cercozoa	Chromists	0	0	5	111	0	102	58	41	15	7	0	2	0	0	95	16	14	0	0	35	0	0	0	0	0	0	0	2	5	0	0	374	32	289	775	0	2	0	407	2	0	2	9	22	279	392	0	4	3	145	0	0	19	53	0	91	13	0	24	5	0	0	52	9	30	0	668	143	55	0	0	0	37	9	10	37	386	93	293	0	250	206	29	0	15	16	5	767	25	0	0	0	21	0	26	0	26	11	0	0	23	0	18	0	12	22	25	42	69	103	70	96	174	25	0	394	270	547	470	267	176	120	10
Chromista;Cercozoa;Chlorarachniophyceae	Chromists	0	0	0	0	0	0	0	0	0	0	0	0	0	0	0	0	0	0	0	0	0	0	0	0	0	0	0	0	0	0	0	0	0	0	0	0	0	0	0	0	0	0	0	0	0	0	0	0	0	0	0	0	0	0	0	0	0	0	0	0	0	0	0	0	0	0	2	0	0	0	0	0	0	2	4	0	0	0	0	0	0	0	0	0	0	0	0	0	0	0	0	0	0	0	0	0	0	0	0	0	2	0	0	0	0	0	0	0	0	0	0	0	0	0	0	0	0	0	0	0	0	0	0
Chromista;Cercozoa;Chlorarachniophyceae;NA;NA;Minorisa;Minorisa minuta	Chromists	0	0	0	0	0	0	0	0	0	0	0	0	0	0	0	0	0	0	0	0	0	0	0	0	0	0	0	0	0	0	0	0	0	0	0	0	0	0	0	0	0	0	0	0	7	0	0	0	0	0	0	0	0	0	0	0	0	0	0	0	0	0	0	0	0	0	0	0	0	0	0	0	0	0	0	0	0	0	8	0	0	0	0	0	0	0	0	0	0	0	0	0	0	0	0	0	0	0	0	0	0	0	0	0	0	0	0	0	0	0	0	0	0	0	0	0	0	0	0	0	0	0	0
Chromista;Cercozoa;Imbricatea;Euglyphida;Paulinellidae;Paulinella;Paulinella chromatophora	Chromists	0	0	0	2	0	0	0	0	0	0	0	0	4	0	0	0	0	0	0	0	0	0	0	0	0	0	0	0	0	0	0	0	0	0	0	0	0	0	0	0	0	0	0	0	6	0	0	0	0	0	0	0	0	0	0	0	0	0	0	0	0	0	0	0	0	0	0	0	0	0	0	0	0	0	24	0	0	0	2	0	0	0	18	0	0	0	0	10	0	0	0	0	0	0	2	0	0	0	0	0	0	0	3	0	0	4	3	5	0	0	4	3	0	0	0	33	4	13	0	3	0	0	0
Chromista;Cercozoa;Imbricatea;Thaumatomonadida;NA;Allas;Allas sp.	Chromists	0	0	0	0	0	0	3	0	0	0	0	0	0	0	0	0	0	0	0	0	0	0	0	0	0	0	0	0	0	0	0	0	0	0	0	0	0	0	0	0	0	0	0	0	0	0	0	0	0	0	0	0	0	0	0	0	0	0	0	0	0	0	0	0	0	0	12	0	0	0	0	0	0	0	0	0	0	0	0	0	0	0	0	0	0	0	0	0	0	0	0	0	0	0	0	0	0	0	0	0	3	0	0	0	0	0	0	0	0	0	0	0	0	0	0	37	19	0	2	2	0	0	0
Chromista;Cercozoa;Imbricatea;Thaumatomonadida;Thaumatomastigidae;Protaspis	Chromists	0	0	54	6	0	0	0	0	10	0	0	15	7	0	7	0	16	0	0	0	0	0	0	0	0	0	0	0	9	0	0	131	418	791	478	0	0	0	200	0	0	8	15	43	149	336	0	3	0	31	0	0	148	0	0	128	0	0	9	0	0	0	39	5	6	0	118	0	36	0	0	0	0	0	0	0	0	0	0	0	0	29	0	0	0	0	0	0	0	0	0	0	0	0	0	0	35	0	0	0	0	2	0	0	0	0	4	0	0	0	0	86	0	0	0	6	0	0	0	0	0	12	13
Chromista;Cercozoa;Imbricatea;Thaumatomonadida;Thaumatomastigidae;Protaspis;Protaspis obliqua	Chromists	0	0	67	0	0	0	265	106	3	55	0	2	4	24	0	0	6	0	0	422	0	0	0	0	0	0	0	0	14	0	15	25	323	1384	1342	47	29	0	63	0	0	0	2	39	111	91	23	2	4	76	0	0	187	0	0	172	0	0	0	0	0	0	34	0	85	0	401	30	28	4	0	0	36	46	0	0	0	0	13	0	16	3	3	0	0	9	19	183	85	0	0	0	105	0	149	0	44	0	0	0	0	12	0	0	5	0	0	1532	2070	3296	2560	2412	5889	103	0	3130	1521	847	509	313	71	31	229
Chromista;Cercozoa;Imbricatea;Thaumatomonadida;Thaumatomastigidae;Protaspis;Protaspis sp. CC-2009a	Chromists	0	0	0	13	0	24	0	0	8	0	0	0	0	0	0	23	8	15	0	0	0	0	0	0	0	0	0	0	0	0	0	0	57	30	25	32	0	3	31	0	0	64	33	17	327	212	7	0	90	94	0	5	56	63	15	52	0	7	122	14	0	38	29	16	39	59	78	0	0	21	0	0	74	7	202	0	66	131	86	79	10	7	67	0	39	16	220	149	57	0	0	0	0	0	3	0	3	0	0	0	79	0	14	0	7	20	8	29	5	72	40	23	2	3	2	26	14	0	0	4	5	0	0
Chromista;Cercozoa;Imbricatea;Thaumatomonadida;Thaumatomastigidae;Thaumatomastix;Thaumatomastix sp. 4 JMS-2012	Chromists	0	0	0	0	0	7	0	0	0	0	0	0	0	0	0	3	0	0	0	0	0	0	0	0	0	0	0	0	0	0	0	0	0	0	0	0	0	6	0	0	0	0	0	0	0	0	2	0	0	0	0	0	0	0	0	0	0	0	0	0	0	0	0	0	0	0	0	0	0	0	0	0	0	0	0	0	0	0	0	0	0	0	3	0	0	0	0	0	0	0	0	0	0	0	0	0	0	0	0	0	4	0	3	0	0	0	0	0	0	0	0	4	0	0	0	10	17	5	4	2	0	0	0
Chromista;Cercozoa;NA;NA;Massisteriidae;Massisteria	Chromists	0	0	0	0	0	0	0	0	0	0	0	0	0	0	0	0	0	0	0	0	0	0	0	0	0	0	0	0	0	0	0	0	0	0	0	0	0	0	0	0	0	0	0	0	0	0	0	0	0	0	0	0	0	0	0	0	0	0	0	0	0	0	0	0	0	0	0	0	0	0	0	0	0	0	0	0	0	0	0	0	0	0	0	0	0	0	0	0	0	0	0	0	0	0	0	0	0	0	0	0	0	0	0	0	0	0	0	0	0	0	0	3	0	0	0	0	2	0	0	0	0	0	0
Chromista;Cercozoa;NA;NA;NA;Gymnophrys	Chromists	0	0	0	0	0	0	0	0	0	0	0	0	0	0	0	0	0	0	0	0	0	0	0	0	0	0	0	0	0	0	0	0	0	0	0	0	0	0	0	0	0	0	0	0	0	0	0	0	0	0	0	0	0	0	0	0	0	0	0	0	0	0	0	0	0	0	0	0	0	0	0	0	0	0	0	0	0	0	0	0	0	0	0	0	0	0	0	0	0	0	0	0	0	0	0	0	0	0	0	0	0	0	0	0	0	0	0	0	0	0	0	0	0	0	0	0	5	0	0	0	0	0	0
Chromista;Cercozoa;Thecofilosea	Chromists	0	0	0	0	0	0	0	0	0	0	0	0	0	0	0	0	0	0	0	0	0	0	0	0	0	0	0	0	0	0	0	0	4	5	2	0	0	0	5	0	0	0	0	2	5	4	0	2	0	0	0	0	3	0	0	2	0	0	4	0	0	0	0	0	2	0	3	0	0	0	0	0	0	0	0	0	0	0	2	3	0	0	0	0	2	0	2	0	0	2	0	0	0	0	0	0	2	0	0	0	0	0	0	0	0	0	0	2	4	2	0	0	0	0	0	3	0	4	0	2	2	3	0
Chromista;Cercozoa;Thecofilosea;Cryomonadida;Protaspidae;Cryothecomonas;Cryothecomonas aestivalis	Chromists	0	3	72	131	0	263	82	53	121	145	3	0	4	14	102	101	102	3	12	80	0	0	69	3	0	0	28	0	81	5	65	94	502	287	383	184	17	37	1022	768	126	205	73	234	1677	1193	71	559	243	396	0	122	1219	1020	423	179	35	77	1000	53	101	46	55	18	234	122	1051	42	41	123	15	0	596	67	104	119	175	670	1113	491	113	119	212	16	811	227	622	1081	393	169	6	0	68	5	131	0	88	0	0	0	127	5	50	0	428	158	115	754	642	520	594	465	426	34	19	1007	449	552	356	159	144	186	469
Chromista;Cercozoa;Thecofilosea;Cryomonadida;Protaspidae;Cryothecomonas;Cryothecomonas longipes	Chromists	0	0	150	21	0	16	40	10	39	4	0	0	0	0	16	15	34	0	0	15	0	0	0	0	0	0	0	0	7	3	0	62	34	147	72	15	0	0	254	32	0	0	10	145	220	128	9	6	0	59	0	0	532	0	0	66	45	0	165	25	0	0	13	5	14	0	138	3	55	0	0	0	253	42	16	288	90	115	81	0	2	26	13	0	76	4	0	261	2	0	129	0	3	0	21	0	2	0	12	0	17	10	3	0	124	9	9	16	3	3	3	28	9	3	0	125	125	104	163	97	78	12	4
Chromista;Cercozoa;Thecofilosea;Cryomonadida;Rhogostomidae;NA;Rhogostomidae sp.	Chromists	0	0	0	0	0	2	0	0	0	0	0	0	0	0	0	0	0	0	0	0	0	0	0	0	0	0	0	0	0	0	0	0	0	0	0	0	0	0	0	0	0	0	0	0	10	3	0	0	0	0	0	0	0	0	0	0	0	0	0	0	0	0	0	0	0	0	0	0	0	0	0	0	0	0	0	2	0	0	0	0	0	0	5	0	0	0	0	6	0	0	0	0	0	0	0	0	0	0	0	0	0	0	0	0	0	0	3	0	0	0	0	0	0	0	0	0	0	2	0	0	0	0	0
Chromista;Cercozoa;Thecofilosea;Cryomonadida;Rhogostomidae;Rhogostoma;Rhogostoma schuessleri	Chromists	0	0	0	0	0	0	3	3	0	0	0	0	0	0	0	0	0	0	0	0	0	0	0	0	0	0	0	0	0	0	5	0	0	0	2	0	0	0	11	0	0	0	0	0	0	0	0	0	0	3	0	0	0	0	0	0	0	0	0	0	0	0	0	0	0	0	11	2	0	0	0	0	0	0	0	0	0	0	0	0	2	3	0	0	0	0	0	21	0	0	0	0	0	0	10	0	7	0	0	0	0	0	0	0	0	0	0	0	0	8	0	3	0	0	0	0	14	5	4	3	2	3	0
Chromista;Cercozoa;Thecofilosea;Phaeoconchia;Coelodendridae;Coelodendrum;Coelodendrum ramosissimum	Chromists	0	0	0	0	0	0	0	0	0	0	0	0	0	0	0	3	0	0	0	0	0	0	0	0	0	0	0	0	0	0	0	0	0	0	0	0	0	0	0	0	0	0	0	0	0	0	0	0	0	0	0	0	0	0	0	0	0	0	0	0	0	0	0	0	0	0	0	0	0	0	0	0	0	0	0	0	0	0	0	0	0	0	0	0	58	0	0	0	0	0	4	0	0	0	0	0	0	0	0	0	0	0	0	0	0	0	0	0	0	0	0	0	0	0	0	0	0	0	0	0	0	0	0
Chromista;Ciliophora	Ciliates	13	16	75	86	90	287	36	13	34	49	9	49	25	113	180	55	34	5	6	84	6	3	97	9	4	37	80	16	15	11	20	185	385	95	67	103	26	26	339	131	5	186	68	34	289	121	19	34	127	85	0	6	223	177	70	136	15	29	45	48	725	241	30	73	39	226	213	116	25	35	119	0	741	296	239	302	33	406	294	166	219	80	69	87	215	119	2058	469	277	913	30	0	8	4	73	16	88	335	35	0	70	13	17	32	84	33	20	803	1938	59	145	76	249	24	6	195	111	242	178	235	98	210	46
Chromista;Ciliophora;Armophorea;Metopida;Metopidae	Ciliates	0	0	0	0	0	0	0	0	0	0	0	0	0	0	0	0	0	0	0	0	0	0	0	0	0	0	0	0	0	0	0	0	0	0	0	0	0	0	0	0	0	0	0	0	0	0	0	0	0	0	0	0	0	0	0	0	0	0	2	0	0	0	0	0	0	0	0	0	0	0	0	0	0	0	0	0	0	0	0	0	0	0	0	0	0	0	0	0	0	0	0	0	0	0	0	0	0	0	0	0	0	0	0	0	0	0	0	0	0	0	0	0	0	0	0	0	0	0	0	0	0	0	0
Chromista;Ciliophora;Colpodea;Colpodida;Colpodidae;Colpoda;Colpoda sp.	Ciliates	0	0	0	0	0	0	0	0	0	0	13	0	0	0	0	0	0	0	0	0	0	0	0	0	0	0	0	0	0	0	0	0	0	0	0	0	0	0	0	0	0	0	0	0	0	0	0	0	0	0	0	0	0	0	0	0	0	0	0	0	0	0	0	0	0	0	0	0	0	0	0	0	0	0	0	0	0	0	0	0	0	0	0	0	0	0	0	0	0	0	0	0	0	0	0	0	0	0	0	0	0	0	0	0	0	0	0	0	0	0	0	0	0	0	0	0	0	0	0	0	0	0	0
Chromista;Ciliophora;Colpodea;Grossglockneriida;Grossglockneriidae;Pseudoplatyophrya;Pseudoplatyophrya nana	Ciliates	0	0	0	0	0	0	0	0	0	0	0	0	0	0	0	0	0	0	0	0	0	0	0	0	0	0	0	0	0	0	0	0	0	0	0	0	0	0	0	0	0	0	0	0	0	0	0	0	0	0	0	0	0	0	0	0	0	0	6	0	0	0	0	0	0	0	0	0	0	0	0	0	0	0	0	0	0	0	0	0	0	0	0	0	0	0	0	0	0	0	0	0	0	0	0	0	0	0	0	0	0	0	0	0	0	0	0	0	0	0	0	0	0	0	0	2	0	0	0	0	0	0	0
Chromista;Ciliophora;Heterotrichea;Heterotrichida	Ciliates	7	2	25	0	43	0	4	4	5	71	0	89	23	56	0	0	9	0	5	0	0	0	3	4	0	4	31	16	2	0	0	0	0	14	2	0	0	46	2	0	0	2	6	0	2	11	0	13	29	4	0	0	20	11	0	17	2	0	11	0	22	0	0	5	26	0	0	6	5	3	4	0	37	0	0	2	6	105	3	19	14	10	0	5	18	25	6	2	9	15	67	3	0	0	0	0	9	0	25	0	0	13	0	5	0	0	0	0	7	2	3	0	6	2	0	15	8	14	6	8	0	2	0
Chromista;Ciliophora;Heterotrichea;Heterotrichida;Condylostomatidae;Condylostoma	Ciliates	0	0	3	0	0	0	0	0	0	0	0	0	0	0	0	0	0	0	0	0	0	0	0	0	0	0	0	0	0	0	0	0	2	0	0	9	0	0	0	0	0	0	0	0	0	0	0	0	0	0	0	0	2	4	0	2	0	0	0	0	0	0	0	0	0	0	0	0	0	0	0	0	0	0	2	0	0	0	0	0	0	0	0	0	11	3	0	0	0	0	0	0	0	0	0	0	2	0	0	0	0	0	0	0	0	0	0	0	0	0	0	0	0	0	0	2	0	3	0	2	0	10	4
Chromista;Ciliophora;Heterotrichea;Heterotrichida;Condylostomatidae;Condylostoma;Condylostoma sp. SUAS-2014	Ciliates	0	0	0	0	0	0	0	0	0	0	0	0	0	0	0	0	0	0	0	0	0	0	0	0	0	0	0	0	0	0	0	0	0	0	0	0	0	0	0	0	0	0	0	0	0	0	0	0	0	0	0	0	0	0	0	0	0	0	0	0	0	0	0	0	0	0	0	0	0	0	0	0	0	0	0	0	0	0	0	0	0	0	0	0	2	0	0	0	0	0	0	0	0	0	0	0	0	0	0	0	0	0	0	0	0	0	0	2	0	0	0	0	0	0	0	0	0	0	0	0	0	2	0
Chromista;Ciliophora;Heterotrichea;Heterotrichida;Fabreidae;Fabrea;Fabrea salina	Ciliates	0	0	0	0	0	0	0	0	0	0	0	0	0	0	0	0	0	0	0	2	0	0	0	0	0	0	0	0	0	0	0	0	0	0	0	0	0	0	0	0	0	0	0	0	0	0	0	0	0	0	0	0	0	0	0	0	0	0	0	0	0	0	0	0	0	0	0	0	0	0	0	0	0	0	0	0	0	0	0	0	0	0	0	0	0	0	0	0	0	0	0	0	0	0	0	0	0	0	0	0	0	0	0	0	0	0	0	0	0	0	0	0	0	0	0	2	0	2	3	0	0	0	0
Chromista;Ciliophora;Heterotrichea;Heterotrichida;Folliculinidae;Folliculina;Folliculina WWS-2008	Ciliates	0	0	0	0	0	0	0	0	0	0	0	0	0	0	0	0	0	0	0	0	0	0	0	0	0	0	0	0	0	0	0	0	0	0	0	0	0	0	0	0	0	0	0	0	0	0	0	0	2	0	0	0	0	0	0	0	0	0	0	0	0	0	0	0	0	0	0	0	0	0	0	0	0	0	0	0	0	3	0	0	0	0	0	0	0	0	0	0	0	0	0	0	0	0	0	0	0	0	0	0	0	0	0	0	0	0	0	0	0	0	0	0	0	0	0	0	0	0	0	0	0	0	0
Chromista;Ciliophora;Heterotrichea;Heterotrichida;Spirostomidae;Spirostomum;Spirostomum caudatum	Ciliates	0	0	0	0	3	0	0	0	0	0	0	0	0	0	0	0	0	0	5	0	0	0	0	0	0	0	0	0	0	0	0	0	0	0	0	0	0	0	0	0	0	0	0	0	0	0	0	0	0	0	0	0	0	0	0	0	0	0	0	0	0	0	0	0	0	0	0	0	0	0	0	0	0	0	0	0	0	0	0	0	0	0	0	0	0	0	0	0	0	0	0	0	0	0	0	0	0	0	0	0	0	0	0	0	0	0	0	0	0	0	0	0	0	0	0	0	0	0	0	0	0	0	0
Chromista;Ciliophora;Heterotrichea;Heterotrichida;Stentoridae;Condylostentor;Condylostentor auriculatus	Ciliates	0	0	0	0	0	0	0	0	0	0	5	0	0	0	0	0	0	0	0	0	0	0	0	0	0	0	5	0	0	0	0	0	0	15	0	0	0	0	0	0	0	0	0	0	0	0	0	2	0	0	0	0	0	2	0	0	0	0	0	0	0	0	0	0	2	0	0	0	0	0	0	0	0	0	0	0	0	0	0	0	0	0	0	0	0	0	0	0	0	0	0	0	0	0	0	0	0	0	0	0	0	0	0	0	0	0	0	0	0	0	0	0	0	0	0	0	0	0	0	0	0	0	0
Chromista;Ciliophora;Litostomatea;Cyclotrichida;Mesodiniidae;Mesodinium	Ciliates	0	2	14	0	4	8	6	0	4	0	0	4	0	0	4	30	3	4	0	0	0	0	6	4	0	0	3	0	0	0	23	6	3	13	23	2	16	33	0	0	13	5	2	14	21	32	3	14	0	60	0	0	0	0	0	13	29	39	38	8	2	114	25	3	0	14	0	0	0	6	8	0	80	3	13	9	0	45	27	18	16	16	3	71	27	0	24	3	3	6	0	0	0	4	10	5	33	0	8	0	5	8	0	2	25	7	2	4	0	6	8	3	7	0	0	12	22	2	5	3	10	26	4
Chromista;Ciliophora;Litostomatea;Cyclotrichida;Mesodiniidae;Mesodinium;Mesodinium pulex	Ciliates	0	0	20	0	0	0	0	2	0	0	0	0	0	3	0	3	0	9	6	0	0	0	0	0	0	0	0	0	0	0	0	0	0	20	10	0	0	0	4	0	245	0	0	6	0	4	0	0	5	8	0	0	0	0	0	0	0	0	16	0	0	0	0	0	0	2	3	0	0	0	0	0	0	0	24	0	0	4	0	0	0	0	2	0	0	0	0	5	0	0	0	0	0	0	0	0	3	0	0	0	0	0	2	0	11	0	0	3	2	7	0	6	6	0	0	11	8	0	0	0	0	0	0
Chromista;Ciliophora;Litostomatea;Cyclotrichida;Mesodiniidae;Mesodinium;Mesodinium rubrum	Ciliates	0	0	81	3	19	32	41	4	5	2	0	3	3	7	3	30	6	12	0	5	0	9	8	2	3	6	11	0	15	0	18	0	0	43	57	45	50	19	2	0	0	0	0	15	23	10	0	0	0	42	0	0	0	0	0	0	6	2	11	8	0	29	7	0	2	0	7	0	0	3	2	0	232	0	31	0	0	27	49	93	18	38	5	96	0	0	61	28	5	3	0	4	3	4	72	6	93	0	15	0	2	2	0	3	63	17	7	2	7	15	31	16	30	0	0	22	23	16	6	7	91	103	8
Chromista;Ciliophora;Litostomatea;Cyclotrichida;Mesodiniidae;Mesodinium;Mesodinium sp.	Ciliates	0	0	3	0	0	0	0	0	0	0	0	0	0	3	0	0	0	0	0	0	0	0	0	0	0	0	0	0	0	0	0	0	0	0	2	0	2	7	3	0	0	0	0	0	0	3	0	0	0	4	0	0	0	0	0	0	3	10	7	0	0	15	0	0	0	0	0	0	0	0	2	0	11	0	0	0	0	4	0	0	4	0	0	11	6	0	3	0	0	0	0	0	0	0	2	0	0	0	0	0	0	0	0	0	2	0	0	0	0	0	0	0	0	0	0	0	5	0	0	3	3	5	0
Chromista;Ciliophora;Litostomatea;Cyclotrichida;Mesodiniidae;Mesodinium;Mesodinium sp. WWS-2009a	Ciliates	0	0	0	0	0	0	0	0	0	0	0	0	0	0	0	0	0	0	0	0	0	0	2	0	0	0	0	0	0	0	0	0	4	0	0	0	0	0	0	0	0	0	0	0	0	0	0	0	0	2	0	0	0	0	0	0	0	0	0	0	2	0	0	0	0	2	0	0	0	0	0	0	0	0	0	0	0	2	0	0	0	0	0	0	0	0	0	0	0	0	0	0	0	0	0	0	0	0	0	0	0	0	0	0	0	0	0	0	0	0	0	0	0	0	0	0	0	0	0	0	0	0	0
Chromista;Ciliophora;Litostomatea;Haptorida;Lacrymariidae	Ciliates	0	0	9	0	20	0	4	2	6	0	0	0	0	0	0	0	0	0	0	0	0	0	12	0	0	0	0	0	0	0	0	0	11	0	0	0	10	0	5	0	0	6	0	0	0	0	0	0	0	0	0	2	0	0	0	0	0	0	0	0	0	0	0	0	0	24	0	0	0	0	0	0	17	0	32	88	0	0	0	46	0	0	0	0	0	0	36	3	0	16	0	0	0	0	0	0	0	0	0	0	0	0	0	0	0	0	0	2	0	0	0	0	2	0	0	0	0	0	0	0	0	0	0
Chromista;Ciliophora;Litostomatea;Haptorida;Spathidiidae	Ciliates	0	0	0	0	0	3	0	0	0	0	0	0	0	0	0	0	0	0	0	2	0	0	0	0	0	0	0	0	0	0	0	0	0	2	0	0	0	0	0	0	0	0	0	0	0	0	0	0	0	0	0	0	0	0	0	0	0	0	0	0	0	0	0	0	0	0	0	0	0	0	0	0	0	0	0	0	0	0	0	0	0	0	0	0	0	0	0	0	0	0	0	0	0	0	0	0	0	0	0	0	0	0	7	0	0	0	0	0	0	0	0	0	2	0	0	0	0	2	0	0	0	0	0
Chromista;Ciliophora;Litostomatea;Haptorida;Trachelophyllidae;Chaenea	Ciliates	0	0	0	0	0	0	0	0	0	0	0	0	0	0	0	0	0	0	0	0	0	0	0	5	0	0	0	0	0	0	0	0	0	0	0	0	0	0	0	7	0	0	0	0	0	0	0	0	0	0	0	0	0	0	0	0	0	0	0	0	0	0	0	0	0	0	0	0	0	0	0	0	0	0	0	0	0	0	0	0	0	0	0	0	0	0	0	0	0	0	0	0	0	0	0	0	0	0	0	0	0	0	0	0	0	0	0	0	0	0	0	0	0	0	0	0	0	0	0	0	0	0	0
Chromista;Ciliophora;Litostomatea;Haptorida;Trachelophyllidae;Foissnerides;Foissnerides sp.	Ciliates	0	0	0	0	0	0	0	0	0	0	0	0	0	0	0	0	0	0	0	0	0	0	0	0	0	0	0	0	0	0	0	0	0	0	0	0	3	2	0	0	0	0	0	0	0	0	0	0	0	0	0	0	0	0	0	0	0	0	0	0	0	0	0	0	0	0	0	0	0	0	0	0	0	0	0	0	0	0	0	0	0	0	0	0	0	0	0	9	0	0	0	0	0	0	0	0	0	26	0	0	0	0	0	0	0	0	0	0	0	0	0	0	0	0	0	0	0	0	0	0	0	0	0
Chromista;Ciliophora;Litostomatea;Pleurostomatida;Litonotidae;Litonotus	Ciliates	0	0	0	0	14	0	0	0	0	0	0	0	0	0	0	0	0	0	0	0	0	0	0	0	0	0	0	0	0	0	0	11	0	0	0	0	0	0	0	0	0	0	0	0	0	0	0	0	0	0	0	0	0	0	0	0	0	0	0	0	0	0	0	0	0	24	0	0	0	0	0	0	0	0	0	0	0	0	0	0	0	0	0	0	0	0	0	0	0	0	0	0	0	0	0	0	0	0	0	0	0	0	0	0	0	0	0	0	0	0	0	0	0	0	0	0	0	0	0	0	0	0	0
Chromista;Ciliophora;Litostomatea;Pleurostomatida;Litonotidae;Litonotus;Litonotus sp. LXF08110005	Ciliates	0	0	0	0	11	0	0	0	0	0	0	0	0	0	0	0	0	0	0	0	0	0	0	0	0	0	0	0	0	0	0	6	0	0	0	0	0	0	0	0	0	0	0	0	0	0	0	0	0	0	0	0	0	0	0	0	0	0	0	0	0	0	0	0	0	18	0	0	0	0	0	0	0	0	0	0	0	0	0	0	0	0	0	0	0	0	0	0	0	0	0	0	0	0	0	0	0	0	0	0	0	0	0	0	0	0	0	0	0	0	0	0	0	0	0	0	0	0	0	0	0	0	0
Chromista;Ciliophora;Litostomatea;Pleurostomatida;Litonotidae;Loxophyllum;Loxophyllum sp. SZ08110101-FW	Ciliates	0	0	0	0	0	0	0	0	0	0	0	0	0	0	0	0	0	0	3	0	0	0	0	0	0	0	0	0	0	0	0	0	0	0	0	0	0	0	0	0	0	0	0	0	0	0	0	0	0	0	0	0	0	0	0	0	0	0	0	0	0	0	0	0	0	0	0	0	0	0	0	0	0	0	0	0	0	0	0	0	0	0	0	0	0	0	0	0	0	0	0	0	0	0	0	0	0	0	0	0	0	0	0	0	0	0	0	0	0	0	0	0	0	0	0	0	0	0	0	0	3	0	0
Chromista;Ciliophora;Nassophorea;Microthoracida;Discotrichidae;Lopezoterenia;Lopezoterenia paratorpens	Ciliates	0	0	0	0	0	0	0	0	0	0	0	0	0	0	0	0	0	0	0	0	0	0	0	0	0	0	0	0	0	0	0	0	0	0	0	0	0	0	0	0	0	0	0	0	0	0	0	0	0	0	0	0	0	0	0	0	0	0	0	0	0	0	0	0	0	0	0	0	0	0	0	0	0	0	0	0	0	0	0	0	0	0	0	0	0	0	0	0	0	0	0	0	0	0	0	0	0	0	0	0	0	0	0	0	0	0	0	0	0	3	0	2	0	0	0	0	0	0	0	0	0	0	0
Chromista;Ciliophora;Nassophorea;Nassulida;Colpodidiidae;NA;Colpodidiidae sp. HWB-2007	Ciliates	0	0	0	0	0	0	0	0	0	0	0	0	0	0	0	0	0	0	0	0	0	0	0	0	0	0	0	0	0	0	0	0	0	0	0	0	0	0	0	0	0	0	0	0	0	0	0	0	0	0	0	0	0	0	0	0	0	0	0	0	0	0	0	0	0	0	0	0	0	0	0	0	0	0	0	0	0	0	0	0	0	0	0	0	0	0	0	0	0	0	0	0	0	0	0	0	0	0	0	0	0	0	0	0	0	0	0	0	2	3	4	2	0	0	0	0	0	0	0	0	0	0	0
Chromista;Ciliophora;Nassophorea;Nassulida;Furgasoniidae;Furgasonia;Furgasonia blochmanni	Ciliates	0	0	0	0	0	0	0	0	0	0	2	2	0	0	0	0	0	0	0	0	0	0	0	0	0	0	0	0	0	0	0	3	0	2	0	0	0	0	0	0	0	0	0	0	0	2	0	0	0	0	0	0	0	3	2	0	0	0	0	0	0	0	0	0	0	0	0	2	0	0	0	0	3	0	0	0	0	0	0	0	0	0	0	12	0	0	0	0	0	0	0	0	0	0	0	0	0	0	0	0	0	0	0	0	0	0	0	0	0	0	0	0	0	0	0	5	0	0	0	0	0	0	0
Chromista;Ciliophora;Nassophorea;Nassulida;Nassulidae;Obertrumia;Obertrumia georgiana	Ciliates	0	0	0	0	0	0	0	0	0	0	0	0	0	0	0	0	0	0	0	0	0	0	0	0	0	0	0	0	0	0	0	0	0	0	0	0	0	0	0	0	0	0	0	0	0	0	0	0	0	0	0	0	0	0	0	0	0	0	0	0	0	0	0	0	0	0	0	0	0	0	0	0	0	0	0	0	0	0	0	2	0	0	0	0	0	0	0	0	0	0	0	0	0	0	0	0	0	0	0	0	0	0	0	0	0	0	0	0	0	0	0	0	0	0	0	0	0	0	0	0	0	0	0
Chromista;Ciliophora;Nassophorea;Synhymeniida;Orthodonellidae	Ciliates	0	0	0	0	0	4	0	0	0	0	2	0	0	3	5	0	0	0	0	0	0	0	5	0	0	0	2	0	0	2	0	13	31	3	6	0	0	0	0	17	0	13	0	3	12	7	0	0	4	2	0	0	16	0	0	0	2	0	0	0	51	2	0	0	0	30	8	6	2	0	0	0	0	4	3	0	0	0	6	3	8	0	0	0	0	2	0	2	0	0	0	0	0	0	0	0	0	25	0	0	0	0	0	0	3	0	0	7	0	0	0	0	12	0	0	0	4	0	3	0	0	0	0
Chromista;Ciliophora;Oligohymenophorea	Ciliates	0	0	0	10	0	9	2	5	2	0	6	0	2	4	4	8	6	56	0	5	0	0	0	0	6	2	0	0	2	0	0	9	11	15	28	13	11	2	5	0	0	8	2	6	21	49	14	16	6	31	0	0	10	11	0	3	2	0	5	7	16	0	3	0	71	0	3	0	0	0	0	0	22	31	2	220	7	407	13	624	7	0	17	3	0	3	26	8	8	0	0	0	3	0	7	0	5	0	0	0	11	0	2	0	5	9	8	3	0	0	2	0	0	2	0	38	48	10	11	16	5	2	20
Chromista;Ciliophora;Oligohymenophorea;Apostomatida	Ciliates	0	0	0	0	0	0	0	0	0	0	0	3	0	0	0	0	0	0	0	0	0	0	0	0	0	0	0	0	0	0	0	0	0	0	0	0	0	0	0	0	0	0	0	0	4	0	0	0	0	0	0	0	0	0	0	0	0	0	0	0	0	0	0	0	0	0	0	0	0	0	0	0	0	0	0	0	0	0	0	0	0	0	0	0	0	0	0	2	0	0	0	0	0	0	0	0	0	0	0	0	0	0	0	0	4	3	0	0	0	0	0	0	0	0	0	0	4	0	0	0	0	0	0
Chromista;Ciliophora;Oligohymenophorea;Hymenostomatida;NA;Ichthyophthirius;Ichthyophthirius multifiliis	Ciliates	0	0	0	0	0	0	0	0	0	0	0	0	0	0	0	0	0	0	0	0	0	0	0	0	0	0	0	29	0	0	3	0	0	0	0	0	11	0	0	4	0	2	0	0	0	0	0	0	0	0	0	0	0	0	39	3	0	0	0	0	0	0	0	0	3	0	0	0	0	0	0	0	0	0	0	0	6	0	0	0	0	0	0	0	0	0	0	0	0	0	0	0	0	0	0	0	0	0	0	0	0	0	0	0	0	0	0	0	0	2	0	0	0	0	0	0	0	0	0	0	0	0	0
Chromista;Ciliophora;Oligohymenophorea;Mobilida;Trichodinidae	Ciliates	0	0	0	0	0	0	0	0	0	0	0	0	0	0	0	0	0	0	0	0	0	0	0	0	0	0	0	0	0	0	0	0	0	0	0	0	0	0	0	0	0	0	0	0	0	0	0	0	0	0	0	0	0	0	0	0	0	0	0	0	0	0	0	0	0	0	0	0	0	0	0	0	0	0	0	0	0	0	0	0	0	0	0	0	0	0	8	0	0	0	0	0	0	0	0	0	0	0	0	0	0	0	0	0	0	0	0	0	0	0	0	0	0	0	0	0	0	0	0	0	3	0	0
Chromista;Ciliophora;Oligohymenophorea;Mobilida;Trichodinidae;Trichodina	Ciliates	0	0	0	2	0	0	0	0	0	0	0	0	0	0	0	4	0	0	0	0	0	0	0	0	0	0	0	0	0	0	0	0	0	0	0	0	0	0	0	0	0	0	0	0	0	0	0	0	0	0	0	0	0	0	0	0	0	0	0	0	0	0	0	0	0	0	0	0	0	0	0	0	0	0	0	0	0	0	0	0	0	0	0	0	0	0	34	0	0	0	0	0	0	0	4	0	3	0	0	0	0	0	0	0	0	0	0	6	2	3	3	0	4	0	0	0	0	4	6	4	35	2	0
Chromista;Ciliophora;Oligohymenophorea;Peniculida;Parameciidae;Paramecium;Paramecium bursaria	Green slipper animalcule	0	0	0	0	0	0	0	0	0	0	0	0	0	0	0	0	0	0	0	0	0	3	0	0	0	0	0	66	0	0	0	0	0	0	0	29	0	6	0	0	0	0	0	0	0	0	0	0	0	0	0	0	0	0	0	0	4	0	0	0	0	0	0	0	0	0	0	2	0	0	0	0	0	0	5	0	0	2	0	0	0	0	0	0	0	0	0	8	0	0	0	0	0	0	0	6	0	0	0	0	0	0	0	0	0	0	0	0	0	0	0	0	0	0	0	0	0	0	0	0	0	0	0
Chromista;Ciliophora;Oligohymenophorea;Peniculida;Parameciidae;Paramecium;Paramecium calkinsi	Slipper Animalcules	0	0	19	0	0	0	0	2	39	3	0	0	0	15	0	0	15	3	0	3	0	2	0	0	0	4	0	0	12	0	0	0	0	0	23	0	0	0	0	0	0	2	0	0	3	0	0	0	0	0	0	0	0	0	0	0	0	0	0	0	0	0	0	0	0	0	0	0	0	0	0	0	0	0	0	0	0	0	0	0	0	0	0	0	0	0	0	2	0	0	0	0	0	0	0	0	0	0	0	0	0	0	0	0	0	0	0	2	0	3	0	0	0	0	0	9	36	2	7	0	0	0	0
Chromista;Ciliophora;Oligohymenophorea;Philasterida	Ciliates	0	0	0	0	0	0	0	0	0	0	0	0	0	0	0	5	0	0	0	0	0	0	0	0	0	0	0	0	0	0	0	0	0	0	2	0	0	0	0	0	0	0	0	0	4	0	0	0	0	0	0	2	0	0	0	0	0	0	0	0	8	0	0	0	5	0	3	0	0	0	2	0	39	0	2	0	2	13	2	0	0	2	0	0	0	0	0	7	0	0	0	0	0	0	0	0	0	329	0	0	2	0	0	0	0	0	0	0	0	0	0	0	0	0	0	6	7	4	0	2	0	0	0
Chromista;Ciliophora;Oligohymenophorea;Philasterida;Cinetochilidae;Sathrophilus	Ciliates	0	0	0	7	0	16	2	0	2	0	0	0	0	15	16	2	0	0	0	0	0	0	12	0	0	0	8	0	0	0	0	35	97	5	15	0	3	0	3	8	0	38	9	4	20	34	3	0	12	6	0	2	37	0	0	0	2	0	0	9	187	3	5	2	2	46	28	14	2	5	7	0	0	10	0	0	0	21	19	19	15	14	2	2	0	5	4	0	0	0	0	0	0	0	0	0	0	0	2	0	2	0	0	9	5	0	0	0	10	9	12	12	11	0	0	5	4	0	6	5	0	0	0
Chromista;Ciliophora;Oligohymenophorea;Philasterida;Cinetochilidae;Sathrophilus;Sathrophilus holtae	Ciliates	86	547	19	2210	0	6992	327	52	0	0	0	0	0	2128	4184	557	0	0	16	342	532	0	4980	574	0	0	1470	0	5	29	0	9557	25005	2403	3662	0	862	11	1953	3738	35	11548	2899	1061	7753	6240	537	17	3943	2196	0	0	9316	0	0	338	755	67	13	3165	46097	2547	981	840	1103	13166	10622	4889	717	1090	2959	0	28	3044	89	50	10	5832	3955	4462	3220	2576	426	24	0	1832	1083	108	456	0	0	0	35	0	230	0	4	30	623	0	832	0	275	1866	2439	245	262	925	2688	2706	3431	3605	4274	894	0	298	1431	79	961	493	522	0	9
Chromista;Ciliophora;Oligohymenophorea;Philasterida;Cinetochilidae;Sathrophilus;Sathrophilus planus	Ciliates	0	0	0	0	0	0	0	0	0	0	0	0	0	0	0	0	0	0	0	0	0	0	0	0	0	0	0	0	0	0	0	0	2	0	0	0	0	0	0	0	0	2	0	0	0	0	0	0	0	0	0	0	0	0	0	0	0	0	0	0	2	0	0	0	0	0	2	0	0	0	0	0	0	0	0	0	0	0	0	0	0	0	0	0	0	0	0	0	0	0	0	0	0	0	0	0	0	0	0	0	0	0	0	0	0	0	0	0	0	0	0	0	0	0	0	0	0	0	0	0	0	0	0
Chromista;Ciliophora;Oligohymenophorea;Philasterida;Cohnilembidae;Porpostoma;Porpostoma notata	Ciliates	0	0	0	0	0	2	0	0	0	0	0	0	0	0	0	0	0	0	0	0	0	0	0	0	0	0	0	0	0	0	0	0	0	0	0	0	0	0	0	0	0	0	0	0	0	0	0	0	0	0	0	0	0	0	0	0	0	0	4	0	0	0	0	0	0	0	0	0	0	0	0	0	0	0	0	0	0	0	0	0	0	0	0	0	0	0	0	0	0	0	0	0	0	0	0	0	0	0	0	0	0	0	4	0	0	0	0	0	0	0	3	0	0	0	0	0	0	4	0	0	0	0	0
Chromista;Ciliophora;Oligohymenophorea;Philasterida;Loxocephalidae;Dexiotricha;Dexiotricha elliptica	Ciliates	0	0	0	0	0	0	0	0	0	0	0	0	0	0	0	0	0	0	0	0	0	0	0	0	0	0	0	0	0	0	0	0	0	0	0	0	0	0	0	0	0	0	0	0	0	0	0	0	0	0	0	0	0	0	13	0	0	0	0	0	0	0	0	0	0	0	0	0	0	0	0	0	0	0	0	0	0	0	0	0	0	0	0	0	0	0	0	0	0	0	0	0	0	0	0	0	0	0	0	0	0	0	0	0	0	0	0	0	0	0	0	0	0	0	0	0	0	4	0	0	0	0	0
Chromista;Ciliophora;Oligohymenophorea;Philasterida;Orchitophryidae;Mesanophrys;Mesanophrys carcini	Ciliates	0	0	0	0	0	0	0	0	0	0	0	0	0	0	0	0	0	0	0	0	0	0	0	0	0	0	0	0	0	0	0	0	0	0	0	0	0	0	0	0	0	0	0	0	0	0	0	0	0	0	0	0	0	0	0	0	0	0	2	0	0	0	0	0	0	0	0	0	0	0	0	0	0	0	0	0	0	5	0	0	0	0	0	0	0	0	0	0	0	2	0	0	0	0	0	0	0	0	0	0	0	0	0	0	0	0	0	0	0	0	0	0	0	0	0	0	0	0	0	0	0	0	0
Chromista;Ciliophora;Oligohymenophorea;Philasterida;Philasteridae;Miamiensis;Miamiensis avidus	Ciliates	0	0	0	0	0	0	0	0	0	0	0	0	0	0	0	0	0	0	0	0	0	0	0	0	0	0	0	0	0	0	0	0	0	0	0	0	0	0	0	0	0	0	0	0	0	0	0	0	0	0	0	0	0	0	0	0	0	0	0	0	0	0	0	0	0	0	0	0	0	0	0	0	2	0	0	0	0	0	0	0	0	0	0	0	0	0	0	0	0	0	0	0	0	0	0	0	0	27	0	0	0	0	0	0	0	0	0	0	0	0	0	0	0	0	0	0	0	0	0	0	0	0	0
Chromista;Ciliophora;Oligohymenophorea;Philasterida;Philasteridae;Philaster;Philaster apodigitiformis	Ciliates	0	0	0	4	3	20	0	0	0	0	0	0	0	5	10	0	0	0	0	2	0	0	15	0	0	0	2	0	0	0	0	23	65	6	10	0	3	0	9	6	0	29	7	4	21	20	0	0	9	6	0	0	30	0	0	0	0	0	0	9	137	5	0	4	2	30	29	13	2	2	6	0	0	11	0	0	0	15	15	13	15	4	0	0	0	6	3	0	2	0	0	0	0	0	0	0	0	0	3	0	4	0	0	4	5	0	0	3	9	5	7	5	9	0	0	0	0	0	0	0	0	0	0
Chromista;Ciliophora;Oligohymenophorea;Philasterida;Pseudocohnilembidae;Pseudocohnilembus;Pseudocohnilembus hargisi	Ciliates	0	0	0	0	0	0	0	0	0	0	0	0	0	0	0	0	0	0	0	0	0	0	0	0	0	0	0	0	0	0	0	0	0	0	0	0	0	0	0	0	0	0	0	0	0	0	0	0	0	0	0	0	0	0	0	0	0	0	0	0	0	0	0	0	0	0	0	0	0	0	0	0	0	0	0	0	0	0	0	0	0	0	0	0	0	0	0	0	0	0	0	0	0	0	0	0	0	0	0	0	0	0	0	0	0	0	0	0	0	0	0	0	0	0	0	0	0	5	0	0	0	0	0
Chromista;Ciliophora;Oligohymenophorea;Philasterida;Uronematidae	Ciliates	0	0	0	2	0	10	0	0	0	0	0	0	0	0	4	0	0	3	0	0	0	0	0	0	0	0	3	0	0	0	0	0	0	0	0	0	0	0	11	0	0	0	3	0	0	3	0	0	4	3	0	0	0	0	0	2	0	2	0	0	0	7	0	0	12	0	0	0	0	0	0	0	11	12	5	0	0	36	8	31	5	0	0	2	6	3	57	3	9	33	0	0	0	0	0	0	0	0	0	0	0	0	0	0	4	2	0	0	0	0	0	0	0	0	0	0	0	0	0	0	0	0	0
Chromista;Ciliophora;Oligohymenophorea;Philasterida;Uronematidae;Homalogastra;Homalogastra setosa	Ciliates	0	0	0	0	0	5	0	0	0	0	0	0	0	0	2	0	0	0	0	0	0	0	2	0	0	0	0	0	0	0	0	2	33	0	0	0	0	0	0	3	0	7	0	0	4	2	0	0	2	0	0	0	2	0	0	0	0	0	0	4	50	0	0	0	0	13	4	2	0	0	0	0	0	2	0	2	0	0	0	2	0	0	0	0	0	0	0	0	0	0	0	0	0	0	0	0	0	0	0	0	2	0	0	0	0	0	0	0	0	3	0	2	0	0	0	0	0	0	0	0	3	0	0
Chromista;Ciliophora;Oligohymenophorea;Philasterida;Uronematidae;Uronema;Uronema sp. WS-2012	Ciliates	0	0	0	0	0	0	0	0	0	0	0	0	0	0	0	0	0	0	0	0	0	0	0	0	0	0	0	0	0	0	0	0	0	0	0	0	0	0	0	0	0	0	0	2	0	0	0	0	0	0	0	0	0	0	0	14	0	0	0	0	0	0	2	0	0	0	0	0	0	0	0	0	0	0	0	0	0	0	0	0	0	0	0	0	0	0	0	0	0	0	0	0	0	0	0	0	0	0	0	0	0	0	0	0	0	0	0	0	0	0	0	0	0	0	0	0	0	0	0	0	0	0	0
Chromista;Ciliophora;Oligohymenophorea;Philasterida;Uronematidae;Uronemella;Uronemella parafilificum	Ciliates	0	0	0	4	0	19	0	0	0	0	0	0	0	0	11	0	0	2	0	0	0	0	0	0	0	0	0	0	0	0	0	0	0	8	0	0	0	0	31	0	0	2	0	0	4	0	2	0	2	5	0	0	6	0	0	24	0	2	0	0	0	20	0	0	2	3	0	0	0	0	6	0	16	41	22	0	4	42	27	24	22	0	2	3	25	15	244	28	24	97	0	0	0	0	0	0	0	0	0	0	4	0	0	0	6	2	0	0	0	0	3	0	0	0	0	0	3	0	0	0	0	8	0
Chromista;Ciliophora;Oligohymenophorea;Pleuronematida;Cyclidiidae;Cyclidium;Cyclidium plouneouri	Ciliates	0	0	0	0	0	0	0	0	0	0	0	0	0	0	0	0	0	0	0	0	0	0	0	0	0	0	0	0	0	0	0	0	0	0	0	0	0	0	0	0	0	0	0	0	0	0	0	0	0	0	0	0	0	0	0	0	0	0	0	0	0	0	0	0	0	0	0	0	0	0	0	0	0	0	13	0	0	0	0	0	0	0	0	0	0	0	0	0	0	0	0	0	0	0	0	0	0	0	0	0	0	0	0	0	0	0	0	0	0	0	0	0	0	0	0	0	0	0	0	0	0	0	0
Chromista;Ciliophora;Oligohymenophorea;Sessilida;Epistylidae;Epistylis;Epistylis hentscheli	Ciliates	0	0	0	0	0	0	0	0	0	0	0	0	0	0	0	0	0	0	0	0	0	0	0	0	0	0	0	13	0	0	0	0	0	0	0	0	0	0	0	0	0	0	0	0	0	0	0	0	0	0	0	2	0	0	0	0	0	0	0	0	0	0	0	0	0	0	0	0	0	0	0	0	76	0	4	0	0	0	0	0	0	0	0	3	0	0	0	0	0	0	0	0	0	0	0	0	0	0	0	0	0	0	0	0	0	0	0	0	0	0	0	0	0	0	0	0	0	0	0	0	0	0	5
Chromista;Ciliophora;Oligohymenophorea;Sessilida;Vaginicolidae;Hastatella;Hastatella aesculacantha	Ciliates	0	0	0	0	0	0	0	0	6	0	0	0	0	0	0	0	0	0	0	0	0	0	0	0	0	0	0	36	0	0	0	0	0	0	0	0	0	0	0	0	0	0	0	0	0	0	0	0	0	0	0	0	0	0	0	0	0	0	0	0	0	0	0	0	0	0	0	0	0	0	0	0	0	0	0	0	0	0	0	0	0	0	0	0	0	0	0	0	0	0	0	0	0	0	0	0	0	0	0	0	0	0	0	0	0	0	0	0	0	0	0	0	0	0	0	0	0	0	0	0	0	0	0
Chromista;Ciliophora;Oligohymenophorea;Sessilida;Vaginicolidae;Pyxicola;Pyxicola pusilla	Ciliates	0	0	0	0	0	0	0	0	0	0	0	0	0	0	0	0	0	0	0	0	0	0	0	0	0	0	0	0	0	0	0	0	0	0	0	0	0	0	0	0	0	0	0	0	0	0	0	0	0	0	0	0	0	0	0	0	0	0	0	0	0	0	0	0	0	0	0	0	0	0	0	0	0	0	0	0	0	0	0	0	0	0	3	0	0	0	0	0	0	0	0	0	0	0	0	4	0	0	0	0	0	0	0	0	0	0	0	0	0	0	0	0	0	0	0	0	0	0	0	0	0	0	0
Chromista;Ciliophora;Oligohymenophorea;Sessilida;Vorticellidae;Pseudovorticella;Pseudovorticella sinensis	Ciliates	0	0	0	0	0	0	0	0	0	0	0	0	0	0	0	0	0	0	0	0	0	0	0	0	0	0	0	0	0	0	0	0	0	0	0	0	0	0	0	0	0	0	0	0	0	0	0	0	0	0	0	0	0	0	0	0	0	0	0	0	0	0	0	0	0	0	0	0	0	0	0	0	0	0	0	0	0	0	0	0	0	0	0	0	0	0	0	0	0	0	0	0	0	0	0	0	0	0	0	0	0	0	0	0	0	0	0	0	0	0	0	0	0	0	0	0	0	4	2	0	0	0	0
Chromista;Ciliophora;Oligohymenophorea;Sessilida;Zoothamniidae;Zoothamnium;Zoothamnium duplicatum	Ciliates	0	0	0	0	0	0	0	0	0	0	0	0	0	0	0	0	0	0	0	0	0	0	0	0	0	0	0	0	0	0	0	0	0	0	0	0	0	0	0	0	0	0	0	0	0	0	0	0	0	0	0	0	0	0	0	0	0	0	0	0	0	0	0	0	0	0	0	0	0	4	0	0	0	0	0	0	0	0	0	0	0	0	0	0	0	0	0	0	0	0	0	0	0	0	0	0	0	0	0	0	0	0	0	0	0	0	0	0	0	0	0	0	0	0	0	0	4	0	0	0	0	0	0
Chromista;Ciliophora;Oligohymenophorea;Thigmotrichida	Ciliates	0	0	17	3	0	2	10	9	0	4	0	0	5	9	3	0	2	2	0	3	0	0	0	0	0	0	0	0	3	0	6	36	42	48	195	138	93	13	26	20	11	29	10	23	19	10	2	28	39	4	0	4	24	26	0	11	0	0	17	0	21	6	8	0	3	4	10	6	0	5	4	0	83	14	12	50	34	65	22	50	3	9	3	17	6	10	58	21	0	5	0	0	4	0	10	0	19	0	0	0	3	0	2	0	15	0	0	0	0	0	2	0	0	0	0	73	85	20	26	17	6	13	67
Chromista;Ciliophora;Oligohymenophorea;Thigmotrichida;Ancistridae;Ancistrum;Ancistrum crassum	Ciliates	0	0	0	0	0	0	0	0	0	0	0	0	0	0	2	0	0	0	0	0	0	0	0	0	0	0	0	0	0	0	0	0	0	0	0	0	0	0	2	0	0	0	0	0	0	0	0	0	0	0	0	0	0	0	0	0	0	0	0	0	0	0	0	0	0	0	0	0	0	0	0	0	4	0	0	2	0	4	0	4	0	0	0	0	0	0	0	2	0	0	0	0	0	0	0	0	0	0	0	0	0	0	0	0	2	0	0	0	0	0	0	0	0	0	0	0	0	0	0	0	0	0	3
Chromista;Ciliophora;Phyllopharyngea	Ciliates	0	4	0	18	0	45	3	0	0	0	0	0	0	23	33	6	0	0	0	2	8	0	42	5	0	0	15	0	0	0	0	82	263	18	16	0	8	0	16	26	0	96	29	8	72	52	3	0	39	23	0	0	80	0	0	3	5	0	2	31	498	14	13	6	14	117	92	37	5	10	41	0	0	38	0	0	0	51	37	32	31	28	2	0	0	10	13	2	4	38	0	0	0	0	0	0	0	0	0	0	7	0	3	14	18	0	2	9	16	23	21	30	34	3	0	6	12	7	11	4	5	0	0
Chromista;Ciliophora;Phyllopharyngea;Chlamydodontida;Chilodonellidae;Chilodonella	Ciliates	0	0	0	0	0	0	0	0	0	0	6	0	0	0	0	0	0	0	0	0	0	0	0	0	0	0	0	0	0	0	0	0	0	0	0	0	0	0	0	0	0	0	0	0	0	0	0	0	0	0	0	0	0	0	0	0	0	0	0	0	0	0	0	0	0	0	0	0	0	0	0	0	0	0	0	0	0	0	0	0	0	0	0	0	0	0	0	0	0	0	0	0	0	0	0	0	0	0	0	0	0	0	0	0	0	0	0	0	0	0	0	0	0	0	0	0	0	0	0	0	0	0	0
Chromista;Ciliophora;Phyllopharyngea;Chlamydodontida;Chilodonellidae;Pseudochilodonopsis;Pseudochilodonopsis sp. 2 WS-2013	Ciliates	0	0	0	0	0	0	0	0	0	0	0	0	0	0	0	0	0	0	0	0	0	0	0	0	0	0	0	0	0	0	0	0	0	0	0	0	0	0	0	0	0	0	0	0	0	0	0	0	0	0	0	0	0	0	0	0	0	0	0	0	0	0	0	0	0	0	0	0	0	0	0	0	0	0	0	0	0	0	0	0	0	0	0	0	0	0	0	0	0	0	0	0	0	0	0	0	0	0	0	0	0	0	0	0	0	0	0	0	0	0	0	0	0	0	0	0	0	2	0	0	0	0	0
Chromista;Ciliophora;Phyllopharyngea;Chlamydodontida;Chilodonellidae;Trithigmostoma;Trithigmostoma steini	Ciliates	0	0	0	0	0	0	0	0	6	0	0	0	0	0	0	0	0	0	0	0	0	0	0	0	0	0	0	0	0	0	0	0	6	0	0	13	0	0	0	0	0	2	0	0	0	0	0	0	0	0	0	0	0	0	0	0	0	0	0	0	0	0	0	0	0	0	0	0	0	0	0	0	43	0	0	0	0	0	0	0	0	0	0	0	0	0	0	0	0	0	0	0	0	0	0	10	0	19	0	0	0	0	0	0	0	0	0	0	0	0	0	0	0	0	0	0	0	0	6	0	0	0	0
Chromista;Ciliophora;Phyllopharyngea;Chlamydodontida;Chlamydodontidae;Chlamydodon	Ciliates	0	0	0	3	0	0	0	0	0	0	0	0	0	0	0	0	0	0	0	0	0	0	2	0	0	0	2	0	0	0	0	3	11	0	0	0	0	0	2	0	0	3	0	0	3	2	0	0	0	0	0	0	0	0	0	0	0	0	0	0	8	0	2	0	0	6	0	0	0	0	0	0	0	0	0	0	0	2	0	4	0	0	0	0	0	2	2	0	0	0	0	0	0	0	0	0	0	0	0	0	0	0	0	0	0	0	0	0	0	0	0	0	0	0	0	0	0	0	0	0	0	0	0
Chromista;Ciliophora;Phyllopharyngea;Chlamydodontida;Chlamydodontidae;Chlamydodon;Chlamydodon obliquus	Ciliates	0	0	0	0	0	3	0	0	0	0	0	0	0	0	2	0	0	0	0	0	0	0	2	0	0	0	0	0	0	0	0	4	4	0	0	0	0	0	0	0	0	5	0	0	0	2	0	0	0	0	0	0	2	0	0	0	0	0	0	0	18	0	0	0	0	6	4	4	0	0	0	0	0	0	0	0	0	3	2	2	0	2	0	0	0	0	0	0	0	0	0	0	0	0	0	0	0	0	0	0	0	0	0	0	0	0	0	0	0	0	3	0	0	0	0	0	2	0	0	0	0	0	0
Chromista;Ciliophora;Phyllopharyngea;Dysteriida	Ciliates	0	0	0	0	0	0	0	0	0	0	0	0	0	0	0	0	0	0	0	0	0	0	0	0	0	0	0	0	0	0	0	0	0	0	6	0	0	0	7	0	0	0	0	0	5	0	0	0	0	0	0	0	0	0	0	0	0	0	0	0	2	0	0	0	0	0	0	0	2	0	0	0	0	0	0	0	0	0	0	0	0	0	0	0	0	0	11	0	0	0	0	0	0	0	0	0	0	0	0	0	0	0	0	0	0	0	0	0	0	0	0	0	0	0	0	5	16	3	4	6	6	0	0
Chromista;Ciliophora;Phyllopharyngea;Dysteriida;Dysteriidae;Dysteria;Dysteria procera	Ciliates	0	0	0	0	0	0	0	0	0	0	0	0	0	0	0	0	0	0	0	0	0	0	0	0	0	0	0	0	0	0	0	0	5	0	2	0	0	0	0	0	0	2	0	0	0	2	0	0	0	0	0	0	0	3	0	0	0	0	0	0	0	0	0	0	0	0	2	2	0	0	0	0	0	0	0	0	0	0	3	2	0	0	0	0	2	0	0	0	0	0	0	0	0	0	0	0	0	0	0	0	0	0	0	0	0	0	0	0	0	0	0	0	0	0	0	0	0	0	0	0	0	0	0
Chromista;Ciliophora;Phyllopharyngea;Dysteriida;Hartmannulidae;Hartmannula;Hartmannula derouxi	Ciliates	0	0	0	0	0	2	0	0	0	0	0	0	0	0	0	0	0	0	0	0	0	0	0	0	0	0	0	0	0	0	0	0	0	0	0	0	0	0	0	0	0	0	0	0	0	2	0	0	0	0	0	0	0	0	0	0	0	0	0	0	0	0	0	0	0	0	0	0	0	0	0	0	0	0	0	0	0	0	0	0	0	0	0	0	0	0	0	0	0	0	0	0	0	0	0	0	0	0	0	0	0	0	0	0	0	0	0	0	3	0	0	0	0	0	0	0	0	0	0	0	0	0	0
Chromista;Ciliophora;Phyllopharyngea;Dysteriida;Hartmannulidae;Microxysma;Microxysma acutum	Ciliates	0	0	0	0	0	0	0	0	0	0	0	0	0	0	0	0	0	0	0	0	0	0	0	0	0	0	0	0	0	0	0	0	0	0	0	0	0	0	0	0	0	0	0	0	0	0	0	0	0	0	0	0	5	0	0	0	0	0	0	0	0	0	0	0	0	0	0	0	0	0	0	0	0	0	0	0	0	0	0	0	0	0	0	0	0	0	0	0	0	0	0	0	0	0	0	0	0	0	0	0	0	0	0	0	0	0	0	0	0	0	0	0	0	0	0	0	0	0	0	0	0	0	0
Chromista;Ciliophora;Phyllopharyngea;Dysteriida;Hartmannulidae;Trichopodiella;Trichopodiella faurei	Ciliates	0	0	0	0	0	0	0	0	0	0	0	0	0	0	0	0	0	0	0	0	0	0	0	0	0	0	0	0	0	0	0	0	3	0	0	0	0	0	0	0	0	0	0	0	0	0	0	0	0	0	0	0	0	0	0	0	0	0	0	0	0	0	0	0	0	0	0	0	0	0	0	0	0	0	0	0	0	0	0	0	0	0	0	0	0	0	0	0	0	0	0	0	0	0	0	0	0	0	0	0	0	0	0	0	0	0	0	7	2	0	0	0	0	0	0	30	0	0	0	0	0	0	0
Chromista;Ciliophora;Phyllopharyngea;Exogenida;Ephelotidae;Ephelota	Ciliates	0	0	0	0	0	0	0	0	0	0	0	0	0	20	0	0	0	0	0	0	0	0	0	0	0	0	0	0	0	0	0	0	0	0	0	0	0	5	0	0	0	0	0	0	0	0	0	0	0	0	0	0	0	0	0	0	0	0	0	0	0	0	0	0	0	0	0	0	0	0	0	0	0	0	0	0	0	0	0	0	0	0	0	0	0	0	0	0	0	0	0	0	0	0	2	6	0	0	0	0	2	0	0	0	0	0	0	0	2	0	4	0	3	0	0	8	10	2	0	0	0	0	0
Chromista;Ciliophora;Phyllopharyngea;Exogenida;Ephelotidae;Ephelota;Ephelota mammillata	Ciliates	0	0	0	0	0	0	0	0	0	0	0	0	0	0	0	0	0	0	0	0	0	0	0	0	0	0	0	0	0	0	0	0	0	0	0	0	0	0	0	0	0	0	0	0	0	0	0	0	0	0	0	0	0	0	0	0	0	0	0	0	0	0	0	0	0	0	0	0	0	0	0	0	0	0	0	0	0	0	0	0	0	0	0	0	0	0	0	0	0	0	0	0	0	0	0	0	0	0	0	0	0	0	0	0	0	0	0	0	0	0	0	0	0	0	0	0	9	0	0	0	0	0	0
Chromista;Ciliophora;Prostomatea;Prorodontida;Balanionidae;Balanion;Balanion planctonicum	Ciliates	0	0	0	0	0	0	0	0	0	0	0	0	0	0	0	0	0	0	0	0	0	0	0	0	0	0	0	0	0	0	0	0	0	0	0	0	0	0	0	0	0	0	0	0	0	0	0	0	0	0	0	0	0	0	0	0	0	0	0	0	0	0	0	0	0	0	0	0	0	0	0	0	0	0	0	0	0	0	0	0	0	0	0	0	0	0	0	0	0	0	0	0	0	0	0	0	6	0	0	0	0	0	0	0	0	0	0	0	0	0	0	0	0	0	0	0	16	0	3	3	5	0	0
Chromista;Ciliophora;Prostomatea;Prorodontida;Holophryidae;Holophrya;Holophrya teres	Ciliates	0	0	0	0	29	0	0	0	0	0	0	0	0	0	0	3	2	2	0	0	0	0	0	0	0	0	0	0	0	0	0	0	0	7	0	0	0	0	0	0	0	3	0	0	0	0	0	0	0	0	0	2	0	12	0	0	0	0	0	0	0	0	0	0	0	0	0	0	0	0	0	0	0	0	0	89	0	0	0	0	0	0	0	0	0	0	0	0	0	0	0	0	0	0	0	3	0	0	0	0	0	0	0	0	0	0	0	3	0	0	0	0	0	0	0	0	0	0	0	0	0	0	0
Chromista;Ciliophora;Spirotrichea	Ciliates	9	127	209	72	27	197	383	266	484	33	2	43	4	61	73	163	157	2	0	565	12	2	48	15	0	2	27	444	39	0	17	94	230	57	123	14	79	170	119	57	8	137	61	362	638	652	10	6	86	915	0	5	108	68	11	70	11	11	166	41	535	606	532	16	26	166	187	59	282	1484	47	0	39	35	49	11	4	118	108	87	2133	70	44	78	18	24	169	2062	26	18	39	8	128	3	344	13	551	2	19	0	233	15	73	31	138	130	34	89	287	73	618	181	280	27	0	219	263	140	159	95	547	971	29
Chromista;Ciliophora;Spirotrichea;Choreotrichida	Ciliates	0	0	0	0	8	0	0	0	0	0	0	0	0	2	0	0	0	0	0	0	0	0	0	0	0	0	0	0	0	0	0	0	0	0	0	0	0	2	0	0	0	0	0	0	5	0	0	0	0	2	0	0	0	0	0	0	0	0	0	0	0	0	0	0	0	0	0	0	0	0	0	0	0	0	0	3	0	0	0	0	0	0	0	0	0	0	0	3	0	0	0	0	0	0	0	0	0	0	0	0	0	0	0	0	0	0	0	3	170	0	0	113	8	0	0	0	0	6	4	0	2	5	0
Chromista;Ciliophora;Spirotrichea;Choreotrichida;Lynnellidae;Lynnella;Lynnella semiglobulosa	Ciliates	0	0	6	0	0	0	0	0	0	0	0	0	0	0	0	0	0	0	0	0	0	0	0	0	0	0	0	0	0	0	0	0	0	0	0	0	0	0	4	0	0	0	0	0	0	0	0	0	0	0	0	0	0	0	0	0	0	0	0	0	0	0	0	0	0	0	0	0	0	4	0	0	0	0	0	0	0	0	0	0	0	0	0	0	0	0	0	0	0	0	0	0	0	0	0	0	0	0	0	0	0	3	0	0	0	0	0	0	0	0	0	0	0	0	0	0	0	0	0	0	0	0	0
Chromista;Ciliophora;Spirotrichea;Choreotrichida;Strobilidiidae	Ciliates	0	0	18	0	0	0	336	259	0	3	3	3	2	5	0	5	0	0	3	149	0	0	4	0	0	0	0	0	0	0	0	0	0	37	18	12	12	15	4	10	10	0	13	4	32	0	0	0	0	21	2	0	19	0	0	2	0	0	5	0	0	4	7	0	5	0	10	0	0	0	5	0	0	0	37	68	5	3	0	0	11	2	0	18	179	0	51	2	0	7	34	0	162	0	162	0	273	0	0	0	20	0	3	0	18	0	2	22	4574	16	25	3980	54	0	0	221	384	2030	317	145	507	1435	7
Chromista;Ciliophora;Spirotrichea;Choreotrichida;Strobilidiidae;Pelagostrobilidium;Pelagostrobilidium neptuni	Ciliates	0	0	2	2	0	0	2	0	0	0	0	0	0	0	0	3	0	0	0	6	0	0	0	0	0	0	0	0	0	0	0	0	0	3	0	0	7	11	0	0	59	0	0	0	0	0	0	0	8	27	0	0	0	0	0	4	0	0	0	0	0	0	17	0	0	0	2	0	0	0	0	0	0	0	0	0	0	0	0	0	2	6	5	0	0	0	9	6	0	19	0	0	0	0	6	0	26	0	0	0	10	0	0	0	10	7	2	3	11	3	6	4	0	0	0	16	15	16	15	5	3	3	0
Chromista;Ciliophora;Spirotrichea;Choreotrichida;Strobilidiidae;Rimostrombidium;Rimostrombidium veniliae	Ciliates	0	0	31	0	0	12	12	0	0	0	0	0	0	0	0	22	0	7	0	0	0	0	0	0	0	0	0	0	0	0	8	0	9	0	0	0	0	15	0	0	0	0	0	0	0	0	0	0	0	0	0	0	0	0	0	0	0	0	0	0	0	111	9	0	0	0	0	0	0	3	11	0	0	0	0	0	0	0	0	0	0	0	0	5	0	0	0	0	0	0	0	0	0	0	4	0	7	0	0	0	0	0	0	0	0	2	0	0	2	6	2	4	16	0	0	2	6	0	2	3	0	0	0
Chromista;Ciliophora;Spirotrichea;Choreotrichida;Strobilidiidae;Strobilidium;Strobilidium sp.	Ciliates	0	0	0	0	0	0	0	0	0	0	0	0	0	0	0	0	0	0	0	0	0	0	0	0	0	0	0	0	0	0	0	0	0	0	0	0	0	0	0	0	4	0	0	0	0	0	0	0	0	2	0	0	0	0	0	0	0	0	0	0	0	0	2	0	0	0	0	0	0	0	0	0	0	0	0	0	0	0	0	0	0	0	0	0	0	0	0	0	0	0	0	0	0	0	0	0	0	0	0	0	0	0	0	0	0	0	0	0	0	0	0	0	0	0	0	0	3	0	0	2	0	0	0
Chromista;Ciliophora;Spirotrichea;Choreotrichida;Strombidinopsidae;Parastrombidinopsis;Parastrombidinopsis minima	Ciliates	0	0	0	0	0	0	0	0	0	0	0	0	0	0	0	0	0	0	0	0	0	0	0	0	0	0	0	0	0	0	0	0	0	0	0	0	0	0	0	0	0	0	0	0	0	0	0	0	0	0	0	0	0	0	0	0	0	0	0	0	0	0	0	0	0	0	0	0	0	0	0	0	0	0	0	0	0	0	0	0	0	0	0	0	0	0	0	0	0	0	0	0	0	0	0	0	0	0	0	0	0	0	0	0	0	0	0	37	88	0	0	0	0	0	0	0	0	0	0	0	0	0	0
Chromista;Ciliophora;Spirotrichea;Choreotrichida;Strombidinopsidae;Parastrombidinopsis;Parastrombidinopsis sp.	Ciliates	0	0	0	0	0	0	0	0	0	0	0	0	0	0	0	0	0	0	0	0	0	0	0	0	0	0	0	0	0	0	0	0	0	0	0	0	0	0	0	0	0	0	0	0	0	0	0	0	0	0	0	0	0	0	0	0	0	0	0	0	0	0	0	0	0	0	0	0	0	0	0	0	0	0	0	0	0	0	0	0	0	0	0	0	0	0	0	0	0	0	0	0	0	0	0	0	0	0	0	0	0	0	0	0	0	0	0	0	2	0	0	0	0	0	0	0	0	0	0	0	0	0	0
Chromista;Ciliophora;Spirotrichea;Choreotrichida;Strombidinopsidae;Strombidinopsis	Ciliates	0	0	0	0	0	0	0	0	0	0	0	0	0	0	0	0	0	0	0	0	0	0	0	0	0	0	0	0	0	0	0	0	0	0	0	0	0	0	0	0	0	0	0	0	263	0	0	0	0	0	0	0	0	0	0	0	0	0	0	0	0	0	0	0	0	0	0	0	0	0	0	0	0	0	0	0	0	0	0	0	0	0	0	0	0	0	0	0	0	0	0	0	0	2	0	0	0	0	0	0	0	0	0	0	0	0	0	894	0	7	9	3	16	0	0	0	0	0	0	0	0	0	0
Chromista;Ciliophora;Spirotrichea;Choreotrichida;Strombidinopsidae;Strombidinopsis;Strombidinopsis acuminata	Ciliates	0	0	0	0	0	0	0	0	0	0	0	0	0	0	0	0	0	0	0	0	0	0	0	0	0	0	0	0	0	0	0	0	0	0	0	0	0	0	0	0	0	0	0	0	20	0	0	0	0	0	0	0	0	0	0	0	0	0	0	0	0	0	0	0	0	0	0	0	0	0	0	0	0	0	0	0	0	0	0	0	0	0	0	0	0	0	0	0	0	0	0	0	0	0	0	0	0	0	0	0	0	0	0	0	0	0	0	0	0	0	6	0	0	0	0	0	0	0	0	0	0	0	0
Chromista;Ciliophora;Spirotrichea;Choreotrichida;Strombidinopsidae;Strombidinopsis;Strombidinopsis sp. JG-2011a	Ciliates	0	0	0	0	0	0	0	0	0	0	0	0	0	0	0	0	0	0	0	0	0	0	0	0	0	0	0	0	0	0	0	0	0	0	0	0	0	0	0	0	0	0	2	0	3509	0	0	0	0	4	0	0	0	0	0	0	0	0	0	0	0	0	0	0	0	0	0	0	0	0	0	0	0	0	0	0	0	0	0	0	0	0	0	0	0	0	21	0	0	0	0	0	2	0	4	0	0	0	0	0	0	0	0	0	0	0	0	244	13	0	3	0	0	0	0	3	0	0	2	0	0	0	0
Chromista;Ciliophora;Spirotrichea;Euplotida;Aspidiscidae;Aspidisca;Aspidisca steini	Ciliates	0	0	0	0	0	0	0	0	0	0	0	0	0	0	0	0	0	0	0	0	0	0	0	0	0	0	0	0	0	0	0	0	0	0	0	0	0	0	0	0	0	0	0	0	0	0	0	0	0	2	0	0	2	0	0	0	0	0	0	0	0	0	0	0	0	0	0	0	0	0	0	0	2	0	0	0	0	0	0	0	0	0	2	0	0	0	0	0	0	0	0	0	0	0	0	0	0	0	0	0	0	0	0	0	0	0	0	0	2	0	0	0	0	0	0	3	4	3	2	3	3	0	0
Chromista;Ciliophora;Spirotrichea;Euplotida;Euplotidae	Ciliates	7	6	9	8	10	16	108	13	3	4	6	5	0	17	9	2	2	2	6	15	0	4	32	6	3	5	11	112	5	6	16	33	90	34	124	113	99	2	9	54	35	43	27	8	52	22	3	3	12	7	0	6	62	34	62	7	4	0	22	7	129	10	8	5	10	45	46	20	3	4	10	0	26	24	62	0	5	16	15	88	24	9	0	17	431	12	35	14	18	29	0	0	17	2	32	47	62	3	4	0	0	0	0	3	15	0	0	8	14	26	46	45	45	10	3	18	25	45	29	35	54	625	141
Chromista;Ciliophora;Spirotrichea;Euplotida;Euplotidae;Euplotes	Ciliates	0	0	0	0	0	0	0	0	0	2	0	0	0	2	0	0	0	0	2	0	0	0	0	0	0	0	0	0	0	0	0	0	0	0	0	0	0	0	3	2	0	0	3	0	0	0	0	0	0	0	0	0	3	3	0	0	0	0	4	0	0	0	0	0	2	0	0	5	0	0	0	0	4	0	0	0	0	2	0	3	0	0	0	0	0	0	0	0	2	0	0	0	0	0	0	0	0	0	0	0	0	0	0	0	0	0	0	0	0	0	0	0	0	0	2	0	0	0	0	0	0	0	0
Chromista;Ciliophora;Spirotrichea;Euplotida;Euplotidae;Euplotes;Euplotes orientalis	Ciliates	0	0	0	0	0	0	0	0	0	0	0	0	0	0	0	0	0	0	0	0	0	0	0	0	0	0	0	0	0	0	11	0	0	11	0	0	0	0	0	0	0	0	0	0	0	0	0	0	0	0	0	0	0	0	0	0	0	0	0	0	3	0	0	0	0	0	0	0	0	0	0	0	0	0	0	0	0	0	0	0	0	0	0	0	0	0	0	0	0	0	0	0	0	0	0	0	0	0	0	0	0	0	0	0	0	0	0	0	0	0	0	0	0	2	0	0	0	0	0	0	0	0	0
Chromista;Ciliophora;Spirotrichea;Euplotida;Uronychiidae	Ciliates	4	3	2	0	3	2	2	3	2	5	4	8	4	4	0	0	0	0	2	0	3	0	0	2	2	7	4	0	0	3	3	2	0	0	5	0	3	0	0	2	0	2	0	2	0	2	0	0	0	0	0	0	4	5	2	0	0	0	0	0	0	0	0	2	0	2	0	0	0	0	0	0	2	0	2	0	4	2	0	6	0	0	0	3	5	0	3	0	0	7	0	0	0	0	2	4	0	0	2	0	0	0	0	0	0	0	0	0	0	0	0	0	0	3	4	0	0	0	0	0	0	3	2
Chromista;Ciliophora;Spirotrichea;Euplotida;Uronychiidae;Diophrys	Ciliates	3	0	2	0	3	0	4	0	2	5	5	0	3	6	0	0	0	2	2	2	0	0	0	3	2	0	3	0	0	8	3	3	4	0	7	7	7	8	5	4	2	2	3	0	3	3	0	0	4	0	0	0	2	15	6	4	0	0	5	0	5	4	2	0	2	2	4	5	2	3	6	0	2	0	0	0	10	0	4	2	0	2	0	3	4	0	0	0	0	8	0	2	0	0	0	0	3	0	2	2	0	0	0	0	2	0	0	0	0	0	0	0	0	0	0	2	0	0	0	0	2	4	0
Chromista;Ciliophora;Spirotrichea;Euplotida;Uronychiidae;Diophrys;Diophrys parappendiculata	Ciliates	2	9	2	0	5	9	3	0	0	0	0	0	0	10	5	0	2	0	0	0	0	0	13	14	0	0	75	0	0	0	0	34	69	12	13	5	9	0	10	13	0	36	7	6	11	7	0	0	18	11	0	2	35	11	0	13	2	3	0	7	125	2	5	0	6	33	26	13	5	3	6	0	22	13	11	10	5	19	11	61	6	6	0	8	10	4	42	9	5	20	0	0	0	0	0	2	3	4	2	0	0	0	0	10	17	0	0	0	5	2	2	0	3	2	0	12	4	22	15	13	6	15	23
Chromista;Ciliophora;Spirotrichea;Kiitrichida;Kiitrichidae;Caryotricha;Caryotricha minuta	Ciliates	0	0	0	0	0	0	0	0	0	0	12	0	0	0	0	0	0	0	0	0	0	0	0	0	0	0	0	0	0	0	4	0	0	4	0	0	0	0	0	0	0	5	0	0	0	0	0	7	0	0	0	0	0	2	0	0	0	0	0	0	0	0	0	0	0	0	0	0	0	0	0	0	0	0	0	0	0	0	0	0	0	0	0	0	0	0	0	0	0	0	0	0	0	0	0	0	0	0	0	0	0	0	0	0	0	0	0	0	0	0	0	0	0	2	0	0	0	0	0	0	0	0	0
Chromista;Ciliophora;Spirotrichea;NA;NA;Protocruzia	Ciliates	0	0	0	5	0	17	0	0	2	0	0	0	0	8	12	0	0	0	0	0	0	0	27	3	0	0	4	0	0	0	0	40	121	7	13	0	5	0	9	13	0	54	9	6	22	23	0	0	12	7	0	3	34	0	0	0	2	0	0	19	221	9	0	2	5	44	44	23	0	5	7	0	0	12	0	0	0	31	15	24	13	8	0	0	0	5	6	0	2	2	0	0	0	0	0	0	0	0	0	0	0	0	0	12	6	0	0	0	4	4	14	11	16	0	0	0	5	0	0	0	2	0	0
Chromista;Ciliophora;Spirotrichea;NA;Strombidiidae	Ciliates	0	0	17	0	0	5	5	0	3	0	0	4	0	2	2	8	16	0	0	11	0	0	0	0	0	0	0	32	0	0	0	0	0	0	0	0	3	16	3	0	0	0	2	41	2	0	0	0	0	37	0	0	2	0	0	8	0	0	14	0	5	32	11	0	0	0	0	0	0	2	0	0	0	0	2	0	0	0	0	0	0	0	3	2	0	0	4	2	0	0	2	0	0	0	2	0	4	0	3	0	12	0	4	0	0	8	0	0	0	0	3	0	0	0	0	0	0	2	0	0	0	3	0
Chromista;Ciliophora;Spirotrichea;NA;Strombidiidae;Apostrombidium;Apostrombidium parakielum	Ciliates	2	0	35	0	0	0	2	2	17	2	0	9	0	8	0	0	5	5	0	4	0	0	6	4	0	0	0	0	2	0	0	0	0	0	25	0	0	14	0	0	0	0	0	4	0	2	0	0	0	10	0	0	0	0	0	2	0	0	0	0	0	23	5	0	0	0	0	0	0	0	0	0	0	0	0	0	0	16	8	0	0	7	0	0	0	0	14	0	0	13	0	0	0	2	4	0	2	0	0	0	2	0	0	0	2	0	0	16	13	13	5	8	7	0	0	10	25	10	5	2	3	10	0
Chromista;Ciliophora;Spirotrichea;NA;Strombidiidae;Laboea;Laboea strobila	Ciliates	0	0	0	0	0	2	0	0	0	0	0	0	0	0	0	0	0	0	0	0	0	0	0	0	0	0	0	0	0	0	0	0	0	0	0	0	0	0	0	0	0	0	0	0	0	0	0	0	0	0	0	0	0	0	0	0	0	0	0	0	0	12	0	0	0	0	0	0	0	0	0	0	0	0	0	0	0	0	0	0	0	0	0	10	0	0	0	0	0	0	0	0	0	0	0	0	0	0	0	0	0	0	0	0	0	0	0	0	0	0	0	0	0	0	0	0	0	0	0	0	0	0	0
Chromista;Ciliophora;Spirotrichea;NA;Strombidiidae;Parallelostrombidium;Parallelostrombidium obesum	Ciliates	0	0	0	0	2	0	0	0	0	2	0	0	0	0	0	0	0	0	0	0	0	0	0	0	0	0	0	0	0	0	0	0	0	0	13	0	0	0	0	0	0	0	0	0	0	0	0	0	0	0	0	0	0	0	0	0	0	0	0	0	0	0	0	0	0	0	0	0	0	0	0	0	2	0	0	0	0	0	0	0	0	0	0	0	0	0	0	0	0	2	0	0	0	0	0	0	0	0	0	0	0	0	0	0	0	0	0	0	0	0	0	0	0	0	0	0	0	8	0	0	0	0	0
Chromista;Ciliophora;Spirotrichea;NA;Strombidiidae;Strombidium;Strombidium sp.	Ciliates	0	0	15	0	0	5	12	5	0	0	0	0	0	0	0	2	2	0	0	3	0	0	0	0	0	0	0	0	0	0	0	0	0	0	0	0	0	3	5	0	0	0	0	6	0	13	0	0	0	49	0	0	0	0	0	3	0	0	0	0	0	13	22	0	0	0	0	0	4	39	0	0	0	0	9	0	0	6	3	0	52	5	0	3	0	0	21	54	0	0	0	0	3	0	15	0	13	0	0	0	2	0	2	2	10	0	0	0	0	3	0	0	0	0	0	12	69	16	16	32	162	482	0
Chromista;Ciliophora;Spirotrichea;NA;Strombidiidae;Strombidium;Strombidium sp. HCB-2005	Ciliates	0	0	0	2	0	7	0	0	0	0	0	0	0	0	2	0	0	0	0	0	0	0	3	0	0	0	0	0	0	0	0	3	5	2	2	0	0	0	0	0	0	6	2	2	2	3	0	0	0	2	0	0	4	0	0	0	0	0	0	4	15	0	0	0	0	7	7	4	0	0	2	0	0	0	0	0	0	4	3	3	0	3	0	0	0	3	0	0	0	0	0	0	0	0	0	0	0	0	0	0	0	0	0	0	0	0	0	2	3	0	4	4	2	0	0	0	0	0	0	0	0	0	0
Chromista;Ciliophora;Spirotrichea;NA;Strombidiidae;Strombidium;Strombidium sp. SBB99-1	Ciliates	0	0	4	0	0	0	0	0	0	0	0	0	0	0	0	2	0	0	0	0	0	0	0	0	0	0	0	0	0	0	0	0	0	0	0	0	0	0	0	0	0	0	0	0	0	0	0	0	0	12	0	0	2	0	0	0	0	0	0	0	0	4	4	0	0	0	0	0	2	0	0	0	0	0	2	0	0	0	0	0	0	0	0	0	0	0	13	0	0	0	0	0	2	0	3	0	4	0	0	0	0	0	0	0	4	0	0	0	0	0	0	0	4	0	0	2	8	2	0	4	25	95	0
Chromista;Ciliophora;Spirotrichea;NA;Tontoniidae;Pseudotontonia;Pseudotontonia simplicidens	Ciliates	0	0	0	0	0	0	0	0	0	0	0	0	0	0	0	0	0	0	0	0	0	0	0	0	0	0	0	0	0	0	0	0	0	0	0	0	0	0	0	0	0	0	0	0	0	0	0	0	0	0	0	0	0	0	0	0	0	0	0	0	0	0	0	0	0	0	0	0	0	0	0	0	2	0	0	0	0	0	0	0	0	0	0	0	0	0	0	0	0	0	0	0	0	0	0	0	0	0	0	0	0	0	0	0	0	0	0	0	0	0	0	0	2	0	0	0	0	0	0	2	0	0	0
Chromista;Ciliophora;Spirotrichea;NA;Tontoniidae;Pseudotontonia;Pseudotontonia sp. JG-2011a	Ciliates	0	0	0	0	0	0	0	0	0	0	0	2	0	0	0	0	0	0	0	0	0	0	0	0	0	0	0	0	0	0	0	0	0	6	0	0	0	0	0	0	0	0	0	0	0	0	0	0	0	4	0	0	0	0	0	0	0	0	0	0	0	0	3	0	0	0	2	0	0	2	0	0	9	0	8	0	0	0	2	0	0	0	0	0	0	0	5	10	0	0	0	0	0	0	2	0	5	0	0	0	0	0	0	0	2	0	0	0	3	0	4	2	6	3	0	3	3	2	0	6	2	8	0
Chromista;Ciliophora;Spirotrichea;Sporadotrichida;Gonostomatidae;Gonostomum;Gonostomum affine	Ciliates	0	0	75	2	0	5	6	2	3	0	0	0	0	5	0	11	3	6	0	19	2	0	8	0	3	0	3	3	0	0	4	0	11	23	28	8	30	0	21	25	0	24	11	0	0	17	0	4	17	14	0	0	8	0	0	5	4	7	8	7	77	0	3	0	2	0	11	2	0	5	2	0	0	0	0	27	0	0	12	5	11	13	10	0	4	0	7	0	0	0	0	0	5	0	8	0	8	0	3	0	35	4	13	0	45	22	5	2	8	4	4	5	0	0	0	35	58	15	15	12	14	28	0
Chromista;Ciliophora;Spirotrichea;Sporadotrichida;Oxytrichidae	Ciliates	0	0	0	0	0	0	0	0	0	0	0	0	0	0	0	0	0	0	0	0	0	0	0	0	0	0	0	5	0	0	0	0	0	0	0	0	0	0	0	0	0	0	0	0	0	0	0	0	0	0	0	0	0	0	0	0	0	0	0	0	4	0	0	0	0	2	0	0	0	0	0	0	0	0	0	0	0	0	0	0	0	0	0	0	0	0	0	0	0	0	0	0	0	0	0	0	0	0	0	0	0	0	0	0	0	0	0	0	6	0	0	0	0	0	0	0	0	0	0	0	0	0	0
Chromista;Ciliophora;Spirotrichea;Sporadotrichida;Oxytrichidae;Laurentiella;Laurentiella strenua	Ciliates	0	0	0	0	0	0	0	0	0	0	0	6	0	0	0	0	0	0	0	0	0	0	0	0	0	0	0	0	0	0	0	0	0	0	0	0	0	0	0	0	0	0	0	0	0	0	0	0	0	0	0	0	0	0	0	0	0	0	0	0	0	0	0	0	0	0	0	0	0	0	0	0	0	0	0	0	0	0	0	0	0	0	0	0	0	0	0	0	0	0	0	0	0	0	0	0	0	0	0	0	0	0	0	0	0	0	0	0	0	0	0	0	0	0	0	0	0	0	0	0	0	0	0
Chromista;Ciliophora;Spirotrichea;Sporadotrichida;Oxytrichidae;Oxytricha;Oxytricha ferruginea	Ciliates	0	0	0	0	0	0	0	0	0	0	0	0	0	0	0	0	0	0	0	0	0	0	0	0	0	0	0	0	0	0	0	0	0	0	0	0	0	0	0	0	0	0	0	0	0	0	0	0	0	0	0	0	0	0	0	0	0	0	0	0	0	0	0	0	0	0	0	0	0	0	0	0	0	0	0	212	0	0	0	0	0	0	0	0	0	0	0	0	0	0	0	0	0	0	0	0	0	0	0	0	0	0	0	0	0	0	0	0	0	0	0	0	0	0	0	0	0	0	0	0	0	0	0
Chromista;Ciliophora;Spirotrichea;Sporadotrichida;Oxytrichidae;Oxytricha;Oxytricha sp.	Ciliates	0	0	0	0	0	0	0	0	0	0	0	0	0	0	0	0	0	0	0	0	0	0	0	0	0	0	0	2	0	0	0	0	0	0	0	0	0	0	0	0	0	0	0	0	0	0	0	0	0	0	0	0	0	0	0	0	0	0	0	0	0	0	0	0	0	0	0	0	0	0	0	0	0	0	0	0	0	0	0	0	0	0	0	0	0	0	0	0	0	0	0	0	0	0	0	0	0	0	0	0	0	0	0	0	0	0	0	4	16	0	0	0	0	0	0	0	0	0	0	0	0	0	0
Chromista;Ciliophora;Spirotrichea;Sporadotrichida;Oxytrichidae;Protogastrostyla;Protogastrostyla pulchra	Ciliates	0	0	0	0	0	0	0	0	0	0	0	0	0	0	0	0	0	0	0	0	0	0	0	0	0	0	0	0	0	0	0	0	0	0	0	0	0	0	0	0	0	0	0	0	0	0	0	0	0	0	0	0	0	0	0	0	0	0	0	0	0	0	0	0	0	0	0	0	0	0	0	0	0	0	0	0	0	0	0	0	0	0	2	0	0	0	0	0	0	0	0	0	0	0	0	0	0	0	0	0	0	0	0	0	0	0	0	0	0	0	2	0	0	0	0	0	0	0	0	0	0	0	0
Chromista;Ciliophora;Spirotrichea;Sporadotrichida;Oxytrichidae;Rubrioxytricha	Ciliates	0	0	0	0	0	0	0	0	0	0	0	0	0	0	0	0	0	0	0	0	0	0	0	0	0	0	0	0	0	0	0	0	0	0	0	0	0	0	0	0	0	0	0	0	0	0	0	0	0	0	0	0	0	0	0	0	0	0	0	0	0	0	0	0	0	0	0	0	0	0	0	0	0	0	0	13	0	0	0	0	0	0	0	0	0	0	0	0	0	0	0	0	0	0	0	0	0	0	0	0	0	0	0	0	0	0	0	0	0	0	0	0	0	0	0	0	0	0	0	0	0	0	0
Chromista;Ciliophora;Spirotrichea;Sporadotrichida;Trachelostylidae;Spirotrachelostyla;Spirotrachelostyla tani	Ciliates	0	0	0	0	0	0	0	0	0	0	0	0	0	0	0	0	0	0	0	0	0	0	0	0	0	0	0	0	0	0	0	0	0	0	0	0	0	0	0	0	0	0	0	0	0	0	0	0	0	0	0	0	0	0	0	0	0	0	0	0	0	0	0	0	0	0	0	0	0	0	0	0	0	0	0	0	0	0	0	0	0	0	0	0	0	0	0	0	0	0	0	0	0	0	0	0	0	0	0	0	0	0	0	0	0	0	0	0	0	0	0	0	0	0	0	7	0	0	0	0	0	0	0
Chromista;Ciliophora;Spirotrichea;Stichotrichida;Epiclintidae;Epiclintes;Epiclintes auricularis	Ciliates	0	0	0	0	0	0	0	0	0	0	0	0	0	2	0	0	0	0	0	0	0	0	0	0	0	0	0	0	0	0	0	0	0	0	0	0	0	0	0	0	0	0	0	0	2	0	0	0	0	0	0	0	0	0	0	0	0	0	0	0	0	0	0	0	0	0	0	0	0	0	0	0	0	0	0	3	0	0	0	0	0	0	0	0	0	0	0	0	0	0	0	0	0	0	0	0	0	0	0	0	0	0	0	0	0	0	0	0	42	0	0	26	0	0	0	0	0	0	2	0	0	4	0
Chromista;Ciliophora;Spirotrichea;Tintinnida	Tintinnids	2	0	0	0	0	4	246	56	9	0	0	0	3	14	0	4	5	2	0	67	0	0	0	0	0	0	0	0	19	0	5	0	0	7	87	18	29	0	10	0	0	0	0	0	209	259	0	0	0	2	0	0	0	6	0	0	0	0	56	0	0	0	0	0	2	0	31	840	0	2	0	0	0	0	0	0	0	0	2	0	10	3	223	0	0	0	29	3	3	0	5	0	51	0	230	12	340	0	0	0	3	0	4	0	0	40	29	3	8	18	6	20	29	2	0	308	436	288	228	98	120	437	5
Chromista;Ciliophora;Spirotrichea;Tintinnida;Codonellidae	Tintinnids	0	0	0	0	0	0	0	0	21	0	0	0	0	0	0	0	3	0	0	3	0	0	0	0	0	0	0	0	14	0	0	0	8	13	0	0	0	0	6	0	0	0	0	0	0	10	0	0	0	0	0	0	0	0	0	0	0	0	0	0	0	0	0	0	0	0	0	0	0	0	0	0	0	0	0	0	0	0	9	0	8	5	35	0	0	0	0	2	0	0	0	0	0	0	0	0	0	0	0	0	0	0	0	0	0	4	3	7	3	4	5	0	9	0	0	14	184	6	7	0	0	0	10
Chromista;Ciliophora;Spirotrichea;Tintinnida;Codonellidae;Tintinnopsis;Tintinnopsis parvula	Tintinnids	0	0	0	0	0	0	0	0	0	0	0	0	0	0	0	0	0	0	0	0	0	0	0	0	0	0	0	0	0	0	0	0	0	0	0	0	0	0	0	0	0	0	0	0	0	2	0	0	0	0	0	0	0	0	0	0	0	0	0	0	0	0	0	0	0	0	0	0	0	0	0	0	0	0	0	0	0	0	0	0	0	0	0	0	0	0	0	0	0	0	0	0	0	0	0	0	0	0	0	0	0	0	0	0	0	2	0	0	0	0	0	0	0	0	0	0	0	0	0	0	3	0	0
Chromista;Ciliophora;Spirotrichea;Tintinnida;Metacylididae;Helicostomella;Helicostomella subulata	Tintinnids	2	173	0	0	0	0	0	0	0	0	0	0	56	0	0	0	0	4	0	0	0	0	0	0	0	0	0	0	0	0	0	0	0	0	0	0	0	0	0	0	0	0	0	0	0	0	0	0	0	0	0	0	0	0	0	0	0	0	3	0	0	0	0	0	0	0	0	0	0	0	0	0	0	0	0	0	0	0	0	0	0	0	2	0	0	0	31	0	0	0	251	0	0	0	0	0	3	0	0	0	0	0	0	0	0	2	2	0	0	419	0	0	4	0	0	0	0	2	0	0	0	0	0
Chromista;Ciliophora;Spirotrichea;Tintinnida;Tintinnidae	Tintinnids	0	0	0	0	3	0	0	0	0	0	0	0	0	0	0	0	0	0	0	0	0	0	0	0	0	0	0	0	0	3	0	0	0	0	0	0	0	9	0	0	0	0	0	0	0	0	0	0	0	0	0	0	0	234	0	0	0	0	0	0	8	0	0	0	0	0	0	0	0	0	0	0	0	0	0	0	0	0	0	0	0	0	0	0	0	0	0	0	0	17	0	0	0	0	0	0	0	64	0	0	0	0	0	0	0	0	0	0	2	0	0	2	0	0	0	0	0	0	0	0	0	0	0
Chromista;Ciliophora;Spirotrichea;Tintinnida;Tintinnidae;Eutintinnus	Tintinnids	0	0	0	0	0	0	28	69	0	0	0	0	0	0	0	0	0	0	0	12	0	0	0	0	0	0	0	0	0	0	0	0	0	2	0	40	0	0	0	0	0	0	0	0	183	0	0	0	0	0	0	0	0	0	0	0	0	0	3393	0	0	0	0	0	0	0	616	1979	0	0	0	0	0	0	0	0	0	0	0	0	0	15	0	0	0	0	0	0	0	0	0	0	4	0	11	0	41	0	0	0	0	0	0	0	0	2	0	0	2	0	0	0	2	0	0	0	21	4	0	23	61	131	0
Chromista;Ciliophora;Spirotrichea;Tintinnida;Tintinnidae;Eutintinnus;Eutintinnus cf. apertus	Tintinnids	0	0	5	2	0	0	2	2	15	0	18	0	0	0	0	0	22	7	0	6	0	0	0	0	0	8	0	0	4	0	0	0	0	2	0	0	0	0	0	0	0	0	3	2	0	0	0	0	0	0	0	0	0	32	0	0	0	0	0	0	0	0	0	0	0	0	0	0	0	0	0	0	0	0	0	0	0	0	0	0	0	0	0	0	0	0	0	0	0	0	0	0	0	0	0	0	0	0	0	0	0	0	0	0	0	2	5	23	44	0	8	33	12	0	0	19	23	0	0	3	2	0	0
Chromista;Ciliophora;Spirotrichea;Tintinnida;Tintinnidae;Eutintinnus;Eutintinnus pectinis	Tintinnids	0	0	0	0	0	0	0	0	2	0	0	0	0	0	0	0	0	0	0	0	0	0	0	0	0	0	0	0	0	0	0	0	0	0	0	0	0	0	0	0	0	0	0	0	0	0	0	0	0	0	0	0	0	0	0	0	0	0	0	0	0	0	0	0	0	0	0	0	0	0	0	0	0	0	0	0	0	0	0	0	0	0	0	0	0	0	0	0	0	0	0	0	0	0	0	0	0	0	0	0	0	0	0	0	0	0	0	5	0	0	3	0	3	0	0	0	0	0	0	0	0	0	0
Chromista;Ciliophora;Spirotrichea;Tintinnida;Tintinnidae;Salpingella;Salpingella sp.	Tintinnids	0	0	45	27	0	82	3	0	4	24	0	0	0	14	0	153	10	0	0	5	0	0	0	0	0	0	0	0	4	0	5	0	0	2	18	0	17	5	10	0	0	0	0	0	17	7	0	0	0	14	0	0	0	0	0	0	0	0	0	0	0	0	7	0	0	0	0	0	5	0	0	0	0	4	28	0	0	4	0	0	9	20	88	0	0	0	9	9	14	0	0	0	0	0	0	0	0	0	0	0	196	0	46	0	0	44	54	4	2	3	0	3	0	0	0	17	36	7	8	18	19	3	0
Chromista;Ciliophora;Spirotrichea;Tintinnida;Tintinnidae;Tintinnidium;Tintinnidium mucicola	Tintinnids	0	0	3	0	0	0	14	19	9	0	0	0	0	0	0	0	0	0	0	0	0	0	0	0	0	0	0	0	0	0	0	0	0	7	0	0	0	0	0	2	0	0	0	0	0	0	0	0	0	0	0	0	0	0	6	0	0	0	0	0	0	0	0	0	0	0	0	0	0	0	0	0	0	0	0	0	0	0	0	0	0	0	3	0	0	0	0	0	0	0	0	0	6	0	37	0	2	0	0	0	0	0	0	0	0	3	0	0	0	0	0	0	0	0	0	7	10	20	34	101	44	27	0
Chromista;Ciliophora;Spirotrichea;Tintinnida;Xystonellidae;Favella	Tintinnids	0	0	0	0	0	0	0	0	0	0	0	0	0	0	0	0	0	0	0	0	0	0	0	0	0	0	0	0	0	0	0	0	0	0	0	0	0	0	0	0	0	0	0	0	0	0	0	0	0	0	0	0	0	0	0	0	0	0	0	0	0	0	0	0	0	0	0	0	0	0	0	0	0	0	0	0	0	0	0	0	0	0	0	0	0	0	0	0	0	0	0	0	0	0	0	0	0	0	0	0	0	0	0	0	0	0	0	0	0	22	0	0	0	0	0	0	0	0	0	0	0	0	0
Chromista;Ciliophora;Spirotrichea;Urostylida	Ciliates	0	0	2	0	0	0	4	0	0	0	0	0	0	0	0	0	0	0	0	0	0	0	0	0	0	0	0	17	0	0	0	0	0	0	0	3	0	0	2	0	0	0	0	0	0	0	0	0	0	0	0	0	0	0	0	0	0	0	0	0	0	0	0	0	0	0	0	0	0	0	0	0	0	0	0	0	0	0	7	0	0	2	0	0	2	0	0	0	0	0	0	0	0	0	3	0	2	0	0	0	0	0	0	0	3	0	0	2	2	0	0	0	0	0	0	8	7	4	5	2	8	16	0
Chromista;Ciliophora;Spirotrichea;Urostylida;Holostichidae;Anteholosticha;Anteholosticha scutellum	Ciliates	0	0	0	0	0	0	0	0	0	0	0	0	0	0	0	0	0	0	0	0	0	0	0	0	0	0	0	0	0	0	0	0	0	0	0	0	0	0	0	0	0	0	0	0	0	0	0	0	0	0	0	0	0	0	0	0	0	0	0	0	0	0	0	0	0	0	0	0	0	0	0	0	0	0	0	0	0	0	0	0	0	0	0	0	0	0	0	0	0	0	0	0	0	0	0	0	0	0	0	0	0	0	0	0	0	0	0	0	0	0	0	0	0	2	0	0	0	0	0	0	0	0	0
Chromista;Ciliophora;Spirotrichea;Urostylida;Holostichidae;Holosticha	Ciliates	0	0	0	0	0	0	0	0	0	0	0	0	0	0	0	0	0	0	0	2	0	0	0	0	0	0	0	0	0	0	0	0	0	0	0	0	0	0	0	0	0	0	0	0	0	0	0	0	0	0	0	0	0	0	0	0	0	0	0	0	0	0	0	0	0	0	0	0	0	0	0	0	0	0	0	0	0	0	0	0	0	0	0	0	0	0	0	0	0	0	0	0	0	0	0	0	0	0	0	0	0	0	0	0	0	0	0	0	2	0	0	0	0	0	0	0	0	0	0	0	0	0	0
Chromista;Ciliophora;Spirotrichea;Urostylida;Urostylidae;Paruroleptus;Paruroleptus lepisma	Ciliates	0	0	0	0	0	0	0	0	0	0	0	0	0	0	0	0	0	0	0	0	0	0	0	0	0	0	0	0	0	0	0	0	0	0	0	0	0	0	0	0	0	0	3	0	0	0	0	0	0	0	0	0	0	0	0	0	0	7	0	0	0	0	0	0	0	6	0	0	0	0	0	0	31	0	0	0	0	0	0	0	0	0	0	0	0	0	0	0	0	0	0	0	0	0	0	0	0	0	0	0	0	0	0	0	0	0	0	0	0	0	0	0	0	0	0	0	0	0	0	0	0	0	0
Chromista;Foraminifera	Foraminiferans	0	0	0	0	0	0	0	0	0	0	0	0	0	0	0	0	0	0	0	0	0	0	0	0	0	0	0	0	0	0	0	0	0	0	3	0	0	0	0	0	0	0	0	0	0	0	0	0	0	0	0	0	0	0	0	0	0	0	0	0	0	0	0	0	0	0	0	0	0	0	0	0	0	0	0	0	0	0	2	0	0	0	0	0	0	0	0	0	0	0	0	0	0	0	0	0	0	0	0	0	0	0	0	0	0	0	0	0	0	0	0	0	0	0	0	0	0	0	0	0	0	0	0
Chromista;Foraminifera;NA;Rotaliida	Foraminiferans	0	0	0	0	0	0	0	0	0	0	0	0	0	0	0	0	0	0	0	0	0	0	0	0	0	0	0	0	0	0	0	0	0	0	0	0	0	0	0	0	0	0	0	0	0	0	0	0	0	0	0	0	0	0	0	0	0	0	0	0	0	0	0	0	0	0	0	0	0	0	0	0	0	0	0	0	0	0	0	0	0	0	0	0	0	0	0	0	0	0	0	0	0	0	0	0	0	0	0	0	0	0	0	0	0	0	0	0	0	0	0	0	0	0	0	0	0	0	8	0	0	0	0
Chromista;Foraminifera;NA;Rotaliida;Elphidiidae;Elphidiella;Elphidiella hannai	Foraminiferans	0	0	0	0	0	0	0	0	0	0	0	0	0	0	0	0	0	0	0	0	0	0	0	0	0	0	0	0	0	0	0	0	0	0	0	0	0	0	0	0	0	0	0	0	0	0	0	0	0	0	0	0	0	0	0	0	0	0	0	0	0	0	0	0	0	0	0	0	0	0	0	0	0	0	0	0	0	0	0	0	0	0	0	0	0	0	0	0	0	0	0	0	0	0	0	0	0	0	0	0	0	0	0	0	0	0	0	5	0	0	0	0	0	0	0	0	0	0	0	0	0	0	0
Chromista;Foraminifera;NA;Rotaliida;Glabratellidae;Glabratella;Glabratella milletti	Foraminiferans	0	0	0	0	0	0	0	0	11	0	0	0	0	0	0	0	0	0	0	0	0	0	0	0	0	0	0	0	0	0	0	0	0	0	0	0	0	0	0	0	0	0	0	0	0	0	0	0	0	0	0	0	0	0	0	0	0	0	0	0	0	0	0	0	0	0	0	0	0	0	0	0	0	0	0	0	0	0	0	0	0	0	0	0	0	0	0	0	0	0	0	0	0	0	0	0	0	0	0	0	0	0	0	0	0	0	0	0	0	0	0	0	0	0	0	0	0	0	0	0	0	0	0
Chromista;Haptophyta	Haptophytes	0	0	0	10	0	11	25	2	0	0	0	0	0	4	0	20	2	0	0	14	0	0	0	0	0	0	0	0	0	0	0	0	0	50	21	0	11	0	15	0	0	3	8	15	7	14	0	0	14	29	0	0	0	170	0	8	0	15	0	0	9	9	6	0	0	0	4	0	4	2	0	0	43	5	4	0	3	11	35	0	7	18	15	2	0	0	35	24	0	0	0	0	5	0	24	0	50	0	0	0	45	0	11	0	15	10	14	0	0	0	2	0	5	0	0	86	91	96	114	78	215	101	30
Chromista;Haptophyta;NA;Coccolithales;Calcidiscaceae;Tergestiella;Tergestiella adriatica	Haptophytes	0	0	0	0	0	0	2	0	0	0	0	0	0	0	0	0	0	0	0	0	0	0	0	0	0	0	0	0	0	0	0	0	0	0	0	0	0	0	0	0	0	0	0	0	0	0	0	0	0	0	0	0	0	0	0	0	0	0	4	0	0	0	0	0	0	0	0	0	0	0	0	0	0	0	0	0	0	0	0	0	0	0	0	0	0	0	0	0	0	0	0	0	0	0	0	0	0	0	0	0	0	0	0	0	0	0	0	0	0	0	0	0	0	0	0	8	0	0	0	0	0	0	0
Chromista;Haptophyta;NA;Isochrysidales	Haptophytes	0	0	0	0	0	0	0	0	0	0	0	0	0	0	0	0	0	0	0	0	0	0	0	0	0	0	0	0	0	0	0	0	0	0	2	0	9	0	0	0	0	0	0	0	0	0	0	0	0	0	0	0	0	0	0	0	0	0	0	0	0	0	0	0	0	0	0	0	0	0	0	0	0	0	0	0	0	0	0	0	0	0	0	0	0	0	2	0	0	0	0	0	0	0	0	0	2	0	0	0	0	0	0	0	0	0	0	0	0	0	0	0	0	0	0	3	7	0	6	0	5	6	0
Chromista;Haptophyta;NA;Isochrysidales;Noelaerhabdaceae;Emiliania;Emiliania huxleyi	Haptophytes	0	0	0	0	0	0	2	0	0	0	0	0	0	0	0	0	0	0	0	0	0	0	0	0	0	0	0	0	0	0	0	0	0	0	0	0	0	0	0	0	0	0	0	0	0	0	0	0	0	0	0	0	0	0	0	0	0	0	0	0	0	0	0	0	0	0	0	0	0	0	0	0	0	0	0	0	0	0	0	0	0	0	0	0	0	0	0	0	0	0	0	0	0	0	0	0	0	0	0	0	0	0	0	0	0	0	0	0	0	0	0	0	0	0	0	4	3	4	0	0	2	0	0
Chromista;Haptophyta;NA;Isochrysidales;Noelaerhabdaceae;Gephyrocapsa;Gephyrocapsa oceanica	Haptophytes	0	0	0	0	0	0	22	17	0	0	0	0	0	0	0	0	0	0	0	10	0	0	0	0	0	0	0	0	0	0	2	8	5	29	33	23	106	0	0	0	0	2	0	0	0	2	0	0	4	0	0	0	0	2	0	0	4	10	7	0	0	7	0	0	0	0	0	0	0	0	0	0	13	5	5	0	2	0	0	10	5	6	0	0	0	2	31	3	0	18	0	0	3	0	9	0	13	0	0	0	0	0	0	0	5	0	0	0	0	0	0	0	3	0	0	73	63	41	79	41	41	92	11
Chromista;Haptophyta;NA;Phaeocystales;Phaeocystaceae;Phaeocystis	Haptophytes	0	0	25	6	0	11	4	4	0	0	0	0	0	0	0	32	0	0	0	5	0	4	0	0	0	0	0	0	0	0	0	16	4	97	47	73	33	56	50	12	0	24	30	31	43	43	2	2	0	141	0	2	0	215	52	15	2	9	20	5	22	88	19	0	4	0	48	0	3	6	0	0	10	0	65	131	20	26	46	28	14	25	8	33	0	6	124	29	18	8	0	0	2	0	17	0	47	0	0	0	32	0	20	0	57	9	6	0	2	0	0	0	0	0	0	31	39	4	9	5	40	47	8
Chromista;Haptophyta;NA;Phaeocystales;Phaeocystaceae;Phaeocystis;Phaeocystis antarctica	Haptophytes	0	0	0	0	0	0	0	0	0	0	0	0	0	0	0	0	0	0	0	0	0	0	0	0	0	0	0	0	0	0	0	0	0	5	0	0	0	0	0	0	0	0	0	0	0	0	0	0	0	0	0	0	0	0	0	0	0	0	0	0	0	0	0	0	0	0	0	0	0	0	0	0	0	0	0	3	0	0	0	0	0	0	0	0	0	0	0	0	0	0	0	0	0	0	0	0	0	0	0	0	0	0	2	0	0	0	0	0	0	0	0	0	0	0	0	0	0	0	0	0	0	0	0
Chromista;Haptophyta;NA;Phaeocystales;Phaeocystaceae;Phaeocystis;Phaeocystis globosa	Haptophytes	0	0	0	0	0	0	0	0	0	0	0	0	0	0	0	0	0	0	0	0	0	0	0	0	0	0	0	0	0	0	0	0	0	0	0	0	0	0	0	0	0	0	0	0	0	0	0	0	0	0	0	0	0	0	0	0	0	0	0	0	0	0	0	0	0	0	0	0	0	0	0	0	0	0	0	0	0	0	0	0	0	0	0	0	0	0	0	0	0	0	0	0	0	0	0	0	0	0	0	0	0	0	0	0	0	0	0	0	0	0	0	0	0	0	0	0	3	0	0	0	0	0	0
Chromista;Haptophyta;NA;Prymnesiales;Chrysochromulinaceae;Chrysochromulina	Haptophytes	0	0	3	6	0	9	9	0	0	0	0	0	0	0	0	13	2	0	0	8	0	0	0	0	0	0	0	0	0	0	0	0	0	31	20	37	2	4	7	0	0	0	3	9	4	0	0	0	7	0	0	0	2	15	0	0	0	0	0	0	0	0	6	0	0	0	3	0	0	0	0	0	0	3	4	0	0	0	2	0	2	2	12	14	0	0	0	8	2	0	0	0	2	0	13	0	22	0	0	0	15	0	2	0	3	6	5	0	0	0	2	0	0	0	0	64	80	22	27	13	86	59	0
Chromista;Haptophyta;NA;Prymnesiales;Chrysochromulinaceae;Chrysochromulina;Chrysochromulina leadbeateri	Haptophytes	0	0	0	0	0	0	0	0	0	0	0	0	0	0	0	2	0	0	0	0	0	0	0	0	0	0	0	0	0	0	0	0	0	0	0	0	0	0	0	0	0	0	0	0	0	0	0	0	0	4	0	0	0	0	0	0	0	0	0	0	0	0	0	0	0	0	3	0	0	0	0	0	0	0	0	0	0	0	0	0	0	0	0	0	0	0	0	0	0	0	0	0	0	0	2	0	3	0	0	0	0	0	0	0	0	0	0	0	0	0	0	0	0	0	0	5	4	0	4	0	0	2	0
Chromista;Haptophyta;NA;Prymnesiales;Chrysochromulinaceae;Chrysochromulina;Chrysochromulina simplex	Haptophytes	0	0	7	0	0	2	2	2	0	0	0	0	0	0	0	2	0	0	0	5	0	0	0	0	0	0	0	0	0	0	0	0	0	10	6	0	0	0	8	0	0	0	2	3	0	6	0	0	0	9	0	0	0	0	0	0	0	0	0	2	0	0	0	0	5	0	7	0	2	0	0	0	0	0	0	0	0	0	0	0	9	4	0	0	0	0	0	5	5	8	0	0	0	0	10	0	9	0	0	0	3	0	3	0	0	0	0	0	0	0	0	0	5	0	0	27	25	32	17	6	37	12	0
Chromista;Haptophyta;NA;Prymnesiales;Chrysochromulinaceae;Chrysochromulina;Chrysochromulina sp. Hp34EHU	Haptophytes	0	0	0	0	0	0	0	0	0	0	0	0	0	0	0	0	0	0	0	0	0	0	0	0	0	0	0	0	0	0	0	0	0	4	0	0	0	0	0	0	0	0	0	0	0	0	0	0	0	0	0	0	0	0	0	0	0	0	0	0	0	0	0	0	0	0	0	0	0	0	0	0	0	0	0	0	0	0	0	0	0	0	0	0	0	0	0	6	0	0	0	0	0	0	0	0	0	0	0	0	0	0	0	0	0	0	0	0	0	0	0	0	0	0	0	2	0	2	2	0	4	0	19
Chromista;Haptophyta;NA;Prymnesiales;NA;Chrysocampanula;Chrysocampanula spinifera	Haptophytes	0	0	0	0	2	2	0	0	0	0	0	0	0	0	0	0	2	4	0	2	0	0	0	0	0	0	0	0	9	0	6	0	0	13	0	0	0	0	3	0	0	0	0	0	44	7	6	8	0	0	0	0	0	0	0	0	0	0	0	4	0	0	0	0	0	0	0	0	0	0	0	0	0	0	0	0	0	0	11	0	0	0	0	0	0	0	0	0	0	0	0	0	0	0	0	6	0	0	0	0	0	0	0	0	0	2	2	0	0	0	0	0	0	3	0	2	0	0	0	0	3	3	0
Chromista;Haptophyta;NA;Prymnesiales;Prymnesiaceae;Haptolina;Haptolina ericina	Haptophytes	0	0	0	0	0	0	0	0	0	0	0	0	0	0	0	0	0	0	0	0	0	0	0	0	0	0	0	0	0	0	0	0	0	0	0	0	0	0	0	3	0	0	0	0	0	0	0	0	0	0	0	0	0	0	0	0	0	0	0	0	0	0	0	0	0	0	0	0	0	0	0	0	0	0	0	0	0	0	0	0	0	0	0	0	0	0	0	0	0	0	0	0	0	0	2	0	0	0	0	0	0	0	0	0	0	0	0	0	0	0	0	0	0	0	0	5	13	2	0	3	4	0	0
Chromista;Haptophyta;NA;Prymnesiales;Prymnesiaceae;Imantonia	Haptophytes	0	0	0	0	0	0	0	0	0	0	0	0	0	0	0	0	0	0	0	0	0	0	0	0	0	0	0	0	0	0	0	0	0	0	0	0	0	0	0	0	0	0	0	0	0	0	0	0	0	0	0	0	0	0	0	0	0	0	0	0	0	0	0	0	0	0	0	0	0	0	0	0	4	0	0	0	0	0	0	0	0	0	0	0	0	0	0	0	0	0	0	0	0	0	0	0	0	0	0	0	0	0	0	0	0	0	0	0	0	0	0	0	0	0	0	0	2	3	0	0	4	0	0
Chromista;NA;Bigyra	Chromists	0	0	4	14	0	20	9	13	99	3	0	0	0	0	4	3	5	9	0	24	0	0	0	0	0	0	0	6	8	7	0	0	2	0	3	0	0	7	10	0	0	0	6	0	129	15	0	0	0	13	0	0	0	108	0	0	0	2	3	0	18	6	0	0	0	0	0	0	0	3	0	0	83	0	0	158	0	3	4	0	2	18	21	27	0	12	25	3	3	0	16	0	16	0	18	0	2	0	0	0	22	0	7	0	12	13	6	116	137	114	56	92	47	0	0	126	72	42	35	23	15	3	0
Chromista;NA;Bigyra;Amphifilida;NA;Sorodiplophrys;Sorodiplophrys sp.	Sorodiplophrys sp.	0	0	0	0	0	0	2	0	0	0	0	0	0	0	0	0	0	0	0	0	0	0	0	0	0	0	0	8	0	0	0	0	0	0	0	0	0	0	0	0	0	0	3	0	0	0	0	0	0	0	0	0	0	0	0	0	0	0	0	0	0	0	0	0	0	0	0	0	0	0	0	0	0	0	0	0	0	0	0	0	0	0	0	0	0	0	0	0	0	0	0	0	0	0	0	0	0	0	0	0	0	0	0	0	4	0	0	0	0	0	0	0	0	0	0	3	0	0	2	0	0	0	0
Chromista;NA;Bigyra;Bicosoecida;Cafeteriaceae;Cafeteria;Cafeteria minima	Chromists	0	0	14	73	0	82	15	20	5	3	0	0	0	4	60	39	3	0	0	29	0	0	0	0	0	0	0	0	0	0	0	0	0	17	13	14	0	2	13	0	0	0	2	2	2	19	0	0	3	3	0	0	10	0	0	0	0	0	16	0	0	5	5	0	4	0	4	0	0	0	0	0	2	0	0	64	0	21	42	0	4	8	36	0	0	0	8	14	2	0	94	0	6	0	17	0	4	0	0	0	48	0	25	0	8	27	19	36	28	13	11	31	4	0	0	156	137	105	107	61	145	13	0
Chromista;NA;Bigyra;Bicosoecida;Cafeteriaceae;Pseudobodo	Chromists	0	0	0	0	0	0	0	0	0	0	0	0	0	0	0	0	0	0	0	0	0	0	0	0	0	0	0	0	0	0	0	0	0	0	0	0	0	0	0	0	0	0	0	0	0	0	0	0	0	0	0	0	0	0	0	0	0	0	0	0	0	0	0	0	0	0	0	0	0	0	0	0	0	0	0	0	0	0	0	0	0	0	0	0	0	0	0	0	0	0	0	0	0	0	0	0	0	0	0	0	0	0	0	0	0	0	0	0	0	0	0	0	0	0	0	0	0	6	0	0	0	0	0
Chromista;NA;Bigyra;Labyrinthulida;Labyrinthulaceae;Labyrinthula	Chromists	0	0	0	0	0	0	2	0	0	0	0	0	0	0	0	0	0	0	0	0	0	0	0	0	0	0	0	6	2	0	0	0	0	0	0	0	0	0	0	0	0	0	0	0	0	0	0	0	0	0	0	0	0	0	0	0	0	0	0	0	0	0	0	0	0	0	0	0	2	0	0	0	0	0	0	0	0	0	0	0	0	0	0	0	0	0	0	0	0	0	7	0	0	0	2	0	0	0	0	0	0	0	0	0	0	0	0	4	2	5	0	0	2	0	0	3	0	4	3	0	0	0	0
Chromista;NA;Bigyra;Oblongichytrida;NA;Oblongichytrium;Oblongichytrium sp.	Oblongichytrium sp.	0	0	23	6	0	11	6	5	11	0	0	0	13	10	0	22	4	4	0	10	0	3	0	0	0	0	0	0	14	0	4	0	0	31	45	0	0	0	19	0	0	0	14	18	118	23	0	13	27	33	0	0	6	58	0	15	6	3	67	7	8	20	12	2	3	0	8	4	4	4	3	0	7	0	37	0	0	20	50	37	22	33	2	0	50	0	26	76	22	21	0	0	3	0	4	0	4	0	16	0	24	0	20	0	17	5	4	3	0	0	3	0	0	19	2	66	87	11	13	15	19	0	31
Chromista;NA;Bigyra;Oblongichytrida;NA;Oblongichytrium;Oblongichytrium sp. PBS05	Oblongichytrium sp. PBS05	0	0	0	0	0	0	0	3	0	0	0	0	0	0	0	0	0	0	0	6	0	0	0	0	0	0	0	0	0	0	0	0	0	0	0	0	0	0	0	0	0	0	0	0	0	0	0	0	0	0	0	0	0	0	0	0	0	0	0	0	0	0	0	0	0	0	0	0	0	0	0	0	0	0	0	0	0	0	0	0	0	0	0	0	0	0	0	6	0	0	0	0	2	0	0	0	0	0	0	0	0	0	0	0	0	0	0	5	0	0	0	8	0	0	0	9	11	8	18	0	0	0	0
Chromista;NA;Bigyra;Oblongichytrida;NA;Oblongichytrium;Oblongichytrium sp. SEK 347	Oblongichytrium sp. SEK 347	0	0	0	3	0	0	0	0	11	0	0	0	0	0	0	0	0	0	0	0	0	0	0	0	0	0	0	0	0	0	0	0	0	0	0	0	0	0	0	0	0	0	0	0	0	0	0	0	0	0	0	0	0	0	0	0	0	0	0	0	0	0	0	0	0	0	0	0	0	0	0	0	0	0	0	0	0	0	0	0	0	0	3	0	0	0	0	13	0	0	0	0	0	0	0	0	0	0	0	0	0	0	0	0	0	0	3	0	0	0	0	0	0	0	0	0	0	0	0	0	0	0	0
Chromista;NA;Bigyra;Opalinata;Blastocystidae	Chromists	0	0	0	0	0	0	0	0	0	0	0	0	0	0	0	0	0	0	0	0	0	0	0	0	0	0	0	0	0	0	0	0	0	0	0	0	0	0	0	0	0	0	0	0	0	0	0	0	0	2	0	0	0	0	0	0	0	0	0	0	0	0	0	0	0	0	0	0	0	0	0	0	0	0	0	0	0	0	0	0	0	0	0	0	0	0	0	0	0	0	0	0	0	0	0	0	0	0	0	0	2	0	0	0	0	0	0	2	0	0	0	0	0	0	0	0	2	0	0	0	0	0	0
Chromista;NA;Bigyra;Opalinata;Blastocystidae;Blastocystis	Chromists	0	0	0	0	0	0	0	0	0	0	0	0	0	0	0	0	0	0	0	0	0	0	0	0	0	0	0	0	0	0	0	0	0	0	0	2	0	0	0	0	0	0	0	0	0	0	0	0	0	0	0	0	0	0	0	0	0	0	0	0	0	0	0	0	0	0	0	0	0	0	0	0	0	0	0	0	0	0	0	0	0	0	0	0	0	0	0	0	0	0	0	0	0	0	0	0	0	0	0	0	0	0	0	0	0	0	0	0	0	0	0	0	0	0	0	0	0	0	0	0	0	0	0
Chromista;NA;Bigyra;Thraustochytrida;Thraustochytriaceae	Chromists	0	0	0	0	0	0	0	0	0	0	0	0	0	0	0	0	0	0	0	0	0	0	0	0	0	0	0	2	0	0	0	0	0	0	0	0	0	0	0	0	0	0	0	0	0	0	0	0	0	0	0	0	0	0	0	0	0	0	0	0	0	0	0	0	0	0	0	0	0	0	0	0	0	0	0	0	0	0	0	0	0	0	0	0	0	0	0	0	0	0	0	0	0	0	0	0	0	0	0	0	0	0	0	0	2	0	0	0	0	0	0	0	0	0	0	2	0	0	2	0	0	0	0
Chromista;NA;Bigyra;Thraustochytrida;Thraustochytriaceae;Aplanochytrium	Chromists	0	0	0	0	0	0	6	0	2	0	0	0	0	0	0	0	0	0	0	0	0	0	0	0	0	0	0	14	0	0	0	0	0	5	2	0	0	0	2	0	0	2	0	0	3	0	0	0	2	2	0	0	0	0	0	0	0	0	0	0	0	0	0	0	0	0	0	0	0	0	0	0	0	0	0	0	0	0	0	0	0	0	0	0	0	0	0	0	0	0	19	0	0	0	4	0	0	0	0	0	0	0	0	0	0	0	0	12	8	10	3	4	5	0	0	18	14	6	4	0	0	0	0
Chromista;NA;Bigyra;Thraustochytrida;Thraustochytriaceae;Aplanochytrium;Aplanochytrium sp. S1a	Chromists	0	0	39	30	5	60	157	77	13	15	0	12	0	0	39	7	16	0	3	145	0	0	0	0	0	0	0	390	22	0	0	0	49	76	37	0	6	0	21	16	0	22	11	31	82	53	0	0	20	15	0	2	0	0	0	33	2	0	36	0	0	0	9	4	3	0	12	9	13	0	0	0	65	15	0	0	0	11	5	0	12	10	31	9	0	30	31	28	0	0	583	0	49	0	144	0	6	0	8	0	4	4	5	0	0	15	23	413	200	366	138	245	197	0	0	436	239	218	147	81	40	17	2
Chromista;NA;Bigyra;Thraustochytrida;Thraustochytriaceae;Aplanochytrium;Aplanochytrium sp. SC1-1	Chromists	0	0	0	0	0	0	0	0	0	0	0	0	0	0	0	0	0	0	0	4	0	0	0	0	0	0	0	4	0	0	0	0	0	0	0	0	0	0	0	0	0	0	0	0	0	0	0	0	0	0	0	0	0	0	0	0	0	0	0	0	0	0	0	0	0	0	0	0	0	0	0	0	2	0	0	0	0	0	0	0	0	0	0	0	0	0	4	0	0	0	11	0	0	0	4	0	0	0	0	0	0	0	0	0	0	0	0	5	0	2	0	2	2	0	0	6	3	5	0	0	0	0	0
Chromista;NA;Bigyra;Thraustochytrida;Thraustochytriaceae;Aplanochytrium;Aplanochytrium stocchinoi	Chromists	0	0	2	5	0	6	7	6	0	0	0	0	0	0	7	0	0	0	0	9	0	0	0	0	0	0	0	23	0	0	0	0	4	6	2	0	0	0	0	2	0	2	0	0	10	7	0	0	3	0	0	0	0	0	0	6	0	0	3	0	0	0	0	0	0	0	0	0	0	0	0	0	2	0	0	0	0	0	0	0	3	0	0	2	0	2	3	0	0	0	49	0	7	0	6	0	0	0	0	0	0	0	0	0	0	0	3	37	18	26	8	13	20	0	0	37	18	14	17	3	4	0	0
Chromista;NA;Bigyra;Thraustochytrida;Thraustochytriaceae;NA;Thraustochytriidae sp. thel2	Chromists	0	0	0	0	0	0	0	0	0	0	0	0	0	0	0	0	0	0	0	0	0	0	0	0	0	0	0	0	0	0	0	0	0	0	0	0	0	0	0	0	0	0	0	0	0	0	0	0	0	0	0	0	0	0	0	0	0	0	0	0	0	0	0	0	0	0	0	0	0	0	0	0	0	0	0	0	0	0	0	0	0	0	0	0	0	0	0	0	0	0	0	0	0	0	0	0	0	0	0	0	0	0	0	0	0	0	0	0	0	0	0	0	0	0	0	0	7	4	0	0	0	0	0
Chromista;NA;Bigyra;Thraustochytrida;Thraustochytriaceae;Thraustochytrium	Chromists	0	0	0	0	0	0	0	0	0	0	0	0	0	0	0	0	0	0	0	0	0	0	0	0	0	0	0	0	0	0	0	0	0	0	0	0	0	0	0	0	0	0	0	0	0	0	0	0	0	0	0	0	0	0	0	0	0	0	0	0	0	0	2	0	0	0	0	0	0	0	0	0	0	0	0	0	0	0	0	0	0	0	0	0	0	0	0	0	0	0	0	0	0	0	0	0	0	0	0	0	0	0	0	0	0	0	0	0	0	0	3	0	0	0	0	6	0	5	2	9	3	0	0
Chromista;NA;Bigyra;Thraustochytrida;Thraustochytriaceae;Thraustochytrium;Thraustochytrium sp. AR2-19	Chromists	0	0	0	0	0	0	0	0	0	0	0	0	0	0	0	0	0	0	0	0	0	0	0	0	0	0	0	0	0	0	0	0	0	0	0	0	0	0	0	0	0	0	0	0	0	0	0	0	0	0	0	0	0	0	0	0	0	0	0	0	0	0	0	0	0	0	0	0	0	0	0	0	0	5	0	0	0	0	0	0	0	0	0	0	0	0	0	0	0	0	0	0	0	0	0	0	0	0	0	0	0	0	0	0	0	0	0	0	0	0	0	0	0	0	0	0	0	0	0	0	0	0	0
Chromista;NA;Bigyra;Thraustochytrida;Thraustochytriaceae;Thraustochytrium;Thraustochytrium sp. LLF1b	Chromists	0	0	0	0	0	0	0	2	0	0	0	0	0	0	0	0	0	0	0	0	0	0	0	0	0	0	0	0	0	0	0	0	0	0	0	0	0	0	0	0	0	0	0	0	0	0	0	0	0	0	0	0	0	0	0	0	0	0	0	0	0	0	19	0	0	0	0	0	0	0	0	0	0	0	0	0	0	0	0	0	0	0	0	0	0	0	0	0	0	0	0	0	0	0	0	0	0	0	0	0	0	0	0	0	0	0	0	0	0	5	0	0	0	0	0	0	2	6	5	4	2	3	0
Chromista;NA;Bolidophyceae;Parmales;Triparmaceae;Triparma;Triparma pacifica	Bolidophytes	0	0	3	3	0	0	0	0	0	0	0	0	0	0	0	2	0	0	0	0	0	0	0	0	0	0	0	0	0	0	0	0	0	3	0	0	0	0	0	0	0	0	0	0	0	6	0	0	0	2	0	0	0	0	0	0	0	0	0	0	0	0	0	0	0	0	9	0	0	0	0	0	0	0	0	0	0	3	0	0	0	0	0	0	0	0	3	2	2	0	0	0	0	0	0	0	0	0	0	0	0	0	0	0	3	0	0	0	0	0	0	0	0	0	0	4	0	3	3	0	3	0	0
Chromista;NA;Centroplasthelida	Chromists	0	0	0	0	0	0	0	0	0	0	0	0	0	0	0	0	0	0	0	0	0	0	0	0	0	0	0	0	0	0	0	0	5	0	0	0	0	0	0	0	0	0	0	0	0	0	0	0	0	0	0	0	0	0	0	0	0	0	0	0	0	0	0	0	0	0	0	0	0	0	0	0	3	0	0	2	0	0	0	0	0	0	2	0	4	0	2	0	0	0	0	0	0	0	2	0	0	0	0	0	0	0	0	0	0	0	0	0	0	0	0	0	0	0	0	6	3	0	0	0	0	0	2
Chromista;NA;Centroplasthelida;Acanthocystida;Raphidocystidae;Raphidocystis;Raphidocystis ambigua	Raphidocystis ambigua	0	0	0	0	0	0	0	0	0	0	0	0	0	0	0	0	0	0	0	0	0	0	0	0	0	0	0	0	0	0	0	0	0	0	0	16	0	0	0	0	0	0	0	0	0	0	0	0	0	0	0	0	0	0	0	0	0	2	3	0	0	0	0	0	0	0	0	0	0	0	0	0	0	0	0	0	0	0	0	0	0	0	0	0	0	0	0	0	0	0	0	0	0	0	0	0	0	0	0	0	0	0	0	0	0	0	0	0	0	0	3	0	3	0	0	0	0	0	0	0	0	0	0
Chromista;NA;Centroplasthelida;Pterocystida;Pterocystidae;Chlamydaster;Chlamydaster sterni	Sun Animalcules	0	0	0	0	0	3	0	0	0	0	0	0	0	0	0	2	0	0	0	0	0	0	0	0	0	0	0	0	0	0	0	0	0	0	0	24	0	0	0	0	0	0	0	0	2	0	0	9	0	0	0	0	0	0	0	0	0	0	0	0	0	0	0	0	0	0	0	0	0	0	0	0	0	0	0	0	0	0	0	0	0	0	4	0	0	0	0	0	0	0	0	0	0	0	0	0	0	0	0	0	0	0	0	0	0	6	0	0	0	0	0	0	0	0	0	0	0	0	0	0	0	0	0
Chromista;NA;Centroplasthelida;Pterocystida;Pterocystidae;Pterocystis;Pterocystis sp.	Sun Animalcules	0	0	0	0	0	0	0	0	0	0	0	0	0	0	0	3	0	0	0	0	0	0	0	0	0	0	0	0	0	0	0	0	0	0	0	0	0	0	0	0	0	0	0	0	0	0	0	0	0	0	0	0	0	0	0	0	0	0	0	0	0	0	0	0	0	0	0	0	0	0	0	0	0	0	0	0	0	0	0	0	0	0	8	0	0	0	0	6	0	0	0	0	2	0	0	0	0	0	0	0	14	0	2	0	0	8	4	0	0	0	0	0	0	0	0	6	2	0	0	0	0	0	0
Chromista;NA;Chrysophyceae;Chromulinales	Golden-brown algae	49	77	638	0	0	5	0	0	2265	1794	0	1017	1208	817	0	2	1141	46	2	3	0	4	8	185	4	3	11	0	1289	0	2	23	10	24	28	7	0	2	25	0	0	10	0	4	704	155	9	17	9	10	0	6	23	3	0	6	0	0	0	0	22	0	2	0	6	28	8	9	2	3	0	0	39	24	0	17	0	0	131	33	4	0	2	0	0	0	8	35	0	0	50	223	0	18	4	4	2	0	4	0	3	72	2	0	8	2	0	16	16	20	8	7	21	16	0	37	15	25	5	4	4	0	55
Chromista;NA;Chrysophyceae;Chromulinales;Chromulinaceae;Ochromonas;Ochromonas danica	Golden-brown algae	0	0	0	5	0	2	0	0	0	0	0	0	0	0	0	2	0	0	0	0	0	0	0	0	0	0	0	0	0	0	0	0	0	0	0	0	0	0	0	0	0	0	0	0	0	0	0	0	0	0	0	0	0	0	0	0	0	0	0	0	0	0	0	0	0	0	0	0	0	0	0	0	0	0	0	0	0	0	0	0	0	0	0	0	0	0	0	0	0	0	0	0	0	0	0	0	0	0	0	0	0	0	0	0	0	0	0	0	3	0	0	0	0	0	0	0	0	0	0	0	0	0	0
Chromista;NA;Chrysophyceae;Chromulinales;Chromulinaceae;Ochromonas;Ochromonas sp. TCS-2004	Golden-brown algae	0	0	0	0	0	0	0	0	6	0	0	0	3	4	0	0	0	0	0	0	0	0	0	0	0	0	0	0	2	5	0	0	0	0	0	0	0	0	0	0	0	0	0	0	0	0	0	0	2	0	0	0	0	2	0	0	0	0	0	0	0	0	0	0	0	0	0	0	0	0	0	0	0	0	0	2	0	0	0	0	0	0	0	0	0	0	4	0	0	0	0	0	0	0	0	0	0	0	0	0	0	0	0	0	0	0	0	0	0	0	0	0	0	0	0	0	0	0	0	0	0	10	2
Chromista;NA;Chrysophyceae;Chromulinales;Chromulinaceae;Pedospumella;Pedospumella sp. JBM19	Golden-brown algae	0	0	0	0	0	0	0	0	0	0	0	0	0	0	0	0	0	0	0	2	0	0	0	0	0	0	0	0	0	0	0	0	0	0	0	0	0	0	0	0	0	0	0	0	0	0	0	0	0	0	0	0	0	0	0	0	0	0	0	0	0	0	0	0	0	0	0	0	0	0	0	0	0	0	0	0	0	0	6	0	0	0	0	0	0	0	0	0	0	0	0	0	0	0	0	0	0	0	0	0	0	0	0	0	0	0	0	0	0	0	0	0	0	0	0	0	0	0	0	0	0	0	0
Chromista;NA;Chrysophyceae;Chromulinales;Oikomonadaceae;Oikomonas;Oikomonas sp. SA-2.1	Golden-brown algae	0	0	9	0	0	0	0	0	41	26	0	20	23	9	0	0	20	0	0	0	0	0	0	2	0	0	0	0	13	0	0	0	0	0	0	0	0	0	0	0	0	0	0	0	12	3	0	0	0	0	0	0	0	0	0	0	0	0	0	0	0	0	0	0	0	0	0	0	0	0	0	0	0	0	0	0	0	0	8	0	0	3	0	0	0	2	0	6	0	0	0	5	0	0	0	0	0	0	0	0	0	4	0	0	0	0	0	0	0	0	0	0	0	0	0	10	4	0	0	0	0	0	7
Chromista;NA;Chrysophyceae;Chromulinales;Paraphysomonadaceae;Paraphysomonas;Paraphysomonas sp. GflagA	Golden-brown algae	0	0	0	0	8	0	0	0	0	0	0	0	0	0	0	0	0	0	0	0	0	0	0	0	0	0	0	0	0	0	0	0	0	0	0	0	0	0	0	0	0	0	0	0	0	0	0	0	0	0	0	0	0	0	0	0	0	0	0	0	0	0	0	0	0	0	0	4	0	0	0	0	0	0	0	0	0	0	0	0	0	0	0	0	0	0	0	0	0	0	0	0	0	0	0	0	0	0	0	0	0	0	0	0	0	0	0	0	0	0	0	0	0	0	0	0	0	0	0	0	0	0	0
Chromista;NA;Chrysophyceae;Hibberdiales;Hibberdiaceae;Hibberdia;Hibberdia magna	Golden-brown algae	0	0	0	0	0	0	15	8	0	0	0	0	0	0	0	0	0	0	0	4	0	0	0	0	0	0	0	0	0	0	0	0	0	8	10	2	0	0	5	0	10	0	0	2	3	0	0	2	0	0	0	0	0	4	3	0	0	0	0	0	0	0	0	0	0	0	2	0	0	0	0	0	35	0	7	4	2	0	13	15	7	8	0	0	0	9	18	14	0	2	0	0	3	0	31	0	106	0	0	0	0	0	0	0	8	0	0	0	0	0	0	0	0	0	0	84	154	47	69	57	331	502	48
Chromista;NA;Chrysophyceae;Hydrurales;Hydruraceae;Hydrurus	Golden-brown algae	0	0	0	0	0	0	0	0	4	0	0	0	0	0	0	0	0	0	0	0	0	0	0	0	0	0	0	0	0	0	0	0	0	0	0	0	0	0	0	0	0	0	0	0	2	0	0	0	0	0	0	0	0	0	0	0	0	0	0	0	0	0	0	0	0	0	0	0	0	0	0	0	15	4	5	0	0	0	0	0	0	5	0	0	0	0	6	4	0	2	0	0	0	0	0	0	0	0	0	0	0	0	0	0	7	0	0	0	0	0	0	0	0	0	0	0	0	0	0	0	0	0	0
Chromista;NA;Chrysophyceae;Hydrurales;Hydruraceae;Hydrurus;Hydrurus foetidus	Golden-brown algae	0	0	0	0	0	0	0	0	0	0	0	0	0	0	0	0	0	0	0	0	0	0	0	0	0	0	0	0	0	0	0	0	0	0	0	0	0	0	0	0	0	0	0	0	10	0	0	0	0	0	0	0	0	0	0	0	0	0	0	0	0	0	0	0	0	0	0	0	0	0	0	0	0	0	0	0	0	0	0	0	0	0	0	0	0	0	0	0	0	0	0	0	0	0	0	0	0	0	0	0	0	0	0	0	0	0	0	0	0	0	0	0	0	0	0	0	0	0	0	0	0	0	0
Chromista;NA;Chrysophyceae;NA;NA;NA;Chrysophyceae sp. I8	Golden-brown algae	0	0	9	0	0	7	0	4	13	0	0	3	0	12	0	9	5	0	0	4	0	0	0	0	0	0	0	0	0	0	0	0	0	0	0	0	0	0	6	0	0	0	0	0	61	33	0	0	8	11	0	0	0	0	62	0	0	6	11	3	0	0	0	0	0	7	0	0	0	11	0	0	0	0	0	6	0	7	13	46	3	5	13	4	0	0	0	0	0	0	0	0	3	0	7	0	34	0	0	0	4	0	6	0	2	6	3	0	6	2	5	2	4	0	0	48	132	53	86	44	137	139	0
Chromista;NA;Chrysophyceae;NA;NA;Segregatospumella;Segregatospumella dracosaxi	Golden-brown algae	0	0	6	0	0	0	0	0	23	21	0	6	20	9	0	0	14	0	0	0	0	0	0	2	0	0	0	0	9	0	0	3	0	0	0	0	0	0	0	0	0	0	0	0	9	3	0	0	0	0	0	0	0	0	0	0	0	0	0	0	0	0	0	0	0	0	0	0	0	0	0	0	0	0	0	0	0	0	3	0	0	0	0	0	0	0	0	0	0	0	0	6	0	0	0	0	0	0	0	0	0	0	0	0	0	0	0	0	0	0	0	0	0	0	0	0	0	0	0	0	0	0	0
Chromista;NA;Chrysophyceae;NA;NA;Segregatospumella;Segregatospumella sp.	Golden-brown algae	0	0	0	0	0	0	0	0	0	0	0	0	0	0	0	0	0	0	0	0	0	0	0	0	0	0	0	0	2	0	0	0	2	0	0	0	0	0	0	0	0	0	0	0	0	0	0	0	0	0	0	0	0	2	0	0	0	0	0	0	0	0	0	0	0	0	0	0	0	0	0	0	0	0	0	0	0	0	0	0	0	0	0	0	0	0	0	2	0	0	0	0	0	0	0	0	0	0	0	0	0	0	0	0	0	0	0	0	0	0	0	0	0	0	0	2	3	2	0	0	0	0	2
Chromista;NA;Cryptophyceae	Chromists	0	0	65	11	15	50	24	11	8	0	0	0	0	0	0	119	5	9	0	33	0	0	0	3	0	0	0	0	3	0	12	6	2	94	82	40	25	84	52	3	66	7	34	31	14	62	3	71	8	207	0	13	77	8	0	14	8	3	41	9	28	191	37	5	15	61	51	0	4	13	0	0	185	17	71	155	13	22	70	18	45	85	30	14	6	5	108	61	18	17	27	0	21	0	46	7	100	0	9	3	73	0	40	0	39	21	17	4	8	15	14	13	11	0	0	137	342	77	85	99	313	166	0
Chromista;NA;Cryptophyceae;Cryptomonadales	Chromists	0	0	0	0	0	0	0	0	0	0	0	0	0	0	0	0	0	0	0	0	0	0	0	0	0	0	0	0	0	0	0	0	0	0	0	0	0	0	0	0	0	0	0	0	0	0	0	0	2	3	0	0	0	0	0	0	0	0	0	0	0	0	0	0	0	0	0	0	0	0	0	0	0	0	0	0	0	0	0	0	0	0	0	0	0	0	0	0	0	0	0	0	0	0	0	0	0	0	0	0	0	0	0	0	0	0	0	0	0	0	0	0	0	0	0	0	0	0	0	0	0	0	0
Chromista;NA;Cryptophyceae;Cryptomonadales;Cryptomonadaceae;Cryptomonas;Cryptomonas lundii	Cryptomonads	0	0	0	0	0	0	0	0	0	0	0	0	0	0	0	0	0	0	0	0	0	0	0	0	0	0	0	0	0	0	0	2	0	0	20	0	0	0	0	0	0	0	0	0	0	0	0	2	0	0	0	0	0	0	0	0	0	0	0	3	0	0	0	0	0	0	0	0	0	0	0	0	0	3	0	78	0	0	0	0	0	0	0	0	0	0	0	0	0	0	30	0	0	0	0	0	0	0	0	0	0	0	0	0	0	0	0	0	0	0	0	0	0	0	0	0	0	0	0	0	0	0	0
Chromista;NA;Cryptophyceae;Cryptomonadales;Cryptomonadaceae;Cryptomonas;Cryptomonas tetrapyrenoidosa	Cryptomonads	0	0	0	0	0	0	0	0	0	0	0	0	0	0	0	0	0	0	0	0	0	0	0	0	0	0	0	0	0	0	0	0	0	0	0	0	0	0	0	0	0	0	0	0	0	0	0	0	0	0	0	0	0	0	0	0	0	0	0	0	0	0	0	0	0	0	0	0	0	0	0	0	0	0	0	0	0	0	0	0	0	0	0	0	0	0	0	0	0	0	0	0	0	0	0	2	0	0	0	0	0	0	0	0	0	0	0	0	0	0	0	0	0	0	0	0	0	0	0	0	0	0	0
Chromista;NA;Cryptophyceae;Cryptomonadales;Cryptomonadaceae;Plagioselmis	Chromists	0	0	14	14	82	52	20	7	3	0	0	0	0	0	4	116	4	0	0	27	0	0	0	0	0	0	0	0	0	0	0	0	0	64	101	0	32	13	35	20	0	10	43	17	13	26	0	27	2	75	0	2	26	0	0	0	0	0	9	3	38	40	30	0	3	0	12	0	2	3	0	0	8	0	34	0	0	41	59	37	27	39	15	23	0	0	62	48	16	8	0	0	9	0	34	0	51	0	0	0	108	0	55	0	75	26	21	0	5	0	0	2	4	0	0	97	136	29	62	37	192	39	4
Chromista;NA;Cryptophyceae;Cryptomonadales;Hemiselmidaceae;Hemiselmis	Chromists	0	0	0	0	0	0	0	0	0	0	0	0	0	0	0	0	0	0	0	0	0	0	0	0	0	0	0	0	0	0	0	0	0	0	0	0	0	0	0	0	0	0	0	0	0	3	0	0	0	0	0	0	0	0	0	0	0	0	0	0	0	0	0	0	0	0	0	0	0	0	0	0	0	0	0	0	0	0	0	0	0	0	0	0	0	0	0	0	0	0	0	0	0	0	0	0	2	0	0	0	0	0	0	0	0	0	0	0	0	0	0	0	0	0	0	11	0	3	0	0	3	0	0
Chromista;NA;Cryptophyceae;Cryptomonadales;Hemiselmidaceae;Hemiselmis;Hemiselmis cryptochromatica	Cryptomonads	0	0	0	3	0	6	0	0	4	0	0	0	0	0	0	17	2	0	0	0	0	0	0	0	0	0	0	0	0	0	0	0	0	0	0	0	2	11	2	0	0	0	6	3	0	4	0	0	10	17	0	0	0	0	0	4	0	0	0	0	0	0	4	0	0	0	0	0	3	0	0	0	0	0	0	0	0	2	0	0	2	0	2	2	0	0	0	0	0	0	0	0	0	0	3	0	3	0	0	0	5	0	3	0	6	0	2	0	0	0	0	0	0	0	0	5	7	0	7	9	25	3	0
Chromista;NA;Cryptophyceae;Cryptomonadales;Hemiselmidaceae;Hemiselmis;Hemiselmis rufescens	Cryptomonads	0	0	0	0	0	0	0	0	0	0	0	0	0	0	0	0	0	0	0	0	0	0	0	0	0	0	0	0	0	0	0	0	0	0	0	0	0	0	0	0	0	0	0	0	0	0	0	0	0	0	0	0	0	0	0	0	0	0	0	0	0	0	0	0	0	0	0	0	0	0	0	0	0	0	0	0	0	0	0	0	0	0	0	0	0	0	0	0	0	0	0	0	0	0	0	0	0	0	0	0	0	0	0	0	0	0	0	0	2	0	2	0	0	0	0	0	0	0	0	0	0	0	0
Chromista;NA;Cryptophyceae;Cyathomonadacea;Goniomonadaceae;Goniomonas;Goniomonas sp. SH-8	Cryptomonads	0	0	0	0	0	0	0	0	0	0	0	0	0	0	0	0	0	0	0	0	0	0	0	0	0	0	0	0	0	0	0	0	0	0	0	0	0	0	0	0	0	0	0	0	0	0	0	0	0	0	0	0	0	0	0	0	0	0	0	0	0	0	0	0	0	0	0	0	0	0	0	0	0	0	0	0	0	0	0	0	0	0	0	0	0	0	0	0	0	0	6	0	0	0	0	0	0	0	0	0	0	0	0	0	0	0	0	0	0	0	0	0	0	0	0	0	2	0	0	0	0	0	0
Chromista;NA;Cryptophyceae;Kathablepharidacea;Katablepharidaceae;Leucocryptos;Leucocryptos marina	Cryptomonads	0	0	8	5	0	7	5	0	11	0	0	0	0	0	0	15	0	0	0	0	0	0	0	0	0	0	0	0	0	0	0	0	2	2	6	0	0	0	5	0	0	0	0	0	13	6	0	0	2	2	0	4	11	0	0	0	0	0	0	0	0	0	3	0	0	0	0	0	0	0	0	0	5	3	0	0	0	0	0	0	3	0	13	0	0	2	0	13	2	0	0	0	2	0	7	0	5	0	0	0	19	0	5	0	0	8	7	0	9	0	0	0	0	0	0	70	140	32	23	15	44	7	2
Chromista;NA;Cryptophyceae;NA;NA;NA;Cryptophyta sp. CR-MAL04	Cryptomonads	0	0	0	0	4	3	0	0	0	0	0	0	0	0	0	7	0	0	0	0	0	0	0	0	0	0	0	0	0	0	0	0	0	4	3	0	0	0	0	0	0	0	0	0	0	0	0	2	0	0	0	0	0	0	0	0	0	0	0	0	2	2	0	0	0	0	0	0	0	0	0	0	0	0	2	0	0	0	2	2	0	3	0	2	0	0	0	0	0	0	0	0	0	0	3	0	2	0	0	0	2	0	0	0	2	0	0	0	0	0	0	0	0	0	0	0	7	0	0	3	5	0	0
Chromista;NA;Cryptophyceae;Pyrenomonadales	Chromists	0	0	0	0	0	0	0	0	0	0	0	0	0	0	0	0	0	0	0	0	0	0	0	0	0	0	0	0	0	0	0	0	0	0	0	0	0	0	0	0	0	0	0	0	0	0	0	0	0	0	0	0	0	0	0	0	0	0	0	0	0	0	0	0	0	0	0	0	0	0	0	0	0	0	0	0	0	0	0	0	0	0	0	0	0	0	0	0	0	0	0	0	0	0	0	0	0	0	0	0	0	0	0	0	0	0	0	0	0	0	0	0	16	0	0	0	0	0	0	0	0	0	0
Chromista;NA;Cryptophyceae;Pyrenomonadales;Chroomonadaceae;Chroomonas	Chromists	0	0	0	0	0	0	0	0	0	0	0	0	0	0	0	0	0	0	0	0	0	0	0	0	0	0	0	0	0	0	0	0	0	0	0	0	0	0	0	0	0	0	0	0	0	0	0	10	0	0	0	0	0	0	0	0	0	0	0	0	0	3	0	0	0	0	0	0	0	0	0	0	0	0	35	0	0	0	0	0	0	0	0	0	0	0	0	0	0	0	0	0	0	0	0	0	0	37	0	0	0	0	0	0	0	0	0	0	0	0	0	0	0	0	0	0	0	0	0	0	0	2	0
Chromista;NA;Cryptophyceae;Pyrenomonadales;Geminigeraceae	Chromists	0	0	0	0	0	0	3	5	0	0	0	0	0	0	0	0	0	0	0	0	0	0	0	0	0	0	0	0	0	0	0	0	0	2	0	2	0	0	0	0	0	2	0	0	2	0	0	0	0	0	0	0	0	0	0	0	0	0	0	0	3	5	0	0	0	0	0	0	0	0	0	0	0	0	0	0	0	0	0	0	0	0	0	0	0	0	0	0	0	0	0	0	2	0	5	0	4	0	0	0	0	0	2	0	12	2	0	2	0	2	2	0	3	0	0	32	25	10	13	3	8	0	0
Chromista;NA;Cryptophyceae;Pyrenomonadales;Geminigeraceae;Geminigera;Geminigera cryophila	Cryptomonads	0	0	4	0	2	10	19	13	0	0	0	0	0	0	2	22	0	2	0	30	0	0	0	0	0	0	0	0	0	0	0	0	0	5	13	0	17	21	17	0	0	14	52	8	16	7	0	0	105	131	0	0	6	18	0	2	0	0	0	0	0	6	0	0	0	0	0	0	0	0	0	0	0	27	34	0	0	0	20	0	2	8	4	0	0	2	3	18	0	6	0	0	12	0	16	0	22	0	0	0	23	0	12	0	26	8	3	3	5	8	3	0	7	0	0	79	121	86	68	67	85	19	0
Chromista;NA;Cryptophyceae;Pyrenomonadales;Geminigeraceae;Teleaulax;Teleaulax acuta	Cryptomonads	0	0	37	4	0	12	21	5	0	0	0	3	0	2	2	23	6	4	0	4	0	0	0	0	0	0	0	0	5	0	0	0	0	24	42	11	10	5	15	0	0	0	8	11	0	4	0	13	0	27	0	0	2	0	0	6	0	0	0	0	7	3	6	0	0	0	12	0	0	0	0	0	0	0	0	13	0	31	0	16	0	21	7	10	24	0	2	9	4	5	0	0	6	0	27	0	33	0	6	0	21	2	9	0	0	18	6	0	0	2	0	0	0	0	0	48	46	19	14	16	26	0	0
Chromista;NA;Cryptophyceae;Pyrenomonadales;Geminigeraceae;Teleaulax;Teleaulax amphioxeia	Cryptomonads	0	0	11	7	0	17	6	4	0	0	0	0	0	0	0	36	5	0	0	3	0	0	0	0	0	0	0	0	0	0	0	0	0	32	0	0	0	4	3	0	0	0	0	7	5	22	4	0	0	26	0	0	0	0	0	0	2	8	0	2	0	7	2	2	7	0	6	0	0	0	0	0	0	6	17	0	0	12	8	0	4	18	4	4	2	0	17	6	13	0	0	0	0	0	8	0	14	0	0	0	47	0	14	0	19	6	5	4	2	8	0	6	10	0	0	43	43	8	13	4	23	18	0
Chromista;NA;Cryptophyceae;Pyrenomonadales;Pyrenomonadaceae	Chromists	0	0	0	0	0	0	0	0	0	0	0	0	0	0	0	0	0	0	0	0	0	0	0	0	0	0	0	0	0	0	0	0	0	0	0	0	0	0	0	0	0	0	0	0	0	3	0	0	0	0	0	0	0	0	0	5	0	0	0	0	0	0	0	0	0	0	0	0	0	0	0	0	0	0	0	0	0	0	0	0	0	0	0	0	0	0	0	0	0	0	0	0	0	0	4	0	0	0	0	0	0	0	0	0	0	2	0	0	0	0	0	0	3	0	0	0	0	0	0	0	5	0	0
Chromista;NA;Dictyochophyceae;Dictyochales;NA;Dictyocha;Dictyocha fibula	Brown algae	0	0	0	0	0	0	0	0	0	0	0	0	0	0	0	0	0	0	0	0	0	0	0	0	0	0	0	0	0	0	0	0	0	0	0	0	0	0	0	0	0	0	0	0	0	0	0	0	0	0	0	0	0	0	0	0	0	0	0	0	10	0	0	0	0	0	0	0	0	0	0	0	0	0	0	0	0	0	0	0	0	0	0	0	0	0	6	0	0	0	0	0	0	0	0	0	0	0	0	0	7	0	5	0	0	0	3	0	0	0	0	0	0	0	0	0	0	0	0	0	0	0	0
Chromista;NA;Dictyochophyceae;Dictyochales;NA;Dictyocha;Dictyocha speculum	Brown algae	0	0	0	0	0	0	0	0	0	0	0	0	0	0	0	0	0	0	0	0	0	0	0	0	0	0	0	0	0	0	0	0	0	0	0	0	0	0	0	0	0	0	0	0	0	0	0	0	0	0	0	0	0	0	0	0	0	0	0	0	0	0	0	0	0	0	0	0	0	0	0	0	0	0	0	0	0	0	0	0	0	0	0	0	0	0	0	0	0	0	0	0	0	0	0	0	0	0	0	0	2	0	0	0	0	0	0	0	0	0	0	0	0	0	0	0	0	0	0	0	3	0	0
Chromista;NA;Dictyochophyceae;Florenciellales	Chromists	0	0	0	0	0	0	2	0	0	0	0	0	0	0	0	0	0	0	0	0	0	0	0	0	0	0	0	0	0	0	0	0	0	0	0	0	0	0	0	0	0	0	0	0	3	0	0	0	0	0	0	0	5	0	0	0	0	0	0	0	0	0	0	0	0	0	0	0	0	0	0	0	0	0	0	0	0	0	0	0	3	3	0	0	0	0	5	2	0	0	0	0	0	0	0	0	6	0	0	0	0	0	0	0	2	0	0	0	0	0	0	0	0	0	0	0	7	3	0	2	4	10	0
Chromista;NA;Dictyochophyceae;Pedinellales;NA;NA;Pedinellales sp. CCMP2098	Brown algae	0	0	0	0	0	0	0	0	0	0	0	0	0	0	0	0	0	0	0	2	0	0	0	0	0	0	0	0	0	0	0	0	0	2	0	0	0	0	0	0	0	0	0	0	0	5	0	0	0	2	0	0	10	0	0	0	0	0	0	0	0	2	0	0	0	0	0	0	0	0	0	0	0	0	0	0	0	0	0	0	0	3	0	0	15	0	0	0	4	0	0	0	0	0	4	0	8	0	0	0	0	0	0	0	0	0	0	0	0	0	0	0	0	0	0	12	9	5	7	5	8	9	0
Chromista;NA;Dictyochophyceae;Pedinellales;NA;Pteridomonas;Pteridomonas danica	Brown algae	0	0	0	0	0	0	0	0	0	0	0	0	0	0	0	0	0	0	0	0	0	0	0	0	0	0	0	0	0	0	0	0	0	0	0	0	0	0	0	0	0	0	0	0	3	0	0	0	0	0	0	0	0	0	0	0	0	0	0	0	0	0	0	0	0	6	0	0	0	0	0	0	0	0	0	0	0	0	0	0	0	0	0	0	0	0	0	0	0	0	2	0	0	0	0	0	0	0	0	0	0	0	0	0	0	0	0	0	0	0	0	0	0	0	0	2	4	0	0	0	4	6	0
Chromista;NA;Dinophyceae	Dinoflagellates	15594	8323	13030	1196	26242	1868	1098	521	12613	26660	14751	21023	28508	27128	1416	1184	4580	9674	11218	563	6975	4529	10327	13508	3169	16252	8687	12	9537	17242	24239	11752	16868	15496	25249	38066	30844	10465	21655	32792	53198	13074	10023	14728	16715	10445	696	40872	19922	16481	0	2052	24305	96093	30697	28120	1266	4238	23406	4858	15590	28150	9011	9132	8791	46564	20281	20864	6301	9551	11875	0	11987	3978	10522	19819	9792	15017	8321	24503	4697	6207	798	8324	15704	5206	30834	10921	13088	38544	239	5985	331	1796	1369	13191	6993	10	9397	1941	1858	8967	709	6941	12206	722	513	1872	2784	3591	3839	3960	5757	14683	12916	1457	1383	672	524	390	970	7347	13382
Chromista;NA;Dinophyceae;Abediniales;Abediniaceae;Abedinium	Dinoflagellates	0	0	0	0	0	0	0	0	0	0	0	0	0	0	0	0	0	0	0	0	0	0	0	0	0	0	0	0	0	0	0	0	0	0	0	0	0	0	0	0	0	0	0	0	0	0	0	0	0	0	0	0	0	0	0	0	0	0	0	0	0	0	0	0	0	0	0	0	0	0	2	0	0	0	0	0	0	0	0	0	0	0	0	0	0	0	0	0	0	0	0	0	0	0	0	0	0	0	0	0	0	0	0	0	0	0	0	0	0	0	0	0	0	0	4	0	0	0	0	0	0	0	5
Chromista;NA;Dinophyceae;Amphidiniales;Amphidiniaceae;Amphidinium;Amphidinium carterae	Dinoflagellates	0	0	0	0	0	0	3	2	8	28	0	0	8	0	0	0	2	0	0	0	0	0	0	0	0	0	0	0	0	0	0	0	6	4	46	19	21	0	34	0	6	3	0	0	5	31	0	0	0	25	0	0	2	0	0	11	0	0	11	11	0	0	13	13	31	0	66	32	3	4	0	0	0	0	6	0	6	47	16	0	16	2	0	0	3	5	2	0	0	0	0	0	3	0	5	0	12	0	0	0	0	0	0	0	0	0	0	0	0	0	0	0	0	0	0	0	0	0	0	0	0	35	7
Chromista;NA;Dinophyceae;Blastodiniales;NA;Blastodinium	Dinoflagellates	0	100	3	486	139	702	291	283	308	0	0	975	297	1794	615	104	2	218	2625	650	234	457	5050	1802	0	0	317	0	5	179	1506	4786	3296	21071	3942	10533	11947	6	1019	12	2	5	10	746	2	3	0	0	2879	8	0	2	12	59	173	1063	758	539	14	3364	17463	719	327	567	0	145	3	220	0	18	12925	0	3278	0	16	0	1068	8	6	8020	628	0	60	0	74	54	5978	607	276	1372	2	0	573	356	122	241	2	0	0	0	230	239	58	0	0	59	49	2502	6612	7087	9966	6214	9257	2118	192	543	199	2183	18	3	0	15	5641
Chromista;NA;Dinophyceae;Blastodiniales;NA;Blastodinium;Blastodinium contortum	Dinoflagellates	0	0	0	0	0	0	0	0	0	0	0	0	0	0	0	0	0	0	0	0	0	0	0	0	0	0	0	0	0	0	0	0	0	0	0	0	0	0	0	0	0	0	0	0	0	0	0	0	0	0	0	0	0	0	0	0	41	4	0	0	0	0	0	0	0	0	0	0	0	0	0	0	3	0	0	0	0	0	0	0	0	0	0	0	0	0	0	0	0	0	0	0	0	0	0	0	0	0	0	0	0	0	0	0	0	0	0	0	0	0	0	0	0	0	0	0	0	0	0	0	0	0	0
Chromista;NA;Dinophyceae;Blastodiniales;NA;Blastodinium;Blastodinium mangini	Dinoflagellates	0	0	0	0	0	0	0	0	48	0	0	0	2	15	0	0	4	0	0	0	0	0	27	0	0	0	0	0	41	0	0	3	175	2	64	3	3	0	0	0	0	0	0	0	0	0	0	0	0	0	0	0	0	0	0	0	0	0	0	0	2	0	0	0	0	0	0	0	0	0	4	0	0	0	0	0	0	0	0	2	0	0	0	0	0	0	0	0	0	0	0	0	0	0	0	0	0	0	0	0	0	0	0	0	0	0	0	0	2	3	0	0	0	0	0	0	0	0	0	0	0	0	2
Chromista;NA;Dinophyceae;Blastodiniales;NA;Blastodinium;Blastodinium navicula	Dinoflagellates	0	0	0	0	0	0	0	0	0	0	0	0	0	3	0	0	0	0	4	0	0	0	6	2	0	0	3	0	0	0	6	10	8	63	4	20	25	0	2	0	0	0	0	0	0	0	0	0	4	0	0	0	0	0	0	2	0	0	0	3	44	0	0	2	0	0	0	0	0	0	11	0	0	0	0	0	0	0	0	19	0	0	0	0	0	0	10	0	0	4	0	0	0	0	0	0	0	0	0	0	0	0	0	0	0	0	0	6	15	12	7	11	22	5	0	0	0	3	0	0	0	0	15
Chromista;NA;Dinophyceae;Blastodiniales;NA;Haplozoon;Haplozoon gracile	Dinoflagellates	0	0	0	0	0	0	0	0	0	0	0	0	0	0	0	0	0	0	0	0	0	0	0	0	0	0	0	0	0	0	0	0	0	0	0	0	0	0	0	0	0	0	0	0	0	0	0	0	0	0	0	0	0	0	0	0	0	0	0	0	0	0	0	0	0	0	0	0	0	0	0	0	0	0	0	0	0	7	0	0	0	0	0	0	0	0	0	0	0	0	0	0	0	0	0	0	0	0	0	0	0	0	0	0	0	0	3	0	0	0	0	0	0	0	0	10	0	0	0	0	0	0	0
Chromista;NA;Dinophyceae;Coccidiniales;Chytriodiniaceae;Chytriodinium;Chytriodinium sp. Atlantic	Dinoflagellates	0	0	0	0	0	0	0	3	3	13	0	0	0	0	0	0	13	0	0	0	0	0	0	0	0	0	0	0	0	0	0	0	0	0	0	0	0	0	0	0	0	0	0	0	0	0	0	0	0	0	0	0	0	0	0	0	0	0	0	0	0	0	0	0	0	0	0	0	0	0	0	0	0	0	0	0	0	0	0	0	0	0	0	0	0	0	0	0	0	0	0	0	0	0	0	0	0	0	2	0	0	0	0	0	0	0	0	0	0	0	0	0	0	0	0	25	8	11	6	3	0	0	0
Chromista;NA;Dinophyceae;Dinophysiales;Dinophysiaceae;Dinophysis;Dinophysis acuminata	Dinoflagellates	0	8	0	17	0	21	0	0	0	0	0	72	0	0	0	21	0	0	0	0	0	0	0	0	0	0	0	0	0	0	0	0	0	4	127	2	0	0	0	0	4	0	0	0	15	44	0	0	0	6	0	0	2	9	7	91	0	0	197	0	0	2	26	0	0	0	0	0	9	0	0	0	0	0	0	0	0	135	0	0	54	0	21	0	0	14	2	119	140	0	0	0	0	0	0	0	44	0	0	0	20	11	5	0	0	12	10	0	0	0	2	0	0	0	0	6	0	0	0	0	0	0	0
Chromista;NA;Dinophyceae;Dinophysiales;Dinophysiaceae;Dinophysis;Dinophysis fortii	Dinoflagellates	0	0	0	0	0	0	0	0	0	0	0	9	0	0	0	0	0	0	0	0	0	0	0	0	0	0	0	0	2	0	0	0	0	0	0	0	0	0	0	0	0	0	0	0	0	0	0	9	0	0	0	0	0	0	0	0	0	0	0	0	0	0	9	0	0	0	0	0	0	0	0	0	0	0	0	0	0	0	0	43	0	35	0	0	0	0	0	0	0	0	0	0	0	0	0	0	0	0	0	0	0	0	0	0	0	0	0	0	0	0	0	0	0	9	0	0	0	0	0	0	0	0	0
Chromista;NA;Dinophyceae;Dinophysiales;Dinophysiaceae;Dinophysis;Dinophysis norvegica	Dinoflagellates	0	41	0	12	0	52	0	0	103	153	0	6	0	0	0	37	0	0	0	0	0	2	0	0	0	0	0	0	6	0	0	0	0	120	5	0	0	0	0	0	0	0	0	59	0	0	0	0	0	9	0	0	0	0	5	48	0	0	70	0	0	0	177	92	8	0	0	0	0	0	0	0	0	0	218	0	0	644	0	2	2	2	16	0	0	0	2	0	2	0	0	0	0	0	0	0	0	0	0	0	30	0	21	0	0	3	6	0	0	0	0	0	0	0	0	0	0	0	0	0	0	0	2
Chromista;NA;Dinophyceae;Dinophysiales;Dinophysiaceae;Ornithocercus;Ornithocercus magnificus	Dinoflagellates	0	0	0	0	0	0	0	0	0	0	0	0	0	0	0	0	0	0	0	0	0	0	0	0	0	0	0	0	0	0	0	0	0	0	0	0	0	0	0	0	0	0	0	0	0	0	0	0	0	0	0	0	0	0	0	0	0	0	0	0	2	0	0	0	0	0	0	0	0	0	0	0	0	0	0	0	0	0	0	0	0	0	0	0	0	2	0	0	0	0	0	0	0	0	0	0	0	0	0	0	0	0	0	0	0	0	0	0	0	0	0	0	4	0	0	0	0	0	0	0	0	0	0
Chromista;NA;Dinophyceae;Dinophysiales;Dinophysiaceae;Phalacroma;Phalacroma rotundatum	Dinoflagellates	0	0	2	0	0	0	0	0	15	0	0	0	0	50	0	0	3	0	0	0	0	0	0	0	0	0	0	0	6	0	0	0	0	0	2	0	0	0	0	0	0	0	0	0	4	7	0	0	0	0	0	0	0	0	0	0	0	0	0	0	0	0	3	0	0	0	0	0	0	0	0	0	0	0	0	0	0	0	0	0	0	0	0	0	0	0	0	3	43	0	0	0	0	0	0	0	0	0	0	0	0	0	0	0	0	0	0	0	0	0	0	0	0	0	0	0	0	0	0	0	0	0	0
Chromista;NA;Dinophyceae;Dinophysiales;Dinophysiaceae;Phalacroma;Phalacroma sp. FTL61	Dinoflagellates	0	0	0	0	0	0	0	0	0	0	0	0	0	7	0	0	0	0	0	0	0	0	0	0	0	0	0	0	0	0	0	0	0	0	0	0	0	0	0	0	0	0	0	0	0	0	0	0	0	0	0	0	0	0	0	0	0	0	0	0	0	0	0	0	0	0	0	0	0	0	0	0	0	0	0	0	0	0	0	0	0	0	0	0	0	0	0	0	2	0	0	0	0	0	0	0	0	0	0	0	0	0	0	0	0	0	0	0	0	0	0	0	0	0	0	0	0	0	0	0	0	0	0
Chromista;NA;Dinophyceae;Gonyaulacales	Dinoflagellates	9	0	0	0	2	0	102	15	27	4	9	2	0	0	9	0	4	0	5	0	0	16	0	0	0	5	0	0	2	0	11	0	0	0	2	0	0	0	0	0	0	9	0	2	37	17	4	0	0	0	0	13	2	0	0	0	2	0	0	2	0	0	0	0	0	0	7	3	0	12	0	0	0	0	0	0	0	18	3	0	0	0	0	0	0	0	0	3	0	14	0	0	0	0	27	0	4	0	0	0	7	0	0	0	0	0	0	0	0	3	55	28	79	0	0	0	0	0	0	0	0	0	0
Chromista;NA;Dinophyceae;Gonyaulacales;Amphidomataceae;Azadinium;Azadinium caudatum	Dinoflagellates	0	0	0	0	0	0	0	0	0	0	0	0	0	0	2	0	0	0	0	0	0	0	0	0	0	0	0	0	0	0	0	0	0	0	0	0	0	0	0	0	0	0	0	2	2	0	0	0	0	0	0	0	0	0	0	3	0	0	0	0	0	0	0	0	0	0	0	0	0	0	2	0	0	0	0	0	0	0	0	0	0	0	0	0	0	0	0	0	0	0	0	0	0	0	0	0	0	0	0	0	0	0	0	0	0	0	0	0	0	0	0	0	0	0	0	0	0	0	0	0	0	0	0
Chromista;NA;Dinophyceae;Gonyaulacales;Amphidomataceae;Azadinium;Azadinium polongum	Dinoflagellates	0	0	0	0	0	0	0	0	0	0	0	0	0	0	3	4	0	0	0	0	0	0	0	0	0	0	0	0	0	0	0	0	0	0	0	0	0	0	0	0	0	0	0	0	0	0	0	0	0	0	0	0	0	0	0	0	0	205	0	0	0	0	0	0	0	0	0	0	0	0	0	0	0	0	3	0	0	4	0	0	0	23	0	0	0	0	0	0	0	0	0	0	0	0	0	0	0	0	0	0	4	0	0	0	0	3	4	0	0	0	0	0	0	0	0	0	0	0	0	0	0	20	0
Chromista;NA;Dinophyceae;Gonyaulacales;Amphidomataceae;Azadinium;Azadinium spinosum	Dinoflagellates	6	0	2	0	7	0	0	0	3	5	0	0	3	6	0	0	0	5	0	0	0	0	2	3	2	14	4	0	2	4	5	2	27	21	12	13	9	17	14	9	3	5	0	8	7	7	0	4	6	3	0	0	22	23	0	13	6	7	6	2	13	9	8	3	3	12	19	4	3	3	3	0	0	3	0	0	3	10	7	13	7	3	0	7	0	0	0	6	4	11	0	0	0	0	0	0	4	0	7	0	0	3	0	0	0	0	0	0	0	3	5	0	0	0	0	7	17	2	7	0	2	7	13
Chromista;NA;Dinophyceae;Gonyaulacales;Ceratiaceae	Dinoflagellates	0	0	0	0	0	0	0	0	0	0	0	0	2	0	0	0	0	0	0	0	0	0	0	0	0	0	0	0	0	0	0	0	0	0	0	0	0	0	0	0	0	0	0	0	3	0	0	0	0	0	0	0	6	3	0	0	0	0	0	0	0	0	0	0	0	0	0	0	0	0	0	0	0	0	0	0	0	0	2	0	0	0	0	0	0	0	0	0	0	0	0	0	0	0	0	0	0	0	0	0	0	0	0	0	0	0	0	0	0	0	0	0	0	2	0	0	0	0	0	0	0	0	0
Chromista;NA;Dinophyceae;Gonyaulacales;Ceratiaceae;Tripos	Dinoflagellates	0	0	0	0	0	0	0	2	0	2	0	0	0	0	0	5	0	0	2	0	0	0	0	0	0	0	0	0	0	0	0	0	0	0	0	0	0	0	0	0	0	0	0	0	364	0	0	0	0	0	0	0	1923	3	0	0	0	0	0	22	0	0	3	0	0	0	0	0	0	0	0	0	0	0	0	0	0	0	0	0	250	0	39	0	0	0	0	6	0	0	0	0	0	0	0	0	0	0	0	0	15	0	14	0	0	14	31	0	0	0	0	0	0	0	0	0	0	0	0	0	0	0	0
Chromista;NA;Dinophyceae;Gonyaulacales;Crypthecodiniaceae;Crypthecodinium;Crypthecodinium sp. CAAE-CL2	Dinoflagellates	0	0	0	0	0	0	0	0	0	0	0	0	0	0	4	0	0	0	0	0	0	0	0	0	0	0	0	0	0	0	0	0	0	0	0	0	0	0	0	0	0	0	0	0	0	0	0	0	0	0	0	0	0	0	0	0	0	0	0	0	0	0	0	0	0	0	0	0	0	0	0	0	0	0	0	0	0	0	0	0	0	0	0	0	0	0	0	0	0	0	0	0	0	0	0	0	0	0	0	0	0	0	0	0	0	0	0	0	0	0	0	0	0	0	0	0	0	0	8	0	0	0	0
Chromista;NA;Dinophyceae;Gonyaulacales;Goniodomataceae;Gambierdiscus	Dinoflagellates	0	0	0	0	0	4	0	0	0	0	4	0	0	0	0	0	0	0	0	0	0	0	0	0	0	0	0	0	0	0	0	0	4	0	2	0	0	0	0	2	0	0	0	0	3	0	0	0	0	0	0	0	2	0	0	2	0	0	3	0	3	0	0	2	0	0	0	6	0	0	0	0	0	0	0	0	0	0	0	0	0	0	0	0	3	0	0	0	3	2	0	0	0	0	0	0	0	0	0	0	0	0	0	0	0	0	0	0	0	0	3	0	0	0	0	0	0	0	0	0	0	0	0
Chromista;NA;Dinophyceae;Gonyaulacales;Goniodomataceae;Gambierdiscus;Gambierdiscus caribaeus	Dinoflagellates	0	0	0	0	0	0	0	0	0	0	0	0	0	0	0	0	0	0	0	2	0	0	0	0	0	0	8	0	0	0	0	2	5	0	0	0	0	0	0	0	0	2	0	0	0	0	0	0	0	0	0	0	2	0	0	2	0	0	0	0	11	0	0	0	0	3	3	0	0	0	0	0	0	0	0	0	0	0	3	7	0	0	0	0	0	0	0	0	0	0	0	0	0	0	0	0	0	0	0	0	0	0	0	0	0	0	0	0	0	0	2	0	2	0	0	5	3	4	0	9	0	4	0
Chromista;NA;Dinophyceae;Gonyaulacales;Goniodomataceae;Gambierdiscus;Gambierdiscus scabrosus	Dinoflagellates	0	0	0	0	0	0	0	0	0	0	0	0	0	0	0	0	0	0	0	0	0	0	0	0	0	0	0	0	0	0	0	0	2	0	0	0	0	0	0	0	0	2	0	0	0	0	0	0	0	0	0	0	2	0	0	0	0	0	0	0	2	0	0	0	0	0	2	0	0	0	0	0	0	0	0	0	0	0	0	0	0	0	0	0	0	0	0	0	0	0	0	0	0	0	0	0	0	0	0	0	0	0	0	0	0	0	0	0	0	0	0	0	0	0	0	0	0	0	0	0	0	0	0
Chromista;NA;Dinophyceae;Gonyaulacales;Goniodomataceae;Psammodinium;Psammodinium inclinatum	Dinoflagellates	0	0	0	0	0	0	0	0	3	0	0	0	0	0	0	0	0	0	0	0	0	0	0	0	0	0	0	0	0	0	0	0	0	0	0	0	0	0	0	0	0	0	0	0	0	0	0	0	0	0	0	0	0	0	0	0	0	0	0	0	0	0	0	0	0	0	2	0	0	0	0	0	0	0	0	0	4	4	0	0	0	0	0	0	0	0	0	0	0	0	0	0	0	0	0	0	0	0	0	0	0	0	0	0	0	0	0	0	0	0	0	0	0	0	0	0	0	0	164	0	0	0	0
Chromista;NA;Dinophyceae;Gonyaulacales;Gonyaulacaceae;Amylax;Amylax triacantha	Dinoflagellates	0	0	0	15	0	2	146	0	0	0	0	0	0	0	0	10	0	0	0	0	0	0	0	0	0	0	0	0	0	0	0	0	0	0	0	0	0	0	0	0	0	0	0	0	0	0	0	0	0	0	0	0	0	0	0	0	0	0	0	0	0	0	0	0	0	0	0	0	117	0	0	0	0	0	0	0	0	5	0	0	0	0	0	0	0	0	0	0	2	0	0	0	0	0	68	0	0	0	0	0	0	0	2	0	0	13	0	0	0	16	0	4	15	0	0	0	0	0	0	0	76	0	0
Chromista;NA;Dinophyceae;Gonyaulacales;Gonyaulacaceae;Gonyaulax;Gonyaulax polygramma	Dinoflagellates	0	0	10	0	0	3	0	0	0	0	0	0	0	0	0	2	0	0	0	0	0	0	0	0	0	0	0	0	0	0	0	0	0	0	0	0	0	0	0	0	0	0	0	0	0	0	0	0	0	0	0	0	0	0	0	0	0	0	0	0	0	0	0	0	0	0	0	0	0	3	0	0	0	0	0	0	0	0	0	0	0	0	0	0	0	0	0	0	0	0	0	0	0	0	0	0	0	0	0	0	0	0	0	0	0	0	0	0	0	0	0	0	0	0	0	10	3	0	0	0	0	0	0
Chromista;NA;Dinophyceae;Gonyaulacales;Gonyaulacaceae;Spiniferites;Spiniferites mirabilis	Dinoflagellates	37	0	0	0	0	4	419	40	0	0	0	0	0	0	0	0	0	0	3	0	0	64	0	0	0	0	0	0	0	0	20	0	0	0	0	0	0	0	0	0	0	0	0	0	154	3	0	0	0	0	0	0	0	0	0	0	0	0	0	0	0	0	0	0	0	0	0	0	0	0	0	0	0	0	0	0	0	0	0	0	0	0	0	0	0	0	0	0	0	0	0	0	0	0	115	0	0	0	0	0	0	0	0	0	0	0	0	0	0	20	239	152	278	0	0	0	0	0	0	0	0	0	0
Chromista;NA;Dinophyceae;Gonyaulacales;Lingulodiniaceae;Lingulodinium;Lingulodinium polyedra	Dinoflagellates	0	2	0	0	0	0	0	0	0	0	0	0	0	0	0	0	0	0	0	0	0	0	0	0	0	0	0	0	0	0	2	0	0	0	0	0	0	0	0	0	0	0	0	0	0	0	0	0	2	0	0	0	0	0	68	0	0	0	0	0	8	0	0	0	0	2	0	0	0	0	0	0	6	0	23	0	0	0	0	0	0	0	0	3	0	0	0	0	0	0	0	0	0	0	0	3	0	0	0	0	0	0	0	0	0	0	0	0	0	0	0	0	0	0	0	0	0	0	0	0	0	0	14
Chromista;NA;Dinophyceae;Gonyaulacales;Protoceratiaceae	Dinoflagellates	0	0	0	0	0	0	0	5	0	0	0	0	0	0	0	0	0	0	0	3	0	0	0	0	0	0	0	0	0	0	0	0	0	0	0	0	0	0	0	0	0	0	0	0	0	0	0	0	0	0	0	0	0	0	0	0	0	0	0	10	4	0	0	0	0	0	15	0	0	0	0	0	3	0	0	0	0	0	0	0	0	0	0	0	0	0	0	0	0	0	0	0	0	0	0	0	0	0	0	0	0	0	0	0	0	0	0	0	0	0	6	0	0	0	0	0	0	0	0	0	0	0	0
Chromista;NA;Dinophyceae;Gonyaulacales;Protoceratiaceae;Protoceratium;Protoceratium reticulatum	Dinoflagellates	0	0	0	2	0	11	27	43	0	0	0	0	0	0	0	0	0	0	0	145	0	0	0	0	0	0	0	0	0	0	0	0	0	0	0	0	0	0	0	0	0	0	0	0	60	0	0	0	0	0	0	0	0	0	0	0	0	0	0	280	46	0	0	0	0	0	216	0	0	0	0	0	107	0	0	0	0	0	0	0	0	0	3	0	0	0	0	0	0	0	0	0	0	0	39	0	2	0	0	0	0	0	2	0	0	3	4	0	0	0	117	0	0	0	0	0	0	0	0	0	0	0	0
Chromista;NA;Dinophyceae;Gonyaulacales;Pyrocystaceae;Alexandrium	Dinoflagellates	149	514	18	284	352	463	524	50	2310	0	8	24	17	22	1405	160	1693	345	788	7	69	76	0	0	0	787	19	0	11	6	66	2	0	45	35	19	10	13	482	0	0	10	784	3386	242	220	0	0	20	42	0	16	6	22	0	19	1022	3	6	3	0	9372	26	1385	8	0	7	14	2	1683	0	0	0	0	0	0	2	507	0	0	26	3	37	8	0	2	0	11	6	78	23	0	4	0	196	0	105	0	2	2	619	0	183	9	0	29	7	10	0	47	381	597	451	25	0	5	4	6	0	2	6	2	0
Chromista;NA;Dinophyceae;Gonyaulacales;Pyrocystaceae;Alexandrium;Alexandrium affine	Dinoflagellates	0	0	0	0	0	0	0	0	0	0	0	0	0	0	0	0	0	0	0	0	0	0	0	0	0	0	0	0	0	0	0	0	0	0	0	0	0	0	0	0	0	0	0	5	0	0	0	0	0	0	0	0	0	0	0	0	0	0	0	0	0	10	0	0	0	0	0	0	0	0	0	0	0	0	0	0	0	0	0	0	0	0	0	0	0	0	0	0	0	0	0	0	0	0	0	0	0	0	0	0	0	0	0	0	0	0	0	0	0	0	0	0	0	0	0	0	0	0	0	0	0	0	0
Chromista;NA;Dinophyceae;Gonyaulacales;Pyrocystaceae;Alexandrium;Alexandrium andersonii	Dinoflagellates	0	0	0	0	934	0	0	0	81	0	0	0	2	2	28	0	17	2	1184	0	0	0	0	0	76	0	7	0	0	909	1363	0	0	24	6	6	5797	0	0	0	0	0	0	0	4	7	0	0	32	0	0	0	3	0	0	0	0	0	0	23	0	3	0	21	7	0	101	3	0	0	3	0	0	0	0	0	110	87	0	0	0	0	36	0	0	0	0	0	1420	0	0	0	0	0	0	0	0	0	0	0	22	0	6	0	0	42	3	0	0	0	0	0	0	670	1097	0	0	0	0	0	0	0	0
Chromista;NA;Dinophyceae;Gonyaulacales;Pyrocystaceae;Alexandrium;Alexandrium fundyense	Dinoflagellates	786	451	68	156	286	264	6635	667	1872	0	0	0	0	0	972	97	1286	297	656	0	48	665	0	0	0	627	7	0	6	0	466	0	0	11	6	0	0	21	0	0	0	2	0	3	2500	302	0	0	0	2	0	2	0	0	0	0	875	0	0	0	0	0	0	0	0	0	0	0	0	1269	0	0	0	0	2	0	0	499	0	0	34	0	41	3	0	0	9	0	0	0	45	0	16	2	1797	0	122	0	7	0	454	0	132	0	4	43	2	0	0	321	3827	2636	4659	13	0	5	2	6	0	5	45	0	0
Chromista;NA;Dinophyceae;Gonyaulacales;Pyrocystaceae;Alexandrium;Alexandrium minutum	Dinoflagellates	0	0	0	0	0	0	0	0	0	0	0	20	23	18	3	0	0	0	0	0	0	0	0	0	0	0	0	0	0	0	0	0	0	0	0	0	0	0	0	0	0	0	0	2	12	0	0	0	0	0	0	0	0	0	0	0	0	0	3	0	0	0	0	0	0	0	0	0	0	0	0	0	0	0	0	0	0	0	0	0	0	0	0	0	0	0	0	0	0	0	0	0	0	0	0	0	0	0	0	3	0	0	0	8	0	0	0	0	0	0	0	0	0	0	0	0	0	0	0	0	0	0	0
Chromista;NA;Dinophyceae;Gonyaulacales;Pyrocystaceae;Alexandrium;Alexandrium pohangense	Dinoflagellates	3	2	8	0	10	0	4	6	0	0	3	0	0	5	0	0	0	5	4	3	5	0	3	3	0	3	12	0	0	5	4	0	5	0	2	12	31	0	0	8	0	0	0	0	0	0	0	0	2	0	0	0	0	0	5	0	0	0	0	0	2	0	0	0	2	0	0	0	0	0	0	0	0	0	0	0	0	0	0	0	0	0	0	3	3	0	3	0	0	0	0	0	2	0	4	0	0	0	0	2	0	5	0	5	0	0	0	0	0	0	0	0	0	0	4	0	0	0	0	0	7	4	0
Chromista;NA;Dinophyceae;Gonyaulacales;Pyrocystaceae;Alexandrium;Alexandrium sp.	Dinoflagellates	0	0	0	2	0	0	0	0	0	0	0	3	0	0	0	0	0	0	0	0	0	0	0	0	0	0	0	0	0	0	0	0	0	0	0	0	0	0	0	0	0	0	0	0	0	0	0	0	0	0	0	0	0	2	0	0	2	0	0	0	0	0	4	0	0	0	0	0	0	0	0	0	0	0	0	0	0	0	0	0	8	0	3	0	0	0	0	6	8	0	0	0	0	0	0	0	0	0	0	0	0	0	0	0	0	0	0	0	0	0	0	0	0	0	0	0	0	0	0	0	0	0	0
Chromista;NA;Dinophyceae;Gonyaulacales;Pyrocystaceae;Alexandrium;Alexandrium tamarense	Dinoflagellates	0	3	0	0	0	2	7	0	0	0	0	0	0	0	0	0	0	0	0	0	0	0	0	0	0	0	0	0	0	0	0	2	4	0	0	0	0	0	2	0	0	0	0	0	8	0	0	0	0	0	0	0	0	0	0	0	3	0	0	0	6	0	2	0	0	0	2	0	0	5	0	0	0	0	0	0	2	3	0	0	2	0	0	0	0	0	0	0	0	5	0	0	0	0	0	0	0	0	0	0	2	0	0	0	0	0	0	0	0	0	5	4	5	0	0	0	0	0	0	0	0	0	0
Chromista;NA;Dinophyceae;Gonyaulacales;Pyrocystaceae;Alexandrium;Alexandrium taylorii	Dinoflagellates	0	0	0	0	0	0	0	0	0	0	0	0	0	0	0	0	0	0	0	0	0	0	0	0	0	0	0	0	0	0	0	0	0	0	0	0	0	0	0	0	0	0	0	5	0	0	0	0	0	0	0	0	0	0	0	0	0	0	0	0	0	9	0	3	0	0	0	0	0	0	0	0	0	0	0	0	0	0	0	0	0	0	0	0	0	0	0	0	0	0	0	0	0	0	0	0	0	0	0	0	0	0	0	0	0	0	0	0	0	0	0	0	0	0	0	0	0	0	0	0	0	0	0
Chromista;NA;Dinophyceae;Gonyaulacales;Pyrophacaceae;Fragilidium;Fragilidium subglobosum	Dinoflagellates	0	0	0	0	0	0	0	0	0	0	0	0	0	0	0	0	8	0	0	0	0	0	0	0	0	0	0	0	0	0	0	0	0	0	0	0	0	0	0	0	0	0	0	0	0	0	0	0	0	0	0	0	0	0	0	0	0	0	0	0	0	0	0	0	0	0	0	0	0	0	0	0	0	0	0	0	0	0	0	0	0	0	0	0	0	0	0	0	0	0	0	0	0	0	0	0	0	0	0	0	11	0	0	0	0	0	0	0	0	0	0	0	0	0	0	0	0	0	0	0	0	0	0
Chromista;NA;Dinophyceae;Gymnodiniales	Dinoflagellates	0	0	0	0	0	0	0	0	0	0	0	0	0	0	0	0	0	0	0	0	0	0	0	0	0	2	0	0	0	0	0	0	0	0	0	0	0	0	0	0	0	0	0	0	17	0	0	0	0	2	0	0	0	0	9	0	0	0	0	0	0	0	0	0	0	0	0	0	0	0	0	0	0	0	0	0	0	0	0	0	0	0	0	0	0	0	0	2	0	0	0	0	0	0	0	0	0	0	0	0	0	0	0	0	0	0	0	0	0	0	0	0	0	0	0	10	0	0	0	0	2	0	0
Chromista;NA;Dinophyceae;Gymnodiniales;Gymnodiniaceae	Dinoflagellates	0	0	0	0	0	0	0	0	0	0	0	0	0	0	0	0	0	0	0	0	0	0	0	0	0	0	0	0	0	0	0	2	3	2	0	0	0	0	0	0	0	5	0	0	0	0	0	0	0	0	0	0	0	0	0	0	0	0	0	0	9	0	0	0	0	2	0	0	0	0	0	0	0	2	0	0	0	0	0	0	0	0	0	0	0	0	0	0	0	0	0	0	0	0	0	0	0	0	0	0	0	0	0	0	0	0	0	0	0	0	0	0	0	0	0	0	2	0	2	0	0	0	0
Chromista;NA;Dinophyceae;Gymnodiniales;Gymnodiniaceae;Akashiwo;Akashiwo sanguinea	Dinoflagellates	0	0	0	0	0	2	0	0	0	0	0	0	0	0	0	0	0	0	0	0	0	0	0	0	0	0	0	0	0	0	0	0	0	0	0	0	0	0	0	0	0	0	0	0	0	35	0	0	0	0	0	0	0	0	0	0	0	0	0	0	0	0	0	0	0	0	0	0	0	0	0	0	0	0	0	0	0	0	0	0	0	0	0	0	0	0	2	0	0	0	0	0	0	0	0	0	0	0	0	0	0	0	0	0	0	3	5	0	0	0	0	0	0	0	0	2	0	0	0	0	0	0	0
Chromista;NA;Dinophyceae;Gymnodiniales;Gymnodiniaceae;Apicoporus;Apicoporus parvidiaboli	Dinoflagellates	0	0	0	0	0	0	0	0	61	0	0	0	0	0	0	0	18	0	0	0	0	0	0	0	0	0	0	0	0	0	0	0	0	7	0	0	0	0	0	0	0	0	0	0	0	0	0	0	0	0	0	0	0	0	0	0	0	0	0	30	0	0	0	11	9	0	94	0	0	0	0	0	0	0	0	0	124	93	0	0	0	0	0	0	0	0	0	0	0	0	0	0	0	0	0	0	0	0	0	0	0	0	0	0	0	0	0	0	0	0	0	0	0	0	0	0	0	0	0	0	0	0	0
Chromista;NA;Dinophyceae;Gymnodiniales;Gymnodiniaceae;Gymnodinium	Dinoflagellates	386	66	4	13	2935	18	151	26	267	426	0	369	266	149	2	5	176	295	365	52	409	60	270	290	4	568	120	0	192	0	463	109	366	664	800	1487	465	0	335	264	35	18	35	36	1203	368	0	0	127	117	0	0	51	99	1656	130	62	0	398	127	694	213	30	319	14	0	240	80	22	38	9	0	460	66	504	143	0	202	198	22	19	128	0	29	599	171	359	221	47	0	0	19	10	5	162	0	3	0	114	4	10	411	2	138	635	6	2	77	88	326	316	166	440	95	76	45	15	35	17	22	38	20	1742
Chromista;NA;Dinophyceae;Gymnodiniales;Gymnodiniaceae;Gymnodinium;Gymnodinium catenatum	Dinoflagellates	0	0	0	0	0	0	0	0	0	0	0	0	0	0	0	0	0	0	0	0	0	0	0	0	0	0	0	0	0	0	0	0	0	0	0	0	0	0	0	0	0	0	0	0	0	0	0	0	0	0	0	0	0	0	0	0	0	0	0	0	0	0	0	0	0	0	0	0	0	0	0	0	0	0	0	0	0	0	0	0	0	0	0	0	0	2	0	0	7	0	0	0	0	0	0	0	0	0	0	0	0	0	0	0	0	0	0	0	0	0	0	0	0	0	0	0	0	0	0	0	0	0	0
Chromista;NA;Dinophyceae;Gymnodiniales;Gymnodiniaceae;Gymnodinium;Gymnodinium dorsalisulcum	Dinoflagellates	0	5	0	0	227	0	0	0	0	0	0	30	0	0	0	0	3	24	0	0	0	0	0	12	0	0	0	0	0	0	0	0	0	0	0	0	0	0	0	0	0	0	0	0	0	0	0	0	0	0	0	0	0	0	0	0	0	0	0	0	0	0	0	0	0	0	0	0	0	0	0	0	0	0	0	0	0	0	0	0	0	0	0	0	0	0	0	0	0	0	0	0	0	0	0	0	0	0	0	0	0	68	0	0	0	0	0	0	0	0	0	0	0	11	0	0	0	0	0	0	0	0	47
Chromista;NA;Dinophyceae;Gymnodiniales;Gymnodiniaceae;Gymnodinium;Gymnodinium litoralis	Dinoflagellates	0	0	0	0	0	0	0	0	0	0	0	0	0	0	0	0	0	0	0	0	0	0	0	0	0	0	0	0	0	0	0	0	0	0	0	0	0	0	0	0	0	0	0	0	0	0	0	0	0	0	0	0	0	0	0	0	0	0	0	0	0	0	0	0	0	0	0	0	0	0	0	0	0	0	0	0	0	0	0	0	0	0	2	0	0	0	0	0	0	0	0	0	0	0	0	0	0	0	0	0	4	0	2	0	0	2	0	0	2	0	0	0	0	0	0	0	0	0	0	0	0	3	0
Chromista;NA;Dinophyceae;Gymnodiniales;Gymnodiniaceae;Gymnodinium;Gymnodinium sp. Dino2	Dinoflagellates	0	0	0	0	0	0	16	0	0	0	0	0	4	0	0	0	0	0	0	0	0	0	0	0	0	0	0	0	4	0	0	0	0	6	2	36	0	0	0	0	0	0	5	0	10	4	2	0	0	4	0	0	0	26	0	0	0	2	0	2	0	0	0	0	0	0	0	0	0	0	0	0	0	0	0	4	0	0	15	0	0	3	0	0	0	0	13	0	6	0	0	0	0	0	0	0	3	0	0	0	0	0	0	0	0	5	0	2	0	0	6	3	0	0	0	0	4	5	2	0	0	0	2
Chromista;NA;Dinophyceae;Gymnodiniales;Gymnodiniaceae;Gymnodinium;Gymnodinium sp. Dino3	Dinoflagellates	42	0	0	39	0	37	521	62	83	0	0	15	0	115	40	7	22	113	500	98	0	0	0	66	0	0	0	0	375	0	745	0	16	184	786	0	454	4	490	0	0	4	13	216	133	32	0	780	246	120	0	0	1220	0	0	2046	119	0	1016	49	0	301	120	100	513	0	2600	1400	334	506	15	0	0	0	1347	0	3917	1134	306	57	211	542	23	0	0	651	7	1861	1299	518	0	0	65	0	395	0	1707	0	24	0	11	15	4	0	306	34	6	11	23	71	131	74	58	0	0	134	210	63	60	64	193	791	1127
Chromista;NA;Dinophyceae;Gymnodiniales;Gymnodiniaceae;Gymnodinium;Gymnodinium sp. GD1590bp57	Dinoflagellates	0	0	0	0	0	0	0	3	0	0	0	0	0	0	0	0	0	0	0	0	0	0	0	0	0	0	0	0	0	0	0	3	0	3	15	0	0	0	0	0	0	0	0	0	0	0	0	0	0	0	0	0	0	0	0	0	0	0	7	0	0	0	0	0	0	0	0	0	0	0	0	0	0	0	0	0	0	0	2	0	0	0	0	0	0	9	0	0	4	0	0	0	0	0	2	0	0	0	0	0	0	0	0	0	0	0	0	2	2	11	2	6	19	0	0	0	0	0	0	0	0	0	3
Chromista;NA;Dinophyceae;Gymnodiniales;Gymnodiniaceae;Gyrodiniellum;Gyrodiniellum shiwhaense	Dinoflagellates	0	0	165	35	0	147	338	136	12	0	0	3	0	18	21	352	14	4	0	203	0	0	0	0	0	0	0	0	10	0	0	0	13	62	78	7	30	34	139	0	0	39	26	116	66	64	4	36	4	248	0	0	88	64	0	35	13	26	21	9	31	91	119	7	8	0	144	4	27	35	0	0	72	6	104	84	27	120	139	217	49	96	58	40	2	5	140	94	63	2	9	0	107	2	318	0	213	0	7	0	209	2	102	0	81	82	41	66	100	57	50	26	98	9	0	445	213	137	158	312	1050	486	14
Chromista;NA;Dinophyceae;Gymnodiniales;Gymnodiniaceae;Gyrodinium;Gyrodinium rubrum	Dinoflagellates	0	0	0	136	0	482	0	3	0	0	0	0	0	997	47	8	200	0	0	54	2	0	0	667	0	0	0	0	0	0	0	0	0	400	48	0	0	0	265	4	0	0	0	11	114	0	0	242	2	5	0	0	0	0	0	0	412	0	2436	80	0	0	0	176	7	0	508	151	376	151	0	0	0	202	4942	545	0	0	1039	10095	0	2171	951	0	0	950	7	932	326	0	0	0	0	0	0	0	0	0	0	0	458	0	211	0	0	470	513	41	16	0	2	2	4	0	0	8	18	4	0	3	0	0	0
Chromista;NA;Dinophyceae;Gymnodiniales;Gymnodiniaceae;Lepidodinium;Lepidodinium viride	Dinoflagellates	0	0	26	3	0	21	2	0	0	5	0	0	0	4	3	52	2	0	0	4	0	0	0	0	0	0	0	0	5	0	0	0	0	8	0	0	0	21	21	0	0	0	5	19	5	3	0	14	0	13	0	0	0	0	0	0	0	0	0	0	0	18	18	0	0	0	4	0	0	2	0	0	9	4	15	0	0	10	11	0	12	5	6	7	0	0	30	20	7	0	0	0	2	0	2	0	6	0	0	0	39	0	18	0	25	7	8	10	3	2	0	0	0	0	0	59	18	2	5	6	3	0	9
Chromista;NA;Dinophyceae;Gymnodiniales;Gymnodiniaceae;Nusuttodinium;Nusuttodinium amphidinioides	Dinoflagellates	0	0	0	0	0	0	0	0	0	24	8	0	0	0	0	0	0	0	0	0	0	0	0	0	0	0	0	0	0	0	0	0	11	0	0	0	0	0	0	0	0	0	0	0	0	0	0	0	0	0	0	0	0	117	13	0	0	0	0	0	0	0	0	0	0	0	0	0	0	0	0	0	0	0	0	0	0	5	0	0	0	0	0	0	0	0	0	0	0	0	0	0	0	0	0	2	0	0	4	0	0	0	0	0	0	0	0	0	0	0	0	0	0	0	0	0	0	0	0	0	0	0	0
Chromista;NA;Dinophyceae;Gymnodiniales;Gymnodiniaceae;Nusuttodinium;Nusuttodinium poecilochroum	Dinoflagellates	0	0	0	0	0	0	0	0	0	0	0	0	0	0	0	0	0	0	0	0	0	0	0	0	0	0	0	0	0	0	0	0	0	0	0	0	14	0	0	0	0	0	0	0	0	0	0	0	0	0	0	0	0	0	0	0	0	0	0	0	0	0	0	0	0	0	0	0	0	0	0	0	0	0	0	0	0	0	0	0	0	0	0	0	0	0	0	0	0	0	0	0	0	0	0	0	0	0	0	0	0	0	0	0	0	0	0	0	0	0	0	0	0	0	0	0	0	0	0	0	0	0	0
Chromista;NA;Dinophyceae;Gymnodiniales;Gymnodiniaceae;Paragymnodinium;Paragymnodinium inerme	Dinoflagellates	0	0	0	4	0	2	0	0	0	0	0	0	0	2	8	8	0	0	0	2	0	0	0	2	0	0	0	0	0	0	3	0	66	80	251	0	13	5	64	2	2	0	0	22	482	61	0	9	4	197	0	0	28	0	0	77	7	9	122	19	0	0	11	2	6	0	0	4	43	9	2	0	0	25	137	0	226	187	0	11	71	47	8	9	190	34	0	524	3	0	0	0	0	0	9	0	6	0	0	0	14	0	5	0	41	4	2	15	5	0	0	0	0	0	0	179	60	2	0	0	3	300	20
Chromista;NA;Dinophyceae;Gymnodiniales;Gymnodiniaceae;Polykrikos	Dinoflagellates	0	0	30	0	0	0	0	0	4	0	0	0	0	0	0	0	0	0	0	0	0	0	0	7	0	0	0	0	0	0	1800	0	0	0	0	3	8	0	0	0	0	0	0	0	0	0	0	0	0	3	0	0	0	0	0	0	0	0	0	0	0	8	4	0	0	0	0	0	0	0	0	0	0	0	0	0	0	0	0	0	0	0	0	0	0	0	0	0	0	0	98	0	0	0	2	0	7	0	0	0	0	0	0	0	0	0	0	0	6	8	0	8	37	0	0	0	0	0	0	0	0	0	0
Chromista;NA;Dinophyceae;Gymnodiniales;Gymnodiniaceae;Polykrikos;Polykrikos sp. GD1590bp2	Dinoflagellates	0	0	0	0	0	0	0	0	0	0	0	0	0	0	0	0	0	0	0	0	0	0	0	0	0	0	0	0	0	0	31	0	0	0	0	0	0	0	0	0	0	0	0	0	0	0	0	0	0	0	0	0	0	0	0	0	0	0	0	0	0	0	0	0	0	0	0	0	0	0	0	0	0	0	0	0	0	0	0	0	0	0	0	0	0	0	0	0	0	0	0	0	0	0	0	0	0	0	0	0	0	0	0	0	0	0	0	0	0	0	0	0	0	0	0	0	0	0	0	0	0	0	0
Chromista;NA;Dinophyceae;Gymnodiniales;Kareniaceae;Karenia	Dinoflagellates	2	3	3	0	2	2	7	0	0	4	0	4	11	5	0	0	5	0	6	0	0	0	0	4	0	7	2	0	3	0	2	0	8	3	8	0	6	0	4	0	0	0	2	8	10	2	0	4	0	3	0	0	5	40	0	2	0	0	23	0	2	0	4	0	0	14	2	6	3	0	0	0	35	2	15	8	4	0	2	12	2	4	0	0	0	0	4	7	2	3	0	0	0	0	0	12	4	0	2	0	3	5	0	0	4	0	0	0	0	0	0	0	0	2	0	0	2	0	0	0	0	0	28
Chromista;NA;Dinophyceae;Gymnodiniales;Kareniaceae;Karenia;Karenia sp. (in: dinoflagellates)	Dinoflagellates	0	0	0	0	0	0	0	0	0	0	0	2	0	0	0	0	0	0	0	0	0	0	0	0	0	0	0	0	0	0	0	0	3	2	2	0	2	0	0	0	0	0	0	0	0	0	0	0	0	2	0	0	0	0	0	0	0	0	2	0	0	0	0	0	0	2	0	0	0	0	0	0	0	0	0	0	0	2	0	0	0	0	0	0	0	0	0	6	0	4	0	0	0	0	2	0	0	0	0	0	0	0	0	0	0	0	0	0	0	0	0	0	0	2	0	0	0	0	0	0	0	0	0
Chromista;NA;Dinophyceae;Gymnodiniales;Kareniaceae;Karlodinium;Karlodinium veneficum	Dinoflagellates	2	0	33	59	4	108	4119	2806	0	11	2	5	0	15	66	36	13	11	5	4845	0	9	17	32	0	4	11	0	0	0	4	13	17	139	144	5	40	0	22	5	0	11	2	40	26	17	0	7	12	28	0	0	38	169	0	14	3	0	14	0	26	26	8	0	6	0	16	0	7	0	0	0	17	0	24	0	14	5	13	106	4	14	32	0	0	3	39	41	16	0	10	8	2562	3	3762	17	60	0	18	0	22	3	9	0	36	15	10	1709	3378	4711	5818	4662	11259	2	0	6803	8843	15422	9470	7097	2967	15	49
Chromista;NA;Dinophyceae;Gymnodiniales;Kareniaceae;Takayama;Takayama cf. pulchellum	Dinoflagellates	0	0	43	3	0	3	3	8	2	0	0	0	0	2	0	13	3	0	0	3	2	0	0	0	0	0	0	0	0	0	4	22	0	13	4	0	3	0	6	0	0	0	0	4	0	16	0	2	4	6	0	5	4	32	4	0	0	0	17	0	4	0	2	0	0	0	3	2	0	0	0	0	7	0	45	3	12	9	10	0	6	0	0	0	5	2	19	4	0	0	0	0	4	0	14	0	16	0	0	0	5	0	11	0	12	5	3	10	9	5	3	2	0	0	0	99	79	53	27	4	13	14	0
Chromista;NA;Dinophyceae;Gymnodiniales;Warnowiaceae	Dinoflagellates	0	0	0	0	0	0	0	0	0	0	0	0	0	0	0	0	0	0	0	0	0	0	0	0	0	0	0	0	0	0	0	0	2	0	0	0	0	0	0	0	0	0	0	0	0	0	0	0	0	0	0	0	0	0	0	0	0	0	0	0	0	0	0	0	0	0	0	0	0	0	0	0	0	0	0	0	0	0	0	0	0	0	0	0	0	0	0	0	0	0	0	0	0	0	0	0	0	0	0	0	0	0	0	0	0	0	0	0	0	0	21	0	0	0	0	0	0	0	0	0	0	0	0
Chromista;NA;Dinophyceae;Gymnodiniales;Warnowiaceae;Nematodinium;Nematodinium sp. BSL-2009a	Dinoflagellates	0	0	0	0	0	0	0	0	0	0	0	0	0	0	0	0	0	0	0	0	0	0	0	0	0	0	0	0	0	0	0	0	0	0	0	0	0	0	9	0	0	0	0	0	0	0	0	0	0	0	0	0	0	0	0	0	0	0	0	0	0	0	0	0	0	0	0	0	0	0	0	0	0	0	0	0	0	0	0	0	0	0	0	0	0	0	0	0	0	0	0	0	0	0	0	0	0	0	0	0	0	0	0	0	0	0	0	2	0	2	0	2	0	0	0	0	0	0	0	0	0	0	0
Chromista;NA;Dinophyceae;Gymnodiniales;Warnowiaceae;Warnowia;Warnowia sp.	Dinoflagellates	3	0	0	0	7	0	0	0	0	0	0	0	2	2	0	0	0	0	0	0	2	0	0	2	0	0	0	0	0	0	0	0	0	0	6	12	3	0	2	0	0	0	0	0	2	2	0	0	0	0	0	0	0	0	11	0	0	0	3	0	0	0	0	2	0	0	4	0	0	0	0	0	3	0	0	2	0	0	0	2	0	0	0	0	5	5	3	0	0	0	0	0	0	0	0	0	0	0	0	0	0	2	0	0	4	0	0	0	0	0	0	0	0	0	0	0	0	0	0	0	0	0	8
Chromista;NA;Dinophyceae;NA;NA;Echinidinium;Echinidinium karaense	Dinoflagellates	2	0	0	21	0	11	0	0	0	0	0	0	0	0	0	38	0	0	0	0	0	0	0	0	0	0	0	0	0	0	0	0	0	2	0	0	0	0	8	0	0	0	0	5	0	0	0	0	0	4	0	0	0	0	0	15	0	0	0	0	0	0	4	20	0	0	2	210	29	10	0	0	2	0	0	0	2	159	0	0	0	0	12	0	0	0	30	432	0	0	0	0	0	0	0	0	0	0	0	0	44	0	22	0	0	8	8	0	0	0	0	0	0	0	0	0	0	0	0	0	0	0	0
Chromista;NA;Dinophyceae;NA;NA;Madanidinium;Madanidinium loirii	Dinoflagellates	9	22	0	11	0	0	22	0	0	0	0	0	0	0	0	0	0	0	0	0	4	0	8	32	0	0	254	0	0	0	0	0	0	0	3	0	0	0	3	0	0	11	8	5	0	0	0	0	0	0	0	0	30	0	0	21	0	0	0	0	0	0	0	0	10	0	12	0	0	0	0	0	0	8	17	0	0	0	2	165	0	3	0	0	0	0	5	15	0	22	0	7	0	0	6	10	0	0	3	0	0	0	0	10	29	0	0	0	0	0	0	0	0	0	0	45	22	80	51	37	29	110	0
Chromista;NA;Dinophyceae;NA;NA;NA;Dinophyceae sp.	Dinoflagellates	3	0	0	0	6	0	0	0	2	3	0	6	3	4	0	0	0	2	0	0	0	0	2	3	2	7	4	0	0	0	2	2	5	16	19	10	16	12	21	8	0	6	4	6	5	3	0	3	3	3	0	0	13	35	0	13	0	3	11	0	10	5	7	6	6	39	14	22	5	6	8	0	9	0	0	2	3	4	2	14	0	0	0	0	0	0	2	2	9	13	0	0	0	0	0	0	3	0	7	0	0	4	0	2	0	0	0	0	0	0	0	0	0	3	2	0	0	0	0	0	0	6	9
Chromista;NA;Dinophyceae;Noctilucales;Noctilucaceae;Noctiluca;Noctiluca sp.	Dinoflagellates	0	0	0	0	0	4	20	2	0	0	0	4	0	0	0	26	0	0	0	70	0	0	0	0	0	0	3	0	0	0	0	0	0	0	0	0	0	0	0	0	0	0	0	5	0	2	0	0	0	2	0	0	0	0	0	0	0	0	0	0	70	0	2	0	0	0	11	0	0	0	0	0	0	0	0	0	0	571	0	0	0	0	2	0	0	0	38	0	0	0	0	0	5	0	7	0	8	0	0	0	17	0	4	0	0	77	45	20	39	63	31	37	19	3	0	34	11	21	14	2	0	0	0
Chromista;NA;Dinophyceae;Peridiniales	Dinoflagellates	31	23	15	0	34	0	0	0	63	156	33	133	38	92	0	0	15	19	15	0	17	11	28	22	16	10	13	0	26	948	569	254	14	99	875	1113	82	158	64	75	29	146	69	28	385	413	11	111	588	210	0	0	264	904	13	47	81	3	89	39	11	10	36	136	378	36	230	707	94	116	28	0	0	59	6	8	36	136	28	47	33	71	0	7	5	35	15	94	26	24	0	14	0	12	0	28	202	0	2	3	3	35	0	11	27	0	0	0	0	0	2	0	0	486	174	0	0	0	0	0	0	54	192
Chromista;NA;Dinophyceae;Peridiniales;Amphidiniopsidaceae	Dinoflagellates	16191	8872	12157	11	16530	24	0	0	15945	57271	61372	33109	38494	19948	194	23	5158	25207	26263	7	12973	12626	11268	15295	14565	12682	18246	11	11478	18490	23556	10111	11813	7407	16413	3105	8589	4302	2299	2903	4	300	195	605	3922	198	315	3130	2176	4850	0	0	16545	77748	6397	9285	1266	2	5592	1454	86	10990	3291	189	734	8016	1181	3548	1489	275	18	0	222	5156	8	8	4001	17	755	4010	1188	559	9	3756	189	348	141	1091	510	11395	7	11732	0	3728	0	18538	7881	0	8370	866	20	9304	5	5848	178	6	0	2	10	12	18	0	4	35136	37847	0	0	0	0	0	0	210	3904
Chromista;NA;Dinophyceae;Peridiniales;Amphidiniopsidaceae;Amphidiniopsis;Amphidiniopsis uroensis	Dinoflagellates	0	0	0	0	0	0	0	0	0	0	0	0	0	0	0	0	0	0	0	0	0	0	0	0	0	0	0	0	0	0	0	0	0	0	0	0	0	0	0	0	0	0	0	0	0	0	0	0	0	0	0	0	2	3	0	0	0	0	0	0	0	0	0	0	0	0	0	0	0	0	0	0	0	0	0	0	0	0	0	0	0	0	0	0	0	0	0	0	0	0	0	0	0	0	0	0	0	0	0	0	0	0	0	0	0	0	0	0	0	0	0	0	0	0	0	0	0	0	0	0	0	0	0
Chromista;NA;Dinophyceae;Peridiniales;Amphidiniopsidaceae;Archaeperidinium	Dinoflagellates	0	0	3	0	3	0	0	0	0	2	5	3	3	2	0	0	0	2	4	0	0	0	3	0	0	0	0	0	0	0	0	0	0	2	4	0	0	0	0	0	0	0	0	0	0	0	0	0	0	0	0	0	0	3	0	0	0	0	0	0	0	0	0	0	0	0	0	0	0	0	0	0	0	0	0	0	0	0	0	0	0	0	0	0	0	0	0	0	0	0	0	0	0	0	0	0	2	0	0	0	0	0	0	0	0	0	0	0	0	0	0	0	0	0	2	0	0	0	0	0	0	0	0
Chromista;NA;Dinophyceae;Peridiniales;Amphidiniopsidaceae;Archaeperidinium;Archaeperidinium minutum	Dinoflagellates	17	18	16	0	17	0	0	0	18	69	77	46	51	24	0	0	4	26	48	0	12	16	11	29	10	13	19	0	5	22	39	16	10	9	21	2	9	2	2	4	0	0	0	0	3	0	2	0	0	6	0	0	32	82	3	13	2	0	4	0	0	10	5	0	0	11	0	5	0	0	0	0	0	5	0	0	5	0	0	3	0	0	0	0	0	0	0	0	0	12	0	14	0	3	0	18	8	0	11	2	0	16	0	11	0	0	0	0	0	0	0	0	0	39	37	0	0	0	0	0	0	0	6
Chromista;NA;Dinophyceae;Peridiniales;Diplopsaliaceae	Dinoflagellates	0	0	0	0	4	0	0	0	3	0	2	0	0	0	0	0	0	0	0	0	0	0	0	0	0	0	0	0	0	0	0	0	0	0	0	0	0	0	30	0	0	2	4	0	0	0	0	0	7	88	0	3	0	0	0	161	0	0	0	0	0	0	2	0	14	0	0	203	0	0	0	0	0	0	0	0	0	6	0	0	0	2	0	15	0	0	0	0	0	0	0	0	0	0	0	0	0	0	0	0	0	0	0	0	0	0	0	0	0	0	0	0	0	0	0	0	0	0	0	0	0	0	0
Chromista;NA;Dinophyceae;Peridiniales;Diplopsaliaceae;Gotoius;Gotoius excentricus	Dinoflagellates	0	0	0	0	0	0	0	0	0	0	0	0	0	0	0	0	0	0	0	0	0	0	0	0	0	0	0	0	0	0	0	2	0	4	0	0	2	0	0	0	0	0	0	0	0	0	0	0	2	0	0	0	0	2	0	0	0	0	0	0	3	0	0	0	0	0	0	0	0	0	2	0	0	0	0	0	0	0	0	0	0	0	0	0	0	0	0	0	0	0	0	0	0	0	0	0	0	0	0	0	0	0	0	0	0	0	0	0	0	0	2	0	0	0	0	0	0	0	0	0	0	0	0
Chromista;NA;Dinophyceae;Peridiniales;Diplopsaliaceae;Niea;Niea acanthocysta	Dinoflagellates	0	0	0	16	8	18	0	0	2	0	0	0	0	0	0	6	0	0	0	0	0	0	0	0	0	0	0	0	0	0	0	0	0	0	0	0	0	0	2435	0	0	0	26	0	0	0	0	0	952	2192	0	48	0	0	0	940	0	0	0	0	0	0	284	0	1367	0	0	1310	0	0	0	0	0	0	0	0	0	15	0	0	0	162	0	1507	0	0	0	0	0	0	0	0	0	0	0	0	0	0	0	0	0	0	4	0	0	0	0	0	0	0	0	0	0	0	0	0	0	0	0	0	0	0	0
Chromista;NA;Dinophyceae;Peridiniales;Endodiniaceae;Brandtodinium;Brandtodinium nutricula	Dinoflagellates	0	0	0	0	0	0	0	0	0	0	0	0	0	0	0	0	0	0	0	0	0	0	0	0	0	17	0	0	0	0	0	0	0	0	0	0	0	7	0	0	0	0	0	0	0	0	0	0	0	0	0	0	0	0	0	0	0	0	0	0	0	0	0	0	0	0	0	0	0	0	0	0	0	0	0	0	0	2	7	0	0	0	0	20	0	0	0	0	0	13	0	0	0	0	0	0	0	0	0	0	0	0	0	0	0	0	0	0	0	0	0	0	0	0	0	0	0	0	0	0	0	0	0
Chromista;NA;Dinophyceae;Peridiniales;Heterocapsaceae	Dinoflagellates	13	3	5	2	27	0	31	19	0	2	3	2	2	7	0	0	2	7	3	10	6	5	11	4	3	12	22	0	0	9	10	4	13	10	8	26	89	0	6	11	2	0	0	3	10	0	0	0	6	2	0	0	0	0	2	0	0	0	0	3	2	0	3	4	0	4	0	2	2	2	0	0	2	0	20	0	0	2	0	0	2	0	0	6	19	4	4	4	0	0	0	2	12	0	41	0	7	0	8	2	3	3	0	9	0	0	0	0	0	0	0	0	0	0	4	2	2	5	4	0	22	10	0
Chromista;NA;Dinophyceae;Peridiniales;Heterocapsaceae;Heterocapsa;Heterocapsa minima	Dinoflagellates	0	0	0	0	0	0	559	349	0	0	0	0	0	0	0	0	0	0	0	150	0	0	0	0	0	0	0	0	0	0	0	0	0	5	6	26	41	0	3	3	0	0	0	0	0	0	0	0	4	2	0	0	0	0	3	0	0	0	3	0	3	21	0	0	0	3	0	0	0	0	4	0	3	0	2	0	0	0	0	0	0	2	0	0	0	2	22	12	2	0	0	0	169	0	533	0	43	0	0	0	0	0	0	0	0	0	0	0	0	0	0	0	0	0	0	30	38	50	45	40	404	224	2
Chromista;NA;Dinophyceae;Peridiniales;Heterocapsaceae;Heterocapsa;Heterocapsa pseudotriquetra	Dinoflagellates	3	2	0	0	7	0	0	3	0	0	0	3	0	3	0	0	0	3	0	0	0	0	3	0	0	3	5	0	0	3	3	0	2	0	6	13	19	0	0	4	0	0	0	0	0	0	0	0	4	0	0	0	0	0	0	0	0	0	0	0	2	0	0	0	0	0	0	0	0	0	0	0	0	0	0	0	0	3	0	0	0	0	0	0	3	0	0	0	0	0	0	0	0	0	5	0	0	0	0	0	0	2	0	5	0	0	0	0	0	0	0	0	0	0	0	2	0	0	0	0	7	2	0
Chromista;NA;Dinophyceae;Peridiniales;Heterocapsaceae;Heterocapsa;Heterocapsa rotundata	Dinoflagellates	0	0	30	7	0	24	223	168	0	0	0	0	0	4	0	44	0	4	0	102	0	0	18	0	0	0	0	0	0	0	0	0	3	76	97	41	73	24	42	9	0	4	9	20	51	14	0	28	5	97	0	2	6	0	0	0	2	0	4	2	50	42	24	0	2	0	10	0	2	6	0	0	19	5	22	143	10	61	44	120	26	55	16	34	0	4	75	35	12	6	0	0	106	0	372	0	332	0	3	0	39	3	17	0	65	18	9	2	5	0	2	0	2	0	0	261	308	74	61	50	996	968	56
Chromista;NA;Dinophyceae;Peridiniales;Heterocapsaceae;Heterocapsa;Heterocapsa sp. JD-2012	Dinoflagellates	0	2	0	0	3	0	0	0	0	0	0	2	0	0	0	0	0	0	0	0	0	0	0	0	0	0	2	0	0	0	0	0	2	0	2	0	4	0	0	0	0	0	0	0	0	0	0	0	0	0	0	0	0	0	0	0	0	0	0	0	0	0	0	0	0	0	0	0	0	0	0	0	0	0	0	0	0	0	0	0	0	0	0	0	0	0	0	0	0	0	0	0	0	0	0	0	0	0	0	0	0	0	0	0	0	0	0	0	0	0	0	0	0	0	0	0	0	0	0	0	0	0	0
Chromista;NA;Dinophyceae;Peridiniales;Heterocapsaceae;Heterocapsa;Heterocapsa triquetra	Dinoflagellates	1115	561	462	24	2213	6	1895	1193	47	168	655	380	89	910	3	6	10	1240	379	466	719	440	1337	296	336	1089	1962	0	7	680	837	210	1435	513	1281	2859	9068	5	213	1557	191	9	5	52	15	0	0	19	579	6	0	0	6	7	477	356	4	68	208	114	478	74	73	29	579	199	196	393	117	92	7	0	11	0	8	10	4	454	8	5	2	8	16	461	1836	10	411	39	30	63	0	253	612	80	1703	78	647	0	516	111	7	564	4	952	12	6	3	7	3	0	2	3	3	208	773	185	144	205	203	157	1581	982	107
Chromista;NA;Dinophyceae;Peridiniales;Kryptoperidiniaceae	Dinoflagellates	0	0	0	0	0	0	0	0	0	0	0	0	2	0	0	0	0	0	0	0	0	0	0	0	0	0	0	0	0	0	0	0	0	0	0	0	0	4	0	0	0	0	0	0	0	0	0	0	0	0	0	0	0	0	0	0	0	0	3	0	0	0	0	0	0	14	0	2	0	0	0	0	0	0	0	0	0	0	0	0	0	0	0	0	0	0	0	0	0	0	0	0	0	0	0	0	0	0	0	0	0	0	0	2	0	0	0	0	0	0	0	0	0	0	0	0	0	0	0	0	0	0	0
Chromista;NA;Dinophyceae;Peridiniales;Ostreopsidaceae	Dinoflagellates	0	2	0	0	0	0	0	0	2	0	0	0	0	0	0	0	0	0	0	0	0	0	0	0	0	0	0	0	0	0	0	0	0	0	0	0	0	0	0	0	0	0	0	0	0	0	0	0	0	0	0	0	0	0	0	0	0	0	0	0	0	0	0	0	0	0	0	0	0	0	0	0	0	0	0	0	2	0	2	0	0	0	0	0	0	0	0	0	0	2	0	0	0	0	0	0	0	0	0	0	0	0	0	0	2	0	0	0	0	0	0	0	0	0	0	0	0	0	0	0	0	0	0
Chromista;NA;Dinophyceae;Peridiniales;Ostreopsidaceae;Coolia;Coolia canariensis	Dinoflagellates	0	0	0	0	0	0	0	0	2	0	0	0	0	0	0	0	0	0	0	0	0	0	0	0	0	0	0	0	0	0	0	0	0	0	0	0	0	0	0	0	0	0	0	0	0	0	0	0	0	0	0	0	0	0	0	0	0	0	0	0	0	0	0	0	0	0	3	0	0	0	0	0	0	0	0	0	0	0	0	0	0	0	0	0	0	0	0	0	0	0	0	0	0	0	0	0	0	0	0	0	0	0	0	0	0	0	0	0	0	0	0	0	0	0	0	0	0	0	0	0	0	0	0
Chromista;NA;Dinophyceae;Peridiniales;Ostreopsidaceae;Ostreopsis;Ostreopsis cf. ovata	Dinoflagellates	0	0	0	0	0	0	0	0	0	0	0	0	0	0	0	0	0	0	0	0	0	0	0	0	0	0	0	0	0	0	0	0	0	0	0	0	0	0	0	0	0	0	0	0	0	0	0	0	0	0	0	0	0	7	0	0	0	0	0	0	0	0	0	0	0	0	0	0	0	0	3	0	0	0	0	0	0	0	0	0	0	0	0	0	0	0	0	0	0	0	0	0	0	0	0	2	0	0	0	0	0	0	0	0	0	0	0	0	0	0	0	0	0	0	0	0	0	0	0	0	0	0	0
Chromista;NA;Dinophyceae;Peridiniales;Peridiniaceae	Dinoflagellates	2	0	0	0	0	0	0	0	0	0	0	0	0	3	0	0	0	0	0	0	0	0	5	0	0	0	0	0	0	5	3	0	0	0	2	6	2	0	0	0	7	0	0	0	2	0	0	0	4	0	0	0	0	8	5	0	0	0	0	0	0	0	0	2	3	7	3	0	0	0	0	0	0	0	0	0	0	0	0	0	0	2	0	2	0	0	0	0	0	2	0	0	0	0	0	0	0	0	0	0	0	0	0	0	0	0	0	0	0	0	0	0	0	0	2	0	0	0	0	0	0	0	0
Chromista;NA;Dinophyceae;Peridiniales;Peridiniaceae;Leonella;Leonella granifera	Dinoflagellates	99	155	0	0	21	0	0	0	0	3	2	2550	14	4	0	0	0	4	391	0	6	719	4	6	5	4	2	0	0	2579	266	7	2	0	5	86	12	2	3	2	6	0	0	2	2	0	0	0	2	0	0	0	0	4	5	0	0	0	3	0	0	0	0	0	3	19	6	7	2	5	5	0	3	3	3	6	2	0	0	11	455	0	0	0	68	0	2771	2	1565	54	0	2	0	0	0	3	287	0	3	2	6	6	0	6	0	0	0	0	0	0	0	0	0	0	16	0	0	0	0	0	0	2248	5312
Chromista;NA;Dinophyceae;Peridiniales;Peridiniaceae;Pentapharsodinium;Pentapharsodinium tyrrhenicum	Dinoflagellates	0	0	0	0	0	0	0	0	0	0	0	0	0	0	0	0	0	0	0	0	0	0	0	0	0	0	0	0	0	0	0	0	0	0	0	0	0	0	0	0	0	0	0	0	0	0	0	0	0	0	0	0	0	0	2	0	0	0	0	0	0	0	0	0	0	2	0	0	0	0	0	0	0	0	0	0	0	0	0	0	0	0	0	0	0	0	0	0	0	0	0	0	0	0	0	0	0	0	0	0	2	0	0	0	0	0	0	0	0	0	0	0	0	0	0	0	4	0	0	0	0	0	0
Chromista;NA;Dinophyceae;Peridiniales;Peridiniaceae;Peridinium;Peridinium willei	Dinoflagellates	9	7	3	0	9	0	0	0	15	23	2	27	3	26	0	0	7	7	5	0	3	6	6	4	5	3	0	0	2	18	5	42	3	13	11	20	3	5	10	11	12	23	0	7	20	21	0	26	18	24	0	0	100	17	0	24	3	4	16	13	0	5	16	17	13	4	31	43	6	5	2	0	0	34	0	0	23	56	11	12	10	31	0	3	0	9	3	49	5	0	0	2	0	9	0	0	21	0	2	0	0	8	0	4	7	0	0	0	0	0	0	0	0	23	2	0	0	0	0	0	0	10	60
Chromista;NA;Dinophyceae;Peridiniales;Peridiniaceae;Pernambugia;Pernambugia tuberosa	Dinoflagellates	2	4	7	0	0	0	0	0	13	30	2	0	10	2	0	0	0	0	0	0	0	2	2	0	0	5	0	0	2	28	11	0	0	0	0	0	0	9	0	0	0	0	0	0	0	2	0	0	0	0	0	0	0	0	0	0	0	0	0	0	0	0	0	0	7	66	0	0	0	0	0	0	10	0	0	0	0	0	0	0	0	0	0	0	0	0	0	0	0	0	0	0	0	0	0	2	0	0	2	0	0	0	0	0	0	0	0	0	0	0	0	0	0	0	0	0	0	0	0	0	0	0	4
Chromista;NA;Dinophyceae;Peridiniales;Peridiniaceae;Scrippsiella	Dinoflagellates	0	0	0	0	0	0	0	0	0	0	0	0	0	3	0	0	0	0	0	0	0	0	0	0	0	0	0	0	0	0	0	0	0	0	0	0	3	0	0	0	0	0	0	0	0	0	0	0	0	0	0	0	0	0	0	0	0	0	0	0	0	0	0	0	0	2	0	2	0	2	2	0	0	0	0	2	0	0	0	0	0	0	0	0	3	0	0	0	4	2	0	0	0	0	0	0	0	0	0	0	0	0	0	0	3	0	0	0	0	0	0	0	0	0	2	0	0	0	0	0	0	0	0
Chromista;NA;Dinophyceae;Peridiniales;Peridiniaceae;Scrippsiella;Scrippsiella donghaiensis	Dinoflagellates	308	321	12	59	171	72	93	0	33	87	21	185	17	407	48	18	8	291	33	0	172	97	584	406	27	190	79	0	16	1195	2287	270	21	201	1332	531	2462	586	132	972	22	6	175	211	322	87	0	3	261	7	0	0	5	140	316	47	2	0	1187	5	2114	582	355	250	46	5333	432	1172	82	767	2052	0	35	4	1662	45	1066	905	2	1736	61	11	35	1355	3070	80	16	1084	1127	3317	0	11	2	81	61	11	239	0	48	2	22	103	9	222	1028	44	46	42	80	99	138	188	407	811	1173	30	0	0	0	9	8	261	525
Chromista;NA;Dinophyceae;Peridiniales;Peridiniaceae;Scrippsiella;Scrippsiella hangoei	Dinoflagellates	111	25	635	12	26	5	0	108	19	27	24	535	40	28	21	8	15	6	3	0	6	3	6	9	3	3	6	0	11	7	13	18	15	7	25	24	32	102	67	565	617	90	65	96	4	234	7	99	151	82	0	6	438	4867	16	25	67	5	182	96	116	1554	14	3258	35	43	14	148	87	99	14	0	0	8	6	0	13	20	0	16	0	3	3	0	2	10	31	3	7	414	0	6	0	8	0	22	15	0	5	0	9	13	0	0	14	4	0	0	3	0	0	38	2	25	4	0	0	0	0	0	0	3	8
Chromista;NA;Dinophyceae;Peridiniales;Peridiniaceae;Scrippsiella;Scrippsiella sp.	Dinoflagellates	9	3	7	2	59	7	0	0	8	17	8	45	143	88	7	2	0	7	69	0	18	2	72	6	3	8	6	0	8	10	17	135	61	8	26	179	14	2	3	24	15	9	4	25	9	13	2	22	97	10	0	0	17	19	8	9	12	4	15	2	7	13	0	7	2	13	4	9	0	2	123	0	6	6	296	25	15	8	0	6	0	23	0	2	5	4	10	23	6	8	0	5	0	3	0	52	3	0	4	0	4	7	4	0	6	0	0	7	13	16	14	11	25	21	52	0	0	0	0	0	0	9	124
Chromista;NA;Dinophyceae;Peridiniales;Peridiniaceae;Scrippsiella;Scrippsiella sp. HZ-2005	Dinoflagellates	2	4	0	0	0	0	3	0	0	0	0	0	0	0	0	0	0	2	0	0	4	2	5	3	0	2	0	0	0	8	20	0	0	4	7	4	20	4	0	13	0	0	0	0	2	2	0	0	0	0	0	0	0	0	5	0	0	0	8	0	27	3	6	0	0	50	6	12	0	13	24	0	0	0	17	0	9	9	0	18	0	0	0	16	26	0	0	16	11	36	0	0	0	0	0	0	0	0	0	0	0	0	0	3	6	0	0	0	0	0	0	2	4	7	9	0	0	0	0	0	0	3	11
Chromista;NA;Dinophyceae;Peridiniales;Peridiniopsidaceae;Palatinus;Palatinus apiculatus	Dinoflagellates	0	0	0	0	0	3	0	0	0	0	0	0	0	0	0	4	2	0	0	0	0	0	0	0	0	0	0	0	0	0	0	0	0	4	0	0	0	0	0	0	0	0	0	0	0	0	0	0	0	5	0	0	0	0	0	0	0	0	0	0	17	0	0	0	0	0	0	0	0	0	0	0	0	0	5	0	0	6	0	0	3	0	0	0	0	0	0	3	8	0	0	0	0	0	0	0	0	0	0	0	0	0	2	0	12	0	0	0	2	0	0	0	0	0	0	11	5	2	0	0	0	0	0
Chromista;NA;Dinophyceae;Peridiniales;Pfiesteriaceae	Dinoflagellates	426	428	1086	30	1544	3	23	15	826	913	132	253	744	1147	34	29	178	110	121	36	388	173	1491	265	43	180	90	0	157	312	2247	1715	2216	4517	3745	3283	10120	988	4504	7201	18170	2512	2416	2211	929	746	94	606	4290	1325	0	659	4682	26457	9495	3991	231	832	2479	304	6550	3670	1076	657	381	2625	2450	2807	666	786	2855	0	12248	2374	5862	14528	4500	4679	1722	4605	425	1336	15	1175	5927	645	2665	1634	783	3384	0	409	4	27	16	787	776	0	990	43	54	234	14	554	2841	10	0	200	352	564	469	579	728	1128	1406	3	6	30	0	0	12	6802	3998
Chromista;NA;Dinophyceae;Peridiniales;Pfiesteriaceae;Chimonodinium;Chimonodinium lomnickii	Dinoflagellates	0	0	0	0	0	0	0	0	0	0	0	0	3	0	0	0	0	0	0	0	0	0	0	0	0	0	0	0	0	0	0	0	0	0	0	0	0	0	0	0	0	0	0	0	0	0	0	0	0	0	0	0	0	5	0	0	0	0	0	0	0	0	0	4	0	0	0	0	0	0	0	0	0	0	0	0	0	0	0	0	0	0	0	0	0	0	0	0	0	0	0	0	0	0	0	0	0	0	0	0	0	0	0	0	0	0	0	0	0	0	0	0	0	0	0	0	0	0	0	0	0	0	0
Chromista;NA;Dinophyceae;Peridiniales;Pfiesteriaceae;Cryptoperidiniopsis;Cryptoperidiniopsis brodyi	Dinoflagellates	0	0	0	0	0	0	0	0	0	0	0	0	0	4	0	0	0	0	0	0	0	0	0	0	0	0	0	0	0	0	0	0	0	0	0	0	0	0	0	0	0	0	0	0	0	0	0	0	0	0	0	0	0	0	0	0	0	0	0	0	0	0	0	0	0	0	0	0	0	0	0	0	0	0	0	0	0	0	0	0	0	0	0	0	0	0	0	0	0	0	0	0	0	0	0	0	0	0	0	0	0	0	0	0	0	0	0	0	0	0	0	0	0	0	0	0	0	0	0	0	0	48	0
Chromista;NA;Dinophyceae;Peridiniales;Pfiesteriaceae;NA;Pfiesteria-like dinoflagellate Lucy	Dinoflagellates	0	0	0	0	0	0	0	0	2	0	0	0	0	0	0	0	0	0	0	0	0	0	0	0	0	0	0	0	0	0	0	0	0	0	0	0	0	0	0	0	0	0	0	0	0	0	0	0	0	0	0	0	0	0	0	0	0	0	0	0	0	0	0	0	0	0	0	0	0	0	0	0	0	0	0	0	0	0	0	0	0	2	0	0	0	0	0	0	0	0	0	0	0	0	0	0	0	0	0	0	0	0	0	0	0	0	0	0	0	0	0	0	0	0	0	0	0	0	0	0	0	0	0
Chromista;NA;Dinophyceae;Peridiniales;Pfiesteriaceae;NA;cryptoperidiniopsoid sp. Folly C5	Dinoflagellates	0	0	4	0	0	0	0	0	2	0	0	0	2	2	0	0	0	0	0	0	0	0	0	0	0	0	0	0	0	0	3	2	0	3	3	5	7	0	9	20	26	7	4	3	0	0	0	2	10	6	0	0	5	73	15	18	2	0	4	0	9	10	0	0	0	2	0	24	8	8	0	0	0	0	2	0	2	0	0	2	3	0	0	0	0	0	0	4	0	9	0	0	0	0	0	2	0	0	0	0	0	0	0	0	0	0	0	2	2	5	2	3	6	3	5	0	0	0	0	0	0	0	0
Chromista;NA;Dinophyceae;Peridiniales;Pfiesteriaceae;Pfiesteria;Pfiesteria piscicida	Phantom Dinoflagellate	0	0	0	0	0	0	0	0	0	0	0	4	0	0	0	0	0	0	0	0	0	0	6	0	0	0	0	0	0	0	0	0	0	2	0	0	0	2	8	0	0	6	10	16	0	2	0	3	23	12	0	3	7	219	66	33	0	0	0	0	17	32	4	0	0	0	0	0	0	0	0	0	38	0	0	0	0	0	0	0	0	0	0	0	0	0	0	0	0	0	0	0	0	0	0	10	0	0	0	0	0	0	0	0	0	0	0	3	5	8	9	9	28	7	11	3	0	0	0	0	0	0	0
Chromista;NA;Dinophyceae;Peridiniales;Podolampadaceae;Roscoffia;Roscoffia capitata	Dinoflagellates	0	0	0	0	0	0	0	0	0	0	0	0	0	0	0	0	0	0	0	0	0	0	0	0	0	0	0	0	0	0	0	0	0	0	0	2	0	0	0	0	0	0	0	0	0	0	0	0	0	0	0	0	0	0	0	0	0	0	0	0	0	0	0	0	0	0	0	0	0	0	0	0	3	0	0	0	0	0	0	0	0	0	0	0	0	0	0	0	4	0	0	0	0	0	0	0	0	0	0	0	0	0	0	0	0	0	0	0	0	0	0	0	0	0	0	0	0	6	2	0	0	0	0
Chromista;NA;Dinophyceae;Peridiniales;Protoperidiniaceae;Protoperidinium	Dinoflagellates	2097	1523	1293	0	2200	3	0	4	6900	12832	1665	11813	2032	8524	2	36	1959	2414	710	0	1432	420	2777	2056	914	849	811	3	1667	2921	5325	11909	941	5618	4259	8944	2538	6720	4775	4729	1764	6250	239	1125	4843	5778	221	4140	6290	5378	0	34	18169	9403	7	3800	1525	428	7397	2774	684	313	3926	4401	6115	12492	13228	10187	1443	968	1927	0	995	5781	450	6	2318	12625	1827	4645	2995	7495	2	620	0	2919	1431	9117	1366	922	0	705	0	1097	0	208	3747	0	219	164	136	2571	78	1067	2810	9	2	0	0	0	0	0	0	4223	1810	7	13	0	7	0	0	3066	11531
Chromista;NA;Dinophyceae;Peridiniales;Protoperidiniaceae;Protoperidinium;Protoperidinium claudicans	Dinoflagellates	0	0	6	0	3	0	0	0	3	12	0	21	8	38	0	0	0	0	0	0	0	0	0	0	0	5	20	0	0	0	0	0	0	0	0	0	0	0	0	0	0	0	0	0	0	0	0	0	0	3	0	0	0	0	0	5	0	0	0	2	0	0	0	0	2	0	0	9	0	9	0	0	0	0	0	0	0	0	2	0	0	0	0	0	0	2	0	0	0	0	0	0	0	0	0	0	2	0	0	0	0	3	0	0	0	0	0	0	0	0	0	0	0	0	0	0	0	0	0	0	0	0	0
Chromista;NA;Dinophyceae;Peridiniales;Protoperidiniaceae;Protoperidinium;Protoperidinium conicum	Dinoflagellates	4478	0	0	631	0	191	0	3	0	0	0	0	0	17491	8	185	1884	0	0	0	0	0	0	17838	0	0	11	0	0	0	0	0	0	0	0	0	0	9	2980	0	0	0	0	6610	0	0	3	0	0	24	0	0	0	0	0	0	24019	0	2	7816	0	10828	8762	2096	8776	0	17176	72	0	2	0	0	0	0	0	0	0	0	0	839	10	159	10	0	0	0	25	5662	368	0	0	0	0	0	0	0	0	0	0	0	636	0	115	0	0	29	32	0	0	0	0	0	0	0	0	7	0	0	0	0	0	0	0
Chromista;NA;Dinophyceae;Peridiniales;Protoperidiniaceae;Protoperidinium;Protoperidinium crassipes	Dinoflagellates	0	0	0	0	0	0	0	0	0	0	0	3	0	0	0	0	0	0	0	0	0	0	0	0	0	0	0	0	0	0	0	0	0	0	0	0	0	0	0	0	0	59401	0	0	0	378	724	0	0	0	0	0	0	0	0	0	0	0	0	0	0	0	0	860	0	0	0	827	0	0	0	0	0	0	0	0	0	0	0	0	0	6	0	0	0	0	3	0	0	0	0	0	0	0	0	0	0	0	0	0	0	0	0	0	0	0	0	0	0	0	0	0	0	0	0	0	0	0	0	0	0	0	0
Chromista;NA;Dinophyceae;Peridiniales;Protoperidiniaceae;Protoperidinium;Protoperidinium depressum	Dinoflagellates	4	2	0	0	0	3	0	0	0	0	0	191	0	0	0	4	0	3	0	0	0	0	0	0	0	0	1566	0	0	6	0	0	0	765	582	0	0	0	0	0	14	0	703	182	10	1068	14	3619	2304	834	0	0	2458	0	0	2312	382	0	0	177	0	0	282	548	3109	0	0	1389	263	200	0	0	0	449	0	0	2987	5014	863	49	877	695	0	0	0	18	0	34	767	0	0	0	0	0	0	0	1011	0	0	0	8	0	5	0	0	0	5	0	2	2	0	0	0	444	0	0	0	0	0	0	0	0	0
Chromista;NA;Dinophyceae;Peridiniales;Protoperidiniaceae;Protoperidinium;Protoperidinium divergens	Dinoflagellates	0	0	0	0	0	0	0	0	0	0	0	0	0	0	0	0	0	0	0	0	0	0	0	0	0	0	0	0	0	0	0	0	0	0	0	0	0	0	0	0	0	910	0	0	0	4	7	0	0	0	0	0	0	0	0	0	0	0	0	0	0	0	0	9	0	0	0	10	0	0	0	0	0	0	0	0	0	0	0	0	0	0	0	0	0	0	0	0	0	0	0	0	0	0	0	0	0	0	0	0	0	0	0	0	0	0	0	0	0	0	0	0	0	0	0	0	0	0	0	0	0	0	0
Chromista;NA;Dinophyceae;Peridiniales;Protoperidiniaceae;Protoperidinium;Protoperidinium excentricum	Dinoflagellates	425	135	0	0	0	0	0	0	0	4401	0	0	0	628	25	0	0	0	0	0	0	0	0	0	3	0	0	0	0	0	0	13209	0	0	0	0	0	1157	3035	0	0	0	0	115	1636	0	0	1017	0	129	0	0	6122	0	0	770	0	0	0	0	0	0	35	696	1908	0	0	37	0	46	0	0	0	0	0	0	0	0	0	0	0	0	0	0	0	0	0	0	0	0	0	0	0	503	0	1936	385	0	0	0	6	93	7	0	0	0	0	0	0	0	0	0	0	149	1142	0	0	0	0	0	0	0	0
Chromista;NA;Dinophyceae;Peridiniales;Protoperidiniaceae;Protoperidinium;Protoperidinium leonis	Dinoflagellates	25	276	0	48	1368	233	0	0	2549	0	0	9926	0	1539	132	14	110	449	1793	0	0	0	0	6	4287	1338	0	0	3194	14	0	0	0	0	0	0	0	10770	3083	51080	0	925	7820	14137	0	0	0	0	47	11572	0	4054	0	26732	0	3435	0	0	27604	0	0	5000	4441	883	5701	3246	27	6985	1755	2261	3533	0	0	12102	0	0	242	3602	0	0	0	10	4	0	0	0	0	59	43	0	0	0	0	0	0	0	1162	0	2480	0	118	679	19	0	406	4	14	0	0	0	0	0	0	68	2474	2	0	0	0	0	0	0	0
Chromista;NA;Dinophyceae;Peridiniales;Protoperidiniaceae;Protoperidinium;Protoperidinium pallidum	Dinoflagellates	6	5	0	0	15	0	0	0	12	49	25	6	16	10	0	0	6	10	8	0	3	2	2	5	5	7	0	0	5	101	22	4	4	12	28	12	13	20	2	7	5	0	0	0	0	14	0	12	25	7	0	5	27	26	5	10	0	0	15	3	0	24	7	0	15	54	5	14	0	3	0	0	0	0	0	0	23	6	0	0	2	7	0	0	3	4	9	4	3	19	0	4	0	2	0	3	23	0	2	0	0	3	0	2	4	0	0	0	0	0	0	0	0	18	24	0	0	0	0	0	0	8	10
Chromista;NA;Dinophyceae;Peridiniales;Protoperidiniaceae;Protoperidinium;Protoperidinium pellucidum	Dinoflagellates	2224	1125	940	0	4189	0	0	0	2546	8907	6107	2835	4699	1794	0	0	568	1666	3723	0	578	1337	1647	1579	808	2026	549	0	1286	19226	5577	928	1099	3709	5273	2159	4107	6502	1401	2313	5289	89	336	703	509	1952	246	3548	6889	1714	0	1349	6047	6034	710	2721	441	0	5990	1215	218	6385	1221	695	1828	10923	623	2437	349	1179	0	0	0	300	12	52	5907	1349	0	0	895	1434	0	10	398	271	1542	417	689	3937	0	1513	0	213	0	1535	4448	0	380	91	17	361	2	443	268	0	0	0	0	0	0	0	0	4466	4947	0	0	0	0	0	0	1822	1508
Chromista;NA;Dinophyceae;Peridiniales;Protoperidiniaceae;Protoperidinium;Protoperidinium pentagonum	Dinoflagellates	0	0	0	0	0	0	0	0	0	0	0	0	0	0	0	0	0	0	0	0	0	0	0	0	0	0	0	0	0	0	0	0	0	0	0	0	0	13	0	0	0	0	0	3	0	0	0	0	0	4	0	0	0	0	0	14	0	0	0	0	0	0	0	0	0	0	0	0	3	3	0	0	0	0	0	0	0	0	0	0	0	0	0	0	0	0	0	0	5	0	0	0	0	0	0	0	0	0	0	0	0	0	3	0	0	0	0	0	0	0	0	0	0	0	0	0	0	0	0	0	0	0	0
Chromista;NA;Dinophyceae;Peridiniales;Protoperidiniaceae;Protoperidinium;Protoperidinium thulesense	Dinoflagellates	214	19	13	0	109	9	0	0	533	2014	694	1066	82	203	9	9	146	316	4	0	125	0	0	3	0	0	185	0	109	0	737	20	224	289	389	465	200	507	0	0	1279	290	9	518	1623	1136	31	63	1201	555	0	304	308	3473	303	888	6	0	713	0	0	134	180	5	643	153	800	714	44	150	9	0	2745	263	19	108	238	1030	260	191	4	39	7	6	1318	3	9	102	22	16	0	0	0	0	0	6	83	0	3	0	39	248	17	163	12	2	4	0	7	2	0	0	0	191	47	4	0	0	0	0	0	0	0
Chromista;NA;Dinophyceae;Peridiniales;Pyrophaceae;Pyrophacus;Pyrophacus steinii	Dinoflagellates	0	0	0	0	0	0	0	0	0	0	14	0	0	2	0	0	0	0	0	0	0	0	0	0	0	0	0	0	0	0	2	0	0	16	0	0	0	0	2	0	0	5	0	0	0	0	0	6	0	0	0	0	0	0	0	0	0	0	0	0	0	0	0	0	0	0	0	0	0	0	0	0	0	0	0	0	0	0	0	0	0	0	0	0	0	0	0	0	0	0	0	0	0	0	0	0	0	0	0	0	0	0	0	0	0	0	0	0	0	0	0	0	0	2	0	0	0	0	0	0	0	0	0
Chromista;NA;Dinophyceae;Phytodiniales;Phytodiniaceae	Dinoflagellates	0	0	0	4	0	13	0	0	0	0	0	0	0	8	7	2	0	0	0	0	0	0	10	2	0	0	0	0	0	0	0	18	64	5	3	0	5	0	4	4	0	18	14	5	16	10	0	0	11	5	0	0	16	0	0	2	2	0	0	13	92	2	2	0	2	31	20	13	3	4	6	0	0	8	0	0	0	17	11	9	7	4	2	0	0	0	0	0	0	0	0	0	0	0	0	0	0	0	0	0	0	0	0	5	3	0	0	3	7	8	12	7	7	2	0	5	5	0	6	2	2	0	0
Chromista;NA;Dinophyceae;Prorocentrales;Prorocentraceae;Prorocentrum	Dinoflagellates	0	0	0	0	0	0	0	0	0	2	0	2	0	5	0	0	2	0	0	0	0	0	0	0	0	0	0	0	0	2	0	0	0	0	0	0	0	0	0	0	2	0	0	0	0	2	0	0	2	4	0	0	2	0	3	0	0	0	2	0	0	0	2	0	0	0	4	0	0	0	0	0	0	0	4	0	0	4	2	2	0	5	0	2	0	0	3	4	2	0	0	0	0	0	0	0	0	0	0	0	0	0	0	0	0	0	0	0	0	0	0	0	0	0	0	0	0	2	0	0	0	0	0
Chromista;NA;Dinophyceae;Prorocentrales;Prorocentraceae;Prorocentrum;Prorocentrum cf. balticum	Dinoflagellates	0	0	0	0	0	0	0	0	0	0	0	0	0	0	0	0	0	0	0	0	0	0	0	0	0	0	0	0	0	0	0	0	0	0	10	13	0	10	9	0	0	3	4	5	5	3	0	0	9	12	0	0	12	10	3	19	0	0	3	0	0	0	14	5	5	0	9	0	2	3	2	0	0	0	3	13	0	6	0	0	0	3	0	3	0	0	0	12	2	0	0	0	0	0	0	0	8	0	0	0	0	0	0	0	0	0	0	0	0	0	0	0	0	0	0	0	0	0	0	0	0	6	0
Chromista;NA;Dinophyceae;Prorocentrales;Prorocentraceae;Prorocentrum;Prorocentrum gracile	Dinoflagellates	0	0	0	4	0	6	0	0	0	0	0	0	0	0	3	0	0	0	0	0	0	0	0	0	0	0	0	0	0	0	0	0	0	0	0	0	0	0	0	0	0	0	0	0	0	0	0	0	0	0	0	0	0	0	0	5	0	0	10	0	0	0	0	0	0	0	0	0	0	0	0	0	0	0	0	0	4	18	0	0	0	0	8	0	0	2	0	14	7	0	0	0	0	0	0	0	0	0	0	0	0	0	0	0	0	0	3	0	0	0	0	0	0	0	0	0	0	0	0	0	0	0	0
Chromista;NA;Dinophyceae;Prorocentrales;Prorocentraceae;Prorocentrum;Prorocentrum micans	Dinoflagellates	0	0	0	0	0	0	0	0	0	0	0	0	0	0	0	0	0	0	0	0	0	0	0	0	0	0	0	0	0	0	0	0	0	0	6	0	0	0	0	0	0	0	0	0	0	0	0	0	0	0	0	0	0	0	0	0	0	0	0	0	0	0	0	0	0	0	2	0	0	0	0	0	0	0	0	0	0	0	0	0	0	0	0	0	0	0	0	0	0	0	0	0	0	0	0	0	0	0	0	0	0	0	0	0	0	0	0	0	0	0	0	0	0	0	0	0	0	0	0	0	0	0	0
Chromista;NA;Dinophyceae;Prorocentrales;Prorocentraceae;Prorocentrum;Prorocentrum minimum	Dinoflagellates	7	24	60	10	0	28	0	0	0	8	0	0	5	0	14	37	96	11	9	0	23	16	0	26	0	0	0	0	5	0	3	59	35	211	681	496	34	825	617	246	0	406	206	624	312	250	23	54	468	1795	0	13	1453	1344	278	2473	2	2	483	31	0	347	1046	311	201	12	539	54	217	310	5	0	0	2	242	1356	61	882	12	54	99	270	36	40	0	79	13	1098	263	11	0	0	0	0	0	0	800	0	19	9	28	98	10	0	14	19	20	0	0	0	0	0	0	0	0	4	0	0	0	2	0	255	10
Chromista;NA;Dinophyceae;Prorocentrales;Prorocentraceae;Prorocentrum;Prorocentrum sipadanense	Dinoflagellates	0	0	0	0	0	0	0	0	0	0	0	0	0	0	0	0	0	0	0	0	0	0	0	0	0	0	0	0	0	0	0	0	0	0	0	0	0	0	6	0	0	0	0	0	0	0	0	0	0	0	0	0	0	0	0	3	0	0	0	0	0	0	0	0	0	0	0	0	0	0	0	0	0	0	0	0	0	0	0	0	0	0	0	0	0	0	0	0	0	0	0	0	0	0	0	0	0	0	0	0	0	0	0	0	0	0	0	0	0	0	0	0	0	0	0	0	0	0	0	0	0	0	0
Chromista;NA;Dinophyceae;Suessiales	Dinoflagellates	0	0	0	0	0	0	0	0	0	0	0	0	0	0	0	0	0	0	0	0	0	0	0	0	0	0	0	0	0	0	0	0	0	3	0	3	0	0	0	0	0	0	0	0	13	0	0	0	0	0	0	0	4	0	0	4	0	0	0	0	0	0	0	0	0	0	0	0	0	0	0	0	0	0	0	2	0	0	0	0	0	0	0	0	0	0	2	0	0	0	0	0	0	0	0	0	0	0	0	0	0	0	0	0	0	0	0	0	0	0	0	0	2	0	0	0	0	0	0	0	0	2	0
Chromista;NA;Dinophyceae;Suessiales;Suessiaceae;Pelagodinium;Pelagodinium beii	Dinoflagellates	0	0	0	0	0	0	4	4	0	0	0	0	0	0	0	0	0	0	0	0	0	0	0	0	0	0	0	0	0	0	0	0	0	0	7	0	7	0	3	0	0	0	0	0	0	0	0	3	2	0	0	0	7	2	0	3	0	0	2	0	3	10	3	2	0	3	0	2	0	2	5	0	2	0	11	4	19	3	0	3	8	0	0	0	0	0	0	15	8	3	0	0	0	0	3	0	0	0	0	0	0	0	0	0	4	0	0	0	0	0	0	0	0	0	0	9	5	3	5	2	2	11	0
Chromista;NA;Dinophyceae;Suessiales;Suessiaceae;Pelagodinium;Pelagodinium sp. JD-2012	Dinoflagellates	0	0	0	0	0	0	3	3	0	0	0	0	0	0	0	0	0	0	0	0	0	0	0	0	0	0	0	0	0	0	0	0	0	0	2	0	5	2	3	0	0	0	0	2	0	0	0	0	3	5	0	0	0	9	0	9	0	0	3	0	0	2	0	0	0	0	0	0	0	0	0	0	0	0	0	0	0	0	0	0	0	0	0	0	0	0	0	3	0	0	0	0	3	0	3	0	0	0	0	0	0	0	0	0	0	0	0	0	0	0	0	0	0	0	0	7	3	17	3	2	8	8	0
Chromista;NA;Dinophyceae;Suessiales;Suessiaceae;Piscinoodinium;Piscinoodinium sp. RWL-2007	Dinoflagellates	0	2	0	0	0	0	0	0	0	0	0	0	0	0	0	0	0	3	0	2	0	0	2	3	0	0	21	0	0	0	0	0	0	7	0	0	0	0	0	0	0	0	0	0	0	0	0	21	0	5	0	0	4	0	0	4	4	0	0	0	0	7	4	0	3	0	2	0	3	0	0	0	0	0	5	0	0	0	6	20	0	0	0	0	0	0	13	0	0	0	0	0	0	0	0	2	0	0	2	0	0	0	0	0	0	0	0	0	0	0	0	0	0	0	0	9	3	6	5	6	2	11	3
Chromista;NA;Dinophyceae;Suessiales;Suessiaceae;Protodinium;Protodinium simplex	Dinoflagellates	0	0	0	0	0	0	45	60	0	0	0	0	0	28	0	0	0	0	0	38	0	29	0	0	0	0	0	0	0	0	46	19	44	155	92	0	35	0	110	0	0	29	57	170	0	37	13	0	103	171	0	0	231	302	0	1579	0	0	70	15	0	340	93	41	78	16	318	4	27	95	0	0	0	0	60	0	29	198	17	0	16	31	0	0	0	31	0	101	44	0	0	0	40	0	40	0	81	0	5	0	0	0	0	0	0	0	0	205	426	593	720	548	2185	40	4	110	83	196	109	128	42	132	0
Chromista;NA;Dinophyceae;Suessiales;Suessiaceae;Yihiella;Yihiella yeosuensis	Dinoflagellates	0	0	0	0	0	3	3	0	0	0	0	0	0	0	0	2	0	0	0	0	0	0	0	37	0	0	0	0	0	0	0	36	119	135	82	0	20	0	58	0	0	5	0	0	0	2	8	0	0	0	0	0	684	0	0	30	0	0	11	8	0	35	0	0	0	0	2	10	17	2	0	0	14	7	0	4	136	57	15	0	22	74	3	0	0	5	6	23	37	0	0	0	0	0	0	0	0	0	0	0	0	0	0	0	0	0	0	8	0	5	9	0	0	0	0	0	0	0	0	0	0	0	0
Chromista;NA;Dinophyceae;Suessiales;Symbiodiniaceae	Dinoflagellates	0	0	0	0	0	0	2	0	2	0	0	0	0	0	0	0	0	0	0	0	0	0	0	0	0	0	0	0	0	0	0	0	0	0	0	0	0	0	0	0	0	0	0	0	0	0	0	0	5	0	0	0	0	0	0	0	0	0	0	0	0	0	0	0	2	0	9	0	0	0	0	0	0	0	0	0	7	10	0	0	0	0	0	0	0	0	0	7	5	0	0	0	2	0	0	0	0	0	0	0	0	0	0	0	0	0	0	0	0	0	0	0	2	12	0	0	0	0	0	0	0	0	0
Chromista;NA;Dinophyceae;Suessiales;Symbiodiniaceae;Breviolum;Breviolum minutum	Dinoflagellates	0	0	0	0	0	0	0	0	0	0	0	0	0	0	0	0	0	0	0	0	0	0	0	0	0	0	0	0	0	2	0	0	0	0	3	3	0	0	0	0	0	0	0	0	0	0	0	0	0	0	0	0	0	0	0	0	0	0	0	0	0	0	0	0	0	0	0	0	0	0	0	0	0	0	0	0	0	0	0	0	0	0	0	0	0	0	0	0	0	0	0	0	0	0	0	0	0	0	0	0	0	0	0	0	0	0	0	0	0	0	0	0	0	0	0	0	0	0	0	0	0	0	0
Chromista;NA;Dinophyceae;Suessiales;Symbiodiniaceae;Symbiodinium	Dinoflagellates	0	0	0	0	0	0	0	0	0	6	0	0	0	0	0	0	0	0	0	0	0	0	0	0	0	0	0	0	0	0	0	0	0	0	0	0	0	0	0	0	0	0	0	0	0	0	0	0	0	0	0	0	0	0	0	0	0	0	0	0	0	0	0	0	0	0	0	0	0	0	0	0	0	0	0	0	0	0	0	0	0	0	0	0	0	0	0	0	0	0	0	0	0	0	0	0	0	0	0	0	0	0	0	0	0	0	0	0	0	0	0	0	0	0	0	0	0	0	0	0	0	0	0
Chromista;NA;Dinophyceae;Suessiales;Symbiodiniaceae;Symbiodinium;Symbiodinium sp. 1305	Dinoflagellates	0	0	0	0	0	0	0	0	0	0	0	0	0	0	0	0	0	0	0	0	0	0	0	0	0	0	0	0	0	0	0	0	0	0	0	21	0	0	0	0	0	0	0	0	0	0	0	0	0	0	0	0	0	0	0	0	0	0	0	0	0	0	0	0	0	0	0	0	0	0	0	0	0	0	0	0	0	0	0	0	0	0	0	0	0	0	0	0	0	0	0	0	0	0	0	0	0	0	0	0	0	0	0	0	0	0	0	0	0	0	0	0	0	3	0	0	0	0	0	0	0	0	0
Chromista;NA;Dinophyceae;Syndiniales;Amoebophryaceae;Amoebophrya	Dinoflagellates	347	279	57	181	1787	16	12	4	193	61	443	29	4202	469	4	42	20	107	86	6	30	2	2075	118	1321	746	2	182	49	0	41	29	901	88	81	18	87	13	77	0	0	16	17	13	80	172	6	25	456	224	0	14	0	358	0	139	0	0	41	4	16	280	419	299	27	47	72	76	30	6298	68	0	119	28	52	21	28	38	114	415	16577	52	6	10	1294	10	135	106	90	69	0	160	0	15	3	24	71	0	9	0	62	656	27	10	23	8	24	8	13	7	13	8	5	59	461	30	41	6	25	9	15	30	12
Chromista;NA;Dinophyceae;Syndiniales;Amoebophryaceae;Amoebophrya;Amoebophrya sp.	Dinoflagellates	12	4	28	10	5	10	25	18	11	13	129	2	26	10	0	21	7	6	19	14	0	8	7	38	84	12	4	0	3	0	17	0	0	42	85	81	27	50	26	4	0	0	19	5	29	27	2	17	119	80	0	0	3	368	0	11	0	4	35	6	36	64	19	0	10	70	20	0	6	22	56	0	4	0	2	0	26	15	44	0	18	34	8	0	801	2	70	44	20	0	0	52	15	0	28	12	23	0	0	0	26	29	9	3	318	10	14	4	4	4	13	3	6	8	79	45	89	47	43	34	50	63	22
Chromista;NA;Dinophyceae;Syndiniales;Amoebophryaceae;Amoebophrya;Amoebophrya sp. ex Akashiwo sanguineaum	Dinoflagellates	0	0	0	0	0	0	0	0	0	0	5	0	0	0	0	0	0	0	0	0	0	0	0	0	0	0	0	0	0	0	0	0	0	0	2	0	0	0	0	0	0	0	0	0	0	0	0	0	0	0	0	0	0	0	0	0	0	0	0	0	0	0	0	0	0	0	0	0	0	5	0	0	0	0	0	0	0	0	0	0	0	0	0	0	0	0	0	0	0	0	0	0	0	0	0	0	0	0	0	0	0	0	0	0	0	0	0	0	0	0	0	0	0	0	0	0	0	0	0	0	0	0	0
Chromista;NA;Dinophyceae;Syndiniales;Amoebophryaceae;Amoebophrya;Amoebophrya sp. ex Alexandrium affine	Dinoflagellates	0	0	0	0	0	0	0	0	0	0	0	0	0	0	0	0	0	0	0	0	0	0	0	0	0	0	0	0	0	0	0	0	0	0	0	0	0	0	0	0	0	0	0	0	0	0	0	0	0	0	0	0	0	0	0	0	0	0	0	0	0	0	0	0	0	0	0	0	0	0	4	0	0	0	0	0	0	0	0	0	0	0	0	0	0	0	4	0	0	0	0	0	0	0	0	0	0	0	0	0	0	0	0	0	0	0	0	0	0	0	0	0	0	0	16	0	0	0	0	0	0	0	0
Chromista;NA;Dinophyceae;Syndiniales;Amoebophryaceae;Amoebophrya;Amoebophrya sp. ex Gonyaulax polygramma	Dinoflagellates	38	0	3	6	14	0	0	0	0	11	29	21	34	0	0	0	0	21	0	2	0	0	0	7	0	0	2	0	10	0	2	0	0	0	0	0	0	0	4	0	0	0	2	0	53	17	0	0	7	46	0	0	0	0	0	0	0	0	11	0	0	2	2	0	10	125	0	0	0	0	0	0	0	0	0	0	0	0	0	21	0	0	0	0	0	0	0	0	0	0	0	12	0	0	0	0	12	0	6	0	19	3	0	0	0	0	0	0	0	0	0	2	0	0	4	3	2	2	0	0	0	0	0
Chromista;NA;Dinophyceae;Syndiniales;Amoebophryaceae;Amoebophrya;Amoebophrya sp. ex Gymnodinium instriatum	Dinoflagellates	20	44	2	5	9	2	0	2	4	0	6	0	222	33	2	0	2	4	6	3	0	0	113	0	79	38	6	0	5	0	0	0	44	2	0	0	4	0	25	0	0	0	0	14	5	14	0	0	57	338	0	0	0	0	0	7	0	7	13	22	14	0	5	3	0	3	6	0	0	39	58	0	2	0	666	0	0	17	3	16	94	561	0	0	0	2	133	25	25	0	0	0	0	0	0	9	4	0	0	0	5	105	0	3	0	2	0	17	7	35	16	12	29	437	637	0	0	0	0	0	0	0	0
Chromista;NA;Dinophyceae;Syndiniales;Amoebophryaceae;Amoebophrya;Amoebophrya sp. ex Prorocentrum micans	Dinoflagellates	0	0	0	0	0	0	0	0	0	0	0	0	5	0	0	0	0	0	0	0	0	0	0	0	0	0	0	0	2	0	0	0	0	0	0	0	0	0	0	0	0	0	0	0	0	0	0	0	0	0	0	0	0	0	0	0	0	0	0	0	0	0	0	0	0	0	0	0	0	6	0	0	30	0	0	0	0	0	0	0	36	0	0	0	0	0	0	0	0	0	0	0	0	0	0	0	0	0	0	0	0	0	0	0	0	0	0	0	0	0	0	0	0	0	0	0	0	0	0	0	0	0	0
Chromista;NA;Dinophyceae;Syndiniales;Amoebophryaceae;Amoebophrya;Amoebophrya sp. ex Prorocentrum minimum	Dinoflagellates	4	0	0	0	0	0	0	0	3	0	0	0	0	0	0	0	0	0	0	0	0	0	0	0	0	0	0	0	0	0	0	0	0	0	0	0	0	0	0	0	0	0	0	0	0	0	0	0	0	0	0	0	0	0	0	15	9	0	4	0	0	0	0	0	0	0	0	0	0	0	0	0	0	0	0	0	0	0	5	0	0	0	3	0	0	0	0	28	0	0	0	0	0	0	0	0	0	0	0	0	5	0	0	0	5	0	0	0	0	4	0	0	9	0	0	0	0	0	0	0	0	30	0
Chromista;NA;Dinophyceae;Syndiniales;Duboscquellidae;Duboscquella;Duboscquella sp. Hamana/2003	Dinoflagellates	2	0	14	0	0	0	7	0	0	6	0	3	0	0	0	0	0	0	0	5	0	0	4	0	0	0	0	0	2	0	9	7	0	42	61	14	12	6	11	0	160	0	0	2	16	12	0	2	6	9	0	2	0	0	0	0	0	4	0	0	0	0	5	0	0	0	0	0	0	0	0	0	0	85	0	0	0	4	16	0	0	0	0	0	0	13	0	0	0	0	0	0	0	0	0	0	2	0	0	0	0	0	0	0	6	0	0	5	5	6	5	6	15	11	0	6	8	0	3	0	0	0	66
Chromista;NA;Dinophyceae;Syndiniales;Ellobiopsidae;Thalassomyces;Thalassomyces sp. Ello476-1c5	Dinoflagellates	0	0	0	0	0	0	3	0	0	0	0	0	0	0	0	0	0	0	0	0	0	0	0	0	0	0	0	0	0	0	0	0	0	0	0	0	0	0	0	0	0	0	0	0	0	0	0	0	0	0	0	0	0	0	0	0	0	0	0	0	0	0	0	0	0	0	0	0	0	0	0	0	0	0	0	0	0	0	0	0	0	0	0	0	0	0	0	0	0	0	0	0	0	0	0	0	0	0	0	0	0	0	0	0	0	0	0	10	21	11	6	13	13	3	0	5	4	0	0	0	0	0	0
Chromista;NA;Dinophyceae;Syndiniales;Ellobiopsidae;Thalassomyces;Thalassomyces sp. JDS-2003	Dinoflagellates	0	0	0	0	0	0	3	2	0	0	0	0	0	0	0	0	3	0	0	2	0	0	0	0	0	0	0	0	0	0	0	0	0	0	0	0	0	0	0	0	0	0	0	0	0	0	0	0	0	0	0	0	0	0	0	0	0	0	0	0	0	0	0	0	0	0	0	0	0	0	0	0	0	0	0	0	0	0	0	0	0	0	0	0	0	0	0	0	0	0	0	0	6	0	0	0	0	0	0	0	0	0	0	0	0	0	0	6	2	4	0	0	0	0	0	21	25	11	9	11	3	0	0
Chromista;NA;Dinophyceae;Syndiniales;Eudubosquellidae;Euduboscquella;Euduboscquella cachoni	Dinoflagellates	0	0	0	5	0	21	0	0	4	0	0	0	2	0	4	6	2	0	0	6	0	0	0	0	0	0	0	0	2	0	0	0	0	99	40	0	0	0	0	0	0	0	5	5	8	23	2	0	12	4	0	0	0	0	0	6	4	0	0	0	0	0	0	5	0	9	55	0	3	0	0	0	19	9	0	0	26	9	7	53	4	13	14	0	0	26	5	24	6	0	0	0	0	0	3	0	0	0	0	0	12	0	2	0	6	8	6	2	0	2	0	19	0	2	0	59	3	4	0	0	0	9	0
Chromista;NA;Dinophyceae;Syndiniales;Eudubosquellidae;Euduboscquella;Euduboscquella sp. ex Favella arcuata	Dinoflagellates	0	0	0	0	0	0	0	0	0	0	0	0	0	0	0	0	0	2	0	0	0	0	2	0	0	0	0	0	0	0	0	0	0	0	0	0	0	0	0	0	0	0	0	0	0	0	0	0	0	0	0	0	0	0	0	0	0	0	0	0	0	0	0	0	0	0	0	0	0	0	4	0	0	0	0	0	0	0	0	0	0	0	0	0	0	0	0	0	0	0	0	0	0	0	0	0	0	0	0	0	0	0	0	0	0	0	0	2	0	0	0	0	0	0	0	2	0	0	0	0	0	0	0
Chromista;NA;Dinophyceae;Syndiniales;Eudubosquellidae;Euduboscquella;Euduboscquella sp. ex Tintinnopsis sp. 2	Dinoflagellates	0	0	0	0	0	0	3	0	0	0	0	0	0	0	0	0	0	0	0	0	0	0	0	0	0	0	0	0	0	0	0	0	0	0	8	11	0	0	0	0	6	0	0	0	0	0	0	0	2	0	0	0	0	0	0	0	0	0	0	0	0	0	0	0	0	0	0	0	0	0	0	0	0	14	0	0	0	0	0	0	0	0	0	0	0	0	0	0	0	0	0	0	0	0	0	0	0	0	0	0	0	0	0	0	2	0	0	0	0	0	0	3	0	0	0	0	0	0	0	0	0	0	5
Chromista;NA;Dinophyceae;Syndiniales;Syndiniaceae	Dinoflagellates	0	0	0	17	0	2	0	0	2	0	0	0	0	0	0	0	0	0	0	0	0	0	0	0	0	0	0	0	0	0	0	0	0	0	0	0	0	0	0	0	0	0	0	0	2	0	0	0	0	0	0	0	0	2	0	0	0	0	143	0	0	0	0	0	0	0	2	0	0	0	0	0	3	0	191	0	0	0	0	0	0	0	0	0	0	0	0	0	2	2	0	0	0	0	0	0	0	0	0	0	0	0	0	0	0	0	0	0	0	0	0	0	0	0	0	8	0	0	0	0	0	0	2
Chromista;NA;Dinophyceae;Syndiniales;Syndiniaceae;Hematodinium	Dinoflagellates	0	0	2	0	0	0	0	0	3	0	0	0	17	0	0	0	0	0	0	2	0	0	0	0	2	0	0	0	0	0	0	0	0	0	0	0	0	0	2	0	0	0	0	0	0	2	0	0	0	0	0	0	2	0	0	0	2	0	2	0	0	0	0	0	0	0	7	0	0	0	0	0	0	0	6	0	0	0	3	0	0	0	0	0	0	0	6	0	0	8	0	0	0	0	0	0	0	0	2	0	0	0	0	2	0	0	0	0	2	0	0	0	0	0	0	13	8	0	0	0	5	0	0
Chromista;NA;Dinophyceae;Syndiniales;Syndiniaceae;Hematodinium;Hematodinium sp. ex Carcinus maenas	Dinoflagellates	0	0	0	0	0	0	0	0	3	0	0	0	2	0	0	2	0	0	0	0	0	0	0	0	0	0	2	0	0	3	0	2	5	3	0	0	0	0	5	4	0	0	0	0	2	4	0	0	9	0	0	0	0	5	0	0	0	0	0	2	6	0	0	0	0	3	3	3	0	0	0	0	5	0	0	0	3	0	0	5	0	0	0	0	3	0	2	4	0	0	0	0	0	0	0	0	0	0	0	0	0	0	0	0	3	0	0	0	0	0	0	0	2	0	0	0	2	0	0	2	0	3	2
Chromista;NA;Dinophyceae;Syndiniales;Syndiniaceae;Hematodinium;Hematodinium sp. ex Chionoecetes opilio	Dinoflagellates	0	0	0	0	0	0	0	0	0	5	0	0	0	0	0	0	0	0	0	0	0	0	0	0	0	0	0	0	0	0	0	0	0	0	0	0	0	0	0	0	0	0	0	0	0	0	0	0	0	0	0	0	0	0	0	0	0	0	0	0	0	0	0	0	0	0	0	0	0	0	0	0	0	0	0	0	0	0	0	0	0	0	0	0	0	0	0	0	0	0	0	0	0	0	0	0	0	0	0	0	0	0	0	0	0	0	0	0	0	0	0	0	0	0	0	0	0	0	0	0	0	0	0
Chromista;NA;Dinophyceae;Syndiniales;Syndiniaceae;Hematodinium;Hematodinium sp. ex Crangon crangon	Dinoflagellates	0	0	0	0	0	0	0	2	0	0	0	0	0	0	0	2	0	0	0	3	0	0	0	0	0	0	0	0	0	0	0	0	0	0	0	0	0	0	0	0	0	0	0	0	4	27	0	0	0	0	0	0	29	0	0	0	0	0	0	0	0	0	3	0	0	0	0	0	0	0	0	0	21	0	0	0	0	0	10	0	9	2	3	0	0	0	0	0	3	0	0	0	0	0	0	0	0	0	0	0	2	0	0	0	0	12	0	0	0	0	0	0	3	0	0	56	38	8	24	10	0	0	22
Chromista;NA;Dinophyceae;Syndiniales;Syndiniaceae;Syndinium;Syndinium sp. ex Corycaeus sp.	Dinoflagellates	0	0	0	0	0	3	0	0	0	0	0	0	0	0	0	0	0	0	0	0	0	0	0	0	0	0	0	0	0	0	0	0	0	2	0	0	0	0	0	0	0	0	0	0	0	0	0	0	0	0	0	0	0	0	0	0	0	0	0	0	0	0	0	0	0	0	0	0	0	0	0	0	0	0	0	0	0	0	0	0	0	0	0	0	0	0	0	0	0	5	0	0	0	0	0	0	0	0	0	0	0	0	0	0	0	0	0	0	5	0	0	0	0	0	0	2	7	0	2	0	0	0	0
Chromista;NA;Dinophyceae;Thoracosphaerales;Thoracosphaeraceae;Stoeckeria;Stoeckeria algicida	Dinoflagellates	0	0	0	31	0	11	0	0	0	6	0	0	0	0	5	5	0	0	0	0	0	0	0	0	0	0	0	0	620	0	0	0	0	0	0	0	0	0	0	0	0	64	0	0	2	0	0	0	704	97	0	0	0	0	57	0	0	0	0	0	0	0	0	103	3	235	0	0	5	155	0	0	0	0	10	0	0	1814	0	0	0	9	0	0	0	311	1587	276	286	2	0	0	3	0	0	0	0	0	0	0	2	0	0	0	339	27	9	0	0	0	0	2	0	52	84	0	0	0	0	0	0	0	0
Chromista;NA;Dinophyceae;Torodiniales;Torodiniaceae;Torodinium;Torodinium teredo	Dinoflagellates	0	0	0	0	0	5	0	0	0	0	0	0	0	0	2	27	0	0	0	0	0	0	0	0	0	0	0	0	0	0	0	0	0	4	0	0	0	0	0	0	0	0	0	0	6	0	0	0	0	4	0	0	0	0	0	0	0	0	0	0	0	0	0	0	0	0	0	0	0	0	0	0	0	0	0	0	0	0	5	0	0	0	3	0	0	0	0	8	0	0	0	0	0	0	0	0	0	0	0	0	21	0	12	0	0	21	6	10	4	3	2	5	7	0	0	3	2	9	2	2	2	0	0
Chromista;NA;Eustigmatophyceae	Chromists	0	0	0	0	0	0	0	0	0	0	0	0	0	0	0	0	0	0	0	0	0	0	0	0	0	0	0	0	0	0	0	0	0	0	0	0	0	0	4	0	0	0	0	0	0	0	0	0	0	0	0	0	0	0	0	0	0	0	0	0	0	0	0	0	0	0	0	0	0	0	0	0	0	0	0	0	0	0	0	0	0	0	0	0	0	0	0	0	0	0	0	0	0	0	0	0	0	0	0	0	0	0	0	0	0	0	0	0	0	0	0	0	5	0	0	0	0	0	0	0	0	0	0
Chromista;NA;Eustigmatophyceae;Eustigmatales;Loboceae;Pseudotetraedriella;Pseudotetraedriella kamillae	Brown algae	0	0	0	0	0	0	0	0	0	0	0	0	0	0	0	0	0	0	0	0	0	0	0	0	0	0	0	0	0	0	0	0	0	0	0	0	0	0	7	34	23	11	9	8	9	3	0	2	29	21	0	0	0	73	24	4	0	2	0	0	11	8	3	0	0	0	4	0	0	0	3	0	0	4	9	80	11	9	6	2	0	0	0	4	5	2	17	4	0	0	0	0	0	0	0	0	0	0	0	0	0	0	0	0	6	0	0	0	0	0	0	0	0	0	0	0	0	0	0	0	0	40	4
Chromista;NA;Eustigmatophyceae;Eustigmatales;Monodopsidaceae	Chromists	0	0	0	0	0	12	0	0	0	0	0	0	0	0	3	0	0	0	0	0	0	0	0	0	0	0	0	0	0	0	2	0	0	0	0	0	0	24	15	0	0	11	11	30	32	24	0	0	56	59	0	0	0	42	10	9	0	0	2	0	4	6	8	0	2	0	0	0	0	23	11	0	24	0	2	130	10	13	24	55	2	11	0	9	24	0	76	0	0	0	0	0	0	0	3	0	0	0	0	0	0	0	0	0	4	0	0	0	0	0	0	0	4	0	0	0	0	0	0	0	0	0	0
Chromista;NA;Eustigmatophyceae;Eustigmatales;Monodopsidaceae;Nannochloropsis	Chromists	0	0	0	0	0	0	0	0	0	0	0	0	0	0	0	0	0	0	0	0	0	0	0	0	0	0	0	0	0	0	0	0	0	0	0	0	0	0	0	0	0	0	0	0	2	0	0	0	0	0	0	0	0	0	0	0	0	0	0	0	0	0	0	0	0	0	0	0	0	0	0	0	0	0	0	3	0	0	0	3	0	0	0	0	49	2	0	0	0	0	0	0	0	0	0	0	0	0	0	0	0	0	0	0	0	0	0	2	2	2	5	3	0	0	0	0	0	0	0	0	0	0	0
Chromista;NA;NA;Telonemida;NA;Telonema;Telonema antarcticum	Cryptomonads	0	0	8	10	0	30	7	0	0	18	0	0	0	0	0	95	0	0	0	12	0	0	0	0	0	0	0	0	4	0	0	0	0	18	20	0	0	6	7	0	0	0	3	0	9	9	0	0	0	21	0	0	0	2	0	0	0	0	0	0	0	8	0	0	0	0	0	0	0	0	0	0	0	0	0	0	27	17	6	0	3	15	13	0	0	0	0	6	6	0	0	0	3	0	20	0	6	0	0	0	93	0	35	0	0	26	12	0	0	0	2	0	0	0	0	67	107	14	44	26	111	17	19
Chromista;NA;NA;Telonemida;NA;Telonema;Telonema rivulare	Cryptomonads	0	0	0	0	0	0	0	0	0	0	0	0	0	0	0	0	0	0	0	0	0	0	0	0	0	0	0	0	0	0	0	0	0	0	0	0	0	0	0	0	0	0	0	0	0	0	0	0	0	0	0	0	0	0	0	0	0	0	0	0	0	0	0	0	0	0	0	0	0	0	0	0	0	0	0	0	0	0	0	0	0	0	0	0	0	0	0	0	0	0	0	0	0	0	0	0	0	0	0	0	0	0	0	0	0	0	0	0	0	0	0	0	0	0	0	12	25	4	0	0	2	0	0
Chromista;NA;NA;Telonemida;NA;Telonema;Telonema subtile	Cryptomonads	0	0	0	0	0	0	0	0	0	0	0	0	0	0	0	0	0	0	0	0	0	0	0	0	0	0	0	0	0	0	0	0	0	0	0	0	0	0	0	0	0	0	0	0	0	0	0	0	0	6	0	0	0	0	0	0	0	0	0	0	0	0	0	0	0	0	0	0	0	0	0	0	0	0	0	0	0	0	0	0	0	0	2	0	0	0	0	0	0	0	47	0	0	0	0	0	0	0	0	0	0	0	0	0	0	0	0	0	0	0	0	0	0	0	0	5	0	0	0	0	2	0	0
Chromista;NA;Pelagophyceae;Pelagomonadales	Chromists	0	0	0	0	0	0	0	0	0	0	0	0	0	0	0	0	0	0	0	0	0	0	0	0	0	0	0	0	0	0	0	0	0	0	0	0	0	0	0	0	0	0	0	0	0	0	0	0	0	0	0	0	0	0	0	0	0	0	0	0	0	0	0	0	0	0	0	0	0	0	0	0	0	0	0	0	0	0	0	0	0	0	0	0	0	0	6	0	0	0	0	0	0	0	0	0	0	0	0	0	0	0	0	0	0	0	0	0	0	0	0	0	0	0	0	0	0	0	0	0	0	0	0
Chromista;NA;Pelagophyceae;Pelagomonadales;NA;Aureococcus;Aureococcus anophagefferens	Brown algae	0	0	0	0	0	2	0	0	0	0	0	0	0	0	0	0	0	0	0	0	0	0	0	0	0	0	0	0	0	0	0	0	0	0	0	0	0	0	0	0	0	0	0	0	0	0	0	14	0	2	0	0	0	0	0	0	0	0	0	0	0	0	0	0	0	0	0	0	0	0	0	0	0	0	0	0	0	0	0	0	0	0	0	0	0	0	15	0	0	0	0	0	0	0	0	0	0	0	0	0	0	0	0	0	0	0	0	0	0	0	0	0	0	0	0	0	0	0	0	0	0	0	0
Chromista;NA;Pelagophyceae;Pelagomonadales;NA;Chromopallida;Chromopallida australis	Brown algae	0	0	0	0	0	0	0	0	0	0	0	0	0	0	0	2	0	0	0	0	0	0	0	0	0	0	0	0	0	0	0	0	0	0	0	0	0	0	0	0	0	0	0	0	9	0	0	0	0	0	0	0	0	0	0	0	0	0	0	0	0	0	0	0	0	0	0	0	0	0	0	0	0	2	0	0	0	0	0	0	0	0	0	0	0	0	0	0	0	0	0	0	0	0	0	0	4	0	0	0	0	0	0	0	0	0	0	0	0	0	0	0	0	0	0	18	95	12	43	24	81	119	0
Chromista;NA;Phaeophyceae	Brown algae	2	0	28	67	0	32	11	5	76	0	0	3	21	29	10	0	13	3	0	4	0	0	2	5	0	0	0	0	29	0	0	6	157	269	616	0	2	14	198	2	0	3	48	119	689	215	18	47	43	63	0	0	11	0	0	15	36	3	465	39	0	0	58	21	0	0	39	9	3	3	4	0	16	25	62	0	70	27	198	2	62	28	40	9	0	35	0	171	26	0	0	0	6	3	8	0	20	0	4	0	46	10	24	0	127	27	26	4	2	5	6	10	4	3	0	25	25	19	11	9	5	28	42
Chromista;NA;Phaeophyceae;Desmarestiales;Desmarestiaceae;Desmarestia;Desmarestia dudresnayi	Brown algae	0	0	0	3	0	0	0	0	0	0	0	0	0	0	0	0	0	0	0	0	0	0	0	0	0	0	0	0	0	0	0	0	2	8	13	0	0	0	0	0	0	0	2	3	22	3	0	0	2	0	0	0	0	0	0	0	0	0	10	0	0	0	0	0	0	0	0	0	0	0	0	0	0	0	0	0	0	0	5	0	0	0	2	0	0	0	0	2	0	0	0	0	0	0	0	0	0	0	0	0	2	0	0	0	2	0	2	0	0	0	0	0	0	0	0	0	0	0	0	0	0	0	0
Chromista;NA;Phaeophyceae;Ectocarpales	Brown algae	0	0	7	2	0	5	0	0	0	0	0	10	0	0	5	2	0	0	0	0	0	0	0	0	0	0	0	0	10	0	0	5	0	13	145	0	0	0	19	0	0	0	2	14	54	6	0	0	0	0	0	0	0	0	0	0	2	0	150	0	0	0	16	0	2	0	5	0	0	0	0	0	0	0	0	0	0	35	7	0	10	41	17	0	0	11	0	89	2	0	0	0	0	0	3	0	3	0	0	0	4	0	0	0	50	12	7	0	0	0	0	0	0	0	0	4	2	0	0	2	8	3	6
Chromista;NA;Phaeophyceae;Ectocarpales;Chordariaceae;Cladochroa;Cladochroa chnoosporiformis	Brown algae	0	0	5	2	0	2	4	2	0	0	0	0	0	0	2	0	0	0	0	2	0	0	0	0	0	0	0	0	0	0	0	0	0	0	28	0	0	0	9	0	0	0	0	8	38	0	0	11	0	8	0	0	7	0	0	7	0	0	0	10	0	0	0	0	0	0	0	0	0	0	0	0	0	0	0	0	0	0	30	0	0	7	7	0	0	42	0	0	0	0	0	0	0	0	6	0	4	0	0	0	0	0	0	0	0	5	0	0	0	0	0	0	0	0	0	2	0	7	3	7	7	0	0
Chromista;NA;Phaeophyceae;Ectocarpales;Chordariaceae;Halothrix;Halothrix ambigua	Brown algae	0	0	0	0	0	0	0	0	0	0	0	0	0	0	0	0	0	0	0	0	0	0	0	0	0	0	0	0	0	0	0	0	0	0	4	0	0	0	0	0	0	0	0	3	0	0	0	0	0	0	0	0	0	0	0	0	0	0	4	0	0	0	0	0	0	0	0	0	0	0	0	0	0	0	0	0	0	0	0	0	0	0	0	0	0	0	0	2	0	0	0	0	0	0	0	0	0	0	0	0	0	0	0	0	0	2	0	0	3	0	0	0	0	0	0	0	0	0	0	0	0	0	0
Chromista;NA;Phaeophyceae;Ectocarpales;Chordariaceae;Laminariocolax;Laminariocolax sp.	Brown algae	0	0	0	0	0	3	2	0	0	0	0	0	0	0	0	0	0	0	0	0	0	0	0	0	0	0	0	0	0	0	0	0	0	0	8	0	0	0	17	0	0	0	0	0	22	0	0	0	0	4	0	0	0	0	0	8	0	0	7	0	0	0	0	0	0	0	7	0	0	0	0	0	0	0	0	0	0	0	0	0	0	4	0	0	0	0	0	6	0	0	0	0	0	0	0	0	0	0	0	0	0	0	0	0	0	0	3	0	0	0	0	0	0	0	0	0	0	0	0	2	0	0	0
Chromista;NA;Phaeophyceae;Ectocarpales;Ectocarpaceae	Brown algae	0	0	20	4	0	11	0	0	6	0	0	0	0	0	8	3	0	0	0	0	0	0	0	0	0	0	0	0	0	0	0	0	0	0	10	0	0	0	0	0	0	0	0	0	14	0	0	0	0	5	0	0	0	0	0	2	0	0	0	0	0	0	34	0	0	0	3	0	0	0	0	0	0	0	0	0	12	33	0	0	5	32	13	0	0	0	0	0	0	0	0	0	0	0	0	0	2	0	0	0	0	0	0	0	0	6	12	0	0	0	0	0	0	0	0	0	0	0	0	0	4	3	0
Chromista;NA;Phaeophyceae;Ectocarpales;Scytosiphonaceae;Scytosiphon;Scytosiphon lomentaria	Beanweed	0	0	0	0	0	6	0	0	0	0	0	0	0	0	0	0	0	0	0	0	0	0	0	0	0	0	0	0	0	0	0	0	0	0	0	0	0	0	0	0	0	0	0	0	0	0	0	0	0	0	0	0	0	0	0	0	0	0	21	0	0	0	0	0	0	0	0	0	0	0	0	0	0	0	0	0	0	0	6	0	0	0	0	0	0	0	0	0	0	0	0	0	0	0	0	0	0	0	0	0	0	0	0	0	0	0	0	0	0	0	0	0	0	0	0	22	0	0	0	0	0	0	2
Chromista;NA;Phaeophyceae;Fucales;Fucaceae;Fucus;Fucus gardneri	Fucoids	0	0	0	0	0	0	0	0	0	0	0	0	0	0	0	0	0	0	0	0	0	0	0	0	0	0	0	0	0	0	0	0	0	0	0	0	0	0	0	0	0	0	0	0	0	0	0	0	0	0	0	0	0	0	0	0	0	0	0	0	0	0	0	0	0	0	0	0	0	0	0	0	0	0	0	0	0	0	0	0	0	0	0	0	0	0	0	0	0	0	0	0	0	0	0	0	0	0	0	0	0	0	0	0	0	0	0	0	3	0	0	5	5	0	0	3	0	5	0	0	4	0	0
Chromista;NA;Phaeophyceae;Fucales;Sargassaceae	Brown algae	0	0	0	0	0	0	0	0	0	0	0	0	0	0	0	0	0	0	0	0	0	0	0	0	0	0	0	0	0	0	0	0	0	0	0	0	0	0	0	0	0	0	0	0	0	0	0	0	0	0	0	0	0	0	0	0	0	0	0	0	0	0	0	0	0	0	0	0	0	0	0	0	0	0	0	0	0	0	0	0	0	0	0	0	0	0	0	0	0	0	0	0	0	0	0	0	0	0	0	0	0	0	0	0	0	0	0	12	12	10	7	2	3	0	0	2	2	9	21	26	6	0	0
Chromista;NA;Phaeophyceae;Laminariales	Brown algae	0	0	134	181	0	589	65	11	34	21	0	6	3	35	219	37	13	0	0	28	0	0	0	9	0	0	0	0	14	0	5	24	63	245	485	0	0	3	377	0	0	22	52	331	1320	269	3	22	2	150	0	0	174	0	0	17	35	0	503	32	0	0	74	22	67	0	138	27	27	0	0	0	0	13	56	0	82	218	529	53	92	66	311	0	0	48	0	395	38	0	4	4	16	0	80	0	45	0	2	0	47	2	23	0	75	180	177	30	5	21	17	14	11	15	0	116	84	36	25	22	6	95	12
Chromista;NA;Phaeophyceae;Laminariales;Laminariaceae;Hedophyllum;Hedophyllum nigripes	Brown algae	0	0	0	0	0	0	0	0	0	0	0	0	0	0	0	0	0	0	0	0	0	0	0	0	0	0	0	0	0	0	0	0	0	2	0	0	0	0	0	0	0	0	0	0	0	0	0	0	0	0	0	0	0	0	0	0	0	0	0	2	0	0	0	0	0	0	0	0	0	0	0	0	0	0	0	0	0	0	0	0	0	0	0	0	0	0	0	0	0	0	0	0	0	0	0	0	0	0	0	0	0	0	0	0	0	0	2	0	0	0	0	0	0	0	0	0	0	0	0	0	0	0	0
Chromista;NA;Phaeophyceae;Laminariales;Lessoniaceae;Ecklonia	Brown algae	0	0	0	0	0	0	0	0	0	0	0	0	0	0	0	0	0	0	0	0	0	0	0	0	0	0	0	0	0	0	0	0	0	0	0	0	0	0	0	0	0	0	0	0	4	0	0	0	0	0	0	0	0	0	0	0	0	0	0	0	0	0	0	0	0	0	0	0	0	0	0	0	0	0	0	0	0	0	0	0	0	0	0	0	0	0	0	2	0	0	0	0	0	0	0	0	0	0	0	0	0	0	0	0	0	0	0	0	0	0	0	0	0	0	0	0	0	0	0	0	0	0	0
Chromista;NA;Polycystinea	Chromists	0	0	0	2	0	6	0	0	0	0	0	0	0	0	0	0	0	0	0	0	0	0	0	0	0	0	0	0	0	0	0	0	0	0	0	0	0	0	0	0	0	0	0	0	11	8	0	8	0	3	0	0	0	0	0	2	0	0	5	0	0	0	0	0	0	0	7	0	0	0	0	0	0	0	0	0	0	0	7	0	2	0	3	0	0	0	0	0	0	0	0	0	0	0	0	0	0	0	0	0	4	0	0	0	0	0	2	3	0	0	0	0	0	0	0	10	2	0	2	0	0	0	0
Chromista;NA;Polycystinea;Nassellaria;Plagiacanthidae;Lithomelissa;Lithomelissa setosa	Chromists	0	0	0	17	0	36	0	0	0	0	0	0	8	0	9	8	0	0	0	0	0	0	0	0	0	0	0	0	0	0	0	0	38	0	100	0	0	0	3	0	0	0	0	0	35	25	0	12	0	2	0	0	61	0	0	14	0	0	0	0	10	0	0	0	0	0	2	80	0	0	0	0	8	5	134	0	0	2	34	0	29	13	8	0	0	0	8	41	11	0	0	0	0	0	0	0	0	0	0	0	14	0	5	0	12	0	4	0	0	0	0	0	0	0	0	10	6	0	5	9	7	0	0
Chromista;NA;Raphidophyceae;Chattonellales;Chattonellaceae;Heterosigma;Heterosigma akashiwo	Brown algae	0	0	0	9	0	33	81	139	0	0	0	0	0	0	8	26	4	0	0	292	0	0	0	0	0	0	0	0	14	0	2	0	0	48	9	0	26	372	104	0	0	7	45	41	232	42	2	0	28	137	0	2	40	127	0	60	2	12	31	6	27	48	71	4	48	13	56	0	3	19	0	0	11	0	0	2	0	0	17	0	0	0	45	0	0	7	19	97	12	0	0	0	161	0	122	0	71	0	0	0	51	0	16	0	0	42	35	57	18	39	64	11	69	3	0	1144	443	805	61	68	56	0	0
Chromista;NA;Synurophyceae;Synurales;Mallomonadaceae;Mallomonas;Mallomonas asmundae	Synurids	0	0	0	0	0	0	0	0	0	0	0	0	0	0	0	0	0	0	0	0	0	0	0	0	0	0	0	0	0	0	0	0	0	0	0	0	0	0	0	0	0	0	0	0	0	0	0	0	0	0	0	0	0	0	0	0	0	0	0	0	0	0	0	0	0	0	0	0	0	0	0	0	0	0	0	0	0	0	0	8	0	0	0	0	0	0	0	0	0	0	0	0	0	0	0	0	0	0	0	0	0	0	0	0	0	0	0	0	0	0	0	0	0	0	0	0	0	0	0	0	0	0	0
Chromista;NA;Synurophyceae;Synurales;Mallomonadaceae;Mallomonas;Mallomonas sp.	Synurids	0	0	0	0	0	0	0	0	0	0	0	0	0	0	0	0	0	0	0	0	0	0	0	0	0	0	0	0	0	0	0	0	0	0	0	0	0	0	0	0	0	0	0	0	0	0	0	0	0	0	0	0	0	0	0	0	0	0	0	0	0	0	0	0	0	0	0	0	0	0	0	0	0	0	0	0	0	0	0	6	0	0	0	0	0	0	0	0	0	0	0	0	0	0	0	0	0	0	0	0	0	0	0	0	0	0	0	0	0	0	0	0	0	0	0	0	0	0	0	0	0	0	0
Chromista;NA;Synurophyceae;Synurales;Mallomonadaceae;Mallomonas;Mallomonas tonsurata	Synurids	0	0	0	0	0	0	0	0	0	0	0	0	0	0	0	0	0	0	0	0	0	0	4	0	0	0	0	0	0	0	0	0	0	0	0	0	0	0	0	0	0	0	0	0	0	0	0	0	0	0	0	0	0	0	0	0	0	0	0	0	0	0	0	0	0	0	0	0	0	0	0	0	0	0	12	0	0	0	0	0	0	0	0	0	0	0	0	0	0	0	0	0	0	0	0	0	0	0	0	0	0	0	0	0	0	0	0	0	0	0	0	0	0	0	0	0	0	0	0	0	0	0	0
Chromista;NA;Xanthophyceae;Mischococcales	Yellow-green Algae	0	0	0	0	0	0	0	0	0	0	0	0	0	0	0	0	0	0	0	0	0	0	0	0	0	0	0	0	0	0	0	0	0	0	0	0	0	0	0	0	0	0	0	0	0	0	0	0	0	0	0	0	19	0	0	0	0	0	0	0	0	0	0	0	0	0	0	0	0	0	0	0	0	0	0	0	0	0	0	0	0	0	0	0	0	0	0	0	0	0	0	0	0	0	0	0	0	0	0	0	0	0	0	0	0	0	0	0	0	0	0	0	0	0	0	0	0	0	0	0	0	0	0
Chromista;NA;Xanthophyceae;Mischococcales;Botrydiopsidaceae;Botrydiopsis;Botrydiopsis intercedens	Yellow-green Algae	0	0	0	0	0	0	0	0	0	0	0	0	0	0	0	0	0	0	0	0	0	0	0	0	0	0	0	0	0	0	0	0	0	0	0	0	0	60	0	0	0	0	0	0	0	0	0	0	0	0	0	0	0	0	0	0	0	0	0	0	0	0	0	0	0	0	0	0	0	0	0	0	0	0	0	0	0	0	0	0	0	0	0	0	0	0	0	0	0	0	0	0	0	0	0	0	0	0	0	0	0	0	0	0	0	0	0	0	0	0	0	0	0	0	0	0	0	0	0	0	0	0	0
Chromista;NA;Xanthophyceae;Mischococcales;Botryochloridaceae;Chlorellidium;Chlorellidium tetrabotrys	Yellow-green Algae	0	0	0	0	0	0	0	0	0	0	0	0	0	0	0	0	0	0	0	0	0	0	0	0	0	0	0	0	0	0	0	0	0	0	0	0	0	0	0	0	0	0	0	0	0	0	0	0	8	0	0	0	108	0	0	0	0	0	0	0	0	0	0	0	0	0	0	0	0	0	0	0	0	0	0	0	0	0	0	0	0	0	0	0	0	0	0	0	0	0	0	0	0	0	0	0	0	0	0	0	0	0	0	0	0	0	0	0	0	0	0	0	0	0	0	0	0	0	0	0	0	0	0
Chromista;NA;Xanthophyceae;Tribonematales;Heteropediaceae;Heterococcus;Heterococcus caespitosus	Yellow-green Algae	0	0	0	0	0	0	0	0	0	0	0	0	0	0	0	0	0	0	0	0	0	0	0	0	0	0	0	0	0	0	0	0	0	0	0	0	0	0	0	0	0	0	0	0	0	0	0	0	0	0	0	0	66	0	0	0	0	0	0	0	0	0	0	0	0	0	0	0	0	0	0	0	0	0	0	0	0	0	0	0	0	0	0	0	0	0	0	0	0	0	0	0	0	0	0	0	0	0	0	0	0	0	0	0	0	0	0	0	0	0	0	0	0	0	0	0	0	0	0	0	0	0	0
Chromista;Oomycota	Water molds	0	0	3	3	2	8	0	3	0	0	0	7	3	6	3	0	0	0	0	0	0	0	0	7	0	0	0	2	0	0	0	0	0	4	0	56	0	6	51	0	12	6	0	2	24	21	3	82	27	4	0	0	7	17	0	0	2	0	0	0	0	4	0	0	3	14	0	0	0	0	0	0	0	11	7	1159	0	0	63	49	80	49	25	8	0	119	47	631	69	26	0	0	2	0	0	0	0	3	0	0	0	0	0	2	60	6	3	28	25	36	15	34	20	5	0	19	12	9	7	6	3	3	6
Chromista;Oomycota;NA;Lagenidiales;Haliphthoraceae;Haliphthoros	Water molds	0	0	0	0	0	0	0	0	0	0	0	0	0	0	0	0	0	0	0	0	0	0	0	0	0	0	0	0	0	0	0	0	0	0	0	0	0	0	0	0	0	0	0	0	0	0	0	0	0	0	0	0	0	2	0	0	0	0	0	0	0	0	0	0	0	0	0	0	0	0	0	0	0	0	0	0	0	0	0	0	0	0	0	0	0	0	0	0	0	0	0	0	0	0	0	0	0	0	0	0	0	0	0	0	0	0	0	3	13	5	5	0	0	0	0	0	0	0	0	0	0	0	0
Chromista;Oomycota;NA;Peronosporales;Peronosporaceae;Protobremia;Protobremia sphaerosperma	Downy Mildew	0	0	0	0	0	0	0	0	0	0	2	0	0	0	0	0	0	0	0	0	0	0	0	0	0	0	0	0	0	0	0	0	0	0	0	0	0	0	0	0	0	0	0	0	0	0	0	0	0	0	0	0	10	0	34	0	0	0	0	0	0	0	0	0	0	0	0	0	0	0	0	0	0	0	0	0	0	0	0	0	0	0	0	0	0	0	0	0	0	0	0	3	0	0	0	0	0	0	0	0	0	0	0	0	0	0	0	0	0	0	0	0	0	0	0	0	0	0	0	0	0	0	0
Chromista;Oomycota;NA;Pythiales;Pythiaceae	Water molds	0	0	0	0	0	0	0	0	0	0	0	0	0	0	0	0	0	0	0	0	0	0	0	0	0	0	0	0	0	0	0	0	0	0	0	0	0	0	0	0	0	0	0	0	0	0	0	0	4	0	0	0	0	0	0	0	0	0	0	0	0	0	0	0	0	0	0	0	0	0	3	0	0	0	0	212	0	0	0	0	2	0	0	0	0	0	0	0	0	0	0	0	0	0	0	0	0	0	0	0	0	0	0	0	0	0	0	0	0	0	0	0	0	0	0	0	0	0	0	0	0	0	2
Chromista;Oomycota;NA;Pythiales;Pythiaceae;Pythium;Pythium terrestris	Water molds	0	0	0	2	0	2	0	0	0	0	0	0	0	0	0	0	0	0	0	0	0	0	0	0	0	0	0	0	0	0	0	0	0	0	0	0	0	0	0	0	0	0	0	0	0	0	0	0	0	0	0	0	0	0	0	0	0	0	0	0	0	0	0	0	0	0	0	0	0	0	0	0	0	4	0	0	0	0	2	0	7	5	0	0	0	23	4	67	8	0	0	0	0	0	0	0	0	0	0	0	0	0	0	0	9	0	0	0	0	0	0	0	0	0	0	2	0	0	0	0	0	0	0
Chromista;Oomycota;NA;Saprolegniales;Saprolegniaceae;Pythiopsis;Pythiopsis cymosa	Water molds	0	0	0	2	0	4	0	0	0	0	0	0	0	0	0	0	0	0	0	0	0	0	0	0	0	0	0	0	0	0	0	0	0	0	0	0	0	0	0	0	0	0	0	0	0	0	0	0	0	0	0	0	0	0	0	0	0	0	0	0	0	0	0	0	0	0	0	0	0	0	0	0	0	0	0	0	0	0	0	0	0	0	2	0	0	0	0	0	0	0	0	0	0	0	0	0	0	0	0	0	0	0	0	0	0	3	0	0	0	0	0	0	0	0	0	0	0	0	0	0	0	0	0
Chromista;Perkinsozoa;NA;Perkinsida;Perkinsidae;Parvilucifera;Parvilucifera infectans	Chromists	0	0	0	0	0	0	0	0	0	0	0	0	0	0	0	0	0	0	0	0	0	0	0	0	0	0	0	0	0	0	0	0	0	0	0	0	0	0	0	0	0	0	0	0	0	0	2	0	0	0	0	0	0	0	0	0	0	0	0	0	0	0	0	0	0	22	0	0	2	7	0	0	0	0	0	0	0	0	0	0	0	0	0	0	0	0	0	0	0	0	0	0	0	0	0	0	0	0	0	0	0	0	0	0	0	0	0	0	0	0	0	0	0	0	0	0	0	0	0	0	0	0	0
Chromista;Perkinsozoa;NA;Perkinsida;Perkinsidae;Parvilucifera;Parvilucifera rostrata	Chromists	0	0	0	0	0	0	0	0	0	0	0	0	0	0	0	0	0	0	0	0	0	0	0	0	0	0	0	0	0	0	2	0	0	2	0	0	0	0	0	0	0	0	0	0	0	0	0	0	3	0	0	0	0	2	0	0	0	0	0	0	0	0	0	0	0	0	0	0	0	0	0	0	0	0	0	0	0	0	0	0	0	0	0	0	0	0	2	0	0	0	0	0	0	0	0	0	0	0	0	0	0	0	0	0	0	0	0	0	2	2	0	0	2	0	0	0	0	0	0	0	0	0	0
Chromista;Picozoa;Picomonadea;Picomonadida;Picomonadidae;Picomonas;Picomonas judraskeda	Chromists	0	0	54	6	0	27	3	2	10	0	0	0	0	4	0	62	7	3	0	6	0	0	2	2	0	0	0	0	0	0	2	34	0	89	184	18	25	65	74	0	0	0	27	26	81	84	6	48	11	106	0	0	56	2	0	17	0	4	16	11	31	48	16	0	6	0	53	0	12	6	0	0	88	32	31	0	35	81	88	76	22	59	2	58	48	12	126	96	69	0	0	0	3	0	2	0	68	0	3	0	75	0	36	0	80	8	4	0	0	0	0	0	5	2	0	117	110	35	23	17	21	59	29
Eukaryota	""	5873	5719	16099	6820	6151	8678	21247	13366	13066	11801	3745	8048	7693	6737	8011	10921	7063	3931	3038	13305	2277	1271	2501	3257	1931	7029	5814	3540	4755	7932	5655	16043	27985	24000	32266	12196	16367	12869	25266	7831	14981	9591	4912	24260	21680	29236	2073	7527	26904	16437	63	525	25149	29816	20730	21064	5146	5805	37750	5651	13277	16592	17384	8682	9639	19926	20513	5900	67287	7820	6571	13485	18464	11035	26396	13288	23391	28796	22157	29560	10667	14114	11424	8741	23466	9081	25055	50027	16683	20968	3541	1838	8097	820	25802	1110	11425	7180	3265	343	13473	4418	4874	4135	9489	8185	5506	1898	2436	2789	2704	3342	3894	8819	2621	19663	15378	16352	11467	8920	16799	14584	20819
Fungi;Ascomycota;Arthoniomycetes	Asco's	0	0	0	0	0	0	0	0	0	0	0	15	0	0	0	0	0	0	0	0	0	0	0	0	0	0	0	0	0	0	0	0	0	0	0	0	0	0	0	0	0	0	0	0	0	0	0	0	0	0	0	0	0	0	0	0	0	0	0	0	0	0	0	0	0	0	0	0	0	0	0	0	0	0	0	0	0	0	0	0	0	0	0	0	0	0	0	0	0	0	13	0	0	0	0	0	0	0	0	0	0	0	0	0	0	0	0	0	0	0	0	0	0	0	0	0	0	0	0	0	0	0	0
Fungi;Ascomycota;Dothideomycetes;Dothideales;Dothideaceae;Dothidea;Dothidea sp. RWT7	Asco's	0	0	0	0	0	0	0	0	0	0	0	0	0	0	0	0	0	0	0	0	0	0	0	0	0	0	0	0	0	0	0	0	0	0	0	0	0	0	0	0	0	0	0	0	0	0	0	0	0	0	0	0	0	0	0	0	0	0	0	0	0	0	0	0	0	9	0	0	0	0	0	0	0	0	0	0	0	0	0	0	0	0	0	0	0	0	0	14	0	0	0	0	0	0	0	0	0	0	0	0	0	0	0	0	0	0	0	0	0	0	0	0	0	0	0	0	0	0	0	0	28	0	0
Fungi;Ascomycota;Dothideomycetes;Hysteriales;Hysteriaceae;Hysterographium;Hysterographium pulchrum	Asco's	0	0	0	0	0	0	0	0	0	0	0	0	0	0	0	0	0	0	0	0	0	0	0	0	0	0	0	0	2	0	0	0	2	0	5	0	0	0	2	0	0	0	2	0	0	2	0	2	3	0	0	0	0	0	0	0	0	0	0	0	0	0	0	0	0	0	0	0	0	0	0	0	3	0	0	0	3	0	2	0	0	0	0	0	0	0	0	2	0	0	0	0	0	0	0	0	0	0	0	0	0	0	0	0	0	0	0	0	0	0	0	0	2	0	0	0	0	0	0	0	0	0	0
Fungi;Ascomycota;Dothideomycetes;Pleosporales;Didymellaceae;Didymella;Didymella aeria	Asco's	0	0	0	0	0	0	0	0	0	0	0	0	6	0	0	0	0	0	0	0	0	0	0	0	0	0	0	0	0	0	0	0	0	0	0	0	0	0	0	0	0	0	0	0	0	0	0	3	0	0	0	0	0	0	0	0	0	0	0	0	0	0	0	0	0	0	0	0	0	0	0	0	0	0	0	0	0	0	0	0	0	0	0	0	0	0	0	0	0	0	0	0	0	0	0	0	0	0	0	0	0	0	0	0	0	0	0	0	0	0	0	0	0	0	0	0	0	0	0	0	0	0	0
Fungi;Ascomycota;Dothideomycetes;Pleosporales;Didymellaceae;Neoascochyta	Asco's	0	0	0	0	0	0	0	0	0	0	0	0	0	0	0	0	0	0	0	0	0	0	0	0	0	0	0	0	0	0	0	0	0	0	0	0	0	0	242	0	0	0	0	0	0	0	0	0	0	0	0	0	0	0	0	0	0	0	0	0	0	0	0	0	0	0	0	0	0	0	0	0	0	0	0	0	0	0	0	0	0	0	0	0	0	0	0	0	0	0	0	0	0	0	0	0	0	0	0	0	0	0	0	0	0	0	0	0	0	0	0	0	0	0	0	0	0	0	0	0	0	0	0
Fungi;Ascomycota;Dothideomycetes;Pleosporales;Phaeosphaeriaceae	Asco's	0	0	0	0	0	0	0	0	0	0	0	0	0	0	0	0	0	0	0	0	0	0	0	0	0	0	0	14	0	0	0	0	0	0	0	0	0	0	0	0	0	0	0	0	0	0	0	0	0	0	0	0	0	0	0	0	0	0	0	0	0	0	0	0	0	0	0	0	0	0	0	0	0	0	0	0	0	0	0	0	0	0	0	0	0	0	0	0	0	0	0	0	0	0	0	0	0	0	0	0	0	0	0	0	0	0	0	0	0	0	0	0	2	0	0	0	0	0	0	0	0	0	0
Fungi;Ascomycota;Dothideomycetes;Pleosporales;Pleosporaceae;Pyrenophora	Asco's	0	0	0	0	0	0	0	0	0	0	0	0	0	0	0	0	0	0	0	0	0	0	0	0	0	0	0	0	0	0	0	0	0	0	0	0	0	0	0	0	0	0	0	0	0	0	0	0	0	0	0	0	0	0	0	0	0	0	0	0	0	0	0	0	0	0	0	0	0	0	0	0	0	0	0	0	0	0	0	0	0	0	0	0	0	0	0	55	0	0	0	0	0	0	0	0	0	0	0	0	0	0	0	0	0	0	0	0	0	0	0	0	0	0	0	0	0	0	0	0	0	0	0
Fungi;Ascomycota;Dothideomycetes;Tubeufiales;NA;NA;Tubeufiales sp.	Asco's	0	0	0	0	0	0	0	0	0	0	0	0	0	0	0	0	0	0	0	0	0	0	0	0	0	0	0	0	0	0	0	0	0	0	0	0	0	0	0	0	0	0	0	0	0	0	0	11	0	0	0	0	0	0	0	0	0	0	0	0	0	0	0	0	0	0	0	0	0	0	0	0	0	0	0	0	0	0	0	0	0	0	0	0	0	0	0	0	0	0	0	0	0	0	0	0	0	285	0	0	0	0	0	0	0	0	0	0	0	0	0	0	0	0	0	0	0	0	0	0	0	0	0
Fungi;Ascomycota;Dothideomycetes;Venturiales;Sympoventuriaceae	Asco's	0	0	0	0	0	0	0	0	0	0	0	0	0	0	0	0	0	0	0	0	0	0	0	0	0	0	0	0	0	0	0	0	0	0	0	0	0	0	0	0	0	0	0	0	0	0	0	0	0	0	0	0	0	0	0	0	0	0	0	0	0	0	0	0	0	0	0	0	0	0	0	0	0	0	0	0	0	0	0	0	0	0	0	0	0	0	0	0	0	0	0	0	0	0	0	0	0	0	3	0	0	2	0	0	0	0	0	0	0	0	0	0	0	0	0	0	0	0	0	0	0	0	0
Fungi;Ascomycota;Dothideomycetes;Venturiales;Venturiaceae;Tyrannosorus;Tyrannosorus pinicola	Asco's	0	0	0	0	0	0	0	0	0	0	0	0	0	30	0	0	0	0	0	0	0	0	0	0	0	0	0	0	0	0	0	0	0	0	0	0	0	0	0	0	0	0	0	0	0	0	0	0	0	0	0	0	0	0	0	0	0	0	0	0	0	0	0	0	0	0	0	0	0	0	0	0	0	0	0	0	0	0	0	0	0	0	0	0	0	0	0	0	0	0	0	0	0	0	0	0	0	0	0	0	0	0	0	0	0	0	0	0	0	0	0	0	0	0	0	0	0	0	0	0	0	0	0
Fungi;Ascomycota;Eurotiomycetes;Chaetothyriales;Trichomeriaceae;Bacillicladium;Bacillicladium lobatum	Asco's	0	0	0	0	0	0	0	0	0	0	0	0	0	0	0	0	0	0	0	0	0	0	0	0	0	0	0	0	0	0	0	0	0	0	0	0	0	0	0	0	0	0	0	0	0	0	0	0	0	0	0	0	0	0	0	0	0	0	0	0	0	0	0	0	0	0	0	0	0	0	0	0	0	0	0	0	0	8	0	0	0	0	0	0	0	0	0	0	0	0	0	0	0	0	0	0	0	0	0	0	0	0	0	0	0	0	0	0	0	0	0	0	0	0	0	0	0	0	0	0	0	0	0
Fungi;Ascomycota;Eurotiomycetes;Eurotiales;Aspergillaceae;Penicillium	Blue Mould Rot	0	0	2	0	0	2	2	0	5	0	0	6	0	2	0	0	0	0	2	0	0	0	0	0	0	2	15	0	0	0	0	0	75	2	12	0	0	5	0	0	0	0	5	0	0	6	2	31	19	11	0	0	40	4	0	31	0	0	12	4	0	0	3	6	19	0	0	7	0	4	0	9946	0	12	0	0	9	25	3	0	7	12	0	0	0	3	0	0	8	0	0	3	0	0	0	0	20	35	0	0	0	0	0	0	0	0	0	2	0	0	0	0	0	6	0	0	3	0	0	0	0	0	0
Fungi;Ascomycota;Eurotiomycetes;Eurotiales;Aspergillaceae;Penicillium;Penicillium sp.	Asco's	0	0	0	0	0	0	0	0	2	2	0	8	0	14	0	0	0	0	0	0	0	0	0	0	0	2	16	0	0	0	0	0	0	0	0	0	0	0	0	0	0	0	3	0	0	3	0	4	5	5	0	0	0	0	0	5	0	0	0	0	0	0	0	0	0	0	0	15	2	5	0	0	0	0	0	0	6	4	0	0	0	0	0	0	0	0	0	0	0	0	0	0	0	0	0	0	0	0	0	0	0	3	0	0	0	0	0	0	0	0	0	0	0	0	0	0	0	0	0	0	0	0	0
Fungi;Ascomycota;Eurotiomycetes;Verrucariales;Verrucariaceae;Verrucaria;Verrucaria devensis	Wart Lichens	0	0	0	0	0	0	0	0	0	0	0	0	0	0	0	0	0	0	0	0	0	0	0	0	0	0	0	0	0	0	0	0	0	0	0	0	0	0	0	0	0	0	0	0	0	0	0	0	0	0	0	0	0	0	0	0	0	0	0	2	0	0	0	0	0	0	0	0	0	0	0	0	2	0	0	0	0	0	0	0	0	0	0	0	0	0	0	0	0	0	0	0	0	0	0	0	0	0	0	0	0	0	0	0	0	0	0	0	0	0	0	0	0	0	0	2	0	0	0	0	0	0	0
Fungi;Ascomycota;Eurotiomycetes;Verrucariales;Verrucariaceae;Verrucaria;Verrucaria tectorum	Wart Lichens	0	0	0	0	0	0	0	0	0	0	0	0	0	0	0	0	0	0	0	0	0	0	0	0	0	0	0	0	0	0	0	0	0	0	0	0	0	0	0	0	0	0	0	0	0	0	0	0	0	0	0	0	3	0	0	0	0	0	0	0	0	0	0	0	0	0	0	0	0	0	0	0	0	0	0	0	0	0	0	0	0	0	0	0	0	0	0	0	0	0	0	0	0	0	0	0	0	0	0	0	0	0	0	0	0	0	0	0	0	0	0	0	0	0	0	0	0	0	0	0	0	0	0
Fungi;Ascomycota;Laboulbeniomycetes;Pyxidiophorales;Pyxidiophoraceae;Pyxidiophora;Pyxidiophora nyctalidis	Asco's	0	0	0	0	0	0	0	0	0	0	0	0	0	0	0	0	0	0	0	0	0	0	0	0	0	0	0	0	0	0	0	0	0	0	0	0	0	0	0	0	0	0	0	0	0	0	0	0	0	0	0	0	0	0	0	0	0	0	0	0	0	0	0	0	0	0	0	0	0	0	0	0	0	0	0	0	7	0	0	0	0	0	0	0	0	0	0	0	0	0	0	0	0	0	0	0	0	0	0	0	0	0	0	0	0	0	0	0	0	0	0	0	0	0	0	0	0	0	0	0	0	0	0
Fungi;Ascomycota;Lecanoromycetes;Pertusariales;Ochrolechiaceae;Ochrolechia;Ochrolechia parella	Crab's Eye Lichen	0	0	0	0	0	0	0	0	0	0	0	0	0	0	0	0	0	0	0	0	0	0	0	0	0	0	0	0	0	6	0	0	0	0	0	0	0	0	0	0	0	0	0	0	0	0	0	0	0	0	0	0	0	0	0	0	0	0	0	0	0	0	0	0	0	0	0	0	0	0	0	0	0	0	0	0	0	0	0	0	0	0	0	0	0	0	0	0	0	0	0	0	0	0	0	0	0	0	0	0	0	0	0	0	0	0	0	0	0	0	0	0	0	0	0	0	0	0	0	0	0	0	0
Fungi;Ascomycota;Leotiomycetes;Erysiphales;Erysiphaceae;Erysiphe;Erysiphe betae	Asco's	0	0	0	0	0	0	0	0	0	0	0	0	0	0	0	0	0	0	0	0	0	0	0	0	0	0	0	0	0	0	0	0	0	0	0	34	0	0	0	0	0	0	0	0	0	0	0	0	0	0	0	0	0	0	0	0	0	0	0	0	0	0	0	0	0	0	0	0	0	0	0	0	0	0	0	0	0	0	0	0	0	0	0	0	0	0	0	0	0	0	0	0	0	0	0	0	0	0	0	0	0	0	0	0	0	0	0	0	0	0	0	0	0	0	0	0	0	0	0	0	0	0	0
Fungi;Ascomycota;Leotiomycetes;Helotiales;Discinellaceae;Articulospora;Articulospora proliferata	Asco's	0	0	0	0	0	0	0	0	0	0	0	0	0	0	0	0	0	0	0	2	0	0	0	0	0	0	0	0	0	0	0	0	0	0	0	0	0	0	0	0	0	0	0	0	0	0	0	0	0	0	0	0	0	0	0	0	0	0	0	0	0	0	0	0	0	0	0	0	0	0	0	0	0	0	0	0	0	0	0	0	0	0	0	0	0	0	0	0	0	0	0	0	2	0	0	0	0	0	0	0	0	0	0	0	0	0	0	0	0	0	0	0	0	0	0	0	0	0	0	0	0	0	0
Fungi;Ascomycota;Leotiomycetes;Helotiales;NA;Crocicreas;Crocicreas sp. QY-2018a	Asco's	0	0	0	0	0	0	0	0	0	0	0	0	0	0	0	0	0	0	0	0	0	0	0	0	0	0	0	0	0	0	0	0	0	0	0	0	0	0	0	0	0	31	0	0	0	0	0	0	0	0	0	0	0	0	0	0	0	0	0	0	0	0	0	0	0	0	0	0	0	0	0	0	0	0	0	0	0	0	0	0	0	0	0	0	0	0	0	0	0	0	0	0	2	0	0	0	0	0	0	0	0	0	0	0	0	0	0	0	0	0	0	0	0	0	0	0	0	0	0	0	0	0	0
Fungi;Ascomycota;Leotiomycetes;Helotiales;NA;Mastigosporium;Mastigosporium album	Asco's	0	0	0	8	0	16	0	0	0	0	0	0	0	0	24	9	0	0	0	0	0	0	0	0	0	0	0	0	0	0	0	0	0	0	0	0	0	0	3	0	0	0	0	0	9	0	0	0	0	0	0	0	0	0	0	0	0	0	0	0	0	0	0	0	0	0	0	0	0	0	0	0	0	0	0	0	0	0	0	0	0	0	0	0	0	0	0	0	0	0	0	0	0	0	4	0	0	0	0	0	5	0	0	0	0	0	0	0	0	3	0	2	2	0	0	5	0	3	2	4	0	0	0
Fungi;Ascomycota;Leotiomycetes;Helotiales;NA;NA;Helotiales sp.	Asco's	0	0	0	0	0	0	0	0	0	0	0	0	0	0	0	0	0	0	0	0	0	0	0	0	0	0	0	0	0	0	0	0	0	0	0	0	0	0	0	0	0	0	0	0	0	0	0	0	0	0	0	0	0	0	0	0	0	0	0	0	0	0	0	0	0	0	0	0	0	0	0	0	0	0	0	0	0	0	0	0	0	0	0	0	0	0	0	0	0	0	0	0	0	0	0	0	0	3	0	0	0	0	0	0	0	0	0	0	0	0	0	0	0	0	0	0	0	0	0	0	0	0	0
Fungi;Ascomycota;Leotiomycetes;Helotiales;Rutstroemiaceae;Clarireedia;Clarireedia homoeocarpa	Asco's	0	0	0	0	0	0	0	0	0	0	0	0	0	0	0	0	0	0	0	0	0	0	0	0	0	0	0	0	0	0	0	0	0	0	0	0	0	0	0	0	0	15	0	0	0	0	0	0	44	0	0	0	0	0	0	0	0	0	0	0	0	0	0	0	0	0	0	0	0	0	0	0	0	0	0	0	0	0	0	0	0	0	0	0	0	0	0	0	0	0	0	0	0	71	0	0	0	0	0	0	0	0	0	0	0	0	0	0	0	0	0	0	0	0	0	0	0	0	0	0	0	0	0
Fungi;Ascomycota;Leotiomycetes;Thelebolales;Thelebolaceae	Asco's	0	0	0	0	0	0	0	0	0	0	0	0	0	0	0	0	0	0	0	0	0	0	0	0	0	0	0	0	0	0	0	0	0	0	0	0	0	0	0	0	0	0	0	0	5	0	0	0	0	0	0	0	0	0	0	0	0	0	0	0	0	0	0	0	0	0	0	0	0	0	0	0	0	0	0	0	0	0	0	0	0	0	0	0	0	0	0	0	0	0	0	0	0	0	0	0	0	0	0	0	0	0	0	0	0	0	0	0	0	0	0	0	0	0	0	0	0	0	0	0	0	0	10
Fungi;Ascomycota;Pezizomycetes;Pezizales	Cup Fungus	0	0	0	0	0	0	0	0	0	0	0	0	0	0	0	0	0	0	0	0	0	0	0	0	0	6	0	0	0	0	0	0	85	0	0	0	0	0	0	0	0	0	0	0	0	0	0	0	0	3	0	0	0	0	0	0	0	0	0	0	0	0	0	0	0	0	0	0	0	0	0	0	0	0	0	0	0	0	0	0	0	0	0	0	0	0	0	0	0	0	0	0	2	0	0	0	0	0	0	0	0	0	0	0	0	0	0	0	0	0	0	0	0	0	0	0	0	0	0	0	0	0	0
Fungi;Ascomycota;Pezizomycetes;Pezizales;Ascobolaceae;Ascobolus;Ascobolus stercorarius	Cup Fungus	0	0	0	0	63	0	0	0	0	0	0	0	0	0	0	0	0	0	0	0	0	0	0	0	0	0	0	0	0	0	0	0	0	0	0	0	0	0	0	0	0	0	0	0	0	0	0	5	0	0	0	0	0	0	0	0	0	0	0	0	0	0	0	0	0	0	0	0	0	0	0	0	0	0	0	0	0	0	0	0	0	0	0	0	0	0	0	0	0	0	0	0	0	0	0	0	0	0	0	0	0	0	0	0	0	0	0	0	0	0	0	0	0	0	0	0	0	0	0	0	0	0	0
Fungi;Ascomycota;Pezizomycetes;Pezizales;Pezizaceae;Terfezia;Terfezia claveryi	Pezizas, Desert Truffles, And Allies	0	0	0	0	0	0	5	0	0	0	0	0	0	0	0	0	0	0	0	0	0	0	0	0	0	0	0	0	0	0	0	0	0	0	0	0	0	0	0	0	0	0	0	0	0	0	0	0	0	0	0	0	0	0	0	0	0	0	0	0	0	0	0	0	0	0	0	0	0	0	0	0	0	0	0	0	0	0	0	0	0	0	0	0	0	0	0	0	0	0	0	0	0	0	0	0	0	0	0	0	0	0	0	0	0	0	0	0	0	0	0	0	0	0	0	0	0	0	0	0	0	0	0
Fungi;Ascomycota;Pezizomycetes;Pezizales;Pyronemataceae;Densocarpa;Densocarpa shanorii	Cup Fungus	0	0	0	0	0	0	0	2	0	0	0	0	0	0	0	0	0	0	0	3	0	0	0	0	0	0	0	0	0	0	0	0	0	0	0	0	0	0	0	0	0	0	0	0	0	0	0	0	0	0	0	0	0	0	0	0	0	0	0	0	0	0	0	0	0	0	0	0	0	0	0	0	0	0	0	0	0	0	0	0	0	0	0	0	0	0	0	0	0	0	0	0	0	0	0	0	0	0	0	0	0	0	0	0	0	0	0	0	0	0	0	0	0	0	0	0	10	0	0	0	0	0	0
Fungi;Ascomycota;Pezizomycetes;Pezizales;Tuberaceae	Cup Fungus	0	0	0	0	0	0	0	0	0	0	0	0	0	0	0	0	0	0	0	0	0	0	0	0	0	0	0	0	0	0	0	0	11	0	0	0	0	0	0	0	0	0	0	0	0	0	0	0	0	0	0	0	0	0	0	0	0	0	0	0	0	0	0	0	0	0	0	0	0	0	0	0	0	0	0	0	0	0	0	0	0	0	0	0	0	0	0	0	0	0	0	0	0	0	0	0	0	0	0	0	0	0	0	0	0	0	0	0	0	0	0	0	0	0	0	0	0	0	0	0	0	0	0
Fungi;Ascomycota;Saccharomycetes;Saccharomycetales;Alloascoideaceae;Alloascoidea;Alloascoidea hylecoeti	Budding Yeasts	0	0	0	0	0	0	0	0	0	0	0	0	0	0	0	0	0	0	0	0	0	0	0	0	0	0	0	0	0	0	0	0	0	0	0	0	0	0	0	0	0	0	0	0	0	0	0	0	0	0	0	0	0	0	0	0	0	0	0	0	0	0	0	0	0	0	0	0	0	0	0	0	0	0	0	0	0	0	0	0	0	0	0	0	11	0	0	0	0	0	0	0	0	0	0	0	0	0	0	0	0	0	0	0	0	0	0	0	0	0	0	0	0	0	0	10	5	0	3	0	0	0	0
Fungi;Ascomycota;Saccharomycetes;Saccharomycetales;Debaryomycetaceae;Kurtzmaniella;[Candida] zeylanoides	Budding Yeasts	0	0	0	0	0	0	0	0	0	0	0	0	0	0	0	0	0	0	0	0	0	0	0	0	0	0	0	0	0	0	0	0	0	0	0	0	0	0	0	0	0	0	0	0	0	0	0	0	0	0	0	0	0	0	0	0	0	0	0	0	0	0	0	0	0	0	0	0	0	0	0	0	0	0	0	0	0	0	0	0	0	0	0	0	0	0	0	0	0	0	0	0	0	0	0	0	0	140	0	0	0	0	0	0	0	0	0	0	0	0	0	0	0	0	0	0	0	0	0	0	0	0	0
Fungi;Ascomycota;Saccharomycetes;Saccharomycetales;Dipodascaceae;Yarrowia;Yarrowia lipolytica	Budding Yeasts	0	0	0	0	0	0	0	0	0	0	0	0	0	0	0	0	0	0	0	0	0	0	0	0	0	0	0	0	0	0	0	0	0	0	0	0	0	0	0	0	0	0	0	0	0	0	0	0	0	0	0	0	0	0	0	0	0	24	0	0	0	0	0	0	0	0	0	0	0	0	0	0	0	0	0	0	0	0	0	0	0	0	0	0	0	0	0	0	0	10	0	0	0	0	0	0	0	0	0	0	0	0	0	0	0	0	0	0	0	0	0	0	0	0	0	0	0	0	0	0	0	0	0
Fungi;Ascomycota;Saccharomycetes;Saccharomycetales;Lipomycetaceae;Lipomyces;Lipomyces anomalus	Budding Yeasts	0	0	0	0	0	0	0	0	0	0	0	0	0	0	0	0	0	0	0	0	0	0	0	0	0	0	0	0	0	0	0	0	0	0	0	0	0	0	0	0	0	0	10	0	0	0	0	0	0	0	0	0	0	0	0	0	0	0	0	0	0	0	0	0	0	0	0	0	0	0	0	0	0	0	0	0	0	0	0	0	0	0	0	0	0	0	0	0	0	0	0	0	0	0	0	0	0	0	0	0	0	0	0	0	0	0	0	0	0	0	0	0	0	0	0	0	0	0	0	0	0	0	0
Fungi;Ascomycota;Saccharomycetes;Saccharomycetales;Metschnikowiaceae;Candida/Metschnikowiaceae	Budding Yeasts	0	0	0	0	0	0	0	0	0	0	0	0	0	0	0	0	0	0	0	0	0	0	0	0	0	0	0	0	0	0	0	0	0	0	0	0	0	0	0	0	0	0	0	0	0	0	0	0	0	0	0	0	0	0	0	0	0	0	0	0	0	0	0	0	0	0	0	0	0	0	0	0	0	0	0	17	0	0	0	0	0	0	0	0	0	0	0	0	0	0	0	0	0	0	0	0	0	0	0	0	0	0	0	0	0	0	0	0	0	0	0	0	0	0	0	0	0	0	0	0	0	0	0
Fungi;Ascomycota;Saccharomycetes;Saccharomycetales;Metschnikowiaceae;Candida/Metschnikowiaceae;[Candida] intermedia	Budding Yeasts	0	0	0	0	0	0	0	0	0	0	0	0	0	0	0	0	0	0	0	0	0	0	0	0	0	0	0	0	0	0	0	0	0	0	0	0	0	0	0	0	0	0	0	0	0	0	0	0	0	0	0	0	0	0	0	0	0	0	0	0	0	0	0	0	0	0	0	0	0	0	0	0	0	0	0	223	0	0	0	0	0	0	0	0	0	0	0	0	0	0	0	0	0	0	0	0	0	0	0	0	0	0	0	0	0	0	0	0	0	0	0	0	0	0	0	0	0	0	0	0	0	0	0
Fungi;Ascomycota;Saccharomycetes;Saccharomycetales;Metschnikowiaceae;Candida/Metschnikowiaceae;[Candida] pseudointermedia	Budding Yeasts	0	0	0	0	0	0	0	0	0	0	0	0	0	0	0	0	0	0	0	0	0	0	0	0	0	0	0	0	0	0	0	0	0	0	0	0	0	0	0	0	0	0	0	0	0	0	0	0	0	0	0	0	0	0	0	0	0	0	0	0	0	0	0	0	0	0	0	0	0	0	0	0	0	0	0	5	0	0	0	0	0	0	0	0	0	0	0	0	0	0	0	0	0	0	0	0	0	0	0	0	0	0	0	0	0	0	0	0	0	0	0	0	0	0	0	0	0	0	0	0	0	0	0
Fungi;Ascomycota;Saccharomycetes;Saccharomycetales;Metschnikowiaceae;Metschnikowia;Metschnikowia bicuspidata	Budding Yeasts	0	0	0	0	0	0	0	0	0	0	0	0	0	0	0	0	0	0	0	0	0	0	0	0	0	0	0	0	0	0	0	0	0	0	0	0	0	0	0	0	0	0	6	0	0	0	0	0	0	0	0	0	0	0	0	0	4	0	0	3	0	0	0	0	0	0	0	0	0	0	0	0	0	0	0	0	0	0	0	0	0	0	0	0	0	0	0	2	0	0	0	0	0	0	0	0	0	0	0	0	0	0	0	0	0	0	0	0	2	0	5	0	0	0	0	0	0	0	0	0	0	0	0
Fungi;Ascomycota;Saccharomycetes;Saccharomycetales;Metschnikowiaceae;Metschnikowia;Metschnikowia sp. JJW-2009a	Budding Yeasts	0	0	0	3	0	2	29	0	0	0	0	0	0	0	0	0	0	0	0	0	0	0	0	0	0	0	0	0	0	0	0	0	0	0	0	0	0	2	0	0	0	0	0	0	0	0	0	0	6	2	0	0	0	0	0	0	0	12	5	0	0	0	0	0	0	0	0	0	0	0	0	0	33	0	0	0	15	0	8	0	0	330	0	0	0	0	0	4	0	2	0	0	3	0	4	0	0	0	0	0	0	0	0	0	0	0	0	4	2	4	0	0	5	0	0	31	29	24	8	7	0	0	0
Fungi;Ascomycota;Saccharomycetes;Saccharomycetales;NA;NA;[Candida] sp. (in: Saccharomycetales)	Budding Yeasts	0	0	0	0	0	0	0	0	0	18	0	0	0	0	0	0	0	0	0	0	0	0	0	0	0	0	0	0	0	0	0	0	0	2	0	0	0	0	0	0	0	0	0	0	0	0	0	0	0	0	0	0	0	0	0	0	0	0	0	0	0	0	0	0	0	0	0	0	0	0	0	0	0	0	0	0	0	0	0	0	0	0	0	0	0	0	0	0	0	0	0	0	0	0	0	0	0	0	0	0	0	0	0	0	0	0	0	0	0	0	0	0	0	0	0	0	0	0	0	0	0	0	0
Fungi;Ascomycota;Saccharomycetes;Saccharomycetales;NA;Starmerella	Budding Yeasts	0	0	0	0	0	0	0	0	0	94	0	0	0	0	0	0	0	0	0	0	0	0	0	0	0	0	0	0	0	0	0	0	0	0	0	0	0	0	0	0	0	0	0	0	0	0	0	0	0	0	0	0	0	0	0	0	0	0	0	0	0	0	0	0	0	0	0	0	0	0	0	0	0	0	0	0	0	0	0	0	0	0	0	0	0	0	0	0	0	0	0	0	0	0	0	0	0	0	0	0	0	0	0	0	0	0	0	0	0	0	0	0	0	0	0	0	0	0	0	0	0	0	0
Fungi;Ascomycota;Saccharomycetes;Saccharomycetales;Phaffomycetaceae;Cyberlindnera;Cyberlindnera fabianii	Budding Yeasts	0	0	0	0	0	0	0	0	0	0	0	0	0	0	0	0	0	0	0	0	0	0	0	0	0	0	0	0	0	0	0	0	0	0	0	0	0	5	0	0	0	0	0	0	0	0	0	0	0	0	0	0	0	0	0	0	0	0	0	0	0	0	0	0	0	0	0	0	0	0	0	0	0	0	0	0	0	0	0	0	0	0	0	0	0	0	0	0	0	0	0	0	0	0	0	0	0	0	0	0	0	0	0	0	0	0	0	0	0	0	0	0	0	0	0	0	0	0	0	0	0	0	0
Fungi;Ascomycota;Saccharomycetes;Saccharomycetales;Phaffomycetaceae;Cyberlindnera;Cyberlindnera jadinii	Budding Yeasts	0	0	0	0	0	0	0	0	0	0	0	0	0	0	0	0	0	0	0	0	0	0	0	0	8	0	0	0	0	0	0	0	0	0	0	0	0	0	0	0	0	0	0	0	0	8	0	0	0	0	0	0	0	0	0	0	0	0	0	0	0	0	3	0	0	0	0	0	0	0	0	0	0	0	0	0	0	0	3	0	0	3	0	0	0	0	23	0	0	0	0	0	0	2	0	0	0	0	0	0	0	0	0	0	4	0	0	0	0	0	0	0	0	0	0	0	0	0	0	0	0	0	0
Fungi;Ascomycota;Saccharomycetes;Saccharomycetales;Saccharomycodaceae;Hanseniaspora	Budding Yeasts	0	0	0	0	0	0	0	0	0	0	0	0	0	0	0	0	0	0	0	0	0	0	0	0	0	0	0	0	0	0	0	0	0	0	0	0	0	0	0	0	0	0	0	0	0	0	0	0	0	0	0	0	0	0	0	0	0	0	0	0	0	0	0	0	0	0	0	0	0	0	0	0	0	0	0	13	0	0	0	0	0	0	0	0	0	0	0	0	0	0	0	0	0	0	0	0	0	0	0	0	0	0	0	0	0	0	0	0	0	0	0	0	0	0	0	0	0	0	0	0	0	0	0
Fungi;Ascomycota;Saccharomycetes;Saccharomycetales;Saccharomycodaceae;Hanseniaspora;Hanseniaspora occidentalis	Budding Yeasts	0	0	0	0	0	0	0	0	0	0	0	0	0	0	0	0	0	0	0	0	0	0	0	0	0	0	0	0	0	0	0	0	0	0	0	0	0	0	0	0	0	0	0	0	0	0	0	0	0	0	0	0	0	0	0	0	0	0	0	0	0	0	0	0	0	0	0	0	0	0	0	0	0	0	0	147	0	0	0	0	0	0	0	0	0	0	0	0	0	0	0	0	0	0	0	0	0	0	0	0	0	0	0	0	0	0	0	0	0	0	0	0	0	0	0	0	0	0	0	0	0	0	0
Fungi;Ascomycota;Taphrinomycetes;Taphrinales	Asco's	0	0	0	0	0	0	0	0	0	0	0	0	0	0	0	0	0	0	0	0	0	0	0	0	0	0	0	0	0	0	0	0	0	0	0	0	0	0	0	0	0	0	0	0	0	0	0	0	0	0	0	0	0	0	0	0	0	0	0	0	0	0	0	0	4	0	0	0	0	0	0	0	0	0	0	0	0	0	0	0	0	0	0	0	0	0	0	0	0	0	0	0	0	0	0	0	0	682	0	0	0	0	0	0	0	0	0	0	0	0	0	0	0	0	0	0	0	0	0	0	0	0	0
Fungi;Ascomycota;Xylonomycetes;Xylonales;Xylonaceae;Xylona;Xylona heveae	Asco's	0	0	0	0	0	0	0	0	0	0	0	0	0	0	0	0	0	0	0	0	0	0	0	0	0	0	0	0	0	0	0	0	0	0	0	0	0	0	0	0	0	0	0	0	0	0	0	0	0	0	0	0	0	0	0	0	0	0	0	0	0	0	0	0	0	0	0	0	0	0	0	0	0	0	0	0	0	0	0	0	0	0	0	0	0	0	0	0	0	0	0	0	0	0	0	0	0	0	0	0	0	0	0	0	0	0	0	3	0	3	0	0	0	0	0	0	0	0	0	0	0	0	0
Fungi;Basidiomycota;Agaricomycetes;Agaricales;Fistulinaceae;Fistulina;Fistulina hepatica	Beef-Steak Fungus	0	0	0	0	0	0	0	0	0	0	0	0	0	0	0	0	0	0	0	0	0	0	0	0	0	0	0	0	0	0	0	0	0	0	0	0	0	0	0	0	0	0	0	0	0	0	0	0	0	0	0	0	0	0	0	0	0	0	0	0	0	0	0	0	0	0	0	0	0	0	0	0	0	0	0	0	0	0	0	0	0	0	0	0	0	0	0	0	0	0	0	0	0	0	0	0	0	331	0	0	0	0	0	0	0	0	0	0	0	0	0	0	0	0	0	0	0	0	0	0	0	0	0
Fungi;Basidiomycota;Agaricomycetes;Agaricales;Inocybaceae;Auritella	Agarics	0	0	0	0	0	0	0	0	0	0	0	0	0	0	0	0	0	0	0	0	0	0	0	0	0	0	0	0	0	0	0	0	0	0	0	0	0	0	0	0	0	0	0	0	0	0	0	0	0	0	0	0	0	0	0	0	0	0	0	0	0	0	0	0	0	0	0	0	0	0	0	0	0	0	0	0	0	0	0	0	0	0	0	0	0	0	0	0	0	0	0	0	0	0	0	0	0	0	0	0	0	0	0	0	0	0	0	0	0	0	0	0	0	0	0	0	0	8	0	0	0	0	0
Fungi;Basidiomycota;Agaricomycetes;Agaricales;Lyophyllaceae;Lyophyllum;Lyophyllum aff. decastes PBM3069	Domecaps	0	0	0	0	0	0	0	0	0	0	0	0	0	0	0	0	0	0	0	0	0	0	0	0	0	0	0	0	0	0	0	178	0	0	0	0	0	0	0	0	0	0	0	0	0	0	0	0	0	0	0	0	0	0	0	0	0	0	0	0	0	0	0	0	0	0	0	0	0	0	0	0	0	0	0	0	0	0	0	0	0	0	0	0	0	0	0	0	0	0	0	0	0	0	0	0	0	0	0	0	0	0	0	0	0	0	0	0	0	0	0	0	0	0	0	0	0	0	0	0	0	0	0
Fungi;Basidiomycota;Agaricomycetes;Agaricales;Lyophyllaceae;Lyophyllum;Lyophyllum sp.	Agarics	0	0	0	0	0	0	0	0	0	0	0	0	0	0	0	0	0	0	0	0	0	0	0	0	0	0	0	0	0	0	0	16	0	0	0	0	0	0	0	0	0	0	0	0	0	0	0	0	0	0	0	0	0	0	0	0	0	0	0	0	0	0	0	0	0	0	0	0	0	0	0	0	0	0	0	0	0	0	0	0	0	0	0	0	0	0	0	0	0	0	0	0	0	0	0	0	0	0	0	0	0	0	0	0	0	0	0	0	0	0	0	0	0	0	0	0	0	0	0	0	0	0	0
Fungi;Basidiomycota;Agaricomycetes;Agaricales;NA;Tricholomopsis;Tricholomopsis flammula	Agarics	0	0	0	0	0	0	0	0	0	0	0	0	0	0	0	0	0	0	0	0	0	0	0	0	0	0	0	0	0	0	0	0	0	0	0	0	0	0	0	0	0	0	0	0	0	0	0	0	0	0	0	0	0	0	0	0	0	0	0	0	0	0	0	0	0	0	0	0	0	0	0	0	0	0	0	0	0	0	0	0	0	0	0	0	0	0	0	0	0	0	0	0	0	0	0	0	0	16	0	0	0	0	0	0	0	0	0	0	0	0	0	0	0	0	0	0	0	0	0	0	0	0	0
Fungi;Basidiomycota;Agaricomycetes;Agaricales;Omphalotaceae;Gymnopus;Gymnopus sp.	Agarics	0	0	0	0	0	0	0	0	0	0	0	0	0	0	0	0	0	0	0	0	0	0	0	0	0	0	0	76	0	0	0	0	0	0	0	0	0	0	0	0	0	0	0	0	0	0	0	0	0	0	0	0	0	0	0	0	0	0	0	0	0	0	0	0	0	0	0	0	0	0	0	0	0	0	0	0	0	0	0	0	0	0	0	0	0	0	0	0	0	0	0	0	0	0	0	0	0	0	0	0	0	0	0	5	0	0	0	0	3	0	0	0	9	0	0	0	0	0	0	0	0	0	0
Fungi;Basidiomycota;Agaricomycetes;Agaricales;Tricholomataceae;Leucopaxillus	Agarics	0	0	0	0	0	0	0	0	0	0	0	0	0	0	0	0	0	0	0	0	0	0	0	0	0	0	0	0	0	0	0	0	0	0	0	0	0	0	0	0	0	0	0	0	0	0	0	0	0	0	0	0	0	0	0	0	0	0	0	0	0	0	0	0	0	0	0	0	0	0	0	0	0	0	0	0	0	0	0	0	0	0	0	0	0	0	0	0	0	0	0	0	0	0	0	0	0	0	0	0	0	0	0	0	0	0	0	0	0	0	0	0	0	0	0	0	0	0	7	0	0	0	0
Fungi;Basidiomycota;Agaricomycetes;Amylocorticiales;Amylocorticiaceae;Plicaturopsis;Plicaturopsis crispa	Crimped Gill	0	0	0	0	0	0	0	0	0	0	0	0	0	0	0	0	0	0	0	0	0	0	0	0	0	0	4	0	0	0	0	0	0	0	0	0	0	0	0	0	0	0	0	0	0	0	0	0	0	0	0	5	0	0	0	0	0	0	0	0	0	0	0	0	0	0	0	0	0	0	0	0	0	0	0	0	2	0	0	0	0	0	0	0	0	0	0	0	0	13	0	0	0	0	0	0	0	0	0	0	0	0	0	0	0	0	0	0	0	0	0	0	0	0	0	0	0	0	0	0	0	0	0
Fungi;Basidiomycota;Agaricomycetes;Atheliales;Atheliaceae;Piloderma	Basidio's	0	0	0	0	0	0	0	0	0	0	0	0	0	0	0	0	0	0	0	0	0	0	0	0	0	0	0	0	0	0	0	0	0	0	0	0	0	0	0	0	0	0	0	0	0	0	0	0	0	0	0	0	0	0	0	0	0	0	0	0	0	0	0	0	0	0	0	0	0	0	0	0	0	0	0	0	0	0	0	0	0	0	0	0	0	0	0	0	0	0	4	0	0	0	0	0	0	0	0	0	0	0	0	0	0	0	0	0	0	0	0	0	0	0	0	0	0	0	0	0	0	0	0
Fungi;Basidiomycota;Agaricomycetes;Boletales;Suillaceae;Suillus	Slippery Jacks	0	0	0	0	0	0	0	0	0	0	0	0	0	0	0	0	0	0	0	0	0	0	0	0	0	0	0	10	0	0	0	0	0	0	0	0	0	0	0	0	0	0	0	0	41	0	0	0	0	0	0	0	0	0	0	0	0	0	0	0	0	0	0	0	0	0	0	0	0	0	0	0	0	0	0	0	0	0	0	0	0	0	0	0	0	0	0	0	0	0	0	0	0	0	0	0	0	0	0	0	0	0	0	0	0	0	0	0	0	0	0	0	0	0	0	0	0	0	0	0	0	0	0
Fungi;Basidiomycota;Agaricomycetes;Boletales;Suillaceae;Suillus;Suillus cavipes	Hollow Bolete	0	0	0	0	0	0	0	0	0	0	0	0	0	0	0	0	0	0	0	0	0	0	0	0	0	0	0	0	0	0	0	0	0	0	0	0	0	0	0	0	0	0	0	0	0	0	0	0	0	0	0	0	0	0	0	0	0	0	0	0	0	0	0	0	0	0	0	0	0	0	0	0	0	0	0	0	0	0	0	0	0	0	0	0	0	0	0	0	0	0	0	0	0	0	0	0	0	0	0	0	0	0	0	0	0	0	0	0	0	0	0	0	0	0	0	0	0	6	0	0	0	0	0
Fungi;Basidiomycota;Agaricomycetes;Cantharellales;Botryobasidiaceae;Botryobasidium;Botryobasidium subcoronatum	Basidio's	0	0	0	0	0	0	0	0	0	0	0	0	0	0	0	0	0	0	0	0	0	0	0	0	0	0	0	0	0	0	0	0	0	0	0	0	0	0	0	0	0	0	0	0	0	0	0	0	0	0	0	0	0	0	0	4	0	0	0	0	0	0	0	0	0	0	0	0	0	0	0	0	0	0	0	0	0	0	4	0	0	0	0	0	0	0	0	0	0	0	0	0	0	0	0	0	0	0	0	0	0	0	0	0	0	0	0	0	0	0	0	0	0	0	0	0	0	0	0	0	0	0	0
Fungi;Basidiomycota;Agaricomycetes;Cantharellales;Ceratobasidiaceae;NA;Ceratobasidiaceae sp. CBS 501.93	Basidio's	0	0	0	0	0	0	0	0	0	0	0	0	0	0	0	0	0	0	0	0	0	0	0	0	0	0	0	0	0	0	0	0	0	0	0	0	0	0	0	0	0	0	0	0	0	0	0	0	0	0	0	0	0	0	0	0	0	0	0	0	0	0	0	0	0	0	0	0	0	0	0	0	0	0	0	0	0	0	0	0	0	0	0	0	0	0	0	0	0	0	0	0	0	0	0	0	0	7	0	0	0	0	0	0	0	0	0	0	0	0	0	0	0	0	0	0	0	0	0	0	0	0	0
Fungi;Basidiomycota;Agaricomycetes;Cantharellales;Tulasnellaceae;Tulasnella;Tulasnella sp. FCUG 2668	Basidio's	0	0	0	0	0	0	0	0	0	0	0	0	0	0	0	0	0	0	0	0	0	0	0	0	0	0	0	0	0	2	0	0	0	0	0	0	0	0	0	0	0	0	0	0	0	0	0	0	0	0	0	0	0	0	0	0	0	0	2	0	0	0	0	0	0	0	0	0	0	0	0	0	0	0	0	0	0	0	0	0	0	0	0	0	0	0	0	0	0	0	0	0	0	0	0	0	0	0	0	0	0	0	0	0	0	0	0	0	0	0	0	0	0	0	0	0	0	0	0	0	0	0	0
Fungi;Basidiomycota;Agaricomycetes;Corticiales;Corticiaceae;Fibricium;Fibricium rude	Basidio's	0	0	0	0	9	0	0	0	0	0	0	0	0	0	0	0	0	0	0	0	0	0	0	0	0	0	0	0	0	0	0	0	0	0	0	0	0	0	0	0	0	0	0	0	0	0	0	0	0	0	0	0	0	0	0	0	0	0	0	0	0	0	0	0	0	0	0	0	0	0	0	0	0	0	0	0	0	0	0	0	0	0	0	0	0	0	0	0	0	0	0	0	0	0	0	0	0	0	0	0	0	0	0	0	0	0	0	0	0	0	0	0	0	0	0	0	0	0	0	0	0	0	0
Fungi;Basidiomycota;Agaricomycetes;Corticiales;Corticiaceae;Sistotrema;Sistotrema athelioides	Basidio's	0	0	0	0	0	0	0	0	0	0	0	0	0	0	0	0	0	0	0	0	0	0	0	0	0	0	0	0	0	0	0	0	0	0	0	0	0	0	0	0	229	0	0	0	0	0	0	0	0	0	0	0	0	0	0	0	0	0	0	0	0	0	0	0	0	0	0	0	0	0	0	0	0	7	0	0	0	0	0	0	0	0	0	0	0	0	0	0	0	0	0	0	0	0	0	0	0	0	0	0	0	0	0	0	0	0	0	0	0	0	0	0	0	0	0	0	0	0	0	0	0	0	0
Fungi;Basidiomycota;Agaricomycetes;Gomphales;Gomphaceae;Ramaria;Ramaria acris	Coral Fungi	0	0	0	0	0	0	0	0	0	0	0	0	0	0	0	0	0	0	0	0	0	0	0	0	0	0	0	0	0	0	0	0	0	0	0	0	0	0	0	0	0	0	0	0	0	0	0	0	0	0	0	0	0	0	0	0	0	0	0	0	0	0	0	0	0	0	0	0	0	0	0	0	0	0	0	0	0	0	0	0	0	0	0	0	5	0	0	0	0	0	0	0	0	0	0	0	0	0	0	0	0	0	0	0	0	0	0	0	0	0	0	0	0	0	0	0	0	0	0	0	0	0	0
Fungi;Basidiomycota;Agaricomycetes;Gomphales;Gomphaceae;Ramaria;Ramaria rubella	Coral Fungi	0	0	0	0	0	0	0	0	0	0	0	0	0	0	0	0	0	0	0	0	0	0	0	0	0	0	0	0	0	0	0	0	0	0	0	0	0	0	3	0	0	0	0	0	0	0	0	0	0	0	0	0	0	0	0	0	0	0	0	0	0	0	0	0	0	0	0	0	0	0	0	0	0	0	0	0	0	0	0	0	0	0	0	0	24	0	0	0	0	0	0	0	0	0	0	0	0	0	0	0	0	0	0	0	0	0	0	0	0	0	0	0	0	0	0	0	0	0	0	0	0	0	0
Fungi;Basidiomycota;Agaricomycetes;Hymenochaetales;Hymenochaetaceae;Coltricia;Coltricia perennis	Tiger's Eye	0	0	0	0	0	0	0	0	0	14	0	0	0	0	0	0	0	0	0	0	0	0	0	0	0	0	0	0	0	0	0	0	0	0	0	0	0	0	0	0	0	0	0	0	0	0	0	0	0	0	0	0	0	0	0	0	0	0	0	0	0	0	0	0	0	0	0	0	0	0	0	0	0	0	0	0	0	0	0	0	0	0	0	0	0	0	0	0	0	0	0	0	0	0	0	0	0	0	0	0	0	0	0	0	0	0	0	0	0	0	0	0	0	0	0	0	0	0	0	0	0	0	0
Fungi;Basidiomycota;Agaricomycetes;Hymenochaetales;NA;NA;Hymenochaetales sp.	Basidio's	0	0	0	0	0	0	0	0	0	0	0	15	0	0	0	0	0	0	0	0	0	0	0	0	0	0	0	0	0	0	0	0	0	0	0	0	0	0	3	0	0	0	0	0	0	0	0	0	0	0	0	0	0	0	0	0	0	0	0	0	0	0	0	0	0	0	0	0	0	0	0	0	0	0	0	0	0	0	0	0	0	0	0	0	0	0	0	0	0	0	0	0	0	0	0	0	0	0	0	0	0	0	0	0	0	0	0	0	0	0	0	0	0	0	0	0	0	0	0	0	0	0	0
Fungi;Basidiomycota;Agaricomycetes;Hymenochaetales;NA;Resinicium;Resinicium mutabile	Basidio's	0	0	0	0	0	0	0	0	0	0	0	0	0	0	0	0	0	0	0	0	0	0	0	0	0	0	0	0	0	0	0	0	0	0	0	0	0	0	0	0	0	0	0	0	0	0	0	0	0	0	0	0	0	0	0	0	0	0	0	0	0	0	0	0	0	0	0	0	0	0	0	0	0	0	0	0	0	0	0	0	0	0	2	0	0	0	0	0	0	0	0	0	0	0	0	0	0	0	0	0	0	0	0	0	0	0	0	0	0	0	0	0	0	0	0	0	0	0	0	0	0	0	0
Fungi;Basidiomycota;Agaricomycetes;Polyporales;Polyporaceae;Polyporus;Polyporus gayanus	Bracket polypores	0	0	0	0	0	0	0	0	0	0	0	0	0	0	0	0	0	0	3	0	0	0	0	0	0	0	0	0	0	0	0	0	2	0	0	0	0	0	0	0	0	0	0	0	0	0	0	0	0	0	0	0	0	0	0	0	0	0	0	0	0	0	0	0	0	0	0	0	0	0	0	0	0	0	0	171	0	0	0	0	0	0	0	0	0	0	0	0	0	0	0	0	0	0	0	0	0	0	0	0	0	0	0	0	0	0	0	0	0	0	0	0	0	0	0	0	0	0	0	0	0	0	0
Fungi;Basidiomycota;Agaricomycetes;Thelephorales;Thelephoraceae;Pseudotomentella;Pseudotomentella sp.	Basidio's	0	0	0	0	0	0	0	0	0	0	0	0	0	0	0	0	0	0	0	0	0	0	0	0	0	0	0	0	0	0	0	0	0	0	0	0	0	0	0	0	0	0	0	0	0	0	0	0	0	0	0	0	4	0	0	0	0	0	0	0	0	0	0	0	0	0	0	0	0	0	0	0	0	0	0	0	0	0	0	0	0	0	0	0	0	0	0	0	0	0	0	0	0	0	0	0	0	0	0	0	0	0	0	0	0	0	0	0	0	0	0	0	0	0	0	0	0	0	0	0	0	0	0
Fungi;Basidiomycota;Agaricomycetes;Trechisporales;Hydnodontaceae;Trechispora;Trechispora sp. PBM418	Basidio's	0	0	0	0	0	0	0	0	0	0	0	0	0	0	0	0	0	0	0	0	0	0	0	0	0	0	0	0	0	0	0	0	0	0	0	0	0	0	0	0	0	0	0	0	0	0	0	0	0	0	0	0	0	0	0	0	0	0	0	0	0	0	0	0	0	0	0	0	0	0	0	0	0	0	0	0	0	0	0	0	0	0	0	0	0	0	0	0	0	0	0	0	0	0	0	0	0	0	0	0	0	0	0	0	0	0	0	0	0	0	0	0	18	0	0	0	0	0	0	0	0	0	0
Fungi;Basidiomycota;Agaricomycetes;Trechisporales;NA;Sistotremastrum;Sistotremastrum guttuliferum	Basidio's	0	0	0	0	0	0	0	0	0	0	0	0	0	0	0	0	0	0	0	0	0	0	0	0	0	0	0	0	0	2	0	0	0	0	0	0	0	0	0	0	0	0	0	0	0	0	0	0	0	0	0	0	0	0	0	0	0	0	0	0	0	0	0	0	0	0	0	0	0	0	0	0	0	0	0	0	0	0	0	0	0	0	0	0	0	0	0	0	0	0	0	0	0	0	0	0	0	0	0	0	0	0	0	0	0	0	0	0	0	0	0	0	0	0	0	0	0	0	0	0	0	2	0
Fungi;Basidiomycota;Agaricostilbomycetes;Agaricostilbales;Kondoaceae;Kondoa	Basidio's	0	0	0	0	0	0	0	0	0	0	0	0	0	0	0	0	0	0	0	0	0	0	0	0	0	0	0	0	0	0	0	0	0	0	0	0	0	4	0	0	0	0	0	0	0	0	0	0	0	0	0	5	0	0	0	0	0	0	0	0	0	0	0	0	0	0	0	0	0	0	0	0	0	0	0	0	0	0	0	0	0	0	0	0	0	0	0	0	0	0	0	0	0	0	0	0	0	0	0	0	0	0	0	0	0	0	0	0	0	0	0	0	0	0	0	4	0	0	0	0	0	0	0
Fungi;Basidiomycota;Cystobasidiomycetes;Cystobasidiales;Cystobasidiaceae;Cystobasidium;Cystobasidium sp.	Basidio's	0	0	0	0	0	0	0	0	0	0	0	0	0	0	0	0	0	0	0	0	0	0	0	0	0	0	0	0	0	0	0	0	0	0	0	0	0	0	0	0	0	0	0	0	0	0	0	0	0	0	0	0	0	0	0	0	0	0	0	0	0	0	0	0	0	0	0	0	0	0	0	0	0	0	0	0	0	0	0	0	0	0	0	0	0	0	0	0	0	0	0	0	0	0	0	0	0	0	2	0	0	0	0	0	0	0	0	0	0	0	0	0	0	0	0	0	0	0	0	0	0	0	0
Fungi;Basidiomycota;Malasseziomycetes;Malasseziales;Malasseziaceae;Malassezia;Malassezia furfur	Basidio's	0	0	0	0	0	0	0	0	0	0	0	0	0	0	0	0	0	0	0	0	0	0	0	0	0	0	0	0	0	0	0	0	0	0	0	0	0	0	0	0	0	0	0	0	0	0	0	0	0	0	0	0	0	5	0	0	0	0	0	0	0	0	0	0	0	0	0	0	0	0	0	0	0	0	0	0	0	0	0	0	0	0	0	0	0	0	0	0	0	0	0	0	0	0	0	0	0	0	0	0	0	0	0	0	0	0	0	0	0	0	0	0	0	0	0	0	0	0	0	0	0	0	0
Fungi;Basidiomycota;Malasseziomycetes;Malasseziales;NA;NA;Malasseziales sp.	Basidio's	5	0	31	0	0	2	2	0	0	40	10	49	36	58	0	0	0	5	0	0	0	0	9	2	14	17	6	0	0	116	0	0	0	10	20	0	0	158	3	124	420	4	0	17	0	0	0	0	13	0	0	0	0	261	91	0	0	0	0	5	70	66	0	2	0	46	11	6	3	0	9	0	153	17	17	1088	0	0	39	140	18	2	0	3	0	0	0	3	0	0	969	4	0	4	0	13	50	778	7	0	0	3	0	0	78	0	0	0	0	0	0	0	0	0	9	0	0	10	0	0	0	26	5
Fungi;Basidiomycota;Microbotryomycetes;Sporidiobolales;Sporidiobolaceae;Rhodotorula;Rhodotorula glutinis	Basidio's	0	0	0	0	0	0	0	0	0	0	0	0	0	0	0	0	0	0	0	0	0	0	0	0	0	0	0	0	0	0	0	0	0	0	0	0	0	0	0	0	0	0	0	0	0	0	0	0	0	0	0	0	0	0	0	0	0	0	0	0	0	0	0	0	0	0	0	0	0	0	0	0	4	0	0	0	0	0	0	0	0	0	0	0	0	0	0	0	0	0	0	0	0	0	0	0	0	0	0	0	0	0	0	0	0	0	0	0	0	0	0	0	0	0	0	0	0	0	0	0	0	0	0
Fungi;Basidiomycota;NA;NA;NA;Jaculispora;Jaculispora submersa	Basidio's	0	0	0	0	0	0	0	0	0	0	0	0	0	0	0	0	0	0	0	0	0	0	0	0	0	0	0	0	0	0	0	0	0	0	0	0	0	0	0	0	0	0	0	0	0	0	0	0	0	0	0	0	0	0	0	0	0	0	0	0	0	0	0	0	0	0	0	0	0	0	0	0	0	0	0	0	7	0	0	0	0	0	0	0	0	0	0	0	0	0	0	0	0	0	0	0	0	0	0	0	0	0	0	0	0	0	0	0	0	0	0	0	0	0	0	0	0	0	0	0	0	0	0
Fungi;Basidiomycota;Pucciniomycetes;Pucciniales;Melampsoraceae;Melampsora	Rust Fungi	0	0	0	0	0	0	0	0	0	0	0	0	0	0	0	0	0	0	0	0	0	0	0	0	0	0	0	0	0	0	0	0	0	0	0	0	0	0	0	0	0	0	0	0	0	0	0	0	0	0	0	0	0	0	0	0	0	0	0	0	0	0	0	0	0	0	0	0	0	0	0	0	0	0	0	0	0	0	0	0	0	0	0	0	0	0	0	0	0	10	0	0	0	0	0	0	0	0	0	0	0	0	0	0	0	0	0	0	0	0	0	0	0	0	0	0	0	0	0	0	0	0	0
Fungi;Basidiomycota;Pucciniomycetes;Pucciniales;Melampsoraceae;Melampsora;Melampsora albertensis	Rust Fungi	0	0	0	0	0	0	0	0	0	0	0	0	0	0	0	0	0	0	0	0	0	0	0	10	0	0	0	0	0	0	0	0	0	0	0	0	0	0	0	0	0	0	0	0	0	0	0	0	0	0	0	0	0	0	0	0	0	0	0	0	0	0	0	0	0	0	0	0	0	0	0	0	0	0	0	0	0	0	0	0	0	0	0	0	0	0	0	0	0	0	0	0	0	0	0	0	0	0	0	0	0	0	0	0	0	0	0	0	0	0	0	0	0	0	0	0	0	0	0	0	0	0	0
Fungi;Basidiomycota;Pucciniomycetes;Pucciniales;Pucciniaceae;Puccinia;Puccinia hordei	Barley Leaf Rust	0	0	0	0	0	0	0	0	0	0	0	0	0	0	0	0	0	0	0	0	0	0	0	0	0	0	0	0	0	0	0	24	0	0	0	0	0	0	0	0	0	0	0	0	0	0	0	0	0	0	0	0	0	0	0	0	0	0	0	0	0	0	0	0	0	0	0	0	0	0	0	0	0	0	0	0	0	0	0	0	0	0	0	0	0	0	0	0	0	0	0	0	0	0	0	0	0	0	0	0	0	0	0	0	0	0	0	0	0	0	0	0	0	0	0	0	0	0	0	0	0	0	0
Fungi;Basidiomycota;Pucciniomycetes;Pucciniales;Pucciniaceae;Puccinia;Puccinia sp.	Rust Fungi	0	0	0	0	0	0	0	0	0	0	0	0	0	0	0	0	0	0	0	0	0	0	0	0	0	0	0	0	0	0	0	0	0	0	0	0	0	0	0	0	0	0	0	0	0	0	0	0	0	0	0	0	0	0	0	0	0	0	0	0	0	0	0	0	0	0	0	0	0	0	0	0	0	0	0	0	0	0	0	0	3	0	0	0	0	0	0	0	0	0	0	0	0	0	0	0	0	0	0	0	0	0	0	0	0	0	0	0	0	0	0	0	0	0	0	0	0	0	0	0	0	0	0
Fungi;Basidiomycota;Pucciniomycetes;Pucciniales;Pucciniastraceae	Rust Fungi	0	0	0	0	0	3	0	0	0	0	0	0	0	0	0	0	0	0	0	0	0	0	0	0	0	0	0	0	0	0	0	0	0	0	0	0	0	0	0	0	0	0	0	0	0	0	0	0	0	50	0	0	0	0	0	0	0	0	0	0	0	0	0	0	0	0	0	0	0	0	0	0	0	0	0	0	0	0	0	0	0	0	0	0	0	0	0	0	0	17	0	0	0	0	0	0	0	0	0	0	0	0	0	0	0	0	2	0	0	0	0	0	0	0	0	0	0	0	0	0	0	0	0
Fungi;Basidiomycota;Tremellomycetes;Cystofilobasidiales;Cystofilobasidiaceae;Cystofilobasidium;Cystofilobasidium infirmominiatum	Basidio's	0	0	0	0	0	0	0	0	0	0	0	0	0	0	0	0	0	0	0	0	0	0	0	0	0	0	0	0	0	0	0	0	0	0	0	0	0	0	0	0	0	0	0	0	0	0	0	0	0	0	0	0	0	0	0	0	0	0	0	0	0	0	0	0	0	0	0	0	0	0	0	0	0	0	0	0	0	0	0	0	0	0	0	4	0	0	0	0	0	0	0	0	0	0	0	0	0	0	0	0	0	0	0	0	0	0	0	0	0	0	0	0	0	0	0	0	2	0	0	0	0	0	0
Fungi;Basidiomycota;Tremellomycetes;Cystofilobasidiales;Mrakiaceae;Krasilnikovozyma	Basidio's	0	0	0	0	0	0	0	0	0	0	0	0	0	0	0	0	0	0	0	0	0	0	0	0	0	0	0	0	0	0	0	0	0	0	0	0	0	0	0	0	0	0	0	0	0	0	0	0	0	0	0	0	0	0	0	0	0	0	0	0	0	0	0	0	0	0	0	0	0	0	0	0	0	0	0	0	0	0	0	0	0	0	0	0	0	0	0	0	0	0	0	0	0	0	0	0	0	0	0	0	0	0	0	0	0	0	0	0	17	0	0	0	0	0	0	0	0	0	0	0	0	0	0
Fungi;Basidiomycota;Tremellomycetes;Cystofilobasidiales;NA;NA;Cystofilobasidiales sp.	Basidio's	0	0	0	0	0	0	0	0	0	0	0	0	0	0	0	0	0	0	0	0	0	0	0	0	0	0	0	0	0	0	0	41	0	0	0	0	0	0	0	0	0	0	0	0	0	0	0	0	0	0	0	0	0	65	0	0	0	0	0	0	0	0	0	0	0	0	14	0	0	0	0	0	0	0	0	0	0	0	0	0	0	0	0	0	0	0	19	0	0	0	36	0	0	0	0	0	0	0	0	0	0	0	0	0	0	0	0	0	0	0	0	0	0	0	0	0	0	0	0	0	0	0	0
Fungi;Basidiomycota;Tremellomycetes;Filobasidiales;NA;NA;Filobasidiales sp. LM390	Basidio's	0	0	9	0	0	0	0	0	0	0	0	0	0	0	0	0	0	0	0	0	0	0	0	0	0	0	0	0	0	0	0	0	0	0	0	0	0	0	0	0	0	0	0	0	0	0	0	0	0	0	0	0	0	0	0	0	0	0	0	0	0	0	0	0	0	0	0	0	0	0	0	0	0	0	0	0	0	0	0	0	0	0	0	0	0	0	0	0	0	0	0	0	0	0	0	0	0	0	0	0	0	0	0	0	0	0	0	0	0	0	0	0	0	0	0	0	0	0	0	0	0	0	0
Fungi;Basidiomycota;Tremellomycetes;Holtermanniales	Basidio's	0	0	0	0	0	0	3	0	0	0	0	0	0	3	0	0	0	0	0	0	0	0	0	0	0	0	0	0	0	0	0	0	0	0	0	0	0	0	0	0	0	0	0	0	0	0	0	0	0	0	0	0	0	0	0	0	0	0	0	0	0	0	0	0	0	0	0	0	0	0	0	0	0	0	0	0	0	0	0	0	0	0	0	0	0	0	0	0	0	0	0	0	0	0	0	0	0	0	0	0	0	0	0	0	0	0	0	0	0	0	0	0	0	0	0	0	0	0	0	0	0	0	0
Fungi;Basidiomycota;Tremellomycetes;Tremellales;Bulleraceae;Bullera;Bullera alba	Jelly Fungi	0	0	0	0	0	0	0	0	0	0	0	0	0	0	0	0	0	0	0	0	0	0	0	0	0	0	0	0	0	0	0	0	0	0	0	0	0	0	0	0	0	0	0	0	0	0	0	0	3	0	0	0	0	0	0	0	0	0	0	0	0	0	0	0	0	0	0	0	0	0	0	0	0	0	0	0	0	0	0	0	0	0	0	0	0	0	0	0	0	0	0	0	0	0	0	0	0	0	0	0	0	0	0	0	0	0	0	0	0	0	0	0	0	0	0	0	0	0	0	0	0	0	0
Fungi;Basidiomycota;Tremellomycetes;Tremellales;Bulleribasidiaceae;Dioszegia;Dioszegia crocea	Jelly Fungi	0	0	0	0	0	0	0	0	0	0	0	0	0	0	0	0	0	0	0	0	0	0	0	0	0	0	0	0	0	0	0	0	0	0	0	0	0	0	0	0	0	0	0	0	0	0	0	0	0	0	0	0	0	0	0	0	0	0	0	0	0	0	0	0	0	0	0	0	0	0	0	0	0	0	0	0	0	0	0	0	0	0	0	0	0	0	0	0	0	0	4	0	0	0	0	0	0	0	0	0	0	0	0	0	0	0	0	0	0	0	0	0	0	0	0	0	0	0	0	0	0	0	0
Fungi;Basidiomycota;Tremellomycetes;Tremellales;Cuniculitremaceae;Kockovaella;Kockovaella thailandica	Jelly Fungi	0	0	0	0	0	0	0	0	0	0	0	0	0	0	0	0	0	0	0	0	0	0	0	0	0	0	0	0	0	0	0	0	0	2	2	0	0	0	0	0	0	0	0	0	0	0	0	0	0	0	0	0	0	0	0	0	0	0	0	0	0	0	0	0	0	0	0	0	0	0	0	0	0	0	0	0	0	0	0	0	0	0	0	0	0	0	0	0	0	0	0	0	0	0	0	0	0	0	0	0	0	0	0	0	0	0	0	3	2	2	2	3	10	0	0	0	2	0	2	2	0	0	0
Fungi;Basidiomycota;Tremellomycetes;Tremellales;Trimorphomycetaceae;Saitozyma	Jelly Fungi	0	0	0	0	0	0	0	0	0	0	0	0	0	0	0	0	0	0	0	0	0	0	0	0	0	0	0	0	0	0	0	0	0	0	13	0	0	0	0	0	0	0	0	0	0	0	0	0	0	0	0	0	0	0	0	0	0	0	0	0	0	0	0	0	0	0	0	0	0	0	0	0	0	0	0	0	0	0	0	0	0	0	0	0	0	0	0	0	0	0	0	0	0	0	0	0	0	0	0	0	0	0	0	0	0	0	0	0	0	0	0	0	0	0	0	0	0	0	0	0	0	0	0
Fungi;Basidiomycota;Tremellomycetes;Trichosporonales;Trichosporonaceae;Vanrija;Vanrija nantouana	Basidio's	0	2	0	0	2	0	0	0	0	0	0	0	0	0	0	0	0	0	0	0	0	0	0	0	0	0	0	0	0	0	0	32	0	0	0	0	21	0	0	0	0	10	0	0	0	0	0	14	0	0	0	0	3	0	135	0	0	0	0	0	0	0	0	0	0	0	0	0	0	0	0	150	0	9	0	0	0	0	3	0	0	0	0	0	0	0	0	0	0	0	21	0	0	0	0	0	0	191	2	0	0	0	0	0	3	0	0	0	0	0	3	0	0	0	0	0	0	0	0	0	0	0	0
Fungi;Basidiomycota;Tritirachiomycetes;Tritirachiales;Tritirachiaceae;Tritirachium	Basidio's	0	0	0	0	0	0	0	0	0	0	0	0	0	0	0	0	0	0	0	0	0	0	0	0	0	0	0	0	0	0	0	0	0	0	0	0	0	0	0	0	0	0	0	0	0	0	0	0	0	0	0	0	0	0	0	0	0	0	0	0	0	0	0	0	0	0	0	0	0	0	0	0	0	0	0	0	0	0	0	0	0	0	0	0	0	0	0	0	0	0	0	0	0	0	0	0	0	13	0	0	0	0	0	0	0	0	0	0	0	0	0	0	0	0	0	0	0	0	0	0	0	0	0
Fungi;Basidiomycota;Tritirachiomycetes;Tritirachiales;Tritirachiaceae;Tritirachium;Tritirachium oryzae	Basidio's	0	0	0	0	0	0	0	0	0	0	0	0	0	0	0	0	0	0	0	0	0	0	0	0	0	0	0	0	0	0	0	0	0	0	0	0	0	0	0	0	0	0	0	0	0	0	0	0	0	0	0	0	0	0	0	0	0	0	0	0	0	0	0	0	0	0	0	0	0	0	0	0	0	0	0	0	0	0	0	0	0	0	0	0	0	0	0	0	0	0	0	0	0	0	0	0	0	443	0	0	0	0	0	0	0	0	0	0	0	0	0	0	0	0	0	0	0	0	0	0	0	0	0
Fungi;Chytridiomycota;Chytridiomycetes;Spizellomycetales	Chitridiomycetes	0	0	0	0	0	0	0	0	0	0	0	0	0	0	0	0	0	0	0	0	0	0	0	0	0	0	0	0	0	0	0	0	0	0	0	0	0	0	0	0	0	0	0	0	0	0	0	0	0	0	0	0	2	0	0	0	0	0	3	0	0	0	0	0	0	0	0	0	0	0	0	0	0	0	0	0	0	0	0	0	0	0	2	0	0	0	0	0	0	0	0	0	0	0	0	0	0	0	0	0	0	0	0	0	0	0	0	0	0	0	0	0	0	0	0	0	0	0	0	0	0	0	0
Fungi;Mucoromycota;Endogonomycetes;Endogonales;Endogonaceae;Endogone;Endogone pisiformis	Hairy Pea Truffle	0	0	0	0	0	0	0	0	0	0	0	0	0	0	0	0	0	0	0	0	0	0	0	0	0	0	0	0	0	0	0	0	0	0	0	0	0	0	0	0	0	0	0	0	0	0	0	0	0	0	0	0	0	0	0	0	0	0	0	0	0	0	0	0	0	0	0	0	0	0	0	0	0	0	0	0	0	0	0	0	0	0	0	0	0	0	0	0	0	0	0	0	0	0	0	0	0	0	0	0	0	0	0	0	0	0	0	0	0	0	0	0	0	0	0	0	6	0	0	0	0	0	0
Fungi;Mucoromycota;Glomeromycetes;Archaeosporales;Archaeosporaceae;Archaeospora;Archaeospora ecuadoriana	Fungi	0	0	0	0	0	0	0	0	0	0	0	0	0	0	0	0	0	0	0	0	0	0	0	0	0	0	0	0	0	0	0	0	0	0	0	0	0	0	0	0	0	0	0	0	0	0	0	0	0	0	0	0	0	0	0	0	0	0	0	0	0	0	0	0	0	0	0	0	0	0	0	0	0	0	0	0	0	0	0	0	0	0	0	0	0	0	0	0	0	21	0	0	0	0	0	0	0	0	0	0	0	0	0	0	0	0	0	0	0	0	0	0	0	0	0	0	0	0	0	0	0	0	0
Fungi;Mucoromycota;Glomeromycetes;Glomerales;Glomeraceae;Glomus;Glomus sp. 23 ZHNL-2013	Fungi	0	0	0	0	0	0	0	0	0	0	0	0	0	0	0	0	0	0	0	0	0	0	0	0	0	0	0	0	0	0	0	0	0	0	0	0	0	0	0	0	0	0	0	0	0	0	0	0	0	0	0	0	0	0	0	0	0	0	0	0	0	0	0	0	0	0	0	0	0	0	0	0	0	0	0	2	0	0	0	0	0	0	0	0	0	0	0	0	0	0	0	0	0	0	0	0	0	0	0	0	0	0	0	0	0	0	0	0	0	0	0	0	0	0	0	0	0	0	0	0	0	0	0
Fungi;Mucoromycota;Glomeromycetes;Glomerales;Glomeraceae;Glomus;Glomus sp. 7 SUN-2011	Fungi	0	0	0	0	0	0	0	0	0	0	0	0	0	0	0	0	0	0	0	0	0	0	0	0	0	0	0	0	0	0	0	0	0	0	0	0	0	0	0	0	0	0	0	0	0	0	0	0	0	0	0	0	0	0	0	0	0	0	0	0	0	0	0	0	0	0	0	0	0	0	0	0	3	0	0	0	0	0	0	0	0	0	0	0	0	0	0	0	0	0	0	0	0	0	0	0	0	0	0	0	0	0	0	0	0	0	0	0	0	0	0	0	0	0	0	0	0	0	0	0	0	0	0
Fungi;Mucoromycota;Glomeromycetes;Glomerales;Glomeraceae;Glomus;Glomus sp. BHICB-J-Glo1	Fungi	0	0	0	0	0	0	0	0	0	0	0	0	0	0	0	0	0	0	0	0	0	0	0	0	0	0	0	0	0	0	0	0	0	0	0	0	0	0	0	0	0	0	0	0	17	0	0	0	0	0	0	0	0	0	0	0	0	0	0	0	0	0	0	0	0	0	0	0	0	0	0	0	0	0	0	0	0	0	0	0	0	0	0	0	0	0	14	0	0	0	0	0	0	0	0	0	0	0	0	0	0	0	0	0	0	0	0	0	0	0	0	0	0	0	0	0	0	0	0	0	0	0	0
Fungi;Mucoromycota;Glomeromycetes;Glomerales;Glomeraceae;Septoglomus	Fungi	0	0	0	0	5	0	0	0	0	0	0	0	0	0	0	0	0	0	0	0	0	0	0	0	0	0	0	0	0	0	0	0	0	0	0	0	0	7	0	0	0	0	0	0	0	0	0	0	0	0	0	0	0	0	0	2	0	0	0	0	0	0	0	0	0	0	0	0	0	0	0	0	0	0	0	0	0	0	0	0	0	0	0	0	0	0	0	0	0	0	0	0	0	0	0	3	0	0	0	0	0	0	0	0	0	0	0	0	0	0	0	0	0	0	0	0	0	0	0	0	0	0	0
Fungi;Mucoromycota;Mortierellomycetes;Mortierellales;Mortierellaceae	Fungi	0	0	0	0	0	0	7	0	0	0	0	0	0	0	0	0	0	0	0	0	0	0	0	0	0	0	0	0	0	0	0	0	0	0	0	0	0	0	0	0	0	0	0	0	0	0	0	0	0	0	0	0	0	0	0	0	0	0	0	0	0	0	0	0	0	0	0	0	0	0	0	0	0	0	0	0	0	0	0	0	0	0	0	0	0	0	0	0	0	0	0	0	5	0	0	0	0	0	0	0	0	0	0	0	0	0	0	0	0	0	0	0	0	0	0	0	0	0	0	0	0	0	0
Fungi;Mucoromycota;Mortierellomycetes;Mortierellales;Mortierellaceae;Mortierella;Mortierella sp. MS-6	Fungi	0	0	0	0	0	0	0	0	0	0	0	0	0	0	0	0	0	0	0	0	0	0	0	0	0	0	0	0	0	0	0	0	0	0	0	0	0	0	0	0	0	0	0	0	0	0	0	0	0	0	0	0	0	0	0	0	0	0	0	0	0	0	0	0	0	0	0	0	0	0	0	0	0	0	0	0	0	0	0	0	0	0	0	0	0	0	0	0	0	0	0	0	0	0	0	0	0	0	0	0	0	0	0	0	0	0	0	0	0	0	0	0	15	0	0	0	0	0	0	0	0	0	0
Fungi;Zoopagomycota;Entomophthoromycetes;Entomophthorales;Entomophthoraceae;Pandora;Pandora neoaphidis	Insect Destroyers	0	0	0	0	0	0	0	0	0	0	0	3	0	4	0	0	0	0	0	0	0	0	0	0	0	0	0	0	0	0	0	0	0	0	0	0	0	0	0	0	0	0	0	0	0	0	0	0	0	0	0	0	0	0	0	0	0	0	0	0	0	0	0	0	0	0	0	0	0	0	0	0	0	0	0	0	0	0	0	0	0	0	0	0	0	0	0	0	0	0	0	0	0	0	0	0	0	0	0	0	0	0	0	0	0	0	0	0	0	0	0	0	0	0	0	0	0	0	0	0	0	0	0
Fungi;Zoopagomycota;Entomophthoromycetes;Entomophthorales;Entomophthoraceae;Zoophthora;Zoophthora radicans	Insect Destroyers	0	0	0	0	0	0	0	0	0	0	0	0	0	0	0	0	0	0	0	0	0	0	0	0	0	0	0	0	0	0	0	0	0	0	0	0	0	0	0	0	0	0	0	0	0	0	0	0	0	0	0	0	0	0	0	0	0	0	0	0	0	0	0	0	0	0	0	0	0	25	0	0	0	0	0	0	0	0	0	0	0	0	0	0	0	0	0	0	0	0	0	0	0	0	0	0	0	0	0	0	0	0	0	0	0	0	0	0	0	0	0	0	0	0	0	0	0	0	0	0	0	0	0
Plantae;Chlorophyta;Chlorodendrophyceae;Chlorodendrales;Chlorodendraceae;Tetraselmis	Green algae	0	0	0	0	0	0	10	0	0	0	0	0	0	0	0	0	0	0	0	2	0	0	0	0	0	0	0	0	0	0	0	0	3	12	18	6	0	0	0	0	0	0	0	0	0	0	0	0	0	0	0	0	7	2	0	0	0	0	3	0	0	0	0	0	0	0	8	0	0	0	0	0	0	0	0	0	2	0	0	0	0	0	0	0	0	2	0	0	2	0	0	0	2	0	15	0	6	0	0	0	0	0	0	0	0	0	0	0	0	0	2	0	2	0	0	78	42	69	50	7	4	2	0
Plantae;Chlorophyta;Chlorodendrophyceae;Chlorodendrales;Chlorodendraceae;Tetraselmis;Tetraselmis cordiformis	Green algae	0	0	10	12	0	29	424	164	3	0	0	7	2	48	28	3	15	0	0	97	0	0	0	7	0	0	0	0	0	0	2	12	174	1051	1412	59	18	8	142	0	0	0	0	13	128	62	9	18	10	36	0	0	709	51	0	99	13	0	369	14	0	0	53	0	61	21	703	62	38	0	0	0	0	21	0	0	174	141	75	141	100	55	7	3	0	81	14	429	92	0	0	0	91	0	314	0	389	0	0	0	2	0	2	0	6	5	0	7	18	13	25	34	16	0	0	336	258	311	252	190	295	354	27
Plantae;Chlorophyta;Chlorophyceae;Chaetophorales	Chlorophycean Green Algae	0	0	0	0	0	0	0	0	0	0	0	0	0	0	0	0	0	0	0	0	0	0	0	0	0	0	0	0	0	0	0	0	0	0	0	24	0	0	0	0	0	0	0	0	0	0	0	0	0	0	0	0	0	0	0	0	0	5	9	4	0	0	0	0	0	0	0	0	0	0	0	0	0	0	0	0	0	0	0	0	0	0	0	0	0	0	0	0	0	0	0	0	0	0	0	0	0	0	0	0	0	0	0	0	0	0	0	0	0	0	0	0	0	0	0	0	0	0	0	0	0	0	0
Plantae;Chlorophyta;Chlorophyceae;Chlamydomonadales	Chlorophycean Green Algae	0	0	0	0	0	0	0	0	0	15	0	0	0	2	0	0	0	0	0	0	0	0	0	0	0	0	0	0	0	0	0	0	0	0	4	0	0	0	0	0	0	0	3	0	0	4	0	0	0	0	0	2	0	0	0	0	0	0	0	0	0	0	0	0	0	0	0	0	0	0	0	0	395	0	3	0	0	0	0	0	0	4	0	0	0	2	0	31	0	26	0	0	0	0	0	0	0	17	0	0	0	0	0	0	3	0	0	0	8	0	0	0	0	0	0	0	0	6	0	0	0	0	0
Plantae;Chlorophyta;Chlorophyceae;Chlamydomonadales;Chlamydomonadaceae;Chlamydomonas;Chlamydomonas asymmetrica	Chlorophycean Green Algae	0	0	0	0	0	0	4	0	0	0	0	0	0	0	0	0	0	0	0	0	0	0	0	0	0	0	0	0	0	0	0	0	0	0	0	0	0	0	0	0	0	0	0	0	0	0	0	0	0	0	0	0	0	0	0	0	0	0	0	0	0	0	0	0	0	0	0	0	0	0	0	0	0	0	0	0	0	0	0	0	0	0	0	0	0	0	0	0	0	0	0	0	0	0	0	0	0	0	0	0	0	0	0	0	0	0	0	0	0	0	0	0	0	0	0	0	12	0	0	0	6	0	0
Plantae;Chlorophyta;Chlorophyceae;Chlamydomonadales;Chlamydomonadaceae;Chlamydomonas;Chlamydomonas parkeae	Chlorophycean Green Algae	0	0	0	3	0	3	0	0	0	0	0	0	0	0	0	0	0	0	0	0	0	0	0	0	0	0	0	0	0	0	0	9	0	0	0	0	0	0	7	0	0	0	0	0	0	2	3	0	0	0	0	0	0	9	0	0	0	4	0	7	11	3	0	0	0	0	0	0	0	0	0	0	0	0	0	0	19	0	24	0	3	16	0	0	0	0	22	0	3	0	0	0	0	0	0	0	0	0	0	0	0	0	0	0	0	2	2	0	0	0	0	0	0	0	0	0	0	0	0	0	0	0	0
Plantae;Chlorophyta;Chlorophyceae;Chlamydomonadales;Chlamydomonadaceae;Chloromonas;Chloromonas fonticola	Chlorophycean Green Algae	0	0	0	0	0	0	0	0	0	0	0	0	0	0	0	0	0	0	0	0	0	0	0	0	0	0	0	0	0	0	0	0	0	0	0	0	0	0	0	0	0	3	0	0	0	0	0	0	0	0	0	0	0	0	0	0	0	0	0	0	0	0	0	0	0	0	0	0	0	0	0	0	0	0	0	0	0	0	0	0	0	0	0	0	0	0	0	0	0	0	0	0	0	0	0	0	0	0	0	0	0	0	0	0	0	0	0	0	0	0	0	0	0	0	0	0	0	0	0	0	0	0	0
Plantae;Chlorophyta;Chlorophyceae;Chlamydomonadales;Chlamydomonadaceae;Desmotetra	Chlorophycean Green Algae	0	0	0	0	0	0	0	0	0	0	0	0	0	0	0	0	0	0	0	0	0	0	0	0	0	0	0	0	0	0	0	0	0	0	0	0	0	0	0	0	0	0	0	0	0	0	0	0	0	0	0	0	0	0	0	0	0	0	0	0	0	0	0	0	0	0	0	0	0	0	0	0	0	0	0	0	0	0	0	0	0	0	0	0	0	0	0	0	0	0	0	0	0	0	0	0	0	0	0	0	0	0	0	0	0	0	0	0	0	9	0	0	0	0	0	0	0	0	0	0	0	0	0
Plantae;Chlorophyta;Chlorophyceae;Chlamydomonadales;Chlamydomonadaceae;Heterochlamydomonas	Chlorophycean Green Algae	0	0	0	0	0	0	5	0	0	0	0	0	0	0	0	0	0	0	0	0	0	0	0	0	0	0	0	0	0	0	0	0	0	0	0	0	0	0	0	0	0	0	0	0	0	0	0	0	0	0	0	0	0	0	0	0	0	0	0	0	0	0	0	0	0	0	0	0	0	0	0	0	0	0	0	0	0	0	0	0	0	0	0	0	0	0	0	0	0	0	0	0	0	0	0	0	0	0	0	0	0	0	0	0	0	0	0	0	0	0	0	0	22	0	0	0	17	0	0	0	0	0	0
Plantae;Chlorophyta;Chlorophyceae;Chlamydomonadales;Dunaliellaceae;Hafniomonas;Hafniomonas reticulata	Chlorophycean Green Algae	0	0	0	0	0	0	0	0	0	0	0	0	0	0	0	0	0	0	0	0	0	0	0	0	0	0	0	13	0	0	0	0	0	0	0	0	0	0	0	0	0	0	0	0	0	0	0	0	0	0	0	0	0	0	0	0	0	0	0	0	0	0	0	0	0	0	0	0	0	0	0	0	0	0	0	0	0	0	0	0	0	0	0	0	0	0	0	0	0	0	0	0	0	0	0	0	0	0	0	0	0	0	0	0	0	0	0	0	0	0	0	0	0	0	0	0	0	0	0	0	0	0	0
Plantae;Chlorophyta;Chlorophyceae;Chlamydomonadales;Sphaerocystidaceae;Sphaerocystis;cf. Sphaerocystis sp. CCCryo 133-01	Chlorophycean Green Algae	0	0	0	0	0	0	0	3	0	0	0	0	0	0	0	0	0	0	0	0	0	0	0	0	0	0	0	0	0	0	0	0	0	0	0	0	0	0	0	0	0	0	0	0	0	0	0	0	0	0	0	0	0	0	0	0	0	0	0	0	0	0	0	0	0	0	0	0	0	0	0	0	0	0	0	0	0	0	0	0	0	0	0	0	0	0	0	0	0	0	0	0	0	0	0	0	0	0	0	0	0	0	0	0	0	0	0	0	0	0	0	0	0	0	0	0	6	0	0	0	0	0	0
Plantae;Chlorophyta;Chlorophyceae;Chlamydomonadales;Tetracystaceae;Tetracystis;Tetracystis sarcinalis	Chlorophycean Green Algae	0	0	0	0	0	0	0	0	0	0	0	0	0	0	0	0	0	0	0	0	0	0	0	0	0	0	0	0	0	0	0	0	0	0	0	0	0	0	0	0	0	0	0	0	0	0	0	0	0	0	0	0	0	0	0	0	0	0	0	0	0	0	0	0	0	0	0	0	0	0	0	0	0	0	0	0	0	0	0	0	0	0	0	0	0	0	0	0	0	0	0	0	0	0	0	0	0	0	0	0	0	0	0	0	0	0	0	0	0	0	0	0	0	0	0	0	0	0	0	0	5	0	0
Plantae;Chlorophyta;Chlorophyceae;Oedogoniales;Oedogoniaceae;Oedogonium	Chlorophycean Green Algae	0	0	3	0	0	0	0	0	0	0	0	0	0	0	0	0	0	0	0	0	0	0	0	0	0	0	0	0	0	0	0	0	0	0	0	0	0	0	0	0	0	0	0	0	0	0	0	0	0	0	0	0	0	0	0	0	0	0	0	0	0	0	0	0	0	0	0	10	0	0	0	0	0	0	0	0	0	0	0	0	0	0	0	0	0	0	0	0	0	0	0	0	0	0	0	0	0	0	0	0	0	0	0	0	0	0	0	0	0	0	0	0	0	0	0	0	0	0	0	0	0	0	0
Plantae;Chlorophyta;Chlorophyceae;Oedogoniales;Oedogoniaceae;Oedogonium;Oedogonium angustistomum	Chlorophycean Green Algae	0	0	0	0	0	0	0	0	0	0	0	0	0	3	0	0	0	0	0	0	0	0	0	0	0	0	0	0	0	0	0	0	0	0	0	0	0	0	0	0	0	0	0	0	0	0	0	0	0	0	0	0	0	0	0	0	0	0	0	0	0	0	0	0	0	0	0	8	0	0	0	0	0	0	0	0	0	0	0	0	0	0	0	0	0	0	0	0	0	0	0	0	0	0	0	0	0	0	0	0	0	0	0	0	0	0	0	0	0	0	0	0	0	0	0	0	0	0	0	0	0	0	0
Plantae;Chlorophyta;Chlorophyceae;Protosiphonales;Protosiphonaceae;Protosiphon	Chlorophycean Green Algae	0	0	0	0	0	0	3	0	0	0	0	0	0	0	0	0	0	0	0	0	0	0	0	0	0	0	0	0	0	0	0	0	0	0	0	0	0	0	0	0	0	0	0	0	0	0	0	0	0	0	0	0	0	0	0	0	0	0	0	0	0	0	0	0	0	0	0	0	0	0	0	0	0	0	0	0	0	0	0	0	0	0	0	0	0	0	0	0	0	0	0	0	0	0	0	0	0	0	0	0	0	0	0	0	0	0	0	0	0	0	0	0	0	0	0	0	11	0	0	0	0	0	0
Plantae;Chlorophyta;Chlorophyceae;Sphaeropleales;Scenedesmaceae	Chlorophycean Green Algae	0	0	0	0	0	0	4	0	0	0	0	0	0	0	0	0	5	0	0	8	0	0	0	0	0	0	0	0	0	0	0	17	0	0	0	12	0	0	0	0	0	0	0	0	0	0	0	0	0	0	0	0	0	0	0	0	0	0	0	0	0	0	0	0	0	0	0	0	0	0	0	0	0	0	0	0	0	0	0	0	0	0	0	0	0	0	0	0	0	0	0	0	4	2	0	0	0	0	0	0	0	0	0	0	0	0	0	0	7	5	0	0	2	0	0	19	41	37	3	0	0	0	0
Plantae;Chlorophyta;Mamiellophyceae;Dolichomastigales;Crustomastigaceae;Crustomastix	Green algae	2	0	2	0	6	0	0	0	9	18	7	11	38	8	0	0	9	6	5	0	3	4	19	7	4	0	0	0	6	0	8	16	5	11	63	38	51	6	10	117	133	9	12	6	48	31	7	29	48	9	0	14	13	198	2	14	10	66	67	17	0	43	0	0	3	0	15	0	0	6	10	0	257	8	56	147	30	3	90	99	3	12	0	7	69	10	125	43	0	35	0	15	0	0	0	2	0	0	0	0	0	4	0	2	0	0	0	0	2	0	3	0	0	4	2	4	0	0	0	0	0	21	130
Plantae;Chlorophyta;Mamiellophyceae;Dolichomastigales;Crustomastigaceae;Crustomastix;Crustomastix sp. BH41_108	Green algae	0	0	0	0	0	0	0	0	0	0	0	0	0	0	0	0	0	0	0	0	0	0	0	0	0	0	0	0	0	0	0	0	0	0	0	0	0	0	0	0	2	0	0	0	0	3	0	0	0	0	0	0	0	0	0	0	0	3	0	0	0	0	0	0	0	0	0	0	0	0	0	0	0	0	0	0	0	0	0	0	0	0	0	0	0	0	0	0	0	0	0	0	0	0	0	0	0	0	0	0	0	0	0	0	0	0	0	0	0	0	0	0	0	0	0	0	0	0	0	0	0	0	0
Plantae;Chlorophyta;Mamiellophyceae;Dolichomastigales;Crustomastigaceae;Crustomastix;Crustomastix sp. MBIC10709	Green algae	0	0	0	0	0	0	0	0	0	0	0	0	0	0	0	0	0	0	0	0	0	0	0	0	0	0	0	0	0	0	0	0	0	2	0	0	0	0	0	0	0	0	0	0	0	0	0	0	0	0	0	0	0	0	0	0	0	0	0	0	0	0	0	0	0	0	0	0	0	0	0	0	0	0	0	0	0	0	0	0	0	0	0	0	0	0	0	0	0	0	0	0	0	0	0	0	0	0	0	0	0	0	0	0	0	0	0	0	0	0	0	0	0	0	0	7	0	0	0	0	0	0	0
Plantae;Chlorophyta;Mamiellophyceae;Dolichomastigales;Crustomastigaceae;Crustomastix;Crustomastix stigmatica	Green algae	17	25	31	0	43	4	0	0	21	57	8	32	72	19	0	0	7	14	34	0	7	3	22	25	12	22	12	0	35	3	60	167	3	28	62	212	93	16	35	42	863	34	16	18	103	73	18	154	106	36	0	0	50	145	15	9	26	111	169	30	28	31	10	2	4	26	23	2	4	12	8	0	90	28	141	528	45	8	47	76	6	8	0	40	62	15	256	43	2	66	0	21	0	8	0	47	5	0	16	0	0	11	0	0	5	0	0	3	0	3	0	0	11	5	6	11	7	7	0	3	0	18	215
Plantae;Chlorophyta;Mamiellophyceae;Mamiellales	Green algae	0	0	0	0	0	0	0	0	0	0	0	0	0	0	0	0	0	0	0	0	0	0	0	0	0	0	0	0	0	0	0	0	0	0	0	0	0	0	0	0	0	0	0	0	0	0	0	0	0	2	0	0	0	0	7	0	0	0	0	0	0	0	2	0	0	0	0	0	0	2	0	0	0	0	0	0	0	0	2	0	0	0	0	0	0	0	8	0	0	0	0	0	0	0	0	0	0	0	0	0	0	0	0	0	0	0	0	0	0	0	0	0	0	0	0	0	0	0	0	0	0	0	0
Plantae;Chlorophyta;Mamiellophyceae;Mamiellales;Bathycoccaceae;Bathycoccus;Bathycoccus prasinos	Green algae	0	0	0	3	0	2	0	0	0	0	0	0	0	0	0	7	0	0	0	0	0	0	0	0	0	0	0	0	0	0	0	0	0	0	3	0	3	15	14	0	0	0	4	4	4	10	0	10	14	36	0	0	0	0	45	3	0	0	10	0	22	12	21	0	0	0	0	2	0	0	0	0	19	0	5	2	0	31	12	0	3	15	3	23	25	3	36	20	14	0	0	0	0	0	0	0	17	0	0	0	0	0	0	0	18	0	4	0	0	0	0	0	0	2	0	0	11	3	9	0	39	125	0
Plantae;Chlorophyta;Mamiellophyceae;Mamiellales;Bathycoccaceae;Ostreococcus;Ostreococcus sp. 'lucimarinus'	Green algae	0	0	5	11	0	5	0	0	0	0	0	0	0	0	5	8	0	0	0	0	0	0	0	0	0	0	0	0	0	0	0	0	0	0	0	0	0	0	0	0	0	0	0	2	2	0	0	0	2	3	0	0	0	0	0	0	0	0	0	0	19	2	0	0	8	0	12	0	3	3	0	0	0	0	0	0	0	7	10	4	10	7	5	0	0	2	17	11	5	0	0	0	2	0	8	0	7	0	0	0	11	0	7	0	4	4	8	0	0	0	0	0	2	0	0	2	10	4	5	21	51	17	0
Plantae;Chlorophyta;Mamiellophyceae;Mamiellales;Mamiellaceae;Mantoniella;Mantoniella squamata	Green algae	0	0	0	0	0	0	0	0	0	0	0	0	0	0	0	0	0	0	0	0	0	0	0	0	0	0	0	0	0	0	0	0	0	0	0	0	0	0	0	0	0	0	0	0	0	0	0	0	0	0	0	0	0	0	0	0	0	0	0	0	0	0	0	0	0	0	0	0	0	0	0	0	0	0	0	0	0	2	0	0	0	0	0	0	0	0	0	0	0	0	0	0	0	0	0	0	0	0	0	0	0	0	0	0	3	0	0	0	0	0	0	0	0	0	0	0	0	0	0	0	0	0	0
Plantae;Chlorophyta;Mamiellophyceae;Mamiellales;Mamiellaceae;Micromonas	Green algae	0	0	22	0	0	7	4	0	0	0	0	0	0	0	0	7	0	0	0	0	0	0	0	0	0	0	0	0	0	0	3	0	7	17	29	0	5	9	29	42	0	11	16	23	26	16	0	22	23	46	0	0	60	0	9	25	0	12	7	0	12	20	19	3	2	0	35	0	0	5	0	0	13	0	4	397	8	10	54	0	12	18	0	2	0	2	71	38	16	2	0	0	0	0	3	0	115	0	0	0	6	0	4	0	0	4	0	0	0	0	0	0	0	0	0	23	22	26	27	46	136	563	21
Plantae;Chlorophyta;Mamiellophyceae;Mamiellales;Mamiellaceae;Micromonas;Micromonas pusilla	Green algae	0	0	7	6	0	4	0	0	0	0	0	0	2	0	0	4	0	0	0	0	0	0	0	0	0	0	0	0	0	0	0	0	0	12	22	0	4	21	21	4	0	0	6	5	10	17	0	14	10	79	0	0	6	0	88	17	2	5	4	2	75	7	16	8	5	0	11	0	7	7	0	0	18	0	18	27	0	0	7	0	8	12	0	0	0	3	99	17	12	6	0	0	0	0	0	0	37	0	0	0	3	0	4	0	8	0	0	0	0	0	0	0	0	0	0	10	5	4	5	8	23	164	14
Plantae;Chlorophyta;Mamiellophyceae;Mamiellales;Mamiellaceae;Micromonas;Micromonas sp. RCC831	Green algae	0	0	0	0	0	0	0	0	0	0	0	0	0	0	0	0	0	0	0	0	0	0	0	0	0	0	0	0	0	0	0	0	0	0	2	0	0	0	0	0	0	0	0	0	0	0	0	0	0	0	0	0	0	0	0	0	0	0	0	0	0	0	0	0	0	0	0	0	0	0	0	0	0	0	0	0	0	0	0	0	0	0	0	0	0	0	0	0	0	0	0	0	0	0	0	0	0	0	0	0	0	0	0	0	0	0	0	0	0	0	0	0	0	0	0	0	0	0	0	0	0	3	0
Plantae;Chlorophyta;NA;NA;Pycnococcaceae	Green algae	0	0	4	15	0	39	26	23	3	0	0	6	3	0	14	2	3	3	2	14	0	0	0	5	0	0	0	0	0	0	7	0	0	19	13	0	2	6	55	0	50	46	14	75	57	40	7	18	40	36	0	0	14	27	0	60	0	0	20	12	0	24	10	4	8	0	26	27	11	51	6	0	46	40	40	68	32	100	109	41	8	14	4	15	0	43	138	166	35	37	0	0	9	0	12	0	9	0	2	0	4	0	0	0	22	2	3	38	46	33	26	34	78	0	0	147	113	352	307	382	254	447	26
Plantae;Chlorophyta;NA;NA;Pycnococcaceae;Pycnococcus;Pycnococcus provasolii	Green algae	0	0	0	3	0	7	3	8	2	0	0	2	0	0	2	0	0	0	0	3	0	0	0	0	0	0	0	0	0	0	3	0	0	9	0	0	0	0	10	0	22	9	6	13	13	14	3	2	8	6	0	0	2	10	0	13	0	0	5	0	0	7	0	0	2	0	2	3	0	18	0	0	15	13	9	25	11	24	34	7	3	3	0	4	0	8	25	36	4	14	0	0	0	0	0	0	4	0	0	0	3	0	0	0	3	0	0	10	10	5	11	8	17	0	0	30	20	83	71	74	50	82	9
Plantae;Chlorophyta;NA;NA;Pycnococcaceae;Pycnococcus;Pycnococcus sp. MBIC10637	Green algae	0	0	0	2	0	0	2	0	0	0	0	0	0	0	0	0	0	0	0	0	0	0	0	0	0	0	0	0	0	0	0	0	0	0	0	0	0	0	0	0	0	0	0	0	0	0	0	0	0	0	0	0	0	0	0	0	0	0	0	0	0	0	0	0	0	0	3	0	0	2	0	0	0	0	0	0	0	0	0	0	0	0	0	0	0	0	3	3	0	0	0	0	0	0	0	0	0	0	0	0	0	0	0	0	0	0	0	0	0	0	0	0	2	0	0	0	2	8	0	4	0	12	0
Plantae;Chlorophyta;Nephroselmidophyceae;Nephroselmidales;Nephroselmidaceae;Nephroselmis;Nephroselmis pyriformis	Green algae	0	0	0	0	0	0	0	0	0	0	0	0	0	0	0	0	0	0	0	0	0	0	0	0	0	0	0	0	0	0	0	0	0	2	0	0	0	0	0	0	0	0	0	0	0	9	0	0	0	0	0	0	0	0	0	0	0	0	0	0	0	0	0	0	0	0	0	0	0	0	0	0	0	0	0	0	0	0	0	0	0	0	0	0	0	0	0	0	0	0	0	0	0	0	0	0	0	0	0	0	2	0	0	0	0	0	2	0	0	0	0	0	0	0	0	0	0	0	0	0	0	0	0
Plantae;Chlorophyta;Pyramimonadophyceae;Pyramimonadales	Green algae	0	0	0	0	0	0	0	0	0	0	0	0	0	0	0	0	0	0	0	0	0	0	0	0	0	0	0	0	0	0	0	0	0	0	0	0	3	0	0	0	0	0	0	0	0	0	0	2	0	0	0	0	0	0	0	0	0	0	0	0	0	0	0	9	0	0	4	0	0	0	0	0	0	0	0	0	114	0	0	2	0	0	0	0	2	0	26	0	0	0	0	0	0	0	0	0	0	0	0	0	3	0	0	0	0	0	0	0	0	0	0	0	0	0	0	0	3	8	0	0	0	0	0
Plantae;Chlorophyta;Pyramimonadophyceae;Pyramimonadales;Pyramimonadaceae	Green algae	0	0	0	2	0	0	0	0	0	0	0	0	0	0	0	7	0	0	0	0	0	0	0	0	0	0	0	0	0	0	0	0	0	0	12	0	0	0	0	0	0	0	0	0	8	5	0	2	2	2	0	0	0	0	0	0	0	7	0	0	0	0	0	0	0	0	4	0	0	0	0	0	65	0	0	0	18	0	0	0	0	0	2	0	10	0	115	0	0	0	0	0	0	0	0	0	0	0	0	0	0	0	0	0	0	0	2	0	0	0	0	0	0	0	0	8	3	0	0	0	0	2	0
Plantae;Chlorophyta;Pyramimonadophyceae;Pyramimonadales;Pyramimonadaceae;Cymbomonas;Cymbomonas tetramitiformis	Green algae	0	0	0	9	0	14	15	3	0	0	0	0	0	0	0	28	0	0	0	6	0	0	0	0	0	0	0	0	0	0	0	0	0	0	20	6	0	0	0	0	0	0	0	0	2	0	0	0	0	0	0	0	0	0	0	0	0	0	0	2	0	0	10	0	0	0	106	0	0	0	0	0	0	13	0	0	0	10	0	0	3	0	9	2	0	0	3	2	7	0	0	0	5	0	6	0	12	0	0	0	21	0	11	0	92	7	4	13	15	10	18	23	30	0	15	18	14	8	0	0	10	2	0
Plantae;Chlorophyta;Pyramimonadophyceae;Pyramimonadales;Pyramimonadaceae;Pterosperma;Pterosperma cristatum	Green algae	0	0	0	0	0	0	0	4	0	0	0	0	0	0	0	0	0	0	0	2	0	0	0	0	0	0	0	0	0	0	0	0	0	6	0	0	0	0	3	0	0	0	0	0	0	0	0	5	25	0	0	0	0	0	0	0	0	0	0	2	0	0	0	0	0	0	0	0	0	0	0	0	0	0	0	0	0	0	0	0	0	0	0	0	0	2	115	2	0	0	0	0	6	0	4	0	3	0	0	0	0	0	0	0	0	0	0	0	0	7	0	2	0	0	0	17	18	4	5	6	18	92	0
Plantae;Chlorophyta;Pyramimonadophyceae;Pyramimonadales;Pyramimonadaceae;Pyramimonas	Green algae	0	0	38	10	0	27	73	48	0	0	0	0	0	3	0	31	0	0	0	31	0	0	0	8	0	0	0	0	0	0	2	0	0	30	36	16	5	8	3	0	0	5	9	4	13	2	0	3	3	25	0	0	0	0	32	26	0	0	0	8	0	4	5	0	0	0	6	0	0	0	0	0	38	0	57	0	9	0	3	257	7	14	30	0	62	0	687	14	6	0	0	0	19	3	66	0	78	0	0	0	16	0	5	0	16	8	13	0	2	0	0	3	4	0	0	114	160	91	58	41	158	60	0
Plantae;Chlorophyta;Pyramimonadophyceae;Pyramimonadales;Pyramimonadaceae;Pyramimonas;Pyramimonas australis	Green algae	0	0	0	0	0	0	2	0	0	0	0	0	0	0	0	2	0	0	0	0	0	0	0	0	0	0	0	0	0	0	0	0	0	0	0	0	0	0	0	0	0	0	0	0	0	0	0	0	0	0	0	0	0	0	2	0	0	0	0	0	0	0	0	0	0	0	0	0	0	0	0	0	0	0	0	0	0	0	0	0	0	0	0	0	0	0	0	0	0	0	0	0	0	0	6	0	3	0	0	0	0	0	0	0	0	0	0	0	0	0	0	0	0	0	0	2	0	4	0	4	10	3	0
Plantae;Chlorophyta;Pyramimonadophyceae;Pyramimonadales;Pyramimonadaceae;Pyramimonas;Pyramimonas tetrarhynchus	Green algae	0	0	0	2	0	9	6	0	0	0	0	0	0	0	0	21	0	0	0	0	0	0	0	0	0	0	0	0	0	0	0	0	0	0	0	0	0	0	0	0	0	0	0	0	0	0	0	0	0	0	0	0	2	0	0	0	0	0	0	0	0	0	0	0	0	0	0	0	0	2	0	0	0	0	0	0	0	0	0	0	0	0	14	5	0	0	19	0	0	0	0	0	4	0	17	0	11	0	0	0	7	0	2	0	2	4	7	0	0	0	0	0	0	0	0	8	12	0	0	0	6	2	0
Plantae;Chlorophyta;Trebouxiophyceae;Chlorellales	Green algae	0	0	0	0	0	0	0	0	0	0	0	0	0	0	0	0	0	0	0	0	0	0	0	0	0	0	0	0	0	0	0	0	0	0	0	0	0	0	0	0	0	0	0	0	0	0	0	0	0	0	0	0	0	0	0	0	0	0	0	0	0	0	0	0	0	0	0	0	0	0	0	0	0	0	0	0	0	0	0	0	0	0	0	0	0	0	0	0	0	0	0	0	7	0	0	0	0	0	0	0	0	0	0	0	0	0	0	0	0	0	0	0	0	0	0	0	0	0	0	0	0	0	0
Plantae;Chlorophyta;Trebouxiophyceae;Chlorellales;Chlorellaceae	Green algae	0	0	0	0	0	0	0	0	0	0	0	0	0	0	0	0	0	0	0	0	0	0	0	0	0	0	0	0	0	0	0	0	0	0	0	0	0	0	0	0	0	0	0	0	0	0	0	0	0	0	0	0	0	0	0	0	0	0	0	0	0	0	0	0	0	0	0	0	0	0	0	0	2	0	0	0	0	0	0	0	0	0	0	0	0	0	2	0	0	2	0	0	0	0	0	0	0	0	0	0	0	0	0	0	0	0	0	0	0	0	0	0	0	0	0	0	0	0	0	0	2	2	0
Plantae;Chlorophyta;Trebouxiophyceae;Chlorellales;Chlorellaceae;Nannochloris	Green algae	0	0	0	10	0	7	53	23	0	0	0	0	0	0	2	0	0	0	0	15	0	0	0	0	0	0	0	0	0	0	0	2	0	23	7	0	0	0	19	0	0	0	2	0	33	33	2	4	4	0	0	0	40	142	0	0	5	4	33	3	72	0	0	0	0	0	11	0	0	0	21	0	473	73	174	196	16	0	111	162	36	48	5	0	11	37	171	157	28	76	0	0	15	0	26	0	4	0	0	0	3	0	0	0	33	6	2	0	0	0	0	0	0	0	0	172	156	543	359	385	434	381	127
Plantae;Chlorophyta;Trebouxiophyceae;Chlorellales;Chlorellaceae;Nannochloris;Nannochloris sp. MI37	Green algae	0	0	0	0	0	0	0	0	0	0	0	0	0	0	0	0	0	0	0	0	0	0	0	0	0	0	0	0	0	0	0	0	0	0	0	0	0	0	0	0	0	0	0	0	0	0	0	0	0	0	0	0	0	0	0	0	0	0	0	0	0	0	0	0	0	0	0	0	0	0	0	0	0	3	0	0	0	0	0	0	0	0	0	0	0	0	16	2	0	0	0	0	0	0	0	0	0	0	0	0	0	0	0	0	0	0	0	0	0	0	0	0	0	0	0	0	0	0	0	0	0	0	0
Plantae;Chlorophyta;Trebouxiophyceae;Chlorellales;Chlorellaceae;Nannochloris;Nannochloris sp. NIES-3880	Green algae	0	0	0	15	0	40	49	27	0	0	0	0	0	0	26	0	0	0	0	32	0	0	0	0	0	0	0	0	0	0	0	0	0	0	0	0	0	0	0	8	0	6	0	0	5	2	0	0	4	0	0	0	0	3	0	0	0	0	5	0	0	0	0	0	0	0	0	0	0	0	0	0	81	0	18	46	18	8	7	0	6	0	4	2	0	10	26	25	0	8	0	0	17	0	34	0	3	0	0	0	2	0	0	0	3	0	0	30	26	30	32	18	64	0	0	200	138	422	469	522	475	42	0
Plantae;Chlorophyta;Trebouxiophyceae;NA;NA;Choricystis	Green algae	0	0	0	0	0	0	0	0	0	0	0	0	0	0	0	0	0	0	0	0	0	0	0	0	0	0	0	0	0	0	0	0	0	0	0	0	0	4	0	0	0	0	0	0	4	0	0	0	0	0	0	0	0	0	0	0	0	0	0	0	0	0	0	0	0	0	0	0	0	0	0	0	0	0	0	0	0	0	0	0	0	0	0	0	0	0	0	0	0	0	0	0	0	0	0	0	0	0	0	0	0	0	0	0	0	0	0	0	0	0	0	0	2	0	0	0	0	0	0	0	0	0	0
Plantae;Chlorophyta;Trebouxiophyceae;NA;NA;Choricystis;Choricystis sp. NIES-4292	Green algae	0	0	0	0	0	0	0	0	0	0	0	0	0	0	0	0	0	0	0	0	0	0	0	0	0	0	0	0	0	0	0	0	0	0	0	0	0	12	0	0	0	0	0	0	0	0	0	0	0	0	0	0	0	0	0	0	0	0	0	0	0	0	0	0	0	0	0	0	0	0	0	0	0	0	0	0	0	0	0	0	0	0	0	0	0	0	0	0	0	0	0	0	0	0	0	0	0	0	0	0	0	0	0	0	0	0	0	0	0	0	0	0	0	0	0	0	0	0	0	0	0	0	0
Plantae;Chlorophyta;Trebouxiophyceae;Watanabeales	Green algae	0	0	0	0	0	0	0	0	0	0	0	0	0	0	0	0	0	0	0	0	0	0	0	0	0	0	0	0	0	0	0	0	0	0	0	0	0	0	0	0	0	0	0	0	0	0	0	0	0	0	0	0	0	0	0	0	0	0	0	0	0	0	0	0	0	0	0	0	0	0	0	0	0	0	0	0	0	0	0	0	0	0	0	0	0	0	3	0	0	0	0	0	0	0	0	0	0	0	0	0	0	0	0	0	0	0	0	0	0	0	0	0	0	0	0	0	0	0	0	0	0	0	0
Plantae;Chlorophyta;Trebouxiophyceae;Watanabeales;NA;Jaagichlorella	Green algae	0	0	0	0	0	0	0	0	0	0	0	0	0	0	0	0	0	0	0	0	0	0	0	0	0	0	0	0	0	0	0	0	0	0	0	0	0	0	0	0	0	0	0	0	0	0	0	0	0	0	0	0	0	0	0	0	3	0	7	0	0	0	0	0	29	0	0	0	0	0	0	0	0	0	0	0	0	0	0	0	0	0	0	0	0	0	0	0	0	0	0	0	0	0	0	0	0	0	0	0	0	0	0	0	0	0	0	0	0	0	0	0	0	0	0	0	0	0	0	0	0	0	0
Plantae;Chlorophyta;Ulvophyceae;Oltmannsiellopsidales;Oltmannsiellopsidaceae;Oltmannsiellopsis;Oltmannsiellopsis viridis	Sea Lettuces And Single-celled Algae	0	0	0	0	0	0	0	0	0	0	0	0	0	0	0	0	0	0	0	0	0	0	0	0	0	0	0	0	0	0	0	0	0	0	0	0	3	0	0	0	0	0	0	0	0	0	0	0	0	0	0	0	0	0	0	0	0	0	0	0	0	0	0	0	0	0	0	0	0	0	0	0	0	0	0	0	0	0	4	0	0	0	0	0	0	0	0	0	0	0	0	0	0	0	2	0	0	0	0	0	0	0	0	0	0	0	0	0	0	0	0	0	0	0	0	0	0	0	0	0	0	0	0
Plantae;Chlorophyta;Ulvophyceae;Ulotrichales	Sea Lettuces And Single-celled Algae	0	0	0	0	0	0	0	0	0	0	0	0	0	0	0	0	0	0	0	0	0	3	0	0	0	0	0	0	0	0	0	0	0	0	0	0	0	0	0	0	0	0	0	0	0	0	0	0	0	0	0	0	0	0	0	0	0	0	0	0	0	0	0	0	0	0	0	0	0	0	0	0	0	0	0	0	0	0	0	0	0	0	0	0	0	0	7	0	0	0	0	0	0	0	0	0	0	0	0	0	0	0	0	0	0	0	0	0	0	0	0	0	0	0	0	0	0	0	0	0	0	0	11
Plantae;Chlorophyta;Ulvophyceae;Ulotrichales;Planophilaceae;Planophila	Sea Lettuces And Single-celled Algae	0	0	0	0	0	0	0	0	0	0	0	0	0	0	0	0	0	0	0	0	0	0	0	0	0	0	0	0	0	0	0	0	0	0	0	0	0	0	0	0	0	0	0	0	0	0	0	0	0	0	0	0	0	0	0	0	0	0	0	0	0	0	0	0	0	0	0	0	0	0	0	0	0	0	0	0	0	0	0	0	0	0	0	0	0	0	5	0	0	0	0	0	0	0	0	0	0	0	0	0	0	0	0	0	0	0	0	0	0	0	0	0	0	0	0	0	0	0	0	0	0	0	0
Plantae;Chlorophyta;Ulvophyceae;Ulvales	Sea Lettuces And Single-celled Algae	0	0	0	0	0	0	0	0	0	0	0	0	0	0	0	0	0	0	0	0	0	0	0	0	0	0	0	0	0	0	0	0	0	0	0	0	0	0	3	0	0	0	0	0	0	0	0	0	0	0	0	0	0	0	0	0	0	0	0	0	0	0	0	0	7	0	0	0	0	0	0	0	0	0	0	0	0	0	0	0	0	0	0	0	0	0	0	0	0	0	0	0	0	0	0	0	0	0	0	0	0	0	0	0	0	0	0	0	0	0	0	0	0	0	0	0	0	0	0	0	0	2	0
Plantae;Chlorophyta;Ulvophyceae;Ulvales;Ulvaceae;Ulva	Green Laver	0	0	0	0	0	5	10	4	0	0	0	2	0	0	0	0	2	0	0	14	0	0	0	0	0	0	0	0	0	0	0	0	0	5	0	0	5	0	2	0	0	0	0	0	12	5	0	0	0	2	0	0	0	0	0	0	2	0	2	3	0	0	6	0	0	0	0	0	0	0	0	0	0	0	0	0	0	16	16	0	0	0	4	0	0	0	0	3	0	0	0	0	7	0	18	0	3	0	0	0	0	0	0	0	0	2	0	2	0	4	0	0	3	0	0	13	17	28	50	37	32	30	0
Plantae;Ciliophora;Oligohymenophorea;Philasterida;Uronematidae;Uronema	Ciliates	0	0	0	0	0	0	0	0	0	0	0	0	0	0	0	0	0	0	0	0	0	0	0	0	0	0	0	0	0	0	0	9	0	0	0	0	0	3	0	0	0	0	0	0	0	0	0	0	0	0	0	0	0	0	0	0	0	0	0	0	0	0	0	0	0	0	0	0	0	0	0	0	0	0	0	0	0	0	0	0	0	0	0	0	0	0	0	0	0	0	0	0	0	0	0	0	0	0	0	0	0	0	0	0	0	0	0	0	0	0	0	0	0	0	0	0	3	0	0	0	0	0	0
Plantae;Rhodophyta	Red algae	0	0	0	0	0	0	0	0	0	0	0	0	0	0	0	0	0	0	0	0	0	0	0	0	0	0	0	0	0	0	0	0	0	0	0	0	0	0	2	0	0	0	0	0	23	3	0	0	0	0	0	0	0	0	0	0	0	0	0	0	0	0	0	0	0	0	0	0	0	0	0	0	0	0	0	0	0	0	6	0	0	0	0	0	0	0	0	0	0	0	0	0	0	0	0	0	0	0	0	0	0	0	0	0	0	0	0	0	0	0	0	0	0	0	0	0	0	0	0	0	0	0	0
Plantae;Rhodophyta;Compsopogonophyceae;Compsopogonales;Compsopogonaceae	Red algae	0	0	0	0	0	0	0	0	0	0	0	0	0	0	0	0	0	0	0	0	0	0	0	0	0	0	0	0	0	0	0	0	0	0	0	0	0	0	0	0	0	0	0	0	0	0	0	0	0	0	0	0	0	0	0	0	0	0	0	0	0	0	0	0	0	0	0	0	0	0	0	0	27	0	0	0	0	0	0	0	0	0	0	0	0	0	0	0	0	0	0	0	0	0	0	0	0	0	0	0	0	0	0	0	0	0	0	0	0	0	0	0	0	0	0	0	0	0	0	0	0	0	0
Plantae;Rhodophyta;Compsopogonophyceae;Erythropeltidales	Red algae	0	0	0	0	0	0	0	0	0	0	0	0	0	0	0	2	0	0	0	0	0	0	0	0	0	0	0	0	0	0	0	0	0	0	0	0	0	0	0	0	0	0	0	0	14	0	0	0	0	2	0	0	0	0	0	0	0	0	0	0	0	0	0	0	0	0	0	0	0	0	0	0	0	0	0	0	0	0	0	0	0	0	11	0	0	0	0	0	0	0	0	0	0	0	0	0	0	0	0	0	0	0	0	0	0	7	7	0	0	0	0	0	0	0	0	2	0	2	2	0	0	0	0
Plantae;Rhodophyta;Florideophyceae	Red algae	0	0	0	24	2	13	16	12	0	0	0	0	0	19	0	4	7	0	0	15	0	0	46	5	0	0	0	0	0	0	0	0	42	13	169	5	0	3	90	0	3	0	0	23	113	51	0	26	20	19	0	0	8	4	0	7	8	0	6	0	3	2	16	3	0	3	3	5	0	0	0	0	0	0	0	0	0	6	0	13	4	46	102	0	14	2	32	16	0	0	146	0	8	0	14	0	4	0	0	0	20	0	3	0	52	52	45	7	9	2	5	14	14	0	0	70	63	66	64	27	22	3	8
Plantae;Rhodophyta;Florideophyceae;Acrochaetiales;Acrochaetiaceae;Audouinella;Audouinella hermannii	Red algae	0	0	0	0	0	0	0	0	0	0	0	0	0	0	0	0	0	0	0	0	0	0	7	0	0	0	0	0	0	0	0	0	0	0	0	0	0	0	0	0	0	0	0	0	0	0	0	0	0	0	0	0	0	0	0	0	0	0	0	0	0	0	0	0	0	0	0	0	0	0	0	0	0	0	0	0	0	0	0	0	0	0	0	0	0	0	0	0	0	0	0	0	0	0	0	0	0	0	0	0	0	0	0	0	0	0	0	0	0	0	0	0	0	0	0	0	0	0	0	0	0	0	0
Plantae;Rhodophyta;Florideophyceae;Batrachospermales;NA;Balliopsis;Balliopsis prieurii	Red algae	0	0	0	0	0	0	0	0	3	0	37	0	0	6	0	0	0	0	0	0	0	0	0	0	0	0	0	0	0	0	7	0	0	19	0	0	0	0	5	0	0	8	0	0	0	0	0	16	0	0	0	0	0	5	0	0	0	0	0	0	0	0	0	0	0	0	0	0	0	0	0	0	0	0	0	0	0	0	0	0	0	0	0	0	0	0	0	0	0	0	0	0	0	0	0	0	0	0	0	0	0	0	0	0	0	0	0	0	0	0	0	0	0	0	0	0	0	0	0	0	0	0	0
Plantae;Rhodophyta;Florideophyceae;Ceramiales	Red algae	0	0	0	0	0	0	0	0	0	0	0	0	0	0	0	0	0	0	0	0	0	0	0	0	0	0	0	0	0	0	0	0	0	0	22	0	0	0	17	0	0	0	0	3	9	0	0	4	0	0	0	0	0	0	0	0	0	0	0	0	0	0	0	0	0	0	0	0	0	0	0	0	0	0	0	0	0	0	3	0	0	0	2	0	0	0	0	0	0	0	0	0	0	0	0	0	0	0	0	0	0	0	0	0	0	6	0	0	0	0	0	0	0	0	0	0	0	0	0	8	0	0	0
Plantae;Rhodophyta;Florideophyceae;Ceramiales;Callithamniaceae	Red algae	0	0	0	0	0	0	0	0	0	0	0	0	0	0	0	0	0	0	0	0	0	0	0	0	0	0	0	0	0	0	0	0	0	0	9	0	0	0	0	0	0	0	0	0	3	0	0	0	0	0	0	0	0	0	0	0	0	0	0	0	0	0	0	0	0	0	0	0	0	0	0	0	0	0	0	0	0	0	0	0	0	0	0	0	0	0	0	0	0	0	0	0	0	0	0	0	0	0	0	0	0	0	0	0	0	0	0	0	0	0	0	0	0	2	0	0	0	0	0	0	0	0	0
Plantae;Rhodophyta;Florideophyceae;Ceramiales;Callithamniaceae;Aglaothamnion;Aglaothamnion tenuissimum	Red algae	0	0	0	0	0	0	0	0	0	0	0	0	0	0	0	0	0	0	0	0	0	0	0	0	0	0	0	0	0	0	0	0	0	0	172	0	0	0	0	0	0	0	4	0	72	0	0	0	0	0	0	0	0	0	0	0	0	0	0	0	0	0	0	0	0	0	0	0	0	0	0	0	0	0	0	0	0	0	35	0	0	0	0	0	0	0	0	0	0	0	0	0	0	0	0	0	0	0	0	0	0	0	0	0	0	0	0	13	0	0	0	0	0	17	0	0	0	0	0	0	0	0	0
Plantae;Rhodophyta;Florideophyceae;Ceramiales;Ceramiaceae	Red algae	0	0	0	3	0	0	0	0	0	0	0	0	0	0	4	0	0	0	0	0	0	0	0	0	0	0	0	0	2	0	0	0	0	2	62	0	0	0	6	0	0	0	0	0	29	12	0	0	0	0	0	0	10	0	0	0	0	0	24	0	0	0	0	0	0	0	0	0	0	0	4	0	0	0	0	0	0	0	0	0	0	0	9	0	0	0	0	0	0	0	0	0	0	0	0	0	0	0	0	0	0	0	0	0	0	0	2	0	0	0	0	0	0	0	0	0	0	0	0	0	0	0	0
Plantae;Rhodophyta;Florideophyceae;Ceramiales;Ceramiaceae;Ceramium;Ceramium affine	Red algae	0	0	0	0	0	0	0	0	0	0	0	0	0	0	0	0	9	12	0	0	0	0	0	36	0	0	0	0	15	0	0	0	0	84	0	0	0	0	0	0	0	0	0	0	0	0	0	0	0	0	0	0	0	0	0	0	0	0	0	0	0	0	0	0	0	0	0	0	0	0	0	0	0	0	0	0	0	0	0	0	0	0	0	0	0	0	0	0	0	0	129	2	0	0	0	0	0	0	0	0	0	0	0	0	0	0	0	17	0	0	0	0	0	0	0	0	0	0	0	0	0	0	0
Plantae;Rhodophyta;Florideophyceae;Ceramiales;Ceramiaceae;Pterothamnion;Pterothamnion plumula	Red algae	4	4	0	2	0	3	0	0	0	0	0	0	0	0	7	0	0	0	0	0	0	0	0	75	0	0	0	0	0	0	0	0	0	22	58	0	0	0	0	0	0	0	0	0	53	0	0	0	137	0	0	0	41	0	0	11	6	0	0	0	0	0	2	0	0	0	0	0	0	0	0	0	0	0	0	0	0	3	0	0	2	2	18	6	0	0	0	6	0	0	0	0	0	0	0	0	0	0	0	0	4	0	0	0	0	7	10	0	0	0	11	7	0	0	0	0	0	0	0	0	0	0	0
Plantae;Rhodophyta;Florideophyceae;Ceramiales;Dasyaceae;Rhodoptilum;Rhodoptilum plumosum	Red algae	0	0	0	0	0	2	0	0	4	0	0	0	0	0	0	0	4	0	0	0	0	0	0	0	0	0	0	0	0	0	0	0	0	0	17	0	0	0	0	0	0	0	0	0	3	0	0	0	0	0	0	0	0	0	0	0	0	0	0	0	0	0	0	0	0	0	0	0	0	0	0	0	0	0	0	0	0	0	0	0	0	0	0	0	0	0	0	0	0	0	0	0	0	0	0	0	0	0	0	0	0	0	0	0	0	0	0	0	0	0	0	0	0	2	0	0	0	0	0	20	4	0	0
Plantae;Rhodophyta;Florideophyceae;Ceramiales;Delesseriaceae	Red algae	0	0	0	115	0	12	2	0	26	0	0	0	0	86	8	5	0	4	0	21	0	0	0	0	0	0	0	0	0	0	0	0	32	265	262	0	0	0	364	0	0	0	0	0	73	54	0	2	0	0	0	0	67	0	0	85	0	0	82	0	0	0	13	17	0	0	52	0	21	0	0	0	0	3	0	0	0	0	494	0	27	5	76	0	0	47	0	121	2	0	0	0	0	0	0	0	21	0	0	0	43	0	13	0	0	50	39	0	0	0	0	5	0	2	0	0	0	0	2	0	0	62	0
Plantae;Rhodophyta;Florideophyceae;Ceramiales;Delesseriaceae;Phycodrys;Phycodrys rubens	Sea Oak	0	0	0	14	0	0	0	0	0	0	0	0	0	0	0	0	0	0	0	0	0	0	0	0	0	0	0	0	0	0	0	0	0	0	0	0	0	0	0	0	0	0	0	0	0	0	0	0	0	0	0	0	0	0	0	0	0	0	0	0	0	0	0	0	0	0	0	0	0	0	0	0	0	0	0	0	0	0	0	0	28	0	3	0	0	0	0	0	0	0	0	0	0	0	0	0	0	0	0	0	11	0	2	0	0	6	2	0	0	0	0	0	0	0	0	0	0	0	0	0	0	0	0
Plantae;Rhodophyta;Florideophyceae;Ceramiales;Delesseriaceae;Platysiphonia;Platysiphonia victoriae	Red algae	0	0	0	0	0	0	0	0	0	0	0	0	0	0	0	0	0	0	0	0	0	0	0	0	0	0	0	0	0	0	0	0	0	0	0	0	0	0	0	0	0	0	0	0	0	0	0	0	0	0	0	0	0	0	0	0	0	0	0	0	0	0	0	0	0	0	0	0	0	0	0	0	0	0	0	0	0	0	0	0	0	0	2	0	0	0	0	0	0	0	0	0	0	0	0	0	0	0	0	0	0	0	0	0	0	3	0	0	0	0	0	0	0	0	0	0	0	0	0	0	0	0	0
Plantae;Rhodophyta;Florideophyceae;Ceramiales;Rhodomelaceae	Red algae	0	0	0	0	0	0	0	0	0	0	0	0	0	0	0	0	0	0	0	0	0	0	0	0	0	0	0	0	0	0	0	0	0	0	0	0	0	0	0	0	0	0	0	0	0	0	0	0	0	0	0	0	0	0	0	0	0	0	0	0	0	0	0	0	0	0	0	0	0	0	0	0	0	0	0	0	0	4	0	0	0	0	22	0	0	0	0	20	0	0	0	0	0	0	0	0	0	0	0	0	0	0	0	0	0	7	0	0	0	3	0	58	0	0	0	0	0	0	99	0	0	0	0
Plantae;Rhodophyta;Florideophyceae;Ceramiales;Rhodomelaceae;Odonthalia	Red algae	0	0	0	0	0	0	0	0	0	0	0	0	0	0	0	0	0	0	0	0	0	0	0	0	0	0	0	0	0	0	0	0	0	0	0	0	0	0	0	0	0	0	0	0	0	0	0	0	0	0	0	0	0	0	0	0	0	0	0	0	0	0	0	0	0	0	0	0	0	0	0	0	0	0	0	0	0	0	0	0	0	0	2	0	0	0	0	0	0	0	0	0	0	0	0	0	0	0	0	0	0	0	0	0	0	0	0	0	0	4	0	0	0	0	0	0	0	0	0	0	0	0	0
Plantae;Rhodophyta;Florideophyceae;Ceramiales;Rhodomelaceae;Polysiphonia	Red algae	0	0	0	0	0	0	0	0	0	0	0	0	0	0	0	0	0	0	0	0	0	0	0	0	0	0	0	0	0	0	0	0	0	0	0	0	0	0	0	0	0	0	0	0	0	0	0	0	0	0	0	0	0	0	0	0	0	0	0	0	0	0	0	0	0	0	0	0	0	0	0	0	0	0	0	0	0	0	4	0	0	0	0	0	0	0	0	0	0	0	0	0	0	0	0	0	0	0	0	0	0	0	0	0	0	0	2	0	0	0	0	0	0	0	0	0	0	0	0	0	0	0	0
Plantae;Rhodophyta;Florideophyceae;Ceramiales;Rhodomelaceae;Polysiphonia;Polysiphonia pacifica	Red algae	0	0	0	0	0	0	0	0	0	0	0	0	0	0	0	0	0	0	0	0	0	0	0	0	0	0	0	0	0	0	0	0	0	0	0	0	0	0	0	0	0	0	0	0	0	0	0	0	0	0	0	0	0	0	0	0	0	0	0	0	0	0	0	0	0	0	0	0	0	0	0	0	0	0	0	0	0	0	25	0	0	0	0	0	0	0	0	0	0	0	0	0	0	0	0	0	0	0	0	0	0	0	0	0	0	0	0	0	0	0	0	0	0	0	0	0	0	0	0	0	0	0	0
Plantae;Rhodophyta;Florideophyceae;Ceramiales;Rhodomelaceae;Rhodomela;Rhodomela confervoides	Red algae	0	0	0	0	0	0	0	0	0	0	0	0	0	0	0	0	0	0	0	0	0	0	0	0	0	0	0	0	0	0	0	0	0	0	0	0	0	0	0	0	0	0	0	0	0	0	0	0	0	0	0	0	0	0	0	0	0	0	0	0	0	0	0	0	0	0	0	0	0	0	0	0	0	0	0	0	0	159	0	0	0	0	0	0	0	0	0	0	0	0	0	0	0	0	0	0	0	0	0	0	0	0	0	0	0	0	0	0	0	0	0	0	0	0	0	0	0	0	0	0	0	0	0
Plantae;Rhodophyta;Florideophyceae;Colaconematales;Colaconemataceae;Colaconema	Red algae	0	0	0	0	0	0	0	0	0	0	0	0	7	9	0	0	0	0	0	2	0	0	14	0	0	0	0	0	0	0	0	0	0	0	0	0	0	0	0	0	0	0	0	0	0	0	0	0	0	0	0	0	0	0	0	0	0	5	0	0	0	0	2	0	0	0	0	0	0	0	0	0	0	0	0	0	0	0	0	0	0	0	0	0	0	0	0	0	0	0	0	0	0	0	0	0	0	0	0	0	0	0	0	0	0	0	0	2	0	0	0	0	3	0	0	0	0	2	0	0	0	0	0
Plantae;Rhodophyta;Florideophyceae;Corallinales	Red algae	0	0	0	0	0	0	0	0	0	0	0	0	0	0	0	0	0	0	0	3	4	0	0	0	0	0	0	0	0	0	0	0	0	0	0	0	0	0	0	0	0	0	0	0	0	0	0	0	0	0	0	0	0	0	0	2	0	0	0	0	0	0	0	0	0	0	2	0	0	0	0	0	0	0	0	0	0	2	0	0	0	0	0	0	0	0	0	10	0	0	0	0	0	0	2	0	0	0	0	0	0	0	0	5	0	0	3	0	0	0	0	0	0	0	0	7	6	9	7	0	0	0	0
Plantae;Rhodophyta;Florideophyceae;Corallinales;Corallinaceae	Coralline crusts	0	0	0	0	0	0	0	0	0	0	0	0	0	0	0	0	0	0	0	0	0	0	0	0	0	0	0	0	0	0	0	0	0	0	0	0	0	0	0	0	0	0	0	0	0	0	0	0	0	0	0	0	0	0	0	0	0	0	0	0	0	0	0	0	0	0	0	0	0	0	0	0	0	0	0	0	0	0	0	0	0	0	0	0	0	0	0	0	0	0	0	0	0	0	0	0	0	0	0	0	0	0	0	0	0	0	0	0	0	0	0	0	0	0	0	2	2	2	0	0	0	0	0
Plantae;Rhodophyta;Florideophyceae;Gigartinales	Red algae	0	0	0	21	0	2	0	0	0	0	0	0	0	0	0	0	0	0	0	0	0	0	0	0	0	0	0	0	0	0	0	0	0	0	0	0	0	0	0	0	0	0	0	0	288	0	0	0	0	0	0	0	0	0	0	0	17	0	0	0	0	0	0	0	0	0	0	0	0	0	0	0	0	0	0	0	0	0	0	0	0	0	40	0	116	0	2	0	0	0	143	0	0	0	7	0	0	0	0	0	3	0	0	0	0	13	13	0	0	0	0	0	0	0	0	0	0	0	0	0	0	0	0
Plantae;Rhodophyta;Florideophyceae;Gigartinales;Dumontiaceae	Red algae	0	0	0	0	0	0	0	0	0	0	0	0	0	0	0	0	0	0	0	0	0	0	0	18	0	0	0	0	0	0	0	0	0	0	0	0	0	0	0	0	0	0	0	0	3	0	0	0	0	0	0	0	0	0	0	0	0	0	0	0	0	0	0	0	0	0	0	0	0	0	0	0	0	0	0	0	0	0	0	0	0	0	0	0	0	0	0	11	0	0	0	0	0	0	0	0	0	0	0	0	2	0	0	0	0	0	0	0	0	0	0	0	0	0	0	0	0	0	0	0	0	0	0
Plantae;Rhodophyta;Florideophyceae;Gigartinales;Kallymeniaceae	Red algae	0	0	0	6	0	0	3	0	0	0	0	0	0	0	0	0	0	0	0	0	0	0	0	0	0	0	0	0	0	0	0	0	0	0	0	0	0	0	2	0	0	0	0	0	0	0	0	0	0	0	0	0	0	0	0	0	0	0	0	0	0	0	0	0	0	0	0	0	0	0	0	0	0	0	0	0	0	0	0	0	0	0	12	0	0	0	0	0	0	0	0	0	0	0	2	0	0	0	0	0	5	0	2	0	0	3	5	0	0	0	0	0	0	0	0	0	0	0	0	0	0	0	0
Plantae;Rhodophyta;Florideophyceae;Gigartinales;Kallymeniaceae;Callophyllis;Callophyllis rangiferina	Red algae	0	0	0	4	0	0	2	0	0	0	0	0	0	0	0	0	0	0	0	3	0	0	0	0	0	0	0	0	0	0	0	0	0	0	9	0	0	13	0	0	0	0	0	0	0	0	0	0	0	0	0	0	0	0	0	0	0	0	0	0	0	0	0	0	0	0	0	0	0	0	0	0	0	0	0	0	0	0	0	0	0	0	9	0	0	0	0	0	0	0	0	0	0	0	0	0	0	0	0	0	0	0	0	0	0	3	3	0	3	0	0	0	0	0	0	0	0	4	0	0	0	0	0
Plantae;Rhodophyta;Florideophyceae;Gigartinales;Kallymeniaceae;Croisettea;Croisettea tasmanica	Red algae	0	0	0	0	0	0	0	0	0	0	0	0	0	0	0	0	0	0	0	0	0	0	0	0	0	0	0	0	0	0	0	0	0	0	0	0	0	0	0	0	0	0	0	0	2	0	0	0	0	0	0	0	0	0	0	0	0	0	0	0	0	0	0	0	0	0	0	0	0	0	0	0	0	0	0	0	0	0	0	0	0	0	0	4	0	0	0	0	0	0	0	0	0	0	0	0	0	0	0	0	0	0	0	0	0	0	0	0	0	0	0	0	0	0	0	0	0	0	0	0	0	0	0
Plantae;Rhodophyta;Florideophyceae;Gigartinales;Kallymeniaceae;Erythrophyllum;Erythrophyllum delesserioides	Red algae	0	0	0	92	0	2	0	0	0	0	0	0	0	0	0	0	0	0	0	0	0	0	0	0	0	0	0	0	0	0	0	0	0	0	0	0	0	0	0	0	0	0	0	0	0	0	0	0	0	0	0	0	0	0	0	0	0	0	0	0	0	0	0	0	0	0	0	0	0	0	0	0	0	0	0	0	0	0	0	0	0	0	0	0	0	0	0	0	0	0	0	0	0	0	0	0	0	0	0	0	38	0	8	0	0	2	5	0	0	0	0	0	0	0	0	0	0	0	0	0	0	0	0
Plantae;Rhodophyta;Florideophyceae;Gigartinales;Kallymeniaceae;Pugetia;Pugetia fragilissima	Red algae	0	0	0	0	0	0	0	0	0	0	0	0	0	0	0	0	0	0	0	0	0	0	0	0	0	0	0	0	0	0	0	0	0	0	63	0	0	0	0	0	0	0	0	0	0	0	0	0	0	0	0	0	0	0	0	0	0	0	0	0	0	0	0	0	0	0	0	0	0	0	0	0	0	0	0	0	0	0	0	0	0	0	0	0	0	0	0	0	0	0	0	0	0	0	0	0	0	0	0	0	0	0	0	0	0	0	0	3	0	0	0	0	0	0	0	0	0	0	0	0	0	0	0
Plantae;Rhodophyta;Florideophyceae;Gigartinales;Phyllophoraceae	Red algae	0	0	0	0	0	0	0	0	0	0	0	0	0	0	0	0	0	0	0	0	0	0	0	0	0	0	0	0	0	0	0	0	0	0	0	0	0	0	0	0	0	0	0	0	0	0	0	0	0	0	0	0	0	0	0	0	0	0	0	0	0	0	0	0	0	0	0	0	0	0	0	0	0	0	0	0	0	0	0	0	0	0	0	0	0	0	0	0	0	0	0	0	0	0	0	0	0	0	0	0	0	0	0	0	0	0	2	3	0	0	20	0	0	0	0	0	0	0	0	0	0	0	0
Plantae;Rhodophyta;Florideophyceae;Gracilariales;Gracilariaceae	Red algae	0	0	0	8	0	4	0	0	0	0	0	0	0	0	0	0	0	0	0	11	0	0	0	0	0	0	0	0	0	0	0	0	0	0	9	0	0	0	8	0	0	0	0	4	0	0	0	2	0	0	0	0	0	0	0	0	0	0	0	0	0	0	0	0	0	0	0	0	0	0	0	0	0	0	0	0	0	0	0	23	12	0	43	0	0	6	59	0	0	0	0	0	3	0	2	0	0	0	0	0	0	0	0	0	0	23	18	0	0	0	0	0	0	0	0	0	0	0	0	3	6	0	0
Plantae;Rhodophyta;Florideophyceae;Halymeniales;Halymeniaceae	Red algae	0	0	0	3	0	0	0	0	0	0	0	0	0	0	0	0	0	0	0	8	0	0	0	0	0	0	0	0	0	0	0	0	0	0	0	0	0	0	0	0	0	0	0	0	0	0	0	0	0	0	0	0	0	0	0	0	0	0	0	0	0	0	0	0	0	0	0	0	0	0	0	0	0	0	0	0	0	0	3	0	0	0	2	0	0	0	0	0	0	0	0	0	0	0	0	0	2	0	0	0	0	0	0	0	0	9	3	0	2	0	0	4	0	0	0	0	0	0	0	3	0	0	0
Plantae;Rhodophyta;Florideophyceae;Nemastomatales;Schizymeniaceae	Red algae	0	0	0	0	0	0	0	0	0	0	0	0	0	0	0	0	0	0	0	0	0	0	0	0	0	0	0	0	0	0	0	0	0	0	0	0	0	0	0	0	0	0	0	0	37	0	0	0	0	0	0	0	0	0	0	0	0	0	0	0	0	0	0	0	0	0	0	0	0	0	0	0	0	0	0	0	0	0	0	0	0	0	0	0	0	0	0	0	0	0	0	0	0	0	0	0	0	0	0	0	0	0	0	0	0	0	2	0	0	0	0	0	0	0	0	0	0	0	0	0	0	0	0
Plantae;Rhodophyta;Florideophyceae;Peyssonneliales;Peyssonneliaceae	Red algae	0	0	0	2	0	0	0	0	0	0	0	0	0	0	0	0	0	0	0	0	0	0	0	0	0	0	0	0	0	0	0	0	0	0	0	0	0	0	0	0	0	0	0	0	0	0	0	0	0	0	0	0	0	0	0	0	0	0	0	0	0	0	0	0	0	0	0	0	0	0	0	0	0	0	0	0	0	0	0	0	0	0	5	0	0	0	0	0	0	0	0	0	0	0	0	0	0	0	0	0	0	0	0	0	8	5	0	5	0	0	0	0	0	0	0	0	0	0	0	0	0	0	0
Plantae;Rhodophyta;Florideophyceae;Peyssonneliales;Peyssonneliaceae;Metapeyssonnelia;Metapeyssonnelia milleporoides	Red algae	0	0	0	0	0	0	0	0	0	0	0	0	0	0	0	0	0	0	0	0	0	0	0	0	0	0	0	0	0	0	0	0	0	0	0	0	0	0	0	0	0	0	0	0	0	0	0	0	0	0	0	0	0	0	0	0	0	0	0	0	0	0	0	0	0	0	0	0	0	0	0	0	0	0	0	0	0	0	0	0	0	0	5	0	0	0	0	0	0	0	0	0	0	0	0	0	0	0	0	0	0	0	0	0	2	0	0	0	0	0	0	0	0	0	0	0	0	0	0	0	0	0	0
Plantae;Rhodophyta;Florideophyceae;Peyssonneliales;Peyssonneliaceae;Ramicrusta;Ramicrusta textilis	Red algae	0	0	0	0	0	0	0	0	0	0	0	0	0	0	3	0	0	0	0	0	0	0	0	0	0	0	0	0	0	0	0	0	0	0	0	0	0	0	0	0	0	0	0	0	0	0	0	0	0	0	0	0	0	0	0	0	0	0	0	0	0	0	0	0	0	0	0	0	0	0	0	0	0	0	0	0	0	0	0	0	0	0	0	0	0	0	0	0	0	0	0	0	0	0	0	0	0	0	0	0	0	0	0	0	0	2	0	0	0	0	0	0	0	0	0	0	0	0	0	0	0	0	0
Plantae;Rhodophyta;Florideophyceae;Rhodymeniales;Faucheaceae;Gloiocladia;Gloiocladia fruticulosa	Red algae	0	0	0	0	0	0	0	0	0	0	0	0	0	0	0	0	0	0	0	0	0	0	0	0	0	0	0	0	0	0	0	0	0	0	0	0	0	0	0	0	0	0	0	0	0	0	0	0	0	0	0	0	0	0	0	0	0	0	0	0	0	0	0	0	0	0	0	0	0	0	0	0	0	0	0	0	0	0	0	0	0	0	2	0	0	0	0	0	0	0	0	0	0	0	0	0	0	0	0	0	0	0	0	0	0	0	0	0	0	6	2	0	0	0	0	0	0	0	0	0	0	0	0
Plantae;Streptophyta;Bryopsida	True Mosses	0	0	0	0	0	0	2	0	0	0	0	0	0	0	0	0	0	0	0	3	0	0	0	0	0	0	0	0	0	0	0	0	0	0	0	0	0	0	0	0	0	14	0	32	0	0	0	0	0	0	0	0	0	0	0	0	0	0	0	0	0	0	0	0	136	0	0	0	0	0	0	0	0	9	0	0	0	0	0	0	2	0	0	0	0	0	0	0	0	0	0	0	0	0	0	0	0	3125	0	0	0	0	0	0	0	0	0	0	0	0	0	0	14	0	0	0	0	7	0	0	6	0	0
Plantae;Streptophyta;Bryopsida;Dicranales	Fork-mosses	0	0	0	0	0	0	0	0	0	0	0	0	0	0	0	0	0	0	0	0	0	0	0	0	0	0	0	0	0	0	0	0	0	0	0	0	0	0	0	0	0	0	0	0	0	0	0	0	0	0	0	0	0	0	0	0	0	0	0	0	0	0	0	0	0	0	0	0	0	0	0	0	0	0	0	0	0	0	0	0	0	0	0	0	0	0	0	0	0	0	0	0	0	0	0	2	0	0	0	0	0	0	0	0	0	0	0	0	0	0	0	0	0	0	0	3	0	0	0	0	0	0	0
Plantae;Streptophyta;Bryopsida;Dicranales;Calymperaceae;Calymperes;Calymperes erosum	Fork-mosses	0	0	0	0	0	0	12	8	0	0	0	0	0	0	0	0	0	0	0	13	0	0	0	0	0	0	0	0	0	0	2	0	0	5	4	0	0	0	2	0	0	0	0	0	0	0	0	0	5	0	0	0	3	3	0	0	0	0	0	0	2	0	2	0	0	4	2	0	0	0	0	0	0	2	3	0	0	2	8	0	0	0	0	0	0	0	0	0	0	0	0	0	5	0	14	0	0	0	0	0	0	0	0	0	0	0	0	0	2	0	0	0	0	0	0	56	62	51	47	20	20	0	5
Plantae;Streptophyta;Bryopsida;Funariales;Funariaceae	Cord-moss Family	0	0	0	0	0	0	0	0	0	0	0	0	0	0	0	0	0	0	0	0	0	0	0	0	0	0	0	0	0	0	0	0	0	0	0	0	0	0	0	0	0	0	0	0	0	0	0	0	0	0	0	0	0	0	0	0	0	0	0	0	0	0	0	0	0	0	2	0	0	0	0	0	0	0	0	0	0	4	0	0	0	0	0	0	0	0	0	0	0	0	0	0	0	0	0	0	0	0	0	0	0	0	0	0	0	0	0	0	0	0	0	0	0	0	0	0	5	0	0	0	0	0	0
Plantae;Streptophyta;Bryopsida;Pottiales;Pottiaceae;Didymodon;Didymodon nigrescens	Black didymodon moss	0	0	0	0	0	0	0	0	0	0	0	0	0	0	0	0	0	0	0	0	0	0	0	0	0	0	0	0	0	0	0	0	0	0	0	0	0	0	0	0	0	0	0	0	0	0	0	0	0	0	0	0	0	0	0	0	0	0	0	0	0	0	0	0	0	0	0	0	0	0	0	0	0	0	0	0	0	0	6	0	0	0	0	0	0	0	0	0	0	0	0	0	0	0	0	0	0	0	0	0	0	0	0	0	0	0	0	0	0	0	0	0	0	0	0	0	0	0	0	0	0	0	0
Plantae;Streptophyta;Bryopsida;Pottiales;Pottiaceae;Didymodon;Didymodon subandreaeoides	Pottia Family	0	0	0	0	0	0	0	0	0	0	0	0	0	0	0	0	0	0	0	0	0	0	0	0	0	0	0	0	0	0	0	0	0	0	0	0	0	0	0	0	0	0	0	0	0	0	0	0	0	0	0	0	0	0	0	0	0	0	0	0	0	0	0	0	0	0	0	0	0	0	0	0	0	0	0	0	0	0	3	0	3	0	0	0	0	0	0	0	0	0	0	0	0	0	0	0	0	0	0	0	0	0	0	0	0	0	0	0	0	0	0	0	0	0	0	0	0	0	0	0	0	0	0
Plantae;Streptophyta;Charophyceae;Charales;Characeae;Nitella	Stonewort	0	0	0	16	0	0	0	0	0	0	0	0	0	0	0	0	0	0	0	0	0	0	0	0	0	0	0	0	0	0	0	0	0	0	0	0	0	0	0	0	0	0	0	0	0	0	0	0	0	0	0	0	0	0	0	0	0	0	0	0	0	0	0	0	0	0	0	0	0	0	0	0	0	0	0	0	0	0	0	0	0	0	0	0	0	0	0	0	0	0	0	0	0	0	0	0	0	0	0	0	0	0	0	0	0	0	0	0	0	0	0	0	0	0	0	0	0	0	0	0	0	0	0
Plantae;Streptophyta;Magnoliopsida	Dicots	28	9	25	18	23	49	44	22	40	49	69	35	23	218	32	12	30	15	9	38	7	3	27	163	11	8	24	2	13	373	44	85	91	102	96	29	31	66	62	119	37	165	61	78	160	70	50	58	78	40	2	114	217	266	18	98	303	78	73	130	231	157	120	26	130	82	276	45	19	40	34	0	76	50	55	329	71	82	114	217	108	46	12	10	29	15	66	154	37	49	21	6	19	81	21	11	53	153	17	9	31	8	8	9	38	20	10	24	70	23	41	66	81	21	25	181	123	145	86	67	54	48	89
Plantae;Streptophyta;Magnoliopsida;Alismatales	Water Plantains And Allies	0	0	0	0	0	0	0	0	0	0	0	0	2	0	0	0	0	0	0	0	0	0	0	0	0	0	0	0	0	0	0	0	0	0	0	0	0	0	0	0	0	0	0	0	23	0	0	0	0	0	0	0	0	0	0	0	0	0	2	0	0	0	0	0	0	0	0	0	0	0	0	0	0	0	0	0	0	0	2	0	0	0	0	0	0	0	0	0	0	0	0	0	0	0	0	0	0	0	0	0	0	0	0	0	0	0	0	2	3	0	0	0	2	0	0	0	0	3	0	0	0	0	0
Plantae;Streptophyta;Magnoliopsida;Alismatales;Araceae;Landoltia;Landoltia punctata	Dotted duckmeat	0	0	0	0	0	0	0	0	0	0	0	0	0	0	0	0	0	0	0	0	0	0	0	0	0	0	0	0	0	0	0	0	0	0	0	0	0	0	0	0	0	0	0	0	0	0	0	0	0	0	0	0	0	0	0	0	0	0	0	0	0	0	0	0	0	0	0	0	0	0	0	0	19	0	0	0	0	0	0	0	0	0	0	0	0	0	0	0	0	0	0	0	0	0	0	0	0	0	0	0	0	0	0	0	0	0	0	0	0	0	0	0	0	0	0	0	0	0	0	0	0	0	0
Plantae;Streptophyta;Magnoliopsida;Alismatales;Zosteraceae	Eel grass	0	0	0	3	0	18	0	0	24	0	0	2	20	24	15	0	19	0	0	0	0	0	0	0	0	0	0	0	59	0	0	0	0	14	4	0	0	0	4	0	0	0	0	0	178	49	0	0	0	21	0	0	373	0	0	0	0	0	44	0	0	0	2	0	0	0	0	0	0	0	0	0	0	0	0	0	0	0	39	5	2	0	18	0	0	2	0	80	6	0	0	0	3	0	4	0	0	0	0	0	0	4	0	0	0	5	0	44	81	35	24	27	53	7	0	55	47	27	32	7	0	0	0
Plantae;Streptophyta;Magnoliopsida;Alismatales;Zosteraceae;Zostera	Seagrass	0	11	0	23	0	87	19	3	234	48	0	5	162	280	38	4	60	0	0	29	0	0	0	0	0	0	0	0	63	0	0	0	0	127	39	0	0	0	50	0	0	0	0	0	1444	224	0	0	0	36	0	0	0	0	0	21	0	0	417	0	0	0	25	0	0	0	13	0	0	0	0	0	0	0	0	0	0	0	250	78	34	0	17	0	0	30	0	109	12	0	0	0	23	0	36	0	0	0	0	0	4	27	4	0	0	10	8	205	446	183	223	189	433	69	0	412	228	208	114	65	10	0	0
Plantae;Streptophyta;Magnoliopsida;Apiales;Apiaceae	Umbellifer	0	0	0	0	0	0	2	0	0	0	0	0	0	0	0	0	0	0	0	0	0	0	0	0	0	0	0	0	0	0	0	0	0	0	0	0	0	0	0	0	0	0	0	0	0	0	0	0	0	0	0	0	0	0	0	0	0	0	0	0	0	0	0	0	0	0	0	3	0	0	0	0	0	0	0	0	0	0	0	0	0	0	0	0	0	0	0	0	0	0	0	0	0	0	0	0	0	0	0	0	0	0	0	0	0	0	0	0	0	0	0	0	0	0	0	0	0	0	2	0	0	0	0
Plantae;Streptophyta;Magnoliopsida;Asparagales;Amaryllidaceae;Allium	Garlic	0	0	3	0	0	0	0	0	0	0	0	0	0	4	3	0	0	2	0	0	0	0	0	0	0	0	2	14	0	0	0	11	0	0	0	4	0	0	0	0	0	0	0	0	0	0	0	0	4	0	0	0	0	0	0	0	0	0	0	0	0	0	0	0	0	0	0	0	0	0	0	0	0	11	7	0	19	7	0	0	0	0	0	0	0	0	0	0	0	0	0	0	0	0	0	17	0	0	0	0	0	0	0	10	0	0	0	0	0	0	0	0	2	0	0	0	0	0	0	0	0	0	4585
Plantae;Streptophyta;Magnoliopsida;Asparagales;Orchidaceae	Orchid	0	0	0	0	0	0	0	0	0	0	0	0	0	0	0	0	0	0	0	0	0	0	0	0	0	0	0	0	0	0	0	0	0	0	0	0	0	0	0	0	0	0	0	0	0	0	0	0	0	0	0	0	0	0	0	0	0	0	0	0	0	0	0	0	0	0	0	0	0	0	0	0	0	0	0	0	2	0	0	0	0	0	0	0	2	0	0	0	0	0	0	0	0	0	0	0	0	0	0	0	0	0	0	0	0	0	0	0	0	0	0	0	0	0	0	0	0	0	0	0	0	0	0
Plantae;Streptophyta;Magnoliopsida;Asparagales;Orchidaceae;Aerides	Orchid	0	0	0	0	0	0	0	0	0	0	0	0	0	0	0	0	0	0	0	0	0	0	0	0	0	0	0	0	0	0	0	0	0	0	0	0	0	0	0	0	0	0	0	0	0	2	0	0	0	0	0	0	0	0	0	0	0	0	0	0	0	0	0	0	0	0	0	0	0	0	0	0	0	0	0	0	0	0	0	0	0	0	0	0	0	0	13	0	0	0	0	0	0	0	0	0	0	0	0	0	0	0	0	0	0	0	0	0	0	0	0	0	0	0	0	0	0	0	0	0	0	0	0
Plantae;Streptophyta;Magnoliopsida;Asparagales;Orchidaceae;Apostasia;Apostasia nuda	Orchid	0	0	0	0	0	0	0	0	0	0	0	0	0	0	0	0	0	0	0	0	0	0	0	0	0	0	0	0	0	0	0	0	0	0	0	0	0	0	0	0	0	0	0	0	0	0	0	0	0	0	0	0	0	0	0	0	0	0	0	0	0	0	0	0	0	0	0	0	0	0	0	0	0	0	0	0	0	0	0	0	0	0	0	0	0	0	0	0	0	0	0	0	0	0	0	0	0	0	0	0	0	0	0	0	0	0	0	0	0	0	0	0	0	0	0	6	2	3	0	0	0	0	0
Plantae;Streptophyta;Magnoliopsida;Asterales;Asteraceae;Tephroseris	Groundsel	0	0	0	0	0	0	0	0	0	0	0	0	0	0	0	0	0	0	0	0	0	0	0	0	0	0	0	0	0	0	0	0	0	0	0	0	0	0	0	0	0	0	0	0	0	0	4	0	0	0	0	9	0	3	2	0	0	0	0	0	0	0	0	0	0	0	0	0	0	0	0	0	0	0	0	0	0	0	0	0	0	0	0	0	0	0	0	0	0	0	0	0	0	0	0	2	0	0	0	0	0	0	0	0	0	0	0	0	0	0	0	0	0	0	0	0	0	0	0	0	0	0	0
Plantae;Streptophyta;Magnoliopsida;Asterales;Asteraceae;Tephroseris;Tephroseris crispa	Groundsel	0	0	0	0	0	0	3	0	2	5	2	0	3	0	0	0	0	2	0	0	0	0	0	5	0	0	0	0	2	2	2	0	3	0	2	3	5	0	2	3	2	0	2	0	0	0	2	6	6	0	0	4	4	11	2	4	0	0	4	2	0	0	2	0	2	4	0	4	0	0	2	0	0	2	0	0	0	0	0	0	0	0	0	0	0	0	2	2	0	2	0	3	0	0	0	2	0	0	0	0	0	0	0	0	0	0	0	2	0	0	0	0	0	0	3	3	2	0	3	0	0	0	0
Plantae;Streptophyta;Magnoliopsida;Asterales;Campanulaceae	Bellflower family	0	0	0	0	0	0	0	0	0	0	2	0	0	2	0	0	0	0	0	0	0	0	2	2	0	0	0	0	0	0	0	0	0	0	0	0	0	0	0	0	4	0	0	0	0	0	0	0	0	0	0	0	0	2	0	0	2	0	2	0	0	0	0	0	3	2	0	0	0	0	0	0	0	0	2	0	0	0	0	0	0	2	0	0	0	0	0	0	0	0	0	0	0	0	0	2	0	0	0	0	0	0	0	0	0	0	0	0	0	0	0	0	0	0	0	0	0	0	0	0	0	0	0
Plantae;Streptophyta;Magnoliopsida;Boraginales;Boraginaceae;Antiphytum;Antiphytum hintoniorum	Saucerflower	0	0	0	0	0	0	0	0	0	2	0	0	0	0	0	0	0	0	0	0	0	0	0	0	0	0	0	0	0	2	0	0	0	0	0	0	0	0	0	0	0	0	0	0	0	0	0	0	0	0	0	0	2	0	0	0	0	0	0	0	0	0	2	0	0	2	0	0	0	0	0	0	0	0	0	0	0	0	0	0	0	0	0	0	0	0	0	0	0	0	0	0	0	0	0	0	0	0	0	0	0	0	0	0	0	0	0	0	0	0	0	0	0	0	0	0	0	0	0	0	0	0	0
Plantae;Streptophyta;Magnoliopsida;Brassicales;Brassicaceae;Alyssum	Alyssum	0	0	0	0	0	0	0	0	0	0	0	0	0	0	0	0	0	0	0	0	0	0	0	0	0	0	0	0	0	0	0	0	0	0	0	0	0	0	0	0	0	0	0	0	2	0	0	0	0	0	0	0	0	0	0	0	0	0	0	0	0	0	0	0	0	0	0	0	0	0	0	0	0	0	0	0	0	0	0	0	0	0	0	0	0	0	0	0	0	0	0	0	0	0	0	0	0	0	0	0	0	0	0	0	0	0	0	0	0	0	4	0	0	0	0	0	0	0	0	0	0	0	0
Plantae;Streptophyta;Magnoliopsida;Brassicales;Brassicaceae;Brassica	Cabbage	0	0	0	0	0	0	0	0	0	0	0	0	0	0	0	0	0	0	0	0	0	0	0	0	0	0	0	0	0	0	0	0	0	0	0	0	0	0	0	0	0	0	0	0	0	0	0	0	0	0	0	0	0	0	0	0	0	0	0	0	0	0	0	0	0	0	0	0	0	0	0	0	0	0	0	0	0	0	0	0	0	0	0	0	0	0	0	0	0	0	0	0	0	0	0	0	0	0	0	0	0	0	0	0	0	0	0	0	0	0	0	0	0	0	0	0	2	0	0	0	0	0	0
Plantae;Streptophyta;Magnoliopsida;Caryophyllales	Pinks, Cactuses, And Allies	0	0	0	0	0	5	0	0	0	0	0	0	0	0	0	0	0	0	0	0	0	0	0	0	0	0	0	0	0	0	0	0	0	0	0	0	0	0	0	0	0	0	2	0	3	0	0	0	0	2	0	0	0	0	0	0	0	0	2	0	0	0	0	0	0	0	2	0	0	0	0	0	0	0	0	0	0	0	0	0	0	0	0	0	0	0	0	0	0	0	0	0	0	0	0	0	0	2	0	0	2	0	0	0	0	0	0	0	0	0	0	0	0	0	0	9	6	6	0	4	0	0	0
Plantae;Streptophyta;Magnoliopsida;Caryophyllales;Caryophyllaceae;Silene;Silene reinholdii	Campion	0	0	0	0	0	0	0	0	0	0	0	0	0	0	0	0	0	0	0	0	0	0	0	0	0	0	0	0	0	0	0	0	0	0	0	0	0	0	0	0	0	0	0	0	0	0	0	0	0	0	0	0	0	0	0	0	0	0	0	0	0	0	0	0	0	0	0	0	0	0	0	0	0	0	0	0	0	0	0	0	0	0	0	0	0	0	0	0	0	0	0	0	0	0	0	0	0	0	0	0	0	0	0	0	0	0	0	0	0	0	0	0	0	0	0	0	3	2	2	5	0	0	0
Plantae;Streptophyta;Magnoliopsida;Ericales;Ericaceae;Monotropa;Monotropa uniflora	Ghost Pipe	0	0	0	0	0	0	0	0	0	0	0	0	0	0	0	0	0	0	0	0	0	0	0	0	0	0	0	0	0	0	0	0	0	0	0	0	0	13	0	0	0	0	0	0	2	0	0	0	0	0	0	0	0	0	0	0	0	0	0	0	0	0	0	0	0	0	0	0	0	0	0	0	0	0	0	0	0	0	2	0	0	0	0	0	0	0	0	0	0	0	0	0	0	0	0	0	0	0	0	0	0	0	0	0	0	0	0	0	0	0	0	0	0	0	0	0	0	0	0	0	0	0	0
Plantae;Streptophyta;Magnoliopsida;Ericales;Sapotaceae	Sapodillas	0	0	0	0	0	7	160	2	2	2	7	3	0	8	4	0	2	0	0	4	0	0	34	0	0	0	0	0	0	0	5	4	0	16	2	0	5	0	5	59	0	0	0	2	44	8	5	0	102	3	0	0	0	3	0	6	0	0	0	0	4	0	2	0	2	4	3	0	0	0	0	0	60	12	0	4	0	11	56	11	2	5	0	0	0	0	17	22	0	8	0	2	213	0	17	4	0	0	0	0	0	0	3	2	8	0	0	270	1313	3	352	0	618	0	2	15	33	14	9	121	1484	8	27
Plantae;Streptophyta;Magnoliopsida;Ericales;Sapotaceae;Planchonella;Planchonella lauracea	Sapodillas	0	0	0	0	0	0	2	0	0	0	0	0	0	0	0	0	0	0	0	0	0	0	0	0	0	0	0	0	0	0	0	0	0	0	0	0	0	0	0	0	0	0	0	0	0	0	0	0	0	0	0	0	0	0	0	0	0	0	0	0	0	0	0	0	0	0	0	0	0	0	0	0	0	0	0	0	0	0	2	0	0	0	0	0	0	0	0	0	0	0	0	0	0	0	0	0	0	0	0	0	0	0	0	0	0	0	0	0	13	0	0	0	0	0	0	0	0	0	0	0	9	0	2
Plantae;Streptophyta;Magnoliopsida;Fabales;Fabaceae	Bean	3	0	0	0	0	0	0	0	0	4	3	2	0	15	0	0	3	0	0	4	0	15	0	8	0	0	0	0	0	53	0	7	7	3	0	0	0	0	8	4	163	8	2	5	12	5	0	0	7	2	0	0	7	7	0	0	0	2	0	7	11	10	10	0	11	6	6	0	0	2	2	0	0	0	2	2	0	5	25	10	3	3	0	0	0	2	0	3	0	0	0	0	0	0	3	0	0	57	0	0	0	0	0	0	6	0	0	2	3	2	3	2	0	0	0	12	2	6	7	6	3	0	2
Plantae;Streptophyta;Magnoliopsida;Fabales;Fabaceae;Acacia	Acacia	0	0	0	0	0	0	0	0	0	2	0	0	0	0	0	0	0	0	0	0	0	0	0	0	0	0	0	0	0	0	0	0	0	0	0	0	0	0	0	0	0	42	0	0	0	0	2	0	0	0	0	0	0	2	0	0	0	0	0	0	0	0	0	0	0	6	0	0	0	0	0	0	2	0	0	0	0	0	0	0	0	0	0	0	0	0	0	0	0	0	0	0	0	0	0	0	0	2	0	0	0	0	0	0	10	0	0	0	0	0	0	0	0	0	0	2	2	0	0	0	0	0	0
Plantae;Streptophyta;Magnoliopsida;Fabales;Fabaceae;Acacia;Acacia hylonoma	Acacia	0	0	0	0	0	0	0	0	0	0	0	0	0	0	0	0	0	0	0	0	0	0	0	0	0	0	0	0	0	0	0	0	0	0	0	0	0	0	0	0	0	0	0	0	0	0	0	0	0	0	0	0	0	0	0	0	0	0	0	0	0	0	0	0	0	0	0	0	0	0	0	0	0	0	0	0	0	0	0	3	0	0	0	0	0	0	0	0	0	0	0	0	0	0	0	0	0	0	0	0	0	0	0	0	0	0	0	0	0	0	0	0	0	0	0	0	2	0	0	0	0	2	0
Plantae;Streptophyta;Magnoliopsida;Fabales;Fabaceae;Acacia;Acacia littorea	Acacia	0	0	0	0	0	0	0	0	0	0	0	0	0	0	0	0	0	0	0	0	0	0	0	0	0	0	0	0	0	0	0	0	0	0	0	0	0	0	0	0	0	5	0	0	0	0	0	0	0	0	0	0	0	0	0	0	0	0	0	0	0	0	0	0	0	0	0	0	0	0	0	0	0	0	0	0	0	0	0	0	0	0	0	0	0	0	0	0	0	0	0	0	0	0	0	0	0	0	0	0	0	0	0	0	0	0	0	0	0	0	0	0	0	0	0	0	0	0	0	0	0	0	0
Plantae;Streptophyta;Magnoliopsida;Fabales;Fabaceae;Gilbertiodendron;Gilbertiodendron grandistipulatum	Bean	0	0	0	0	0	0	0	0	0	0	0	0	0	0	0	0	0	0	0	0	0	0	0	0	0	0	0	0	0	0	0	0	0	0	0	0	0	0	0	0	0	0	0	0	0	0	0	0	0	0	0	0	0	0	0	0	0	4	0	0	0	0	0	0	0	0	0	0	0	0	0	0	0	0	0	0	0	0	0	0	0	0	0	0	0	0	0	2	0	0	0	0	0	0	0	0	0	0	0	0	0	0	0	0	0	0	0	0	0	0	0	0	0	0	0	0	0	0	0	0	0	0	0
Plantae;Streptophyta;Magnoliopsida;Fabales;Fabaceae;Medicago;Medicago arabica	Burclover	0	0	0	0	0	2	3	3	0	0	0	0	0	0	0	0	0	0	0	4	0	0	0	0	0	0	0	0	0	0	0	0	0	0	0	0	3	0	0	0	4	0	0	0	0	0	0	0	0	0	0	0	0	2	2	0	26	70	236	13	3	0	0	0	3	2	0	0	0	0	18	0	699	111	174	966	6	33	120	357	17	38	0	63	262	35	552	109	46	64	0	0	0	0	3	0	0	0	0	0	0	0	0	0	46	0	0	2	5	4	5	4	8	0	0	31	15	48	30	19	18	0	3
Plantae;Streptophyta;Magnoliopsida;Fabales;Fabaceae;Mimosa;Mimosa diplotricha	Giant false sensitive plant	0	0	0	0	0	0	0	0	0	0	0	0	0	0	0	0	0	0	0	0	0	0	0	0	0	0	0	0	0	0	0	3	0	0	0	0	0	0	0	0	31	0	0	0	0	0	0	0	0	0	0	0	2	0	0	0	0	0	0	0	0	0	0	0	0	0	0	0	0	0	0	0	0	0	0	0	0	0	0	0	0	0	0	0	0	0	0	0	0	0	0	0	0	0	0	0	0	0	0	0	0	0	0	0	0	0	0	0	2	0	0	0	0	0	0	0	0	0	0	0	0	0	0
Plantae;Streptophyta;Magnoliopsida;Fabales;Fabaceae;Phaseolus	Bean	0	0	0	0	0	0	0	0	0	4	0	0	0	0	0	0	2	0	0	0	0	0	0	0	0	0	0	0	0	0	0	0	0	0	0	0	0	0	0	0	0	0	0	0	0	0	0	4	2	0	0	0	2	0	0	2	0	0	0	0	0	0	0	2	2	0	0	5	0	0	0	0	0	0	0	0	8	4	0	0	0	0	0	0	0	0	0	0	0	0	0	0	0	0	0	0	0	0	2	0	0	0	0	0	0	0	0	0	0	0	0	0	0	0	0	0	0	0	0	0	0	0	0
Plantae;Streptophyta;Magnoliopsida;Fabales;Fabaceae;Phaseolus;Phaseolus vulgaris	French Bean	0	0	4	0	2	0	0	0	0	7	0	8	2	16	0	0	0	0	0	0	0	0	0	0	0	0	9	0	0	0	0	0	0	3	0	0	0	2	0	0	0	0	0	0	0	3	0	8	7	2	0	0	7	0	0	6	0	0	0	0	0	0	0	0	9	0	0	5	0	0	0	0	0	0	0	0	4	21	0	0	3	2	0	0	0	0	0	0	0	0	0	0	0	0	0	0	2	0	2	0	0	0	0	0	0	0	0	0	0	0	0	0	0	4	0	0	0	0	0	0	0	0	0
Plantae;Streptophyta;Magnoliopsida;Fagales;Juglandaceae;Juglans;Juglans microcarpa x Juglans regia	Walnut family	0	0	0	0	0	0	0	0	0	0	0	0	0	0	0	0	0	0	0	0	0	0	0	0	0	0	0	0	0	0	0	0	0	0	0	0	0	0	0	0	0	0	0	0	0	0	0	0	0	0	0	0	0	0	0	0	0	0	0	0	0	0	0	0	0	0	0	0	0	0	0	0	0	0	0	0	0	0	0	0	0	0	0	0	0	0	0	0	0	0	0	0	0	0	2	0	0	0	0	0	0	0	0	0	0	0	0	0	0	0	0	0	0	0	0	0	0	0	0	0	0	0	0
Plantae;Streptophyta;Magnoliopsida;Gentianales;Rubiaceae	Bedstraw family	0	0	0	0	0	0	0	0	0	0	0	0	0	0	0	0	0	0	0	0	0	0	0	0	0	0	0	0	0	0	0	0	0	0	0	0	0	0	0	0	0	0	0	0	0	0	0	0	0	0	0	0	0	0	0	0	0	0	0	0	2	0	0	0	0	0	0	0	0	0	0	0	0	0	0	2	0	0	0	0	0	0	0	0	0	0	2	0	0	0	0	0	0	0	0	0	0	0	0	0	0	0	0	0	0	0	0	0	0	0	0	0	0	0	0	0	0	0	0	0	0	0	0
Plantae;Streptophyta;Magnoliopsida;Lamiales;Plantaginaceae	Plantain family	0	0	0	0	3	0	0	0	2	0	0	0	0	0	0	0	0	0	0	0	0	0	0	0	0	0	0	0	0	0	2	0	0	0	2	0	0	0	0	2	0	0	0	0	3	4	0	0	0	0	0	0	2	0	0	0	0	0	0	0	0	0	0	0	0	0	2	0	0	0	0	0	6	0	0	0	0	0	2	0	0	0	0	0	2	0	0	2	0	0	0	0	0	0	0	0	0	0	0	0	0	0	0	0	3	0	0	0	0	0	0	0	0	0	0	0	0	0	0	0	0	0	3
Plantae;Streptophyta;Magnoliopsida;Malpighiales	Nances, Willows, And Allies	0	0	0	0	0	0	0	0	0	0	0	0	0	0	0	0	0	0	0	0	0	0	0	0	0	0	0	0	0	0	0	0	0	0	0	0	0	0	0	0	0	0	0	0	0	0	0	0	0	0	0	0	0	0	0	0	0	0	0	0	0	0	0	0	0	0	0	0	0	0	0	0	0	0	0	0	0	0	0	0	0	0	0	0	0	0	0	0	0	0	0	0	0	0	0	0	0	3	0	0	0	0	0	0	0	0	0	0	0	0	0	0	0	0	0	0	0	0	0	0	0	0	0
Plantae;Streptophyta;Magnoliopsida;Malpighiales;Euphorbiaceae;Tragia	Noseburn	0	0	0	0	0	0	0	0	0	0	0	0	0	0	0	0	0	0	0	0	0	0	0	0	0	0	0	0	0	0	0	0	0	0	0	0	0	6	0	0	0	0	0	0	0	0	0	0	0	0	0	0	0	0	0	0	0	0	0	0	0	0	0	0	0	0	0	0	0	0	0	0	0	0	0	0	0	0	0	0	0	0	0	0	0	0	0	0	0	0	0	0	0	0	0	0	0	0	0	0	0	0	0	0	0	0	0	0	0	0	0	0	0	0	0	0	0	0	0	0	0	0	0
Plantae;Streptophyta;Magnoliopsida;Malvales;Malvaceae;Corchorus	Jute	0	0	0	0	0	0	0	0	0	0	0	0	0	0	0	0	0	0	0	0	0	0	0	0	0	0	0	0	0	3	0	0	0	0	0	0	0	0	0	0	0	4	0	0	0	0	0	0	0	0	0	0	0	0	0	0	0	0	16	0	0	0	0	0	0	0	0	0	0	0	0	0	0	0	0	0	0	0	0	0	0	0	0	0	0	0	0	0	0	0	0	0	0	0	0	0	0	0	0	0	0	0	0	0	0	0	0	0	0	0	0	0	0	0	0	0	0	0	0	0	0	0	0
Plantae;Streptophyta;Magnoliopsida;Myrtales;Onagraceae;Epilobium;Epilobium palustre	Marsh Willow-herb	0	0	0	0	0	0	0	0	0	0	0	0	0	0	0	0	0	0	0	0	0	0	0	0	0	0	0	0	0	0	0	0	0	0	0	0	0	0	0	0	0	4	0	0	0	0	0	0	0	0	0	0	14	0	0	0	0	0	0	0	0	0	0	0	0	0	0	0	0	0	0	0	0	0	0	0	0	0	0	0	0	0	0	0	0	0	0	0	0	0	0	0	0	15	0	0	0	0	0	0	0	0	0	0	0	0	0	0	0	0	0	0	0	0	0	0	0	0	0	0	0	0	0
Plantae;Streptophyta;Magnoliopsida;Oxalidales;Oxalidaceae;Oxalis	False shamrock	0	0	0	0	0	0	0	0	0	0	0	0	0	0	0	0	0	0	0	0	0	0	0	0	0	0	0	0	0	0	0	0	0	0	0	0	0	0	0	0	0	0	0	0	0	0	0	3	0	0	0	0	0	0	0	0	0	0	0	0	0	0	0	0	0	0	0	0	0	0	0	0	0	0	0	0	0	0	0	0	0	0	0	0	0	0	0	8	0	0	0	0	0	0	0	0	0	0	0	0	0	0	0	0	0	0	0	0	0	0	0	0	0	0	0	0	0	0	0	0	0	0	0
Plantae;Streptophyta;Magnoliopsida;Poales;Cyperaceae;Carex	Sedge	0	0	0	0	0	0	0	0	0	0	0	0	0	0	0	0	0	0	0	0	0	0	0	0	0	0	0	0	0	0	0	0	0	0	0	0	0	0	3	0	0	0	0	0	0	0	0	0	0	0	0	0	0	0	0	3	0	0	0	0	0	0	0	0	0	0	0	0	0	0	0	0	0	0	0	3	0	4	0	0	0	0	0	0	0	0	0	0	0	0	0	0	0	0	0	0	0	0	0	0	0	0	0	0	0	0	0	0	0	0	0	0	0	0	0	0	0	0	0	0	2	3	0
Plantae;Streptophyta;Magnoliopsida;Poales;Poaceae;Cinnagrostis;Cinnagrostis vicunarum	Cereal	0	0	0	0	0	0	0	0	0	0	0	0	0	0	0	0	0	0	0	0	0	0	0	0	0	0	0	0	0	0	0	0	0	0	0	0	0	0	0	0	0	0	0	0	0	0	0	0	0	0	0	0	0	0	0	4	0	0	0	0	0	0	0	0	0	0	0	0	0	0	0	0	0	0	0	2	0	0	0	0	0	0	0	0	0	0	0	0	0	0	0	0	0	0	0	0	0	0	0	0	0	0	0	0	0	0	0	0	0	0	0	0	0	0	0	0	0	0	0	0	0	0	0
Plantae;Streptophyta;Magnoliopsida;Poales;Poaceae;Milium	Millet grass	0	0	0	0	0	0	0	0	0	0	0	0	0	0	0	0	0	0	0	0	0	0	0	0	0	0	0	0	0	0	0	0	0	0	0	0	0	0	0	0	0	0	0	0	0	0	0	0	0	0	0	0	0	0	0	7	0	0	0	0	0	0	0	0	0	0	0	0	0	0	0	0	0	0	0	0	0	0	0	0	0	0	0	0	0	0	0	0	0	0	0	0	0	0	0	0	0	0	0	0	0	0	0	0	0	0	0	0	0	0	0	0	0	0	0	0	0	0	0	0	0	0	0
Plantae;Streptophyta;Magnoliopsida;Poales;Poaceae;Phleum;Phleum pratense	Meadow Cat's-tail	0	0	0	0	0	0	0	0	0	0	0	0	0	0	0	0	0	0	0	0	0	0	0	0	0	0	0	0	0	0	0	0	0	0	0	0	0	0	0	0	0	0	0	0	0	0	0	0	0	0	0	0	0	0	0	86	0	0	0	0	0	0	0	0	0	0	0	0	0	0	0	0	0	0	0	0	0	0	0	0	0	0	0	0	0	0	0	0	0	0	0	0	0	0	0	0	0	0	0	0	0	0	0	0	0	0	0	0	0	0	0	0	0	0	0	0	0	0	0	0	0	0	0
Plantae;Streptophyta;Magnoliopsida;Poales;Poaceae;Trisetum;Trisetum preslii	Cereal	0	0	0	0	0	0	0	0	0	0	0	0	0	0	0	0	0	0	0	0	0	0	0	0	0	0	0	0	0	0	0	0	0	0	0	0	0	0	0	0	0	0	0	0	0	0	0	0	0	0	0	0	0	0	0	0	0	0	0	0	0	0	0	0	0	0	0	0	0	0	0	0	0	0	0	4	0	0	0	0	0	0	0	0	0	0	0	0	0	0	0	0	0	0	0	0	0	0	0	0	0	0	0	0	0	0	0	0	0	0	0	0	0	0	0	0	0	0	0	0	0	0	0
Plantae;Streptophyta;Magnoliopsida;Rosales;Rosaceae;Rosa;Rosa praelucens	Rose	0	0	0	0	0	0	0	0	0	0	0	0	0	0	0	0	0	0	0	0	0	0	0	0	0	0	0	0	0	0	0	0	0	0	0	0	0	0	0	0	0	0	0	0	0	0	0	0	0	0	0	0	0	0	0	0	2	0	0	0	0	0	0	2	0	0	0	0	0	0	0	0	0	0	0	0	0	0	0	0	0	0	0	0	0	0	0	0	0	0	0	0	0	0	0	0	0	0	0	0	0	0	0	0	0	0	0	0	0	0	0	0	0	0	0	0	0	0	0	0	0	0	0
Plantae;Streptophyta;Magnoliopsida;Rosales;Urticaceae;Pilea	Clearweed	0	0	0	0	0	0	0	0	0	0	0	0	0	0	0	0	0	0	0	0	0	0	0	0	0	0	0	0	0	0	0	0	0	0	0	0	0	0	0	0	0	0	0	0	0	0	0	0	0	0	0	0	0	0	0	0	0	0	0	0	0	0	0	0	0	0	0	0	0	0	0	0	0	0	0	0	0	0	0	0	71	0	0	0	0	0	0	0	0	0	0	0	0	0	0	0	0	0	0	0	0	0	0	0	0	0	0	0	0	0	0	0	0	0	0	0	8	8	0	0	0	0	0
Plantae;Streptophyta;Magnoliopsida;Sapindales;Meliaceae	Mahogany	0	0	0	0	0	0	0	0	0	0	0	0	0	0	0	0	0	0	0	0	0	0	0	0	0	0	0	0	0	0	0	0	0	0	0	0	0	0	0	0	0	0	0	0	2	0	0	0	0	0	0	0	0	0	0	0	0	0	0	0	0	0	0	0	0	0	0	0	0	0	0	0	3	0	0	0	0	0	0	0	0	0	0	0	0	0	0	3	0	0	0	0	0	0	0	0	0	0	0	0	0	0	0	0	0	0	0	0	0	0	0	0	0	0	0	0	0	0	0	0	0	3	0
Plantae;Streptophyta;Magnoliopsida;Sapindales;Rutaceae	Citrus family	0	0	0	0	0	0	0	0	0	0	0	0	0	2	0	0	0	0	0	0	0	0	0	0	0	0	0	0	0	0	0	0	0	3	0	0	0	0	0	0	0	0	0	0	0	0	0	0	0	0	0	0	0	3	0	0	0	0	0	0	0	0	0	0	0	0	0	0	0	0	0	0	0	0	0	0	0	0	0	0	0	0	0	0	0	0	0	0	0	0	0	0	0	0	0	0	0	0	0	0	0	0	0	0	0	0	0	0	0	0	0	0	0	0	2	0	0	0	0	0	0	0	0
Plantae;Streptophyta;Magnoliopsida;Sapindales;Rutaceae;Citrus	Citrus	0	0	0	0	0	0	0	0	0	0	0	0	0	0	0	0	0	0	0	0	0	0	0	0	0	0	0	0	0	0	0	0	0	0	0	0	0	0	0	0	0	0	2	0	0	0	0	0	0	0	0	0	0	5	0	0	3	0	0	0	0	2	2	0	0	0	0	0	0	0	0	0	0	0	0	0	0	0	0	0	0	0	2	0	0	0	0	3	0	2	0	0	0	0	0	0	0	0	0	0	0	0	0	0	0	2	0	3	0	0	0	0	0	0	0	0	0	0	0	2	0	0	0
Plantae;Streptophyta;Magnoliopsida;Sapindales;Sapindaceae	Soapberries	0	0	0	2	0	0	0	2	0	0	0	0	0	0	0	0	0	0	0	7	0	0	0	0	0	0	0	0	0	0	0	0	0	0	2	0	2	2	0	4	3	0	0	0	0	0	0	0	0	0	2	0	0	6	0	0	0	0	4	3	0	0	0	0	0	0	0	0	0	0	0	0	6	0	3	9	0	2	0	0	0	0	0	14	4	0	8	0	0	0	0	0	7	0	3	0	0	0	0	0	0	0	0	0	0	2	0	21	8	15	33	9	33	2	0	19	10	51	18	23	21	0	0
Plantae;Streptophyta;Magnoliopsida;Sapindales;Sapindaceae;Acer	Maple	0	0	0	0	0	2	0	3	0	0	0	0	0	0	0	0	0	0	0	0	0	0	0	0	0	0	0	0	0	2	0	0	0	0	0	0	0	5	2	0	0	0	0	0	0	0	0	0	0	0	39	0	2	5	2	3	0	0	3	0	0	0	2	3	0	0	0	0	0	0	0	0	0	2	0	6	0	0	0	0	0	0	0	4	3	0	0	0	2	0	0	0	2	0	0	0	0	0	0	0	0	0	0	0	0	0	0	2	7	21	5	2	14	0	0	11	3	12	7	9	10	0	0
Plantae;Streptophyta;Magnoliopsida;Sapindales;Sapindaceae;Acer;Acer buergerianum	Taiwan Trident Maple	0	0	0	0	0	0	0	2	0	0	0	0	0	0	0	0	0	0	0	5	0	0	0	0	0	0	0	0	0	0	0	0	0	0	0	0	0	0	0	0	0	0	0	0	0	0	0	0	0	0	0	0	0	0	0	0	0	0	0	0	0	0	0	0	0	0	0	0	0	0	0	0	0	0	0	0	0	0	0	0	0	0	0	0	2	0	3	0	0	0	0	0	0	0	2	0	0	0	0	0	0	0	0	0	0	0	0	2	4	5	2	10	17	0	0	4	2	4	5	2	4	0	0
Plantae;Streptophyta;Magnoliopsida;Sapindales;Sapindaceae;Acer;Acer monspessulanum	Montpellier maple	0	0	0	0	0	0	0	0	0	0	0	0	0	0	0	0	0	0	0	0	0	0	0	0	0	0	0	0	0	0	0	0	0	0	0	0	0	0	0	0	0	0	0	0	0	0	0	0	0	0	0	0	0	0	0	2	0	0	0	0	0	2	0	0	0	0	2	0	0	0	0	0	0	0	0	0	0	0	0	0	0	0	0	0	0	0	0	0	0	0	0	0	0	0	0	0	0	0	0	0	0	0	0	0	0	0	0	0	0	0	0	0	0	0	0	0	0	0	0	0	0	0	0
Plantae;Streptophyta;Magnoliopsida;Sapindales;Sapindaceae;Acer;Acer pseudoplatanus	Maple	0	0	0	0	0	2	0	0	0	0	0	0	0	0	0	0	0	0	0	0	0	0	0	0	0	0	0	0	0	0	0	0	0	0	0	0	0	0	0	0	0	0	0	0	0	0	0	0	0	0	0	0	0	0	0	0	0	0	0	0	0	0	0	0	0	0	0	0	0	0	0	0	0	0	0	0	0	0	0	0	0	0	0	0	0	0	0	0	0	0	0	0	0	0	0	0	0	0	0	0	0	0	0	0	0	0	0	0	0	0	0	0	0	0	0	0	0	0	0	0	0	0	0
Plantae;Streptophyta;Magnoliopsida;Vitales;Vitaceae	Grape family	14	8	5	9	12	8	6	4	3	22	29	22	28	4	21	5	5	9	12	36	8	7	11	19	6	7	6	0	16	8	15	14	9	29	32	22	6	6	40	9	13	15	16	18	17	8	28	30	17	17	0	28	24	424	28	26	25	14	10	12	23	34	33	29	19	18	26	9	9	18	8	2	14	12	33	12	29	23	32	46	40	35	14	5	18	11	26	18	15	34	4	2	11	4	8	11	14	2	6	2	10	7	3	4	3	18	5	41	23	4	3	8	11	6	12	11	5	3	8	23	28	15	29
Plantae;Streptophyta;Marchantiopsida;Marchantiales	Complex Thallose Liverworts	0	0	0	0	0	0	0	0	0	0	0	0	0	0	0	0	0	0	0	0	0	0	0	0	0	0	0	0	0	0	0	0	0	0	0	0	0	0	0	0	0	0	0	0	0	0	0	0	0	0	0	0	0	0	0	0	0	0	0	0	0	0	0	0	0	0	0	0	0	0	0	0	0	0	0	0	0	0	3	4	0	0	0	0	0	0	0	0	0	0	0	0	0	0	0	0	0	0	0	0	0	0	0	0	0	0	0	0	0	0	0	0	0	0	0	0	3	0	0	0	0	0	0
Plantae;Streptophyta;Marchantiopsida;Marchantiales;Marchantiaceae;Marchantia;Marchantia polymorpha	Common Liverwort	0	0	0	0	0	0	0	0	0	0	0	0	0	0	0	0	0	0	0	0	0	0	0	0	0	0	0	0	0	0	0	0	0	0	0	0	0	0	0	0	0	0	0	0	0	0	0	0	0	0	0	0	0	0	0	6	0	0	0	0	0	0	0	0	0	0	0	0	0	0	0	0	0	0	0	0	0	0	0	0	0	0	0	0	0	0	0	0	0	0	0	0	0	0	0	0	0	0	0	0	0	0	0	0	0	0	0	0	0	0	0	0	0	0	0	0	0	0	0	0	0	0	0
Plantae;Streptophyta;Pinopsida;Cupressales;Cupressaceae;Juniperus;Juniperus navicularis	Sea-sands juniper	0	0	0	0	0	0	0	0	0	0	0	0	0	0	0	0	0	0	0	2	0	0	0	0	0	0	0	0	0	0	0	0	0	0	0	0	0	0	0	0	0	0	0	0	0	0	0	0	0	0	0	0	0	0	0	0	0	0	0	0	0	0	0	0	0	0	0	0	0	0	0	0	0	0	0	0	0	0	0	0	0	0	0	0	0	0	0	0	0	0	0	0	0	0	0	0	0	0	0	0	0	0	0	0	0	0	0	0	0	0	0	0	0	0	0	0	0	0	0	0	0	0	0
Plantae;Streptophyta;Polypodiopsida	Leptosporangiate ferns	6	0	0	0	0	0	0	0	0	0	0	0	0	0	0	0	0	0	0	0	0	0	0	0	0	0	0	0	0	0	0	0	0	0	64	0	0	0	0	0	0	0	0	0	12	13	0	0	0	0	0	110	0	0	0	0	0	0	0	0	0	0	0	0	0	0	0	0	0	0	0	0	0	0	0	0	0	0	0	0	0	0	0	40	0	0	0	0	0	0	0	0	0	0	0	0	0	0	0	0	0	0	0	0	0	0	0	0	0	0	0	0	0	0	0	0	0	0	0	10	0	0	0
Plantae;Streptophyta;Polypodiopsida;Polypodiales;Aspleniaceae;Asplenium;Asplenium trichomanes	Maidenhair Spleenwort	0	0	0	0	0	0	0	0	0	0	0	0	0	0	0	0	0	0	0	0	0	0	0	0	0	0	0	0	0	0	0	0	0	0	11	0	0	0	0	0	0	0	0	0	0	0	0	0	0	0	0	0	0	0	0	0	0	0	0	0	0	0	0	0	0	0	0	0	0	0	0	0	0	0	0	0	0	0	0	0	0	0	0	0	0	0	0	0	0	0	0	0	0	0	0	0	0	0	0	0	0	0	0	0	0	0	0	0	0	0	0	0	0	0	0	0	0	0	0	0	0	0	0
Protozoa;Cercozoa;Imbricatea;Euglyphida;Cyphoderiidae;Cyphoderia;Cyphoderia ampulla	Protozoans	0	0	0	0	0	0	0	0	0	0	0	0	0	0	0	0	0	0	0	0	0	0	0	0	0	0	0	0	0	0	0	0	0	0	0	0	0	0	0	0	0	0	0	0	0	0	0	0	0	0	0	0	0	0	6	0	0	0	0	0	0	0	0	0	0	0	0	0	0	0	0	0	0	0	0	0	0	0	0	0	0	0	0	0	0	0	0	0	0	0	0	0	0	0	0	0	0	0	0	0	0	0	0	0	0	0	0	0	0	0	0	0	0	0	0	0	0	0	0	0	0	0	0
Protozoa;Cercozoa;Imbricatea;Euglyphida;Cyphoderiidae;Cyphoderia;Cyphoderia littoralis	Protozoans	0	0	0	6	0	0	0	0	0	0	0	0	0	0	0	0	0	0	0	0	0	0	0	0	0	0	0	0	0	0	0	0	0	0	0	0	0	0	0	0	0	0	0	0	0	0	0	0	0	0	0	0	0	0	0	0	0	0	0	0	0	0	0	0	0	0	0	0	0	0	0	0	0	0	0	0	0	0	0	0	0	0	0	0	0	0	0	0	0	0	0	0	0	0	0	0	0	0	0	0	0	0	0	0	0	0	0	0	0	0	0	0	0	0	0	0	0	0	0	0	0	0	0
Protozoa;Cercozoa;NA;Cercomonadida;Cercomonadidae;Cercomonas	Protozoans	0	0	0	0	0	0	0	0	0	0	0	0	0	0	0	0	0	0	0	3	0	0	0	0	0	8	0	0	0	0	0	0	7	0	0	0	5	0	0	0	0	0	0	0	0	0	0	0	0	0	0	0	0	0	99	0	0	0	0	0	14	0	0	0	0	0	0	0	0	0	0	0	0	0	0	0	0	0	0	0	0	0	0	0	0	0	0	0	0	2	0	0	0	0	0	0	0	0	0	0	0	0	0	0	0	0	0	0	0	0	3	0	0	0	0	2	0	0	0	0	0	0	0
Protozoa;Cercozoa;NA;Cercomonadida;Cercomonadidae;Eocercomonas;Eocercomonas sp. HFCC 907	Protozoans	0	0	0	0	0	0	0	0	0	0	0	0	0	0	0	0	0	0	0	0	0	0	0	0	0	0	0	0	0	0	0	0	0	0	0	0	0	0	0	0	0	0	0	0	0	0	0	0	0	0	0	0	0	0	0	0	0	0	0	0	0	0	0	0	0	0	0	0	0	0	0	0	0	0	0	0	0	0	0	0	0	0	0	0	0	0	0	0	0	0	0	0	0	0	0	0	0	0	0	0	0	0	0	0	0	0	0	0	0	0	0	0	0	0	0	2	0	0	0	0	0	0	0
Protozoa;Cercozoa;NA;Cercomonadida;Cercomonadidae;Paracercomonas	Protozoans	0	0	0	0	7	0	0	0	0	0	0	0	0	0	0	0	0	0	0	0	0	0	0	0	0	0	0	0	0	0	0	0	0	0	0	0	0	0	0	0	0	0	0	0	0	0	0	0	0	0	0	0	0	0	0	0	0	0	0	0	0	0	0	0	0	0	0	0	0	0	0	0	0	0	0	0	0	0	0	0	0	0	0	0	0	0	0	0	0	0	0	0	0	0	0	0	0	2	0	0	0	0	0	0	0	0	0	0	0	0	0	0	0	0	0	0	0	0	0	0	0	0	0
Protozoa;Cercozoa;NA;NA;NA;Quadricilia;Quadricilia rotundata	Protozoans	0	0	0	8	0	11	3	0	0	0	0	0	0	0	0	17	0	0	0	2	0	0	0	0	0	0	0	0	0	0	0	0	0	3	22	0	0	0	0	0	0	0	6	0	57	101	2	0	6	0	0	0	0	0	0	0	4	8	0	7	0	0	0	0	0	0	0	0	0	0	6	0	0	69	5	0	0	0	0	0	0	0	2	0	0	0	68	0	0	0	0	0	2	4	2	0	0	0	0	0	18	0	11	0	2	0	0	7	3	0	0	0	0	14	0	17	22	0	10	10	5	6	10
Protozoa;Cercozoa;Thecofilosea;NA;Ebriacea;Ebria;Ebria tripartita	Protozoans	0	0	0	108	0	154	34	3	0	0	0	0	0	0	16	51	0	0	0	3	0	0	0	0	0	0	0	0	170	0	0	0	0	0	3	0	0	0	3	0	0	0	2	312	142	169	5	381	0	0	0	0	0	0	0	0	0	0	0	13	0	0	0	0	0	49	756	0	0	0	0	0	90	0	0	0	0	0	0	4996	189	168	58	0	0	0	1181	1851	427	0	0	0	0	0	20	0	0	0	0	0	46	0	14	0	0	66	54	2	0	0	0	0	0	0	0	0	54	28	49	29	44	419	0
Protozoa;Discosea;Flabellinia;Dactylopodida;Paramoebidae;Paramoeba;Paramoeba karteshi	Protozoans	0	0	0	0	0	0	0	0	0	0	0	0	0	0	2	0	0	0	0	0	0	0	0	0	0	0	0	0	0	0	0	0	0	0	0	0	0	9	0	0	0	0	0	0	0	0	0	11	0	0	0	0	0	0	0	0	0	0	0	0	0	0	0	0	0	0	0	0	0	0	0	0	0	0	0	0	0	0	0	0	0	0	0	0	0	0	0	0	0	0	0	0	0	0	0	0	0	0	0	0	0	0	0	0	0	0	0	0	0	0	0	0	0	0	0	0	0	0	0	0	0	0	0
Protozoa;Discosea;Flabellinia;NA;Vannellidae;Vannella;Vannella sp. ISOKONT	Protozoans	0	0	0	0	0	0	0	0	0	0	0	0	0	0	0	0	0	0	0	0	0	0	0	0	0	0	0	0	0	0	0	0	0	0	0	0	0	3	0	0	0	0	0	0	0	0	0	0	0	0	0	0	0	0	0	0	0	0	0	0	0	0	0	0	0	0	0	0	0	0	0	0	0	0	0	0	0	0	0	0	0	0	0	0	0	0	0	0	0	0	0	0	0	0	0	0	0	0	0	0	0	0	0	0	0	0	0	0	0	0	0	0	0	0	0	0	0	0	0	0	0	0	0
Protozoa;Discosea;NA;Himatismenida;NA;Parvamoeba;Parvamoeba rugata	Protozoans	0	0	0	0	0	0	0	0	0	0	0	0	0	0	3	0	0	0	0	0	0	0	0	0	0	0	0	0	0	0	0	0	0	0	0	0	0	0	0	0	0	0	0	0	0	0	0	0	0	0	0	0	0	0	0	0	0	0	0	0	0	0	0	0	0	0	0	0	0	0	0	0	0	0	0	0	0	0	0	0	0	0	0	0	0	0	0	0	0	0	0	0	0	0	0	0	0	0	0	0	0	0	0	0	0	0	0	0	2	2	0	0	0	0	0	11	0	0	0	0	0	0	0
Protozoa;Discosea;NA;Longamoebia	Protozoans	0	0	0	0	0	0	0	0	0	0	0	2	0	0	0	0	0	0	0	0	0	0	0	0	0	0	0	0	0	0	0	0	0	0	0	0	0	0	0	0	0	0	0	0	0	0	0	0	0	0	0	0	0	0	0	0	0	0	0	0	0	0	0	0	0	0	0	0	0	0	0	0	0	0	0	0	0	0	0	0	0	0	0	0	0	0	0	0	0	0	0	0	0	0	0	0	0	0	0	0	0	0	0	0	0	0	0	0	0	0	0	0	0	0	0	3	2	0	0	0	0	0	0
Protozoa;Endomyxa	Protozoans	0	0	0	0	0	2	0	0	0	0	0	0	0	0	0	0	0	0	0	0	0	0	0	0	0	0	0	0	0	0	0	0	0	0	0	0	0	0	0	0	0	0	0	0	0	0	0	0	0	0	0	0	0	0	0	0	0	0	0	0	0	0	0	0	0	0	0	0	0	0	0	0	0	0	0	0	0	0	0	0	0	0	0	0	0	0	0	0	0	0	0	0	0	0	0	0	0	0	0	0	0	0	0	0	0	0	0	0	0	0	0	0	0	0	0	0	0	0	0	0	0	0	0
Protozoa;Endomyxa;Ascetosporea;Haplosporida	Protozoans	0	0	0	0	0	0	0	0	0	0	0	0	0	0	0	0	0	0	0	0	0	0	0	0	0	0	0	0	3	0	0	0	0	0	0	0	0	0	0	0	0	0	0	0	0	0	0	0	0	0	0	0	0	0	0	0	0	0	0	0	0	0	0	0	0	0	0	0	0	0	0	0	0	0	0	0	5	0	0	0	0	0	0	0	0	0	0	4	0	0	0	0	2	0	0	0	0	0	0	0	0	0	0	0	0	0	0	8	3	8	0	0	0	0	0	6	9	0	2	0	0	0	0
Protozoa;Endomyxa;Ascetosporea;Haplosporida;Haplosporidiidae	Protozoans	0	0	0	0	0	0	0	0	0	0	0	0	0	0	0	0	0	0	0	0	0	0	0	0	0	0	0	0	0	0	0	7	0	0	0	0	0	0	0	0	0	0	0	0	0	0	0	0	0	0	0	0	0	0	0	0	0	0	0	0	0	0	0	0	0	0	0	0	0	0	0	0	0	0	0	0	0	0	0	0	0	0	0	0	0	0	0	0	0	0	0	0	0	0	0	0	0	0	0	0	0	0	0	0	0	0	0	0	0	0	0	0	0	0	0	0	0	0	0	0	0	0	0
Protozoa;Endomyxa;Ascetosporea;Haplosporida;Haplosporidiidae;Haplosporidium	Protozoans	0	0	0	2	0	3	0	0	0	0	0	0	0	3	2	3	0	0	0	0	0	0	0	0	0	0	0	0	0	0	0	0	0	0	0	0	0	0	0	0	0	0	0	0	0	0	0	0	0	0	0	0	0	0	0	0	0	0	0	0	0	0	0	0	0	0	0	0	0	0	0	0	0	0	0	0	0	0	0	0	0	0	0	0	0	0	0	0	0	0	0	0	0	0	0	0	0	0	0	0	2	0	0	0	0	0	0	0	2	4	0	0	0	0	0	0	0	0	0	0	0	0	0
Protozoa;Endomyxa;Ascetosporea;Haplosporida;Haplosporidiidae;Haplosporidium;Haplosporidium patagon	Protozoans	0	0	0	0	0	0	0	0	0	0	0	0	0	0	0	0	0	0	0	0	0	0	0	0	0	0	0	0	0	0	0	0	0	0	0	0	0	0	0	0	0	0	0	0	0	0	0	0	0	0	0	0	0	0	0	0	0	0	0	0	0	0	0	0	0	0	0	0	0	0	0	0	0	0	0	0	0	0	0	0	0	0	0	0	0	0	0	0	0	0	0	0	0	0	0	0	0	0	0	0	0	0	0	0	0	0	0	10	0	0	0	0	0	0	0	0	0	0	0	0	0	0	0
Protozoa;Endomyxa;Ascetosporea;Haplosporida;Haplosporidiidae;Haplosporidium;Haplosporidium tuxtlensis	Protozoans	0	0	0	0	0	0	0	0	0	0	0	0	0	0	0	0	0	0	0	0	0	0	0	0	0	0	0	0	0	0	0	0	0	0	0	0	0	0	0	0	0	0	0	0	0	0	0	0	0	0	0	0	0	0	0	0	0	0	0	0	0	0	0	0	0	0	0	0	0	0	0	0	0	0	0	0	0	0	0	0	0	0	0	0	0	0	0	0	0	0	0	0	0	0	0	0	0	0	0	0	0	0	0	0	0	0	0	0	0	0	2	0	0	0	0	9	0	0	0	0	0	0	0
Protozoa;Endomyxa;Ascetosporea;Haplosporida;Haplosporidiidae;Minchinia;Minchinia tapetis	Protozoans	0	0	0	0	0	0	0	0	0	0	0	0	0	0	0	0	0	0	0	0	0	0	0	0	0	0	0	0	0	0	0	36	0	0	0	0	0	0	0	0	0	0	0	0	0	0	0	0	0	0	0	0	0	0	0	0	0	0	0	0	0	0	0	0	0	0	0	0	0	0	0	0	0	0	0	0	0	0	0	0	0	0	0	0	0	0	0	0	0	0	0	0	0	0	0	0	0	0	0	0	0	0	0	0	0	0	0	0	0	0	0	0	0	0	0	0	0	0	0	0	0	0	0
Protozoa;Endomyxa;Ascetosporea;Haplosporida;NA;Bonamia	Lady's nightcap	0	0	0	0	0	0	0	0	8	0	0	0	0	0	0	0	0	0	0	0	0	0	0	0	0	0	0	0	0	0	0	0	0	0	0	0	0	0	0	0	0	0	0	0	2	0	0	0	0	0	0	0	0	0	0	2	0	0	0	0	0	0	0	0	0	0	0	0	0	0	0	0	0	0	0	0	0	0	0	0	0	0	0	0	0	0	0	0	0	0	0	0	0	0	0	0	0	0	0	0	0	0	0	0	0	0	0	0	4	3	0	2	3	0	0	0	3	0	0	0	0	0	0
Protozoa;Endomyxa;NA;Gromiida;Gromiidae;Gromia;Gromia oviformis	Protozoans	0	0	0	0	0	0	2	0	0	0	0	0	0	0	0	0	0	0	0	0	0	0	0	0	0	0	0	0	0	0	0	0	0	0	0	0	0	0	0	0	0	0	0	0	11	0	2	0	0	0	0	0	0	0	0	0	0	0	0	0	0	0	0	0	0	0	0	0	0	0	0	0	0	0	0	0	0	0	2	0	2	0	0	0	0	0	0	0	0	0	0	0	0	0	0	0	0	0	0	0	0	0	0	0	0	0	0	3	2	5	0	3	2	0	0	0	0	12	0	0	0	0	0
Protozoa;Endomyxa;NA;Vampyrellida;Sericomyxidae;Sericomyxa;Sericomyxa perlucida	Protozoans	0	0	0	0	0	0	0	2	0	0	0	0	0	0	0	0	0	0	0	0	0	0	0	0	0	0	0	0	0	0	0	0	0	0	0	0	0	0	0	0	0	0	0	0	0	0	0	0	0	0	0	2	0	0	0	0	0	0	0	0	0	0	0	0	0	0	0	0	0	0	0	0	0	0	0	0	0	0	0	0	0	0	4	0	0	0	0	0	0	0	0	0	0	0	0	0	0	0	0	0	0	0	0	0	0	0	0	0	0	0	0	0	0	0	0	0	0	0	0	0	0	0	0
Protozoa;Endomyxa;NA;Vampyrellida;Vampyrellidae;NA;Vampyrellidae sp.	Protozoans	0	0	0	0	0	0	0	0	0	0	0	0	0	0	0	0	0	0	0	0	0	0	0	0	0	0	0	0	0	0	0	0	0	0	0	0	0	0	0	0	0	0	0	0	0	0	0	0	0	0	0	0	0	0	0	0	0	0	0	0	0	0	0	0	0	0	0	0	0	0	0	0	0	0	0	0	0	0	0	0	0	0	0	0	0	0	0	0	0	0	0	0	0	0	0	0	0	0	0	0	0	0	0	0	0	0	0	0	0	0	0	0	0	0	0	13	0	4	0	0	0	0	0
Protozoa;Euglenozoa;Euglenida;Euglenales;Euglenaceae;Trachelomonas;Trachelomonas sp.	Euglenoids	0	0	0	0	0	0	0	0	0	0	6	0	0	0	0	0	0	0	0	0	0	0	0	0	0	0	0	0	0	0	0	0	0	0	0	0	0	0	0	0	0	0	0	0	0	0	0	0	0	0	0	0	0	0	0	0	0	0	0	0	0	0	0	0	0	0	0	0	0	0	0	0	0	0	0	0	0	0	0	0	0	0	0	0	0	0	0	0	0	0	0	0	0	0	0	0	0	0	0	0	0	0	0	0	0	0	0	0	0	0	0	0	0	0	0	0	0	0	0	0	0	0	0
Protozoa;Euglenozoa;Euglenida;Eutreptiales;NA;Eutreptiella;Eutreptiella eupharyngea	Euglenoids	0	0	0	0	0	0	0	0	0	0	0	0	0	0	0	0	0	0	0	0	0	0	0	0	0	0	0	0	0	0	2	0	0	0	0	0	0	0	0	0	0	0	0	0	0	0	0	0	0	0	0	0	0	0	0	0	0	0	0	0	0	0	0	0	0	0	0	0	0	0	0	0	0	0	0	0	0	2	0	0	0	0	0	0	0	0	0	0	0	0	0	0	0	0	0	0	0	0	0	0	0	0	0	0	0	0	0	0	0	0	0	0	0	0	0	3	0	0	0	0	0	0	0
Protozoa;Euglenozoa;Euglenida;NA;NA;Rapaza;Rapaza viridis	Euglenoids	0	0	0	2	0	2	0	0	0	0	0	0	0	0	2	0	0	0	0	0	0	0	0	0	0	0	0	0	0	0	0	0	0	0	0	0	0	0	0	0	0	0	0	0	0	0	0	0	0	0	0	0	0	0	0	0	0	0	0	0	0	0	0	0	0	0	0	0	0	0	0	0	0	0	0	0	0	0	0	3	0	0	0	0	0	7	0	4	0	0	0	0	0	0	0	0	0	0	0	0	0	0	0	0	0	2	0	0	0	0	0	0	0	0	0	0	0	0	0	0	0	0	0
Protozoa;Euglenozoa;Euglenida;Petalomonadida;Scytomonadidae;Notosolenus;Notosolenus urceolatus	Euglenoids	0	0	0	0	0	0	3	0	11	11	0	0	3	10	2	0	6	0	0	0	0	0	0	10	0	0	0	0	27	2	125	0	6	0	18	126	0	0	3	0	0	0	6	0	319	19	6	3	0	0	0	0	0	0	0	0	27	14	24	0	110	0	0	0	0	0	0	0	0	0	0	0	50	0	0	0	0	0	234	143	0	17	0	0	0	5	82	6	0	0	0	0	2	0	2	0	0	0	0	0	0	0	0	0	57	0	0	0	0	12	0	7	0	0	0	41	9	2	2	0	0	0	0
Protozoa;Euglenozoa;Euglenida;Petalomonadida;Scytomonadidae;Petalomonas	Euglenoids	0	0	0	0	0	0	0	0	0	0	0	0	0	0	0	0	0	0	0	0	0	0	0	0	0	0	0	0	0	0	7	6	0	0	0	3	0	0	0	2	0	0	0	0	29	0	0	18	0	0	0	0	0	0	0	0	0	0	0	0	5	0	0	0	0	0	0	0	0	0	0	0	14	0	0	2	0	0	27	3	0	0	0	0	0	0	0	2	0	0	0	0	0	0	0	0	0	0	0	0	0	0	0	0	0	0	0	0	0	0	0	0	0	4	0	6	0	0	0	0	0	0	0
Protozoa;Euglenozoa;Euglenida;Petalomonadida;Scytomonadidae;Petalomonas;Petalomonas cantuscygni	Euglenoids	0	0	0	0	0	0	0	0	0	0	0	0	0	0	0	0	0	0	0	0	0	0	0	3	0	0	0	0	0	0	0	0	6	0	0	5	0	0	0	0	0	0	0	0	8	0	0	0	0	0	0	0	0	9	0	0	0	0	0	0	2	0	0	0	0	0	0	0	0	0	0	0	12	0	0	0	0	0	8	0	0	0	0	0	0	0	0	2	0	0	0	0	0	0	2	0	0	0	0	0	0	0	0	0	0	0	0	2	5	6	2	8	4	0	0	7	2	4	0	4	3	0	2
Protozoa;Euglenozoa;Euglenida;Petalomonadida;Scytomonadidae;Petalomonas;Petalomonas plana	Euglenoids	0	0	0	0	0	0	0	0	0	0	0	0	0	0	0	0	0	0	0	0	0	0	0	0	0	0	0	0	0	0	0	0	0	0	0	0	0	0	0	0	0	0	0	0	0	0	0	0	0	0	0	0	0	0	0	0	0	0	0	0	0	0	0	0	0	0	0	0	0	0	0	0	0	0	0	0	0	0	0	0	0	0	0	0	0	0	0	0	0	0	0	0	0	0	0	0	0	0	0	0	0	0	0	0	0	0	0	0	9	0	0	0	5	0	0	20	5	0	0	0	2	0	0
Protozoa;Euglenozoa;Euglenida;Petalomonadida;Scytomonadidae;Petalomonas;Petalomonas sphagnophila	Euglenoids	0	0	0	0	0	0	0	0	0	0	0	0	0	0	0	0	0	0	0	0	0	0	0	0	0	0	0	0	0	0	0	4	0	0	0	0	0	0	0	0	0	0	0	0	2	0	0	0	0	0	0	0	0	25	0	0	0	0	0	0	0	0	0	0	0	0	0	0	0	0	0	0	4	0	0	0	0	0	4	0	0	0	0	2	0	0	0	0	0	0	0	0	0	0	0	0	0	0	0	0	0	0	0	0	0	0	0	0	0	0	0	0	0	0	0	0	0	0	0	0	0	0	0
Protozoa;Euglenozoa;Euglenida;Petalomonadida;Sphenomonadidae;Sphenomonas;Sphenomonas cf. tristriata	Euglenoids	0	0	0	0	0	0	0	0	34	0	0	0	0	0	0	0	0	0	0	12	0	0	0	0	0	0	0	0	0	0	0	0	0	0	0	0	0	0	27	0	0	0	0	0	88	22	0	0	0	0	0	0	0	0	0	0	0	0	0	0	0	0	0	0	0	0	0	0	0	0	0	0	0	0	0	0	0	0	0	0	0	0	0	0	0	0	0	0	0	2	0	0	0	0	4	0	0	0	0	0	0	0	0	0	0	0	0	9	50	0	30	274	0	0	0	9	3	0	19	0	0	0	0
Protozoa;Euglenozoa;NA;Diplonemea	Euglenoids	0	0	0	0	0	0	0	0	0	0	0	0	0	0	0	0	0	0	0	0	0	0	0	0	0	0	0	0	0	0	0	0	0	0	0	0	0	0	0	0	0	0	0	0	3	0	0	0	0	0	0	0	0	0	0	0	0	0	0	0	0	0	0	0	0	0	0	0	0	0	0	0	0	0	0	0	0	0	0	0	0	0	0	0	0	0	0	0	0	0	0	0	0	0	0	0	0	0	0	0	2	0	0	0	0	0	0	0	0	0	0	0	0	0	0	5	6	0	0	0	0	2	0
Protozoa;Euglenozoa;NA;Diplonemea;Diplonemidae;Diplonema;Diplonema sp. ATCC 50232	Euglenoids	0	0	0	2	2	0	0	0	0	6	0	0	0	2	0	0	0	0	0	0	0	0	0	0	0	0	0	20	0	0	0	0	8	0	6	0	11	0	0	9	0	0	0	0	2	5	0	3	0	0	0	0	18	0	36	0	0	2	0	0	2	0	0	0	0	0	0	0	0	0	0	0	11	0	2	0	0	0	0	0	2	0	2	0	0	0	4	0	0	0	10	0	0	0	0	0	0	0	0	0	0	0	0	0	0	0	0	0	0	0	0	0	2	0	0	0	3	0	0	6	3	0	3
Protozoa;Fornicata;NA;NA;NA;Kipferlia;Kipferlia bialata	Kipferlia bialata	0	0	0	0	0	0	0	0	0	0	0	0	0	0	0	0	0	0	0	0	0	0	0	0	0	0	0	0	0	0	0	0	0	0	0	0	0	0	0	0	0	0	0	0	2	0	0	0	16	0	0	0	0	0	0	0	0	0	0	0	0	0	0	0	0	0	0	0	0	0	0	0	0	0	0	0	0	0	0	0	0	0	0	0	0	0	0	0	0	0	0	0	0	0	0	0	0	0	0	0	0	0	0	0	0	0	0	0	0	0	0	0	0	0	0	0	0	0	0	0	0	0	0
Protozoa;Heterolobosea;NA;NA;Vahlkampfiidae;Naegleria	Protozoans	0	0	0	0	0	0	0	0	0	0	0	0	0	0	0	0	0	0	0	0	0	0	0	0	0	0	0	0	0	0	0	0	6	0	0	0	0	0	0	2	0	0	0	0	0	0	0	0	0	0	0	0	0	0	0	0	0	0	0	0	2	0	0	0	0	0	0	0	0	0	0	0	0	0	0	0	0	0	0	0	0	0	0	0	0	0	0	0	0	0	0	0	0	0	0	0	0	0	0	0	0	0	0	0	0	0	0	0	0	0	0	0	0	0	0	0	0	0	0	0	0	0	0
Protozoa;Heterolobosea;NA;NA;Vahlkampfiidae;Tetramitus;Tetramitus thorntoni	Amoebas	0	0	0	0	0	0	0	0	0	0	0	0	0	0	0	0	0	0	0	0	0	0	0	0	0	0	0	0	0	0	0	0	0	0	0	0	0	0	0	0	0	0	0	0	0	0	0	0	0	0	0	0	0	0	0	0	0	0	0	0	0	0	0	0	0	0	0	0	0	0	0	0	0	0	0	0	0	0	0	0	0	0	0	0	0	0	0	0	0	0	0	0	0	0	0	0	0	0	0	0	0	0	0	0	0	0	0	0	0	0	22	0	0	0	0	0	0	0	0	0	0	0	0
Protozoa;NA;Bigyra;Bicosoecida;Bicosoecidae;Bicosoeca;Bicosoeca vacillans	Protozoans	0	0	0	0	0	0	0	0	0	0	0	0	0	0	0	0	0	0	0	0	0	0	0	0	0	0	0	0	0	0	0	0	0	0	0	0	0	0	0	0	0	0	0	0	0	0	0	0	0	0	0	0	0	0	0	0	0	0	0	0	0	0	0	0	0	0	0	0	0	0	0	0	0	0	0	0	0	0	0	0	0	0	2	0	0	0	0	0	0	0	0	0	0	0	0	0	0	0	0	0	0	0	0	0	0	0	4	0	0	0	0	0	0	0	0	0	0	0	0	0	0	0	0
Protozoa;NA;Bigyra;Nanomonadea;NA;Incisomonas;Incisomonas marina	Incisomonas marina	0	0	3	3	0	11	3	0	12	0	0	0	0	0	3	8	0	0	0	0	0	0	0	0	0	0	0	0	0	0	0	0	0	12	6	0	0	0	0	0	0	0	0	0	6	4	0	0	0	2	0	0	0	0	0	0	0	0	0	0	0	0	0	0	0	0	0	0	0	0	0	0	0	0	45	0	11	0	0	27	0	0	4	0	0	2	0	3	0	0	0	0	0	0	4	0	2	0	0	0	21	0	11	0	0	2	0	0	0	0	0	0	0	0	0	28	60	10	9	6	6	0	3
Protozoa;NA;Bigyra;Nanomonadea;NA;Solenicola;Solenicola setigera	Protozoans	0	0	0	13	0	6	4	0	0	0	0	0	0	0	0	13	0	0	0	4	0	0	0	0	0	0	0	0	0	0	0	0	0	0	17	0	0	0	0	0	0	0	0	0	0	0	5	0	4	2	0	0	0	4	0	0	0	0	0	0	0	0	0	0	0	0	3	0	0	0	0	0	0	0	0	0	0	0	9	0	3	2	0	4	0	4	7	0	0	0	0	0	0	0	12	0	0	0	0	0	10	0	3	0	0	0	4	0	0	0	0	0	0	0	0	44	66	23	22	2	7	0	0
Protozoa;NA;Breviatea;NA;NA;Subulatomonas;Subulatomonas tetraspora	Protozoans	0	0	0	0	0	0	0	0	0	0	0	0	0	0	0	0	0	0	0	0	0	0	0	0	0	0	0	0	0	0	0	0	0	0	0	0	0	0	0	0	0	0	0	0	10	0	0	0	0	0	0	0	0	0	0	0	0	0	0	0	0	0	0	0	0	0	0	0	0	0	0	0	0	2	0	0	0	0	0	0	0	2	0	0	0	0	2	0	0	0	0	0	0	0	0	0	0	0	0	0	0	0	0	0	0	0	0	0	0	0	0	0	0	0	0	0	0	2	0	0	0	0	3
Protozoa;NA;Choanoflagellata;Acanthoecida	Protozoans	0	0	0	5	0	8	0	0	0	0	0	0	0	0	0	7	0	0	0	0	0	0	0	0	0	0	0	0	0	0	0	0	0	0	0	0	0	0	0	0	0	0	0	0	0	0	0	0	0	0	0	0	2	0	0	0	0	0	0	0	0	0	0	0	0	0	0	0	0	0	0	0	0	2	0	0	0	0	2	0	0	0	2	0	0	0	0	0	0	0	0	0	0	0	0	0	0	0	0	0	5	0	3	0	0	2	0	0	2	0	0	0	0	0	0	0	3	0	0	0	0	0	0
Protozoa;NA;Choanoflagellata;Acanthoecida;Acanthoecidae;Savillea;Savillea micropora	Protozoans	0	0	0	0	0	0	0	0	0	0	0	0	0	0	0	0	0	0	0	0	0	0	0	0	0	0	0	0	0	0	0	0	0	0	0	0	0	0	0	0	0	0	0	0	0	0	0	0	0	0	0	0	0	0	0	0	0	0	0	0	0	0	0	0	0	0	0	0	0	0	0	0	0	2	0	0	0	0	0	0	0	0	2	0	0	0	0	3	0	0	0	0	0	0	0	0	0	0	0	0	0	0	0	0	0	0	0	0	0	0	0	0	0	0	0	0	3	0	0	0	0	0	0
Protozoa;NA;Choanoflagellata;Acanthoecida;Stephanoecidae	Protozoans	0	0	0	320	0	823	0	0	0	0	0	0	0	0	302	2234	10	2	0	0	0	0	0	0	0	0	0	0	0	0	0	2	0	16	7	32	0	7	3	0	0	3	2	5	6	12	0	4	0	10	0	0	43	0	0	3	76	4	2	0	23	44	5	2	0	0	5	0	3	0	7	0	47	7	4	0	37	33	14	3	9	6	100	5	2	8	9	20	9	0	0	4	2	0	4	2	0	0	6	0	881	0	286	0	18	47	246	4	4	0	6	5	8	0	0	4	22	9	9	3	0	0	4
Protozoa;NA;Choanoflagellata;Acanthoecida;Stephanoecidae;Calliacantha	Protozoans	0	0	0	13	0	20	5	0	0	0	0	0	0	0	0	76	0	0	0	2	0	0	0	0	0	0	0	0	0	0	5	0	0	7	13	0	0	18	9	0	0	0	4	2	23	15	0	0	0	7	0	0	32	0	0	3	0	0	7	0	0	3	0	0	2	0	0	0	0	4	11	0	0	0	0	0	0	2	29	0	8	3	12	0	21	0	7	16	5	0	0	0	6	0	8	0	2	0	0	0	65	0	47	0	6	26	14	7	22	7	0	7	2	0	0	46	50	11	2	0	2	3	11
Protozoa;NA;Choanoflagellata;Acanthoecida;Stephanoecidae;Diaphanoeca;Diaphanoeca grandis	Protozoans	0	0	0	0	0	0	0	0	0	0	0	0	0	0	0	0	0	0	0	0	0	0	0	0	0	0	0	0	0	0	0	0	0	0	0	0	0	0	0	0	0	0	0	0	0	0	0	0	0	0	0	0	0	0	0	0	0	0	0	0	0	0	0	0	0	0	0	0	0	0	0	0	0	0	0	0	0	0	0	0	0	0	3	0	0	0	0	0	0	0	0	0	0	0	0	0	0	0	0	0	2	0	0	0	0	0	2	0	0	0	0	0	0	0	0	0	6	0	0	0	0	0	0
Protozoa;NA;Choanoflagellata;Acanthoecida;Stephanoecidae;Didymoeca;Didymoeca costata	Protozoans	0	0	0	6	0	22	6	3	0	0	0	0	0	0	2	59	0	0	0	7	0	0	0	0	0	0	0	0	0	0	0	0	0	8	7	0	9	0	0	0	0	3	0	3	14	2	3	4	0	5	0	0	0	0	54	0	0	0	0	0	0	0	2	0	0	0	10	0	0	3	0	0	2	0	10	0	0	22	8	0	3	13	11	6	0	0	0	26	5	0	0	0	4	0	15	0	5	0	0	0	100	0	35	0	2	29	16	10	6	0	0	0	0	0	0	94	96	13	20	6	6	0	0
Protozoa;NA;Choanoflagellata;Craspedida;Salpingoecidae;Bicosta;Bicosta minor	Protozoans	0	0	0	31	0	81	6	3	0	15	0	0	0	0	9	177	4	0	0	8	0	0	0	0	0	0	0	10	0	0	0	0	0	0	10	0	0	0	36	0	0	0	2	10	22	14	3	3	3	27	0	0	43	25	0	0	0	0	0	5	0	0	4	0	0	0	15	0	0	0	0	0	7	0	27	0	0	46	31	0	7	18	27	0	0	2	76	32	9	0	0	0	5	0	4	0	3	0	0	0	215	3	99	0	13	47	33	6	8	8	0	0	2	0	0	95	83	13	20	5	8	0	4
Protozoa;NA;Choanoflagellata;Craspedida;Salpingoecidae;Hartaetosiga;Hartaetosiga gracilis	Protozoans	0	0	0	0	0	0	0	0	0	0	0	0	0	0	0	0	0	0	0	0	0	0	0	0	0	0	0	0	0	0	0	0	0	0	0	0	0	0	3	0	0	0	0	0	0	0	0	0	0	0	0	0	0	0	0	0	0	0	0	0	0	0	0	0	0	0	0	0	0	0	0	0	0	0	0	0	0	3	0	0	0	0	0	0	0	0	0	0	0	0	0	0	0	0	0	0	0	0	0	0	0	0	0	0	0	0	0	0	0	0	0	0	0	0	0	0	0	0	0	0	0	0	0
Protozoa;NA;Choanoflagellata;NA;NA;NA;Choanoflagellata sp.	Choanoflagellata sp.	0	0	0	22	0	28	0	0	0	0	0	0	0	0	0	49	0	0	0	0	0	0	0	0	0	0	0	0	0	0	0	0	3	2	0	0	0	0	2	0	0	0	2	6	6	10	0	0	0	4	0	0	0	0	0	0	0	0	0	2	0	9	0	0	0	0	0	0	0	0	0	0	0	0	0	0	0	7	0	0	2	8	14	0	0	0	0	5	5	0	0	0	0	0	2	0	6	0	0	0	45	0	23	0	0	21	16	2	0	0	5	0	0	0	0	3	5	5	0	0	5	9	0
Protozoa;NA;Ichthyosporea;Dermocystida	Protozoans	0	0	0	0	0	0	0	0	0	0	0	0	0	0	0	0	0	0	0	0	0	0	0	0	0	0	0	0	0	0	0	0	0	2	0	0	0	0	0	0	0	0	0	0	0	0	0	0	0	0	0	0	0	0	0	0	0	0	0	0	0	0	0	0	0	0	0	0	0	0	0	0	0	0	0	0	6	0	0	0	0	0	0	0	0	0	0	0	0	0	0	0	0	0	0	0	0	0	0	0	0	0	0	0	0	0	0	0	0	3	0	0	0	0	0	0	0	0	0	0	0	3	4
Protozoa;NA;Ichthyosporea;Dermocystida;NA;Dermocystidium;Dermocystidium salmonis	Protozoans	0	0	0	0	0	0	0	0	0	0	0	0	0	0	0	0	0	0	0	0	0	0	0	0	0	0	0	0	0	0	0	0	0	0	0	0	0	0	0	0	0	7	0	0	0	0	0	0	0	0	0	0	0	0	0	0	0	0	0	0	0	0	0	0	0	0	0	0	0	0	0	0	0	0	0	0	0	0	0	0	0	0	0	0	0	0	0	0	0	0	0	0	0	0	0	0	0	0	0	0	0	0	0	0	0	0	0	0	0	0	0	0	0	0	0	0	0	0	0	0	0	0	0
Protozoa;NA;Ichthyosporea;Ichthyophonida;Ichthyophonidae;Ichthyophonus	Protozoans	0	0	0	0	0	0	0	0	0	0	0	0	0	0	2	0	0	0	0	0	0	0	0	0	0	0	0	0	0	0	0	0	0	8	0	0	0	0	0	0	0	0	0	30	0	0	0	0	5	0	0	0	0	0	0	26	0	0	0	0	0	0	3	0	0	0	0	0	0	0	0	0	0	0	0	0	0	0	0	0	0	0	0	0	0	33	0	0	0	0	0	0	0	0	0	0	0	0	0	0	0	0	0	0	0	0	0	0	0	0	0	0	0	0	0	0	0	0	0	0	0	0	0
Protozoa;NA;Ichthyosporea;Ichthyophonida;NA;Anurofeca;Anurofeca sp. LAH-2003	Protozoans	0	0	0	0	0	0	0	0	0	0	0	0	0	0	0	0	0	0	0	0	0	0	0	0	0	0	0	0	0	0	0	0	0	0	0	17	7	0	0	0	0	0	0	0	0	0	0	0	0	0	0	0	0	0	0	0	0	0	0	0	0	0	0	0	0	0	0	0	0	0	0	0	0	0	0	0	0	0	0	0	0	0	0	0	0	0	0	0	0	0	0	0	0	0	0	0	0	0	0	0	0	0	0	0	0	0	0	0	0	0	0	0	0	0	0	3	2	2	0	0	0	0	0
Protozoa;NA;Ichthyosporea;Ichthyophonida;NA;Creolimax;Creolimax fragrantissima	Protozoans	0	0	29	0	0	3	0	0	0	0	0	0	0	4	0	0	0	0	0	0	0	0	0	3	0	0	0	0	2	0	0	0	4	0	7	0	0	0	0	0	0	0	0	6	0	3	0	0	4	0	0	0	0	0	0	0	0	0	0	0	0	0	0	0	0	0	0	0	0	5	0	0	0	2	0	0	0	2	2	0	2	0	0	0	0	2	32	5	0	0	0	0	0	0	0	0	0	0	0	0	0	0	0	0	3	0	0	36	0	3	0	25	80	0	0	9	3	0	0	0	0	0	0
Protozoa;NA;Ichthyosporea;Ichthyophonida;NA;Sphaeroforma	Protozoans	0	2	16	18	9	110	10	13	0	13	2	0	25	3	71	9	25	2	0	16	0	0	7	32	0	0	13	0	24	0	286	112	329	494	682	335	275	75	658	202	86	198	59	324	506	393	41	110	697	392	0	10	160	1365	50	103	17	41	175	91	162	421	79	34	13	102	174	46	16	58	84	0	1997	313	1234	2263	731	447	749	546	131	130	9	120	271	116	2135	470	19	187	0	4	16	0	6	5	25	0	21	0	13	0	8	4	398	7	6	129	124	364	194	204	327	17	3	58	59	54	19	25	8	55	322
Protozoa;NA;Ichthyosporea;Ichthyophonida;NA;Sphaeroforma;Sphaeroforma tapetis	Protozoans	0	0	0	0	0	0	0	0	0	0	0	0	0	0	0	0	0	0	0	0	0	0	0	0	0	0	0	0	0	0	0	0	0	3	0	2	2	2	0	0	0	2	0	3	0	4	0	0	5	0	0	0	0	13	0	0	0	0	0	0	0	2	0	0	0	0	2	0	0	0	0	0	11	0	6	14	3	3	2	2	0	0	0	0	0	0	14	6	0	0	0	0	0	0	0	0	0	0	0	0	0	0	0	0	2	0	0	0	0	2	4	0	0	0	0	0	0	0	0	0	0	0	0
Protozoa;NA;Ichthyosporea;NA;NA;Pirum;Pirum gemmata	Protozoans	0	0	0	0	0	0	0	0	0	0	0	0	0	0	0	0	0	0	0	0	0	0	0	0	0	0	0	0	0	0	0	2	0	6	0	0	0	0	3	0	0	0	0	2	2	0	0	0	0	0	0	0	0	3	0	0	0	0	0	0	0	0	0	0	0	0	0	0	0	0	0	0	7	2	0	0	0	0	0	0	0	0	0	0	0	0	0	0	0	0	0	0	0	0	0	0	0	0	0	0	0	0	0	0	0	0	0	0	0	0	0	0	0	0	0	0	0	0	0	0	0	2	2
Protozoa;NA;NA;Apusomonadida;Apusomonadidae;Amastigomonas;Amastigomonas mutabilis	Protozoans	0	0	0	0	0	0	0	0	0	0	0	0	0	0	0	0	0	0	0	0	0	0	0	0	0	0	0	0	0	0	0	0	0	0	0	0	0	0	0	0	0	0	0	0	18	0	0	0	0	0	0	0	0	0	0	0	0	0	0	0	0	0	0	0	0	0	0	0	2	0	0	0	0	6	0	0	0	0	0	0	0	0	0	0	0	0	0	0	0	0	0	0	0	0	2	0	0	0	0	0	0	0	0	0	0	0	0	0	0	3	0	0	0	0	0	0	0	0	0	0	0	0	0
Protozoa;NA;NA;Apusomonadida;Apusomonadidae;Amastigomonas;Amastigomonas sp. HFCC180	Protozoans	0	0	0	0	0	0	0	0	0	0	0	0	0	0	0	0	0	0	0	0	0	0	0	0	0	0	0	0	0	0	0	0	0	0	0	0	0	0	0	0	0	0	0	0	0	0	0	0	0	0	0	0	0	0	0	0	0	0	0	0	0	0	0	0	0	0	0	0	0	0	0	0	0	0	0	0	0	0	0	2	0	0	0	0	0	0	0	0	0	0	0	0	0	0	0	0	0	0	0	0	0	0	0	0	0	0	0	0	0	0	0	0	0	0	0	0	3	0	0	0	0	0	0
Protozoa;NA;NA;Apusomonadida;Apusomonadidae;Apusomonas;Apusomonas proboscidea	Protozoans	0	0	0	0	0	0	0	0	0	0	0	0	0	0	0	0	0	0	0	0	0	0	0	0	0	0	0	0	0	0	0	0	0	0	0	0	0	0	0	0	0	0	0	0	0	0	0	0	0	0	0	0	0	0	0	0	0	0	0	0	0	0	0	0	0	0	0	0	0	0	0	0	0	0	0	0	0	0	0	0	0	0	0	0	0	0	0	0	0	0	0	0	0	0	0	0	0	0	0	0	0	0	0	0	0	0	0	0	0	0	0	0	0	0	0	8	0	0	0	0	0	0	0
Protozoa;NA;NA;Apusomonadida;Apusomonadidae;Podomonas;Podomonas kaiyoae	Protozoans	0	0	5	0	0	2	0	0	0	0	0	0	0	0	0	0	2	0	0	0	0	0	0	0	0	0	0	0	2	0	0	0	0	0	0	0	0	0	0	0	0	0	3	0	0	0	0	0	0	0	0	0	0	0	0	0	0	0	0	0	0	0	0	0	0	0	0	0	0	0	0	0	0	0	0	0	0	0	4	0	0	0	0	0	0	0	0	0	0	0	0	0	0	0	0	0	0	0	0	0	3	0	0	0	0	0	0	6	5	0	0	2	0	0	0	37	9	5	4	2	3	0	0
Protozoa;NA;NA;Rotosphaerida;Nucleariidae;Nuclearia	Protozoans	0	0	0	4	0	4	9	9	0	0	0	0	0	0	5	3	0	0	0	15	2	0	0	0	0	0	0	0	0	0	0	0	14	5	16	0	20	0	2	0	4	0	0	0	0	2	0	0	0	4	0	0	8	8	0	4	0	0	8	0	0	0	3	0	0	0	6	0	0	0	0	0	9	0	3	4	0	3	3	0	0	0	2	0	0	0	3	6	4	0	0	0	3	0	8	0	3	0	0	0	0	0	0	0	0	0	0	0	0	0	0	0	0	0	0	10	3	11	0	0	0	2	5
Protozoa;NA;NA;Rotosphaerida;Nucleariidae;Nuclearia;Nuclearia delicatula	Protozoans	0	0	0	0	0	0	0	0	0	24	0	0	0	0	0	0	0	0	0	0	0	0	0	0	0	7	0	0	0	0	0	0	0	0	0	0	0	0	0	0	0	0	0	0	0	0	0	0	0	0	0	0	0	0	0	0	0	0	0	0	0	0	0	0	0	0	0	0	0	0	0	0	48	0	0	0	0	0	0	0	0	0	0	0	0	0	0	0	0	0	0	0	0	0	0	0	0	3	0	0	0	0	0	0	7	0	0	0	0	0	0	0	0	0	0	0	4	0	0	3	0	0	0
Protozoa;NA;NA;Rotosphaerida;Nucleariidae;Nuclearia;Nuclearia sp. B3	Protozoans	0	0	0	0	0	0	0	0	0	0	0	0	0	0	0	0	0	0	0	0	0	0	0	0	0	0	0	0	0	0	0	0	5	0	5	0	0	0	0	0	0	0	0	0	2	0	0	0	0	0	0	0	4	0	0	3	0	0	2	0	0	0	0	0	0	0	3	0	0	0	0	0	0	0	0	0	0	0	0	0	0	0	0	0	4	0	0	0	0	0	0	0	0	0	0	0	0	0	0	0	0	0	0	0	0	0	0	0	0	0	0	0	0	0	0	0	0	0	0	0	0	0	0
Protozoa;Tubulinea;Echinamoebida;NA;Echinamoebidae;Echinamoeba;Echinamoeba exundans	Protozoans	0	0	4	0	0	0	4	0	0	2	0	0	2	0	0	0	0	0	0	5	0	0	0	0	0	0	2	0	2	0	0	2	9	5	2	5	5	0	2	3	2	0	0	0	6	2	0	2	3	2	0	0	2	36	2	0	0	2	3	0	4	0	0	0	0	2	2	2	0	3	0	0	10	2	7	11	3	4	2	15	0	0	4	2	6	2	9	0	2	0	2	3	4	0	2	0	0	0	0	0	0	0	2	0	6	0	0	3	9	10	4	5	10	0	0	17	10	17	5	3	0	0	9
Protozoa;Tubulinea;Elardia;Euamoebida;Hartmannellidae;Polychaos;Polychaos annulatum	Protozoans	0	0	0	0	0	0	0	0	0	0	0	0	0	0	0	0	0	0	0	0	0	0	0	0	0	0	0	0	0	0	0	0	0	0	0	0	0	0	0	0	0	0	0	0	0	0	0	0	0	0	0	0	0	0	0	0	0	0	0	0	0	0	0	0	0	6	0	0	0	0	0	0	0	0	0	0	0	0	0	0	0	0	0	0	0	0	0	0	0	0	0	0	0	0	0	0	0	0	0	0	0	0	0	0	0	0	0	0	0	0	0	0	0	0	0	0	0	0	0	0	0	0	0
Protozoa;Tubulinea;Elardia;Leptomyxida;Flabellulidae;Paraflabellula;Paraflabellula hoguae	Protozoans	0	0	0	0	0	0	0	0	0	0	0	0	0	0	0	0	0	0	0	0	0	0	0	0	0	0	0	0	0	0	0	0	0	0	0	0	0	0	0	0	0	0	0	0	0	0	0	0	0	0	0	0	0	0	0	0	0	0	0	0	0	0	0	0	0	0	0	0	0	0	0	0	0	0	0	0	0	0	0	0	0	0	2	0	0	0	0	0	0	0	0	0	0	0	0	0	0	0	0	0	0	0	0	0	0	0	0	0	0	0	0	0	0	0	0	8	0	0	0	0	0	0	0
unassigned because reads did not pass filters	""	3163	1732	8292	3474	1949	10424	6715	2443	33236	28715	24754	11188	19857	15086	4107	2431	14440	1664	6064	4349	915	921	7188	6876	317	1073	3675	5274	18207	14309	16586	10831	19708	41105	34084	29910	14940	34227	15357	5732	6494	17666	5342	5479	34611	20750	1409	13920	24037	36221	214	1922	11287	43410	14609	23334	15962	3584	9186	6426	34256	6902	13718	25112	13521	11394	21259	15713	13499	36999	10473	324	23526	8206	18481	36739	9548	18630	16739	26503	14960	6805	3093	3657	47920	4511	22667	19853	26266	12650	2250	5476	1780	465	5297	1294	10649	9307	8732	235	3110	4575	1206	1481	7619	1547	1617	8401	14938	13980	13714	11535	15354	10795	3888	21144	18905	17888	14290	11218	17781	78479	21286
unassigned by tronko	""	85	60	89	87	67	199	373	193	257	601	381	148	12135	220	91	83	78	60	56	315	26	47	106	63	31	80	100	1044	8502	103	183	208	276	423	380	497	215	345	245	145	389	198	170	131	616	238	39	238	272	265	125	85	856	700	319	244	5055	123	232	87	412	148	135	4002	81	285	279	144	339	178	82	2891	521	147	251	943	206	309	346	677	434	119	75	68	478	62	515	309	234	225	143	58	109	15	256	58	83	869	35	43	141	50	40	37	160	55	45	611	993	784	836	568	1159	138	106	1658	1355	1809	1186	888	833	481	241
unassigned because of decontamination	""	69	57	456	208	360	384	780	680	177	298	195	228	139	306	188	311	124	74	121	1149	73	96	345	211	92	221	152	41306	122	885	209	1035	488	274	616	1030	377	985	481	480	3462	539	170	174	814	277	83	555	515	180	65	167	1126	2073	1595	4265	171	190	744	157	479	298	134	139	173	705	446	156	241	146	222	4307	8500	256	734	8377	323	511	806	3626	438	279	343	279	2188	124	633	433	184	407	2535	93	525	103	596	164	242	12741	162	56	245	94	172	122	457	268	217	1313	1778	1563	2073	1492	3586	194	88	6195	4096	5998	4033	3298	2134	407	2307
