taxonomy,number_of_samples_observed,total_reads_observed_across_dataset
Plantae;Rhodophyta;Florideophyceae;Ceramiales;Ceramiaceae;Spongoclonium;Spongoclonium conspicuum,2,2
Plantae;Streptophyta;Magnoliopsida;Ericales;Ericaceae;Monotropa,1,1
Chromista;NA;Dinophyceae;Peridiniales;Peridiniaceae;Scrippsiella;Scrippsiella hangoei,8,8
Fungi;Ascomycota;Leotiomycetes;Erysiphales;Erysiphaceae;Erysiphe;Erysiphe corylacearum,6,8
Animalia;Mollusca;Gastropoda;Littorinimorpha,1,1
Protozoa;Euglenozoa;Euglenida;Euglenales;Euglenaceae;Trachelomonas;Trachelomonas intermedia,4,14
Animalia;Arthropoda;Hexanauplia;Calanoida;Eucalanidae;Subeucalanus;Subeucalanus pileatus,3,3
Fungi;Mucoromycota;Glomeromycetes,74,990
Fungi;Basidiomycota;Agaricomycetes;Agaricales;Hygrophoraceae;Hygrophorus,1,1
Chromista;Ciliophora;Spirotrichea;Sporadotrichida;Gonostomatidae;Gonostomum;Gonostomum sinicum,1,1
Chromista;Ciliophora;Oligohymenophorea;Philasterida;Uronematidae;Homalogastra;Homalogastra setosa,18,18
Animalia;Arthropoda;Malacostraca;Mysida;Mysidae,3,3
Fungi;Mucoromycota;Glomeromycetes;Glomerales;Glomeraceae;Glomus,24,184
Fungi;Basidiomycota;Agaricomycetes;Hymenochaetales;Hymenochaetaceae,1,1
Fungi;Ascomycota;Pezizomycetes;Pezizales;Pyronemataceae;Sphaerosporella;Sphaerosporella sp. RT-2012,1,1
Animalia;Arthropoda;Malacostraca;Decapoda;Crangonidae;Crangon,1,1
Animalia;Arthropoda;Hexanauplia;Harpacticoida;Ameiridae;Nitokra;Nitokra hibernica,1,1
Chromista;NA;Eustigmatophyceae;Eustigmatales;Monodopsidaceae,8,8
Protozoa;Discosea;Flabellinia;Dactylopodida;Paramoebidae;Korotnevella;Korotnevella stella,2,2
Fungi;Mucoromycota;Glomeromycetes;Glomerales;Glomeraceae;Sclerocarpum;Sclerocarpum amazonicum,2,3
Chromista;Ciliophora;Spirotrichea;Urostylida;Pseudokeronopsidae;Apoholosticha;Apoholosticha cf. sinica,1,1
Protozoa;Euglenozoa;Kinetoplastea;NA;NA;NA;Kinetoplastida sp. FV18-8TS,7,20
Chromista;NA;Bigyra;NA;Pseudophyllomitidae;Pseudophyllomitus;Pseudophyllomitus vesiculosus,2,2
Chromista;Apicomplexa;Aconoidasida;Piroplasmida,3,3
Fungi;Ascomycota;Eurotiomycetes;Eurotiales;Aspergillaceae;Aspergillus;Aspergillus penicillioides,13,131
Chromista;Apicomplexa;Aconoidasida;Nephromycida;NA;Cardiosporidium;Cardiosporidium cionae,3,3
Animalia;Arthropoda;Thecostraca;NA;Lernaeodiscidae;Lernaeodiscus;Lernaeodiscus porcellanae,2,2
Fungi;Ascomycota;Eurotiomycetes;Eurotiales;Aspergillaceae;Monascus,1,1
Plantae;Streptophyta;Magnoliopsida;Fabales;Fabaceae;Marmaroxylon;Marmaroxylon magdalenae,11,11
Bacteria;Pseudomonadota;Gammaproteobacteria;Thiotrichales;Thiotrichaceae;Thiothrix;Thiothrix sp. ectosymbiont of Niphargus ictus,4,16
Plantae;Rhodophyta;Florideophyceae;Ceramiales;Callithamniaceae,2,2
Fungi;Mucoromycota;Glomeromycetes;Glomerales;Glomeraceae;Glomus;Glomus sp. 6 ZHNL-2013d,1,1
Animalia;Platyhelminthes;Monogenea;Dactylogyridea;Dactylogyridae,1,1
Chromista;Apicomplexa;Conoidasida;Eucoccidiorida;Sarcocystidae;Hammondia;Hammondia triffittae,2,2
Chromista;Ciliophora;Spirotrichea;Tintinnida,9,9
Plantae;Streptophyta;Magnoliopsida;Asterales;Asteraceae;Galinsoga;Galinsoga parviflora,1,1
Protozoa;Evosea;Variosea;Protosteliida;Protosteliaceae;Protostelium,2,2
Plantae;Streptophyta;Magnoliopsida;Apiales;Apiaceae;Anethum;Anethum graveolens,1,1
Chromista;Ciliophora;Karyorelictea;Protostomatida;Kentrophoridae;Kentrophoros;Kentrophoros gracilis,8,11
Chromista;Bacillariophyta;Fragilariophyceae;Fragilariales,6,9
Plantae;Streptophyta;Magnoliopsida;Santalales;Balanophoraceae;Balanophora;Balanophora harlandii,7,7
Chromista;NA;Dinophyceae;Dinophysiales;Dinophysiaceae;Dinophysis;Dinophysis acuta,1,1
Chromista;Oomycota;NA;Peronosporales;Peronosporaceae;Protobremia;Protobremia sphaerosperma,8,8
Fungi;Ascomycota;Dothideomycetes;Pleosporales;Cucurbitariaceae;Fenestella,1,1
Animalia;Arthropoda;Hexanauplia;Poecilostomatoida,13,13
Plantae;Streptophyta;Magnoliopsida;Magnoliales;Magnoliaceae;Magnolia;Magnolia macrophylla,2,3
Animalia;Rotifera;Eurotatoria;Ploima,9,9
Animalia;Rotifera;Eurotatoria;Ploima;Gastropidae;Ascomorpha;Ascomorpha ovalis,8,8
Fungi;Ascomycota;Lecanoromycetes;Lecanorales,1,1
Plantae;Chlorophyta;Chlorophyceae;Sphaeropleales;Mychonastaceae;Mychonastes,3,35
Chromista;NA;Bigyra;Thraustochytrida;Thraustochytriaceae,13,13
Animalia;Ctenophora;Nuda;Beroida;Beroidae;Beroe;Beroe ovata,2,2
Chromista;Oomycota;NA;Pythiales;Pythiaceae;Globisporangium;Globisporangium nunn,5,54
Plantae;Streptophyta;Magnoliopsida;Sapindales;Sapindaceae,30,30
Plantae;Streptophyta;Magnoliopsida;Asparagales;Hyacinthaceae,1,1
Animalia;Porifera;Calcarea;Clathrinida;Leucettidae;Leucetta;Leucetta microraphis,1,1
Chromista;NA;Dinophyceae;NA;NA;Pellucidodinium;Pellucidodinium psammophilum,1,1
Animalia;Arthropoda;Hexanauplia;Calanoida;Ridgewayiidae;Exumella;Exumella mediterranea,3,3
Animalia;Platyhelminthes,14,18
Plantae;Rhodophyta;Florideophyceae;Ceramiales;Dasyaceae;Dasya;Dasya villosa,1,1
Chromista;Haptophyta;NA;Prymnesiales;Chrysochromulinaceae;Chrysochromulina,6,6
Bacteria;Pseudomonadota;Alphaproteobacteria;Rickettsiales;Rickettsiaceae,1,1
Chromista;Bacillariophyta;Bacillariophyceae;Cocconeidales;Cocconeidaceae;Cocconeis,5,13
Protozoa;Discosea;Flabellinia;Dactylopodida,2,2
Bacteria;Pseudomonadota;Deltaproteobacteria;Desulfovibrionales;Desulfovibrionaceae,1,1
Animalia;Arthropoda;Hexanauplia;Harpacticoida;Cletodidae;NA;Cletodidae sp. DZMB535,1,1
Protozoa;NA;NA;Ancyromonadida;Planomonadidae;Planomonas;Planomonas micra,1,1
Animalia;Arthropoda;Hexanauplia;Cyclopoida;Cyclopidae;Diacyclops;Diacyclops bisetosus,4,4
Bacteria;Pseudomonadota;Gammaproteobacteria;Pasteurellales;Pasteurellaceae;Histophilus;Histophilus somni,1,1
Fungi;Ascomycota;Eurotiomycetes;Eurotiales;Aspergillaceae,36,3665
Animalia;Arthropoda;Hexanauplia;Calanoida;Centropagidae;Sinocalanus,10,10
Fungi;Ascomycota;Pezizomycetes;Pezizales;Sarcoscyphaceae,1,1
Chromista;NA;Synurophyceae;Synurales;Mallomonadaceae;Synura;Synura sp. CNU52,1,1
Chromista;Apicomplexa;Conoidasida;Eucoccidiorida;Sarcocystidae;Cystoisospora;Cystoisospora belli,2,2
Fungi;Basidiomycota;Agaricomycetes;Thelephorales;Thelephoraceae;Pseudotomentella,4,11
Plantae;Rhodophyta;Florideophyceae;Rhodymeniales;Faucheaceae;Gloiocladia;Gloiocladia fruticulosa,1,1
Animalia;Rotifera;Eurotatoria;Ploima;Notommatidae;Pleurotrocha;Pleurotrocha sigmoidea,2,2
Chromista;Ciliophora;Spirotrichea;Choreotrichida;Strobilidiidae;Pelagostrobilidium;Pelagostrobilidium neptuni,9,9
Protozoa;Endomyxa;NA;Vampyrellida;Vampyrellidae;NA;Vampyrellidae sp.,7,7
Chromista;NA;Chrysophyceae;Chromulinales;Chromulinaceae;Ochromonas;Ochromonas sp. AC514,5,5
Plantae;Chlorophyta;Trebouxiophyceae;Trebouxiales;Trebouxiaceae;Myrmecia;Myrmecia sp. PA-3-3-2,1,1
Animalia;Ctenophora;Tentaculata;Cydippida;Pleurobrachiidae,41,7901
Animalia;Arthropoda;Hexanauplia;Cyclopoida;Cyclopidae;Acanthocyclops;Acanthocyclops americanus,4,4
Chromista;Ciliophora;Oligohymenophorea;Peniculida;Frontoniidae;Frontonia;Frontonia leucas,4,11
Fungi;Basidiomycota;Agaricomycetes,86,9053
Animalia;Platyhelminthes;Catenulida;NA;Stenostomidae;Rhynchoscolex;Rhynchoscolex simplex,1,1
Bacteria;Pseudomonadota;Alphaproteobacteria;Hyphomicrobiales;Phyllobacteriaceae;Mesorhizobium;Mesorhizobium sp.,6,6
Animalia;Annelida;Polychaeta;Sabellida;Sabellidae;Bispira;Bispira serrata,1,1
Animalia;Cnidaria;Hydrozoa;Leptothecata;Sertulariidae,3,3
Fungi;Basidiomycota;Agaricomycetes;Polyporales;Polyporaceae,32,1194
Plantae;Chlorophyta;Chlorophyceae;Chlamydomonadales;Phacotaceae;Pteromonas;Pteromonas protracta,1,1
Animalia;Arthropoda;Insecta;Hemiptera;Aphididae;Melanaphis;Melanaphis sacchari,3,148
Fungi;Ascomycota;Eurotiomycetes;Eurotiales;Aspergillaceae;Penicillium;Penicillium laeve,1,1
Animalia;Porifera;Demospongiae;Clionaida;Placospongiidae;Placospongia;Placospongia sp. UCMPWC902,1,1
Animalia;Chordata;Ascidiacea;Stolidobranchia,6,6
Animalia;Annelida;Polychaeta;Sabellida;Serpulidae;Semivermilia;Semivermilia elliptica,1,1
Fungi;Ascomycota;Saccharomycetes;Saccharomycetales;Debaryomycetaceae;Suhomyces;Suhomyces pyralidae,1,1
Chromista;Bacillariophyta;Fragilariophyceae;Rhabdonematales;Grammatophoraceae;Grammatophora,16,16
Animalia;Chordata;Mammalia;Artiodactyla;Bovidae;Bos,1,1
Fungi;Zoopagomycota;Basidiobolomycetes;Basidiobolales;Basidiobolaceae;Basidiobolus;Basidiobolus sp.,5,130
Chromista;NA;Bigyra;Thraustochytrida;Thraustochytriaceae;Aplanochytrium;Aplanochytrium blankum,1,1
Chromista;Ciliophora;Heterotrichea;Heterotrichida;Peritromidae;Peritromus;Peritromus kahli,1,1
Chromista;Ciliophora;Litostomatea;Haptorida;Pseudoholophryidae;Paraenchelys;Paraenchelys terricola,4,64
Chromista;NA;Dinophyceae;Phytodiniales;Phytodiniaceae;Spiniferodinium,2,2
Animalia;Mollusca;Gastropoda;NA;Peltospiridae;Depressigyra;Depressigyra globulus,1,1
Chromista;NA;Dinophyceae;Gymnodiniales;Kareniaceae;Karenia;Karenia sp. (in: dinoflagellates),21,21
Animalia;Orthonectida,1,1
Fungi;Basidiomycota;Agaricomycetes;Hymenochaetales;NA;Resinicium;Resinicium bicolor,8,281
Chromista;Ciliophora;Litostomatea;Pleurostomatida,32,1209
Animalia;Annelida;Polychaeta;NA;Capitellidae,1,1
Plantae;Chlorophyta;Chlorophyceae;Chlamydomonadales;Chlorococcaceae;Characium,9,60
Animalia;Xenacoelomorpha;NA;Nemertodermatida;Nemertodermatidae;Sterreria,1,1
Animalia;Tardigrada;Eutardigrada;Parachela,3,713
Chromista;NA;Dinophyceae;Peridiniales;Amphidiniopsidaceae;Amphidiniopsis;Amphidiniopsis uroensis,22,22
Fungi;Ascomycota;Saccharomycetes;Saccharomycetales;Phaffomycetaceae;Starmera;Starmera caribaea,5,39
Protozoa;NA;Choanoflagellata;Acanthoecida;Acanthoecidae;Savillea;Savillea micropora,3,3
Bacteria;Pseudomonadota;Alphaproteobacteria;Rhodobacterales;Paracoccaceae;Limimaricola;Limimaricola hongkongensis,1,1
Plantae;Streptophyta;Magnoliopsida;Rosales;Rhamnaceae,1,1
Protozoa;Discosea;Flabellinia;Dactylopodida;Paramoebidae;Paramoeba,7,352
Chromista;NA;Dinophyceae;Peridiniales;Amphidiniopsidaceae;Archaeperidinium;Archaeperidinium minutum,14,14
Bacteria;Pseudomonadota;Deltaproteobacteria;Desulfuromonadales;Syntrophotaleaceae;Syntrophotalea,1,1
Chromista;NA;Cryptophyceae;Cryptomonadales;Cryptomonadaceae;Cryptomonas;Cryptomonas obovoidea,5,8
Chromista;Ciliophora;Oligohymenophorea;Philasterida;Uronematidae;Uronemella;Uronemella parafilificum,7,7
Plantae;Streptophyta;Magnoliopsida;Cucurbitales;Begoniaceae;Begonia;Begonia longifolia,1,1
Plantae;Streptophyta;Magnoliopsida;Myrtales;Myrtaceae;Myrtus;Myrtus communis,1,1
Bacteria;Verrucomicrobia;Verrucomicrobiae;Verrucomicrobiales;Verrucomicrobiaceae;Prosthecobacter;Prosthecobacter debontii,1,1
Animalia;Arthropoda;Hexanauplia;Poecilostomatoida;Corycaeidae;Agetus;Agetus flaccus,17,17
Chromista;Ciliophora;Heterotrichea;Licnophorida;Licnophoridae;Licnophora;Licnophora cf. lyngbycola,1,1
Fungi;Ascomycota;Dothideomycetes;Cladosporiales;Cladosporiaceae;Cladosporium;Cladosporium halotolerans,6,8
Chromista;Ciliophora;Spirotrichea;Tintinnida;Codonellidae;Codonella;Codonella sp. HCB-2005,2,2
Plantae;Chlorophyta;Ulvophyceae;Ulvales;NA;Halofilum,1,1
Plantae;Chlorophyta;Trebouxiophyceae;Chlorellales;Chlorellaceae;Apatococcus;Apatococcus lobatus,11,459
Chromista;Bacillariophyta;Bacillariophyceae;Cymbellales;Cymbellaceae;Cymbella;Cymbella cistuliformis,4,4
Chromista;Apicomplexa;Conoidasida;Eugregarinorida;Lecudinidae;Polyrhabdina;Polyrhabdina sp.,1,1
Chromista;NA;Bolidophyceae;Parmales;Triparmaceae;Triparma;Triparma pacifica,5,5
Chromista;Apicomplexa;Conoidasida;Archigregarinorida;Selenidiidae;Platyproteum;Platyproteum vivax,1,1
Chromista;Bacillariophyta;Fragilariophyceae;Licmophorales;Ulnariaceae;Catacombas;Catacombas gaillonii,2,2
Plantae;Streptophyta;Magnoliopsida;Chloranthales;Chloranthaceae;Hedyosmum;Hedyosmum arborescens,1,1
Protozoa;Tubulinea;Elardia;Euamoebida;Hartmannellidae;Saccamoeba;Saccamoeba limax,1,1
Plantae;Chlorophyta;Mamiellophyceae,1,1
Chromista;NA;Cryptophyceae;Pyrenomonadales;Geminigeraceae;Teleaulax,10,10
Animalia;Mollusca;Bivalvia;Ostreida;Ostreidae;Saccostrea;Saccostrea commercialis,1,1
Chromista;Ciliophora;Spirotrichea;Urostylida;Urostylidae;Uroleptus;Uroleptus sp. WJC-2003,4,8
Bacteria;Pseudomonadota;Gammaproteobacteria;Legionellales;Coxiellaceae;NA;endosymbiont of Folsomia candida,1,1
Animalia;Dicyemida;NA;NA;Dicyemidae;Dicyemennea;Dicyemennea eledones,1,1
Fungi;Basidiomycota;Microbotryomycetes;Sporidiobolales;Sporidiobolaceae;Sporobolomyces,8,120
Plantae;Streptophyta;Magnoliopsida;Apiales;Apiaceae;Chamaesium,1,1
Bacteria;Lentisphaerae;Lentisphaeria;Lentisphaerales;Lentisphaeraceae;Lentisphaera;Lentisphaera araneosa,3,3
Protozoa;Discosea;Flabellinia;NA;Vannellidae;Platyamoeba;Platyamoeba sp. strain SUM1S/I,5,1607
Animalia;Rotifera;Eurotatoria;Ploima;Gastropodidae;Gastropus;Gastropus stylifer,4,8
Animalia;Ctenophora;Tentaculata;Cydippida,13,170
Chromista;NA;Eustigmatophyceae;Eustigmatales;Monodopsidaceae;Monodopsis;Monodopsis subterranea,1,1
Protozoa;Cercozoa;Imbricatea;Euglyphida;Cyphoderiidae;Cyphoderia;Cyphoderia littoralis,2,2
Chromista;Ciliophora;Spirotrichea;Tintinnida;Tintinnidae;Eutintinnus;Eutintinnus pectinis,1,1
Fungi;Ascomycota;Eurotiomycetes;Chaetothyriales;NA;NA;Chaetothyriales sp. M-Mo8,1,1
Plantae;Streptophyta;Pinopsida;Pinales;Pinaceae;Abies;Abies balsamea,3,16
Chromista;Bacillariophyta;Mediophyceae;Eupodiscales;Odontellaceae;Pseudictyota;Pseudictyota dubia,1,1
Plantae;Rhodophyta;Florideophyceae;Ceramiales;Delesseriaceae;Platysiphonia;Platysiphonia victoriae,1,1
Fungi;Chytridiomycota;Chytridiomycetes;Chytridiales;Chytriomycetaceae;Rhizoclosmatium;Rhizoclosmatium pessaminum,2,27
Bacteria;Acidobacteria;Acidobacteriia;Acidobacteriales;Acidobacteriaceae,6,21
Protozoa;Evosea;Variosea;NA;Flamellidae;Telaepolella;Telaepolella tubasferens,4,1357
Fungi;Ascomycota;Dothideomycetes;Mycosphaerellales;Mycosphaerellaceae;Ramularia;Ramularia endophylla,4,18
Fungi;Ascomycota;Leotiomycetes;Erysiphales;Erysiphaceae;Neoerysiphe;Neoerysiphe galeopsidis,6,7
Fungi;Mucoromycota;Mortierellomycetes;Mortierellales;Mortierellaceae;Mortierella;Mortierella sp.,3,6
Fungi;Ascomycota;Dothideomycetes;Stigmatodiscales;Stigmatodiscaceae,1,1
Animalia;Chordata;Appendicularia;Copelata;Oikopleuridae,15,15
Chromista;Endomyxa;Phytomyxea;Plasmodiophorida;Plasmodiophoridae;Spongospora;Spongospora subterranea,2,2
Protozoa;Discosea;Flabellinia,8,117
Bacteria;Pseudomonadota;Alphaproteobacteria;Hyphomicrobiales;Brucellaceae;Brucella;Brucella cytisi,4,8
Fungi;Mucoromycota;Glomeromycetes;Glomerales;Glomeraceae;Glomus;Glomus sp. 23 ZHNL-2013,3,3
Fungi;Basidiomycota;Agaricomycetes;Agaricales;NA;NA;Agaricales sp.,8,1092
Chromista;NA;Chrysophyceae;Hydrurales;Hydruraceae;Hydrurus;Hydrurus sp.,1,1
Plantae;Streptophyta;Magnoliopsida;Brassicales;Brassicaceae,17,2269
Bacteria;Pseudomonadota;Gammaproteobacteria;NA;NA;NA;Anodontia fragilis gill symbiont,4,4
Protozoa;NA;Ichthyosporea;Ichthyophonida;NA;Creolimax;Creolimax fragrantissima,4,4
Protozoa;NA;NA;Apusomonadida;Apusomonadidae;Podomonas;Podomonas kaiyoae,5,5
Chromista;NA;Dinophyceae;Gonyaulacales;Pyrocystaceae;Alexandrium;Alexandrium sp.,9,9
Plantae;Rhodophyta;Florideophyceae;Ceramiales;Rhodomelaceae,5,5
Chromista;NA;Synurophyceae;Ochromonadales;NA;Acrispumella;Acrispumella msimbaziensis,56,6709
Fungi;Basidiomycota;Tremellomycetes;Tremellales;Bulleribasidiaceae;Vishniacozyma;Vishniacozyma tephrensis,4,7
Bacteria;Pseudomonadota;Alphaproteobacteria;Holosporales;Candidatus Paracaedibacteraceae;Candidatus Paracaedibacter;Candidatus Paracaedibacter acanthamoebae,3,3
Fungi;Ascomycota;Orbiliomycetes;Orbiliales;Orbiliaceae;Hyalorbilia;Hyalorbilia rotifera,1,1
Bacteria;Planctomycetota;Planctomycetia;Pirellulales;Pirellulaceae;Novipirellula;Novipirellula artificiosorum,1,1
Chromista;NA;Phaeophyceae;Ectocarpales;Chordariaceae;Halothrix;Halothrix ambigua,6,6
Protozoa;Cercozoa;Thecofilosea;NA;Ebriacea;Ebria;Ebria tripartita,2,2
Plantae;Streptophyta;Magnoliopsida;Asterales;Asteraceae;Chrysophthalmum;Chrysophthalmum montanum,1,1
Plantae;Streptophyta;Magnoliopsida;Cucurbitales;Cucurbitaceae;Luffa;Luffa acutangula,4,8
Chromista;Ciliophora;Litostomatea;Haptorida;Trachelophyllidae;Acaryophrya;Acaryophrya sp. PV-2014,12,455
Plantae;Chlorophyta;Trebouxiophyceae;Chlorellales;Chlorellaceae;Chlorella;Chlorella sorokiniana,2,6
Animalia;Chordata;Aves;Anseriformes;Anatidae;Anas;Anas platyrhynchos,1,1
Fungi;Ascomycota;Leotiomycetes;Helotiales;Bryoglossaceae;Neocudoniella;Neocudoniella radicella,1,1
Chromista;Cercozoa;Imbricatea;Thaumatomonadida;Thaumatomastigidae;Protaspis;Protaspis sp. CC-2009a,9,9
Bacteria;Cyanobacteria;NA;Oscillatoriales,1,1
Chromista;Bacillariophyta;Bacillariophyceae;Bacillariales;Bacillariaceae;Cylindrotheca;Cylindrotheca closterium,7,7
Bacteria;Pseudomonadota;Alphaproteobacteria;Pelagibacterales;Pelagibacteraceae;NA;alpha proteobacterium HIMB5,14,14
Plantae;Streptophyta;Magnoliopsida;Sapindales;Rutaceae;Citrus,21,21
Animalia;Echinodermata;Holothuroidea,4,4
Chromista;NA;Chrysophyceae;NA;NA;Segregatospumella;Segregatospumella dracosaxi,11,11
Plantae;Streptophyta;Magnoliopsida;Asparagales;Amaryllidaceae;Galanthus;Galanthus ikariae,2,2
Bacteria;Pseudomonadota;Alphaproteobacteria;Hyphomicrobiales;Methylobacteriaceae;Methylobacterium;Methylobacterium sp.,1,1
Animalia;Xenacoelomorpha;NA;Nemertodermatida;Nemertodermatidae;Meara,1,1
Animalia;Chordata;Aves;Passeriformes,1,1
Chromista;Ciliophora;Oligohymenophorea;Pleuronematida;Cyclidiidae;Protocyclidium;Protocyclidium sinica,1,1
Bacteria;Pseudomonadota;Alphaproteobacteria;Rhodobacterales;Roseobacteraceae;Phaeobacter;Phaeobacter sp. CAU 1190,1,1
Plantae;Streptophyta;Magnoliopsida;Fabales;Fabaceae,29,29
Chromista;NA;Cryptophyceae;Cryptomonadales;Cryptomonadaceae;Cryptomonas;Cryptomonas curvata,13,40
Bacteria;Acidobacteria;Blastocatellia;Blastocatellales;Blastocatellaceae;Stenotrophobacter,3,12
Chromista;NA;Xanthophyceae;Mischococcales;Pleurochloridaceae;Pleurochloris;Pleurochloris meiringensis,2,2
Chromista;Bacillariophyta;Bacillariophyceae;Naviculales;Naviculaceae;Navicula;Navicula phyllepta,4,4
Plantae;Streptophyta;Bryopsida;Dicranales;Calymperaceae,6,6
Chromista;NA;Dinophyceae;Peridiniales;Protoperidiniaceae;Protoperidinium,5,5
Chromista;NA;Chrysophyceae;Chromulinales;Chromulinaceae;Spumella;Spumella sp. 37G,8,137
Fungi;Mucoromycota;Glomeromycetes;Diversisporales;Acaulosporaceae;Acaulospora;Acaulospora viridis,5,14
Plantae;Streptophyta;Magnoliopsida;Fagales;Fagaceae;Quercus;Quercus petraea,1,1
Plantae;Chlorophyta;Ulvophyceae;Ulvales;Ulvaceae;Ulva;Ulva proliferoides,1,1
Animalia;Porifera;Demospongiae;Poecilosclerida;Desmacididae;Desmapsamma;Desmapsamma anchorata,4,4
Chromista;NA;Dinophyceae;Dinophysiales;Dinophysiaceae;Phalacroma;Phalacroma rotundatum,2,2
Chromista;Ciliophora;Oligohymenophorea;Philasterida,22,22
Fungi;Mucoromycota;Glomeromycetes;Diversisporales;Gigasporaceae;Gigaspora;Gigaspora margarita,1,1
Plantae;Chlorophyta;Trebouxiophyceae,23,321
Chromista;Ciliophora;Nassophorea;Synhymeniida;Scaphidiodontidae;Chilodontopsis;Chilodontopsis depressa,15,1682
Chromista;Apicomplexa;Conoidasida;Eugregarinorida;Cephaloidophoridae;Cephaloidophora;Cephaloidophora sp. KCW-2020b,12,12
Plantae;Streptophyta;Magnoliopsida;Asparagales;Hyacinthaceae;Drimia;Drimia convallarioides,2,3
Animalia;Nematomorpha;Gordioida;Chordodea;Chordodidae;Chordodes;Chordodes sp. BSG-2002,11,11
Animalia;Arthropoda;Insecta,26,151
Bacteria;Pseudomonadota;Alphaproteobacteria;Sphingomonadales;Erythrobacteraceae;NA;Erythrobacteraceae bacterium,3,3
Protozoa;Cryptomycota;NA;NA;NA;Paramicrosporidium;Paramicrosporidium sp.,20,1981
Bacteria;Pseudomonadota;Gammaproteobacteria;Pseudomonadales;Pseudomonadaceae;Pseudomonas;Pseudomonas sp. 31sr,3,3
Chromista;Ciliophora;Spirotrichea;Sporadotrichida;Oxytrichidae;Laurentiella;Laurentiella strenua,2,2
Animalia;Cnidaria;Anthozoa;Scleractinia;Merulinidae;Oulophyllia;Oulophyllia bennettae,2,2
Chromista;NA;Dinophyceae;Syndiniales;NA;Ichthyodinium,2,2
Animalia;Chordata;Mammalia;Pholidota;Manidae;Manis;Manis javanica,1,1
Plantae;Streptophyta;Magnoliopsida;Rosales;Rhamnaceae;Phylica,2,2
Fungi;Ascomycota;Dothideomycetes;Pleosporales;Pleosporaceae;Decorospora;Decorospora gaudefroyi,1,1
Chromista;NA;Dinophyceae;Thoracosphaerales;Thoracosphaeraceae;Thoracosphaera;Thoracosphaera heimii,4,4
Animalia;Nemertea;Pilidiophora;Heteronemertea;NA;NA;Heteronemertea sp. MCZ IZ 45556,3,3
Animalia;Arthropoda;Malacostraca;Amphipoda;Caprellidae;Caprella,1,1
Chromista;Ciliophora;Oligohymenophorea;Hymenostomatida;Turaniellidae;Colpidium,3,45
Bacteria;Pseudomonadota;Gammaproteobacteria;Pseudomonadales;Pseudomonadaceae;Pseudomonas;Pseudomonas sp.,2,2
Chromista;Ciliophora;Spirotrichea;Tintinnida;Metacylididae;Rhizodomus;Rhizodomus tagatzi,1,1
Chromista;Apicomplexa;Aconoidasida;Piroplasmida;Babesiidae;Babesia,1,1
Animalia;Porifera;Hexactinellida;Lyssacinosida;Rossellidae;Sympagella;Sympagella delauzei,1,1
Plantae;Streptophyta;Magnoliopsida;Malpighiales;Euphorbiaceae;Tragia;Tragia mexicana,2,2
Plantae;Streptophyta;Magnoliopsida;Gentianales;Gentianaceae;Swertia;Swertia chirayita,1,1
Chromista;NA;Cryptophyceae;Cryptomonadales;Cryptomonadaceae;Cryptomonas,122,26952
Protozoa;NA;NA;Ancyromonadida;Ancyromonadidae;Ancyromonas;Ancyromonas sigmoides,2,2
Chromista;NA;Cryptophyceae;Cryptomonadales;Cryptomonadaceae;Cryptomonas;Cryptomonas sp. CCAC 0109,7,20
Plantae;Streptophyta;Magnoliopsida;Fabales;Fabaceae;Trifolium;Trifolium pratense,9,69
Bacteria;Pseudomonadota;Gammaproteobacteria;Xanthomonadales;Xanthomonadaceae;Arenimonas,2,2
Chromista;Cercozoa;Imbricatea;Thaumatomonadida;Thaumatomastigidae;Protaspis,5,5
Plantae;Streptophyta;Magnoliopsida;Rosales;Moraceae;Ficus;Ficus craterostoma,2,2
Fungi;Ascomycota;Dothideomycetes;Mycosphaerellales;Teratosphaeriaceae;Capnobotryella;Capnobotryella renispora,5,11
Animalia;Arthropoda;Hexanauplia;Calanoida;Calanidae;Neocalanus;Neocalanus robustior,6,6
Animalia;Arthropoda;Thecostraca;Pollicipedomorpha;Pollicipedidae;Pollicipes;Pollicipes elegans,9,118
Bacteria;Pseudomonadota;Deltaproteobacteria;Bradymonadales;Lujinxingiaceae;Lujinxingia,3,3
Plantae;Streptophyta;Magnoliopsida;Sapindales;Rutaceae;Melicope,2,2
Fungi;Ascomycota;NA;NA;NA;Hymenella;[Hymenula] cerealis,1,1
Plantae;Streptophyta;Magnoliopsida;Lamiales;Lamiaceae;Clerodendrum,1,1
Protozoa;Euglenozoa;Euglenida;Euglenales;Euglenaceae;Trachelomonas;Trachelomonas scabra,4,15
Animalia;Hemichordata;Pterobranchia;Rhabdopleurida;Rhabdopleuridae;Rhabdopleura;Rhabdopleura normani,1,1
Animalia;Annelida;Polychaeta;Spionida;Spionidae;Spiophanes,1,1
Plantae;Streptophyta;Magnoliopsida;Aquifoliales;Aquifoliaceae;Ilex,1,1
Bacteria;Planctomycetota;Planctomycetia;Pirellulales;Pirellulaceae;Novipirellula;Novipirellula aureliae,2,2
Chromista;NA;Bigyra;Labyrinthulida;NA;Stellarchytrium;Stellarchytrium dubum,2,2
Chromista;Apicomplexa;Conoidasida;Eucoccidiorida;Eimeriidae;Cyclospora,1,1
Protozoa;Preaxostyla,4,4
Plantae;Ciliophora;Phyllopharyngea;Endogenida;Acinetidae;Acineta,12,232
Bacteria;Bacillota;Bacilli;Lactobacillales,1,1
Animalia;Arthropoda;Malacostraca;Decapoda;Atyidae,1,1
Protozoa;NA;NA;NA;Collodictyonidae;Diphylleia;Diphylleia rotans,1,1
Plantae;Rhodophyta;Florideophyceae;Ceramiales;Delesseriaceae,6,6
Fungi;Basidiomycota;Pucciniomycetes;Pucciniales;Melampsoraceae;Melampsora,1,1
Protozoa;Endomyxa;NA;Vampyrellida,1,1
Chromista;Cercozoa;NA;Glissomonadida;Viridiraptoridae;Bodomorpha;Bodomorpha minima,6,31
Fungi;Basidiomycota;Exobasidiomycetes;Exobasidiales;Brachybasidiaceae,2,10
Protozoa;Endomyxa;Ascetosporea;Haplosporida;NA;Bonamia,5,5
Plantae;Streptophyta;Magnoliopsida;Ericales;Ericaceae;Monotropa;Monotropa uniflora,4,4
Animalia;Arthropoda;Insecta;Coleoptera;Coccinellidae;Scymnus,1,1
Fungi;Ascomycota;Pezizomycetes;Pezizales;Tuberaceae;Tuber;Tuber brumale,1,1
Animalia;Cnidaria;Scyphozoa;Semaeostomeae,1,1
Bacteria;Pseudomonadota;Oligoflexia;Bdellovibrionales;Pseudobdellovibrionaceae;Bdellovibrio,4,50
Chromista;Bacillariophyta;Bacillariophyceae;Naviculales;Phaeodactylaceae;Phaeodactylum;Phaeodactylum tricornutum,1,1
Bacteria;Pseudomonadota;Alphaproteobacteria;Hyphomicrobiales;Rhizobiaceae;Sinorhizobium;Sinorhizobium sp. 1085,1,1
Bacteria;Planctomycetota;Planctomycetia;Planctomycetales;Planctomycetaceae;Symmachiella;Symmachiella dynata,2,2
Chromista;Bacillariophyta;Coscinodiscophyceae;Rhizosoleniales;Rhizosoleniaceae,7,7
Fungi;Ascomycota;Orbiliomycetes;Orbiliales;Orbiliaceae;Orbilia,2,67
Chromista;NA;Cryptophyceae;Cryptomonadales;Hemiselmidaceae;Hemiselmis;Hemiselmis pacifica,1,1
Chromista;Bacillariophyta;Coscinodiscophyceae;Thalassiosirales;Thalassiosiraceae;Thalassiosira;Thalassiosira sp. UNC1417,13,13
Chromista;Ciliophora;Oligohymenophorea;Thigmotrichida,21,21
Chromista;Ciliophora;Spirotrichea;Choreotrichida;Leegaardiellidae;Leegaardiella;Leegaardiella sp.,3,4
Fungi;Basidiomycota;Tremellomycetes;Trichosporonales;Trichosporonaceae;Vanrija;Vanrija nantouana,5,5
Chromista;NA;Dinophyceae;Gymnodiniales;Gymnodiniaceae;Polykrikos;Polykrikos sp. GD1590bp2,1,1
Bacteria;Pseudomonadota;Oligoflexia;Bdellovibrionales;Pseudobdellovibrionaceae,3,5
Chromista;Oomycota;NA;Lagenidiales;NA;Paralagenidium;Paralagenidium karlingii,4,202
Plantae;Chlorophyta;Chlorophyceae;Chlamydomonadales;NA;NA;Volvocales sp. TN-2017-3,2,5
Fungi;Basidiomycota;Exobasidiomycetes;Exobasidiales,6,19
Fungi;Ascomycota;Orbiliomycetes;Orbiliales,7,31
Chromista;Bacillariophyta;Bacillariophyceae;Bacillariales;Bacillariaceae;Nitzschia;Nitzschia vitrea,2,2
Chromista;NA;Cryptophyceae;NA;NA;NA;Cryptophyta sp. CR-MAL03,1,1
Chromista;NA;Phaeophyceae;Ectocarpales,10,10
Bacteria;Bacillota;Bacilli;Bacillales;Bacillaceae;Bacillus;Bacillus subtilis,1,1
Animalia;Chordata;Actinopteri;Uranoscopiformes;Ammodytidae;Hyperoplus;Hyperoplus immaculatus,4,4
Chromista;NA;Polycystinea;Collodaria,1,1
Bacteria;Pseudomonadota;Epsilonproteobacteria;NA;NA;NA;unidentified epsilon proteobacterium,1,1
Fungi;Basidiomycota;Tremellomycetes;Filobasidiales;NA;NA;Filobasidiales sp. LM390,1,1
Plantae;Streptophyta;Magnoliopsida;Rosales;Urticaceae;Urtica;Urtica domingensis,2,3
Fungi;Ascomycota;NA;NA;NA;Kendrickiella;Kendrickiella phycomyces,1,1
Bacteria;Pseudomonadota;Alphaproteobacteria;Hyphomicrobiales;Methylobacteriaceae;Methylobacterium,1,1
Bacteria;Pseudomonadota;Gammaproteobacteria;Oceanospirillales;Endozoicomonadaceae;Endozoicomonas;Endozoicomonas sp.,34,2032
Plantae;Streptophyta;Magnoliopsida;Fabales;Fabaceae;Acacia;Acacia calcicola,2,2
Chromista;NA;Dinophyceae;Syndiniales;Amoebophryaceae;Amoebophrya;Amoebophrya sp.,8,8
Chromista;Ciliophora;Spirotrichea;NA;Strombidiidae;Novistrombidium;Novistrombidium sinicum,6,69
Fungi;Basidiomycota;Agaricomycetes;Agaricales;Tricholomataceae;Tricholoma,2,3
Fungi;Basidiomycota;Agaricomycetes;Agaricales;Omphalotaceae;Gymnopus,1,1
Animalia;Annelida;Polychaeta;Eunicida,4,4
Chromista;Apicomplexa;Conoidasida;Eucoccidiorida;Sarcocystidae,13,13
Animalia;Chordata;Actinopteri;Salmoniformes;Salmonidae;Oncorhynchus,2,2
Chromista;NA;Xanthophyceae;Mischococcales;Botryochloridaceae;Chlorellidium;Chlorellidium tetrabotrys,2,2
Plantae;Streptophyta;Magnoliopsida;Solanales;Convolvulaceae;Ipomoea;Ipomoea cholulensis,1,1
Animalia;Annelida;Clitellata;Crassiclitellata;Aeolosomatidae;Rheomorpha;Rheomorpha neiswestonovae,4,387
Fungi;Ascomycota;Saccharomycetes;Saccharomycetales;Phaffomycetaceae;Phaffomyces;Phaffomyces antillensis,1,1
Fungi;Basidiomycota;Agaricomycetes;Corticiales;Corticiaceae;Marchandiomyces;Marchandiomyces nothofagicola,1,1
Bacteria;Pseudomonadota;Gammaproteobacteria;Aeromonadales;Aeromonadaceae;Aeromonas,1,1
Chromista;NA;Dinophyceae;Blastodiniales;NA;Blastodinium;Blastodinium navicula,12,12
Plantae;Chlorophyta;Ulvophyceae;Ulotrichales;Sarcinofilaceae;Sarcinofilum;Sarcinofilum mucosum,1,1
Fungi;Basidiomycota;Agaricomycetes;Polyporales;Irpicaceae;Cytidiella;Cytidiella melzeri,1,1
Chromista;Ciliophora;Oligohymenophorea;Sessilida;Zoothamniidae;Zoothamnium;Zoothamnium duplicatum,1,1
Chromista;NA;Polycystinea,6,6
Chromista;NA;Chrysophyceae;Chromulinales;Paraphysomonadaceae;Paraphysomonas;Paraphysomonas sp.,20,4139
Chromista;Ciliophora;Litostomatea;Haptorida;Spathidiidae;Spathidium;Spathidium rectitoratum,1,1
Fungi;Basidiomycota;Agaricomycetes;Polyporales;Laetiporaceae;Laetiporus;Laetiporus sulphureus,2,3
Animalia;Mollusca;Bivalvia,13,13
Chromista;NA;Dinophyceae;Prorocentrales;Prorocentraceae;Prorocentrum;Prorocentrum minimum,4,4
Chromista;NA;Xanthophyceae;Mischococcales;Centritractaceae;Bumilleriopsis;Bumilleriopsis filiformis,2,2
Chromista;NA;Dinophyceae;Dinophysiales;Dinophysiaceae;Dinophysis;Dinophysis norvegica,13,13
Chromista;NA;Raphidophyceae;Chattonellales;Chattonellaceae,52,384
Animalia;Bryozoa;Gymnolaemata;Ctenostomatida;Alcyonidiidae;Alcyonidium;Alcyonidium gelatinosum,6,6
Bacteria;Pseudomonadota;Oligoflexia;Oligoflexales;Pseudobacteriovoracaceae;Pseudobacteriovorax;Pseudobacteriovorax antillogorgiicola,10,10
Chromista;Bacillariophyta;Coscinodiscophyceae;Stephanodiscales;Stephanodiscaceae;Cyclotella;Cyclotella choctawhatcheeana,6,6
Animalia;Ctenophora;Tentaculata;Lobata;Bolinopsidae;Bolinopsis;Bolinopsis infundibulum,3,3
Fungi;Basidiomycota;Agaricomycetes;NA;NA;NA;Agaricomycetes sp.,1,1
Chromista;Ciliophora;Phyllopharyngea;Chlamydodontida;Chilodonellidae;Pseudochilodonopsis,13,81
Plantae;Streptophyta;Magnoliopsida;Poales;Cyperaceae;Carex;Carex anisostachys,1,1
Plantae;Chlorophyta;Chlorophyceae;Sphaeropleales;Selenastraceae,25,456
Chromista;Cercozoa;NA;Glissomonadida;Allapsidae;Allantion;Allantion sp.,8,47
Fungi;Ascomycota;Lecanoromycetes;Teloschistales;Teloschistaceae,2,2
Animalia;Cnidaria;Hydrozoa;Siphonophorae;Prayidae;Gilia;Gilia reticulata,4,6
Protozoa;Discosea;Flabellinia;NA;Vannellidae;Vannella;Vannella sp. KDN1,2,2
Plantae;Streptophyta;Magnoliopsida;Lamiales;Plantaginaceae,13,13
Chromista;NA;Dinophyceae;Peridiniales;Ostreopsidaceae,31,31
Chromista;Ciliophora;Spirotrichea;Euplotida,2,2
Fungi;Mucoromycota;Glomeromycetes;Diversisporales;Diversisporaceae;Diversispora;Diversispora sp. EE1,1,1
Animalia;Rotifera;Eurotatoria;Flosculariaceae;Testudinellidae;Pompholyx;Pompholyx sulcata,1,1
Plantae;Rhodophyta;Florideophyceae;Ceramiales;Wrangeliaceae;Plumaria;Plumaria plumosa,1,1
Chromista;Ciliophora;Oligohymenophorea;Philasterida;Uronematidae;Uronema;Uronema sp. WS-2012,7,7
Fungi;Basidiomycota;Agaricomycetes;Hymenochaetales;Hymenochaetaceae;Phellinus;Phellinus igniarius,1,1
Chromista;Bacillariophyta;Bacillariophyceae;Bacillariales;Bacillariaceae;Pseudo-nitzschia;Pseudo-nitzschia pseudodelicatissima,1,1
Plantae;Streptophyta,112,6016
Chromista;Ciliophora;Oligohymenophorea;Philasterida;Cohnilembidae;Porpostoma;Porpostoma notata,6,6
Chromista;Ciliophora;Heterotrichea;Heterotrichida;Stentoridae;Stentor,60,8761
Chromista;NA;Dinophyceae;Peridiniales;Diplopsaliaceae;Niea;Niea torta,2,2
Plantae;Streptophyta;Klebsormidiophyceae;Klebsormidiales;Klebsormidiaceae;Klebsormidium,4,5
Fungi;Basidiomycota;Tremellomycetes;Tremellales;Bulleribasidiaceae;Derxomyces;Derxomyces simaoensis,1,1
Plantae;Chlorophyta;Ulvophyceae;Ulvales,2,2
Animalia;Cnidaria;Anthozoa;Alcyonacea;Paragorgiidae;Paragorgia;Paragorgia arborea,2,2
Plantae;Rhodophyta;Florideophyceae;Ceramiales;Ceramiaceae;Anotrichium;Anotrichium furcellatum,1,1
Chromista;Bacillariophyta;Bacillariophyceae;NA;NA;NA;Bacillariophyceae sp. YS-2016a,2,2
Plantae;Streptophyta;Magnoliopsida;Asparagales;Orchidaceae,12,12
Plantae;Streptophyta;Magnoliopsida;Poales;Cyperaceae;Carex,18,18
Chromista;Ciliophora;Heterotrichea;Heterotrichida;Stentoridae,1,1
Bacteria;Pseudomonadota;Epsilonproteobacteria,3,3
Chromista;NA;Bigyra;Opalinata;Blastocystidae;Blastocystis;Blastocystis sp.,1,1
Fungi;Basidiomycota;Tremellomycetes;Tremellales;Tremellaceae;Tremella;Tremella huuskonenii,1,1
Chromista;NA;Dinophyceae;Peridiniales;Protoperidiniaceae;Protoperidinium;Protoperidinium leonis,9,9
Protozoa;Evosea;Eumycetozoa;Physariida;Didymiaceae;Didymium;Didymium iridis,1,1
Animalia;Platyhelminthes;Monogenea;Gyrodactylidea;Gyrodactylidae;Gyrodactyloides;Gyrodactyloides bychowskii,2,2
Fungi;Mucoromycota;Glomeromycetes;Glomerales;Glomeraceae;Dominikia;Dominikia bernensis,26,86
Animalia;Cnidaria;Anthozoa;Scleractinia,22,22
Plantae;Streptophyta;Magnoliopsida;Fabales;Fabaceae;Astragalus;Astragalus mareoticus,1,1
Plantae;Streptophyta;Bryopsida,4,4
Chromista;NA;Dinophyceae;Gymnodiniales;Kareniaceae;Karlodinium;Karlodinium veneficum,5,5
Fungi;Ascomycota;Dothideomycetes;Pleosporales;NA;NA;Pleosporales sp.,3,3
Bacteria;Pseudomonadota;Gammaproteobacteria;Pasteurellales;Pasteurellaceae,2,2
Fungi;Ascomycota;Lecanoromycetes;Lecanorales;Parmeliaceae;Parmotrema;Parmotrema stuppeum,2,9
Chromista;Ciliophora;Spirotrichea;Sporadotrichida;Oxytrichidae;Neokeronopsis;Neokeronopsis aurea,1,1
Chromista;Ciliophora;Oligohymenophorea;Peniculida;Parameciidae;Paramecium;Paramecium multimicronucleatum,37,708
Plantae;Streptophyta;Magnoliopsida;Pandanales;Triuridaceae;Sciaphila;Sciaphila tenella,1,1
Chromista;NA;Bigyra;Bicosoecida;Cafeteriaceae;Cafeteria,1,1
Bacteria;Pseudomonadota;Gammaproteobacteria;Legionellales;Coxiellaceae;Coxiella,6,6
Fungi;Ascomycota;Lecanoromycetes;Lecanorales;Parmeliaceae;Usnea,1,1
Chromista;Bacillariophyta;Mediophyceae;Hemiaulales;Hemiaulaceae;Eucampia,8,8
Fungi;Mucoromycota;Glomeromycetes;Diversisporales;Gigasporaceae;Dentiscutata;Dentiscutata sp.,1,1
Animalia;Arthropoda;Insecta;Diptera;Culicidae;Culex;Culex quinquefasciatus,1,1
Chromista;NA;Dinophyceae;Peridiniales;Diplopsaliaceae;Niea;Niea acanthocysta,3,3
Chromista;Ciliophora;Litostomatea;Pleurostomatida;Litonotidae;Litonotus;Litonotus sp. SZ08112701,4,16
Chromista;NA;Dictyochophyceae;Dictyochales;NA;Dictyocha;Dictyocha fibula,5,5
Fungi;Chytridiomycota;Chytridiomycetes;Chytridiales,17,262
Chromista;Haptophyta;NA;Phaeocystales;Phaeocystaceae;Phaeocystis,6,6
Fungi;Ascomycota;Leotiomycetes;Helotiales;Pezizellaceae;Pezizella;Pezizella epithallina,2,2
Animalia;Rotifera;Eurotatoria;Ploima;Brachionidae;Brachionus;Brachionus angularis,11,186
Protozoa;Euglenozoa;Euglenida;Petalomonadida;Scytomonadidae;Petalomonas,18,18
Plantae;Streptophyta;Magnoliopsida;Fagales;Fagaceae,10,10
Plantae;Streptophyta;Magnoliopsida;Piperales;Piperaceae;Piper,1,1
Chromista;Ciliophora;Spirotrichea;Urostylida;Urostylidae;Diaxonella;Diaxonella trimarginata,2,29
Animalia;Annelida;Polychaeta;Terebellida;Terebellidae;Amphitrite,3,3
Fungi;Ascomycota;Sordariomycetes;Hypocreales;Bionectriaceae;Geosmithia,2,7
Animalia;Arthropoda;Insecta;Orthoptera;Acrididae;Schistocerca,3,3
Plantae;Rhodophyta;Florideophyceae;Gigartinales;Dumontiaceae,3,3
Plantae;Chlorophyta;Mamiellophyceae;Mamiellales;Mamiellaceae;Mantoniella;Mantoniella squamata,4,4
Animalia;Platyhelminthes;Rhabditophora;Rhabdocoela,4,5
Bacteria;Pseudomonadota;Deltaproteobacteria;NA;NA;NA;sulfate-reducing bacterium mXyS1,2,2
Animalia;Mollusca;Bivalvia;Mytilida;Mytilidae;Bathymodiolus;Bathymodiolus azoricus,1,1
Chromista;Bacillariophyta;Coscinodiscophyceae;Thalassiosirales;Skeletonemataceae;Skeletonema;Skeletonema costatum,5,5
Fungi;Ascomycota;Saccharomycetes;Saccharomycetales;Debaryomycetaceae;Yamadazyma;Yamadazyma scolyti,7,15
Animalia;Mollusca;Gastropoda;Nudibranchia;Cuthonidae;Cuthona;Cuthona nana,1,1
Animalia;Bryozoa;Phylactolaemata;NA;Fredericellidae;Fredericella;Fredericella sultana,2,2
Chromista;NA;Cryptophyceae;Pyrenomonadales;Pyrenomonadaceae,2,2
Plantae;Chlorophyta;Chlorophyceae;Chlamydomonadales;NA;Paulschulzia;Paulschulzia pseudovolvox,4,27
Bacteria;Pseudomonadota;Gammaproteobacteria;Moraxellales;Moraxellaceae;Acinetobacter;Acinetobacter johnsonii,1,1
Fungi;Basidiomycota;Agaricomycetes;Agaricales;Schizophyllaceae;Schizophyllum;Schizophyllum commune,2,2
Chromista;Ciliophora;Oligohymenophorea;Hymenostomatida;Tetrahymenidae;Lambornella;Lambornella trichoglossa,6,23
Plantae;Streptophyta;Magnoliopsida;Poales;Cyperaceae;Carex;Carex annectens,1,1
Animalia;Arthropoda;Insecta;Odonata,2,2
Fungi;Basidiomycota;Exobasidiomycetes;Microstromatales,3,3
Fungi;Ascomycota;Lecanoromycetes;Ostropales;Graphidaceae;Graphis;Graphis scripta,1,1
Fungi;Ascomycota;Saccharomycetes;Saccharomycetales;Debaryomycetaceae;Yamadazyma;[Candida] dendronema,2,2
Protozoa;Euglenozoa;NA;Diplonemea;NA;NA;Diplonemida sp. 9sb RG-2016,1,1
Fungi;Basidiomycota;Tremellomycetes;Tremellales;Bulleribasidiaceae;Bulleribasidium;Bulleribasidium sanyaense,1,1
Fungi;Mucoromycota;Glomeromycetes;Glomerales;Claroideoglomeraceae;Claroideoglomus;Claroideoglomus drummondii,1,1
Animalia;Platyhelminthes;Trematoda;Plagiorchiida,1,1
Animalia;Arthropoda;Hexanauplia;Poecilostomatoida;Oncaeidae;Oncaea;Oncaea mediterranea,2,2
Protozoa;Cercozoa;NA;Cercomonadida;Cercomonadidae;Cercomonas;Cercomonas plasmodialis,1,1
Bacteria;Pseudomonadota;Gammaproteobacteria;Immundisolibacterales;Immundisolibacteraceae;Immundisolibacter;Immundisolibacter cernigliae,2,2
Plantae;Streptophyta;Magnoliopsida;Rosales;Urticaceae;Pilea,4,4
Chromista;Ciliophora;Spirotrichea;Tintinnida;Xystonellidae,7,10
Chromista;Ciliophora;Litostomatea;Haptorida;Spathidiidae;Spathidium,1,1
Animalia;Cnidaria;Anthozoa;Actiniaria;Actiniidae;Anemonia;Anemonia viridis,1,1
Animalia;Arthropoda;Insecta;Thysanoptera;Thripidae;Palmiothrips;Palmiothrips sp. TH65,1,1
Bacteria;Pseudomonadota;Alphaproteobacteria;Sphingomonadales;Sphingomonadaceae;Sphingobium;Sphingobium sp.,6,41
Plantae;Streptophyta;Magnoliopsida;Malpighiales;Phyllanthaceae;Phyllanthus;Phyllanthus amarus,2,3
Bacteria;Pseudomonadota;Gammaproteobacteria;NA;NA;NA;Loripes lacteus gill symbiont,9,9
Bacteria;Pseudomonadota;Gammaproteobacteria;Candidatus Comchoanobacterales;Candidatus Comchoanobacteraceae;Candidatus Comchoanobacter;Candidatus Comchoanobacter bicostacola,1,1
Bacteria;Acidobacteria;Holophagae;Holophagales;Holophagaceae;Geothrix,1,1
Plantae;Streptophyta;Magnoliopsida;Cucurbitales;Cucurbitaceae;Cucurbita,6,48
Bacteria;Pseudomonadota;Alphaproteobacteria;Hyphomicrobiales;Aurantimonadaceae,1,1
Fungi;Ascomycota;Saccharomycetes;Saccharomycetales;Saccharomycetaceae;Saccharomyces;Saccharomyces cerevisiae,2,6
Animalia;Ctenophora;Tentaculata;Cydippida;Pleurobrachiidae;Hormiphora;Hormiphora sp.,22,679
Plantae;Rhodophyta;Florideophyceae;Rhodymeniales;Fryeellaceae;Fryeella;Fryeella gardneri,1,1
Fungi;Ascomycota;Dothideomycetes;Pleosporales;Pleosporaceae;Curvularia;Curvularia verruculosa,2,9
Plantae;Streptophyta;Magnoliopsida;Fabales;Fabaceae;Acacia;Acacia mangium,1,1
Fungi;Ascomycota;Lecanoromycetes;Pertusariales;Ochrolechiaceae;Ochrolechia;Ochrolechia parella,1,1
Fungi;Ascomycota;Saccharomycetes;Saccharomycetales;Phaffomycetaceae;Komagataella;Komagataella pastoris,9,26
Plantae;Rhodophyta;Bangiophyceae;Porphyridiales;Porphyridiaceae;Chroodactylon;Chroodactylon ornatum,1,1
Chromista;NA;Synurophyceae;Synurales;Mallomonadaceae;Synura;Synura kristiansenii,2,2
Chromista;NA;Pelagophyceae;Pelagomonadales;NA;Aureoumbra;Aureoumbra lagunensis,2,2
Bacteria;Pseudomonadota;Gammaproteobacteria;Legionellales;Legionellaceae;Legionella,6,6
Bacteria;Bacillota,2,2
Fungi;Basidiomycota;Agaricomycetes;Amylocorticiales;Amylocorticiaceae;Plicaturopsis;Plicaturopsis crispa,2,2
Protozoa;Euglenozoa;NA;Diplonemea;NA;NA;Diplonemida sp. 13 RG-2016,1,1
Chromista;Oomycota;NA;Peronosporales;Peronosporaceae;Bremia;Bremia sonchicola,6,9
Fungi;Basidiomycota;Agaricomycetes;Auriculariales,2,61
Animalia;Bryozoa;Gymnolaemata;Cheilostomatida;Smittinidae;Parasmittina,2,2
Plantae;Rhodophyta;Stylonematophyceae;Stylonematales;Stylonemataceae;Stylonema;Stylonema alsidii,1,1
Fungi;Basidiomycota;Agaricomycetes;Cantharellales;Hydnaceae;Hydnum,1,1
Chromista;Apicomplexa;Conoidasida;Eucoccidiorida;Sarcocystidae;Sarcocystis;Sarcocystis tarandi,1,1
Bacteria;Pseudomonadota;Epsilonproteobacteria;Campylobacterales;Thiovulaceae;Sulfurimonas;Sulfurimonas xiamenensis,4,4
Plantae;Streptophyta;Magnoliopsida;Rosales;Moraceae;Ficus,2,2
Animalia;Arthropoda;Hexanauplia;Calanoida;Calanidae;Calanus,9,9
Fungi;Basidiomycota;Agaricomycetes;Russulales;Hericiaceae;Hericium;Hericium abietis,1,1
Chromista;Cercozoa;Thecofilosea;Phaeoconchia;Coelodendridae;Coelodendrum;Coelodendrum ramosissimum,12,12
Animalia;Nematoda;Chromadorea;Monhysterida,1,1
Plantae;Chlorophyta;Chlorophyceae;Chlamydomonadales;Chlamydomonadaceae;Chlamydomonas;Chlamydomonas sp. MBIC10468,1,1
Animalia;Mollusca;Bivalvia;Arcoida;Glycymerididae;Glycymeris;Glycymeris sp.,1,1
Plantae;Rhodophyta;Bangiophyceae;Cyanidiales;Cyanidiaceae;Galdieria;Galdieria sulphuraria,1,1
Fungi;Basidiomycota;Agaricomycetes;Agaricales;Physalacriaceae;Hymenopellis,2,153
Chromista;NA;Cryptophyceae;Pyrenomonadales;Pyrenomonadaceae;Rhodomonas;Rhodomonas sp.,1,1
Fungi;Ascomycota;Dothideomycetes;Mycosphaerellales;Teratosphaeriaceae,4,17
Chromista;Ciliophora;Spirotrichea;NA;Tontoniidae;Pseudotontonia;Pseudotontonia simplicidens,8,8
Animalia;Echinodermata;Echinoidea;Cassiduloida;Echinolampadidae;Conolampas;Conolampas sigsbei,1,1
Chromista;NA;Phaeophyceae;Ectocarpales;Chordariaceae;Cladochroa;Cladochroa chnoosporiformis,6,6
Plantae;Streptophyta;Magnoliopsida;Santalales;Erythropalaceae;Erythropalum;Erythropalum scandens,1,1
Chromista;NA;Dinophyceae;Syndiniales;Duboscquellidae;Duboscquella;Duboscquella sp. Hamana/2003,9,9
Chromista;NA;Centroplasthelida,15,15
Plantae;Rhodophyta;Florideophyceae;Rhodymeniales;Faucheaceae;Gloiocladia;Gloiocladia repens,2,2
Bacteria;Pseudomonadota;Alphaproteobacteria;Hyphomicrobiales;Methylobacteriaceae;Methylorubrum;Methylorubrum sp. GM97,27,6949
Bacteria;Pseudomonadota;Alphaproteobacteria;NA;NA;NA;Alphaproteobacteria bacterium,1,1
Chromista;Ciliophora;Oligohymenophorea;Sessilida;Zoothamniidae;Myoschiston,2,28
Animalia;Nemertea;Pilidiophora;Heteronemertea;Lineidae,4,4
Chromista;Ciliophora;Spirotrichea;Urostylida;Urostylidae;Paruroleptus;Paruroleptus lepisma,8,8
Animalia;Mollusca;Bivalvia;Nuculida;Nuculidae;Nucula,2,2
Chromista;NA;Dinophyceae;Dinophysiales;Dinophysiaceae;Ornithocercus;Ornithocercus magnificus,11,11
Plantae;Rhodophyta;Florideophyceae;Ceramiales;Dasyaceae,1,1
Protozoa;Parabasalia,1,1
Plantae;Streptophyta;Magnoliopsida;Ericales;Ericaceae,2,2
Chromista;Ciliophora;Litostomatea;Haptorida;Enchelyidae;Enchelys;Enchelys polynucleata,6,15
Animalia;Chordata;Ascidiacea;Aplousobranchia;Polyclinidae;Aplidium;Aplidium pliciferum,1,1
Plantae;Chlorophyta;Trebouxiophyceae;Trebouxiales;Trebouxiaceae;Trebouxia;Trebouxia arboricola,3,3
Chromista;Ciliophora;Spirotrichea;Tintinnida;Tintinnidae;Tintinnidium;Tintinnidium mucicola,8,8
Animalia;Annelida;Polychaeta;Sabellida;Oweniidae;Owenia,1,1
Fungi;Basidiomycota;Tremellomycetes;Tremellales;Cuniculitremaceae;Kockovaella;Kockovaella thailandica,5,5
Plantae;Rhodophyta;Florideophyceae;Peyssonneliales;Peyssonneliaceae;Peyssonnelia;Peyssonnelia sp.,1,1
Plantae;Streptophyta;Jungermanniopsida;Porellales;Lejeuneaceae,2,2
Animalia;Annelida;Polychaeta;Terebellida;Ampharetidae,5,5
Plantae;Streptophyta;Magnoliopsida;Gentianales;Gentianaceae,3,19
Fungi;Basidiomycota;Agaricomycetes;Gloeophyllales;Gloeophyllaceae,1,1
Animalia;Mollusca;Bivalvia;Venerida;Veneridae;Chione;Chione elevata,1,1
Animalia;Arthropoda;Arachnida;Araneae;Pholcidae;Metagonia,1,1
Bacteria;Pseudomonadota;Alphaproteobacteria;Sphingomonadales;Sphingomonadaceae;Sphingorhabdus;Sphingorhabdus sp.,1,1
Animalia;Arthropoda;Insecta;Diptera;Chironomidae;Diamesa;Diamesa japonica,1,1
Protozoa;Discosea;Flabellinia;NA;Vannellidae;Platyamoeba,6,485
Chromista;NA;Dinophyceae;Gonyaulacales;Gonyaulacaceae;Amylax;Amylax triacantha,2,2
Animalia;Rotifera;Eurotatoria;Flosculariaceae;Flosculariidae;Ptygura;Ptygura mucicola,1,1
Fungi;Ascomycota;Dothideomycetes;Pleosporales;Leptosphaeriaceae;Plenodomus,1,1
Fungi;Basidiomycota;Malasseziomycetes;Malasseziales;Malasseziaceae;Malassezia;Malassezia globosa,41,287
Fungi;Basidiomycota;Agaricomycetes;Russulales;Auriscalpiaceae;Auriscalpium;Auriscalpium vulgare,2,2
Chromista;NA;Dinophyceae;Suessiales;Symbiodiniaceae;Symbiodinium;Symbiodinium sp. clade F,2,2
Plantae;Streptophyta;Magnoliopsida;Sapindales;Anacardiaceae;NA;Anacardiaceae sp. MP 538,1,1
Animalia;Annelida;Polychaeta;NA;Protodrilidae;Protodrilus,1,1
Animalia;Arthropoda;Arachnida;Araneae;Linyphiidae;Laminacauda,1,1
Animalia;Arthropoda;Hexanauplia;Cyclopoida;Cyclopidae;Macrocyclops;Macrocyclops distinctus,1,1
Fungi;Ascomycota;Lecanoromycetes;Teloschistales;Teloschistaceae;Xanthoria;Xanthoria parietina,2,169
Animalia;Arthropoda;Insecta;Diptera;Chironomidae;Chironomus;Chironomus sp.,2,184
Fungi;Basidiomycota;Agaricomycetes;Boletales;Truncocolumellaceae;Truncocolumella;Truncocolumella citrina,1,1
Plantae;Streptophyta;Magnoliopsida;Gentianales,2,2
Chromista;Cercozoa;Imbricatea;Euglyphida;Trinematidae;Trinema;Trinema lineare,4,1595
Animalia;Mollusca;Bivalvia;Adapedonta;Hiatellidae;Panopea;Panopea generosa,3,3
Protozoa;Endomyxa,5,5
Chromista;Ciliophora;Phyllopharyngea;Chlamydodontida;Chlamydodontidae;Chlamydodon;Chlamydodon obliquus,17,17
Plantae;Streptophyta;Magnoliopsida;Fabales;Fabaceae;Mucuna,1,1
Plantae;Streptophyta;Magnoliopsida;Lamiales;Scrophulariaceae;Eremophila,2,2
Chromista;NA;Dinophyceae;Suessiales;Symbiodiniaceae;Durusdinium;Durusdinium trenchii,2,2
Bacteria;Pseudomonadota;Alphaproteobacteria;Rhodobacterales;Roseobacteraceae;Sulfitobacter;Sulfitobacter sp. Gp-4-5.2.1-voll,3,3
Chromista;Ciliophora;Spirotrichea;NA;Strombidiidae;Novistrombidium,1,1
Chromista;Ciliophora;Phyllopharyngea,22,22
Fungi;Ascomycota;Leotiomycetes;Erysiphales;Erysiphaceae;Erysiphe;Erysiphe polygoni,3,3
Bacteria;Bacillota;Bacilli;Lactobacillales;Lactobacillaceae,1,1
Plantae;Rhodophyta;Bangiophyceae;Bangiales;Bangiaceae;Porphyra;Porphyra sp. PK-49,1,1
Chromista;Bacillariophyta;Bacillariophyceae;Bacillariales;Bacillariaceae;Pseudo-nitzschia;Pseudo-nitzschia pungens,1,1
Fungi;Ascomycota;Leotiomycetes;Rhytismatales;NA;NA;Rhytismatales sp.,1,1
Chromista;NA;Polycystinea;Nassellaria;Plagiacanthidae;Lithomelissa;Lithomelissa setosa,6,6
Bacteria;Pseudomonadota;Betaproteobacteria;Nitrosomonadales;Nitrosomonadaceae,2,2
Animalia;Chordata;Appendicularia;Copelata;Oikopleuridae;Oikopleura,14,14
Chromista;Bacillariophyta;Mediophyceae;Lithodesmiales;Lithodesmiaceae;Ditylum;Ditylum brightwellii,3,3
Chromista;Bacillariophyta;Bacillariophyceae;Cymbellales;Gomphonemataceae;Gomphonema,3,110
Chromista;NA;Phaeophyceae;Ectocarpales;Scytosiphonaceae;Scytosiphon;Scytosiphon lomentaria,1,1
Chromista;Bacillariophyta;Bacillariophyceae;Naviculales;Pleurosigmataceae;Gyrosigma;Gyrosigma acuminatum,3,3
Plantae;Streptophyta;Magnoliopsida;Fabales;Fabaceae;Acacia;Acacia cheelii,1,1
Plantae;Streptophyta;Magnoliopsida;Liliales;Liliaceae;Lilium,1,1
Chromista;Ciliophora;Spirotrichea;Kiitrichida;Kiitrichidae;Caryotricha;Caryotricha rariseta,2,2
Chromista;Bacillariophyta;Coscinodiscophyceae;Thalassiosirales;Thalassiosiraceae;Thalassiosira;Thalassiosira rotula,10,10
Animalia;Cnidaria;Hydrozoa;Anthoathecata;Bougainvilliidae;Garveia;Garveia sp. CC-2005,2,2
Bacteria;Pseudomonadota;Oligoflexia;Bacteriovoracales;Halobacteriovoraceae;Halobacteriovorax,5,5
Chromista;Oomycota;NA;Peronosporales;Peronosporaceae;Peronospora;Peronospora belbahrii,1,1
Animalia;Arthropoda;Hexanauplia;Calanoida;Calanidae;Calanus;Calanus sinicus,1,1
Chromista;Cercozoa;NA;NA;Massisteriidae;Massisteria,4,4
Plantae;Streptophyta;Marchantiopsida;Marchantiales,8,8
NA;Nibbleridia;Nibbleridea;Nibbleridida;Nibbleridae;Nibbleromonas;Nibbleromonas curacaus,1,1
Animalia;Arthropoda;Insecta;Orthoptera;Acrididae;Schistocerca;Schistocerca serialis,1,1
Fungi;Ascomycota;Lecanoromycetes;Lecanorales;Parmeliaceae;Usnea;Usnea nipparensis,1,1
Fungi;Basidiomycota;Agaricomycetes;Agaricales;NA;NA;Agaricales sp. 3034,4,6
Fungi;Ascomycota;Dothideomycetes;NA;Micropeltidaceae;Stomiopeltis;Stomiopeltis sp. RS3.3,1,1
Plantae;Streptophyta;Magnoliopsida;Fabales;Polygalaceae,3,3
Chromista;Haptophyta;NA;Phaeocystales;Phaeocystaceae;Phaeocystis;Phaeocystis globosa,5,5
Chromista;Apicomplexa;Marosporida;Agamococcidiorida;Rhytidocystidae;Rhytidocystis,1,1
Plantae;Streptophyta;Magnoliopsida;Rosales;Rosaceae;Prunus;Prunus serotina,2,3
Bacteria;Pseudomonadota;Gammaproteobacteria;Alteromonadales;Pseudoalteromonadaceae;Pseudoalteromonas;Pseudoalteromonas sp. 520P1,2,2
Plantae;Streptophyta;Magnoliopsida;Caryophyllales;Polygonaceae,2,2
Plantae;Streptophyta;Magnoliopsida;Fagales;Fagaceae;Quercus;Quercus ilex,1,1
Animalia;Cnidaria;Hydrozoa;Leptothecata;Clytiidae;Clytia;Clytia noliformis,3,5
Fungi;Mucoromycota;Mortierellomycetes;Mortierellales;Mortierellaceae,1,1
Plantae;Chlorophyta;Chlorophyceae;Sphaeropleales;Hydrodictyaceae;Hydrodictyon;Hydrodictyon reticulatum,7,1560
Bacteria;Pseudomonadota;Alphaproteobacteria;Hyphomicrobiales;Devosiaceae;Devosia,3,4
Fungi;Basidiomycota;Agaricostilbomycetes;Agaricostilbales;Chionosphaeraceae;Kurtzmanomyces;Kurtzmanomyces nectairei,1,1
Chromista;NA;Bigyra;Thraustochytrida;Thraustochytriaceae;Schizochytrium;Schizochytrium sp. SEK 345,3,3
Fungi;Ascomycota;Leotiomycetes;Erysiphales;Erysiphaceae;Blumeria;Blumeria americana,3,3
Plantae;Streptophyta;Magnoliopsida;Celastrales;Celastraceae,4,8
Fungi;Basidiomycota;Agaricomycetes;Boletales;Suillaceae;Suillus;Suillus cavipes,1,1
Chromista;Bacillariophyta;Fragilariophyceae;Licmophorales;Ulnariaceae;Tabularia,4,4
Chromista;Bacillariophyta;Coscinodiscophyceae;Thalassiosirales;Thalassiosiraceae;Thalassiosira;Thalassiosira sp.,10,10
Protozoa;Endomyxa;NA;Vampyrellida;Sericomyxidae;Sericomyxa;Sericomyxa perlucida,3,3
Plantae;Streptophyta;Magnoliopsida;Poales;Cyperaceae;Carex;Carex subnigricans,5,10
Protozoa;Euglenozoa;Kinetoplastea;Eubodonida;Bodonidae,9,17
Chromista;Bacillariophyta;Coscinodiscophyceae;Thalassiosirales;Thalassiosiraceae;Conticribra;Conticribra guillardii,3,3
Animalia;Mollusca;Gastropoda;Neogastropoda;Buccinidae;Buccinum;Buccinum pemphigus,1,1
Protozoa;Discosea;NA;Stygamoebida;NA;Vermistella;Vermistella sp. TT-2015b,2,2
Fungi;Basidiomycota;Pucciniomycetes;Pucciniales;Pileolariaceae;Uromycladium;Uromycladium acaciae,1,1
Fungi;Mucoromycota;Glomeromycetes;Glomerales;Glomeraceae;Glomus;Glomus heterosporum,1,1
Animalia;Cnidaria;Anthozoa;Scleractinia;Merulinidae;Goniastrea,4,4
Chromista;Ciliophora;Oligohymenophorea;Philasterida;Uronematidae;Uronema;Uronema elegans,2,2
Animalia;Xenacoelomorpha;NA;Acoela;Actinoposthiidae;Acoelopelophila;Acoelopelophila lutheri,1,1
Animalia;Mollusca;Polyplacophora;Chitonida;Mopaliidae;Plaxiphora;Plaxiphora aurata,1,1
Plantae;Rhodophyta;Florideophyceae;Entwisleiales;Entwisleiaceae;Entwisleia;Entwisleia bella,1,1
Chromista;NA;Dinophyceae;Dinophysiales;Dinophysiaceae;Dinophysis;Dinophysis acuminata,20,20
Fungi;Ascomycota;Saccharomycetes;Saccharomycetales;Phaffomycetaceae;Starmera;Starmera stellimalicola,4,42
Animalia;Arthropoda;Insecta;Diptera;Chironomidae;Chironomus;Chironomus riparius,1,1
Bacteria;Pseudomonadota;Alphaproteobacteria;Hyphomicrobiales;Methylocystaceae;Methylosinus;Methylosinus sp.,18,613
Chromista;Oomycota;NA;Saprolegniales;Saprolegniaceae;Saprolegnia;Saprolegnia diclina,16,427
Animalia;Arthropoda;Arachnida;Araneae,7,12
Animalia;Porifera;Demospongiae;Poecilosclerida;Microcionidae;Clathria;Clathria prolifera,2,2
Fungi;Ascomycota;Orbiliomycetes;Orbiliales;Orbiliaceae;Orbilia;Orbilia beltraniae,1,1
Animalia;Arthropoda;Malacostraca;Decapoda;Penaeidae;Penaeus;Penaeus chinensis,2,9
Animalia;Arthropoda;Insecta;Diptera;Chironomidae,3,11
Fungi;Ascomycota;Dothideomycetes;Venturiales;Sympoventuriaceae;Verruconis,2,2
Fungi;Basidiomycota;Agaricomycetes;Agaricales;Clitocybaceae;Lepista;Lepista panaeola,2,68
Fungi;Ascomycota;Eurotiomycetes;Chaetothyriales;Herpotrichiellaceae;Phialophora;Phialophora verrucosa,3,5
Fungi;Ascomycota;Eurotiomycetes;Chaetothyriales;NA;NA;Chaetothyriales sp. M-Mo7,1,1
Fungi;Ascomycota;Eurotiomycetes;Eurotiales;Aspergillaceae;Aspergillus;Aspergillus versicolor,1,1
Chromista;Bacillariophyta;Coscinodiscophyceae;Thalassiosirales;Thalassiosiraceae;Minidiscus;Minidiscus spinulatus,18,18
Bacteria;Pseudomonadota;Gammaproteobacteria;Oceanospirillales;Alcanivoracaceae;Marinicella,5,5
Chromista;NA;Cryptophyceae;Cryptomonadales;Cryptomonadaceae;Cryptomonas;Cryptomonas erosa,3,3
Protozoa;Euglenozoa;Kinetoplastea;Trypanosomatida;Trypanosomatidae;Herpetomonas;Herpetomonas mirabilis,1,1
Protozoa;NA;Ichthyosporea;Ichthyophonida;NA;Sphaeroforma;Sphaeroforma tapetis,17,17
Plantae;Chlorophyta;Chlorophyceae;Chlamydomonadales;Chlamydomonadaceae;Chlamydomonas;Chlamydomonas sphaeroides,1,1
Chromista;Apicomplexa;Conoidasida;NA;NA;NA;Coccidia sp.,7,7
Fungi;Ascomycota;Dothideomycetes;Pleosporales;Pleosporaceae;Curvularia;Curvularia determinata,4,239
Plantae;Streptophyta;Magnoliopsida;Solanales;Solanaceae;Iochroma;Iochroma ayabacense,2,2
Chromista;Ciliophora;Nassophorea;Microthoracida;Discotrichidae;Lopezoterenia;Lopezoterenia paratorpens,4,4
Fungi;Mucoromycota;Glomeromycetes;Glomerales;Glomeraceae;Septoglomus;Septoglomus africanum,1,1
Chromista;NA;Polycystinea;Nassellaria;Plagiacanthidae;Lithomelissa;Lithomelissa sp. 8012,1,1
Plantae;Streptophyta;Magnoliopsida;Poales;Poaceae;Triticum;Triticum aestivum,11,112
Chromista;NA;Dinophyceae;Syndiniales;Syndiniaceae,25,25
Chromista;NA;Dinophyceae;Gonyaulacales;Protoceratiaceae,4,4
Protozoa;NA;Ichthyosporea;Ichthyophonida;Ichthyophonidae;Ichthyophonus,2,2
Bacteria;Pseudomonadota;Gammaproteobacteria;Aeromonadales;Aeromonadaceae,4,4
Fungi;Basidiomycota;Agaricomycetes;Cantharellales;Tulasnellaceae,1,1
Chromista;NA;Cryptophyceae;Cryptomonadales;Cryptomonadaceae;Cryptomonas;Cryptomonas borealis,3,4
Chromista;NA;Dinophyceae;Phytodiniales;Phytodiniaceae,14,14
Chromista;NA;Dinophyceae;Torodiniales;Torodiniaceae;Torodinium;Torodinium teredo,10,10
Plantae;Streptophyta;Magnoliopsida;Lamiales;Bignoniaceae;Dolichandrone;Dolichandrone spathacea,1,1
Fungi;Zoopagomycota;Zoopagomycetes;Zoopagales;Zoopagaceae;Acaulopage;Acaulopage dichotoma,5,8
Bacteria;Pseudomonadota;Alphaproteobacteria;Hyphomicrobiales;Methylobacteriaceae,22,2558
Plantae;Streptophyta;Magnoliopsida;Lamiales;Plantaginaceae;Veronica,2,5
Chromista;NA;Dinophyceae;Dinophysiales;Dinophysiaceae;Sinophysis;Sinophysis stenosoma,2,2
Animalia;Arthropoda;Hexanauplia;Calanoida;Euchaetidae;Euchaeta;Euchaeta indica,3,3
Bacteria;Planctomycetota;Phycisphaerae;Phycisphaerales,5,5
Bacteria;Pseudomonadota;Gammaproteobacteria;Kangiellales;Kangiellaceae;Kangiella,1,1
Animalia;Gastrotricha;NA;Chaetonotida;Chaetonotidae;Chaetonotus;Chaetonotus neptuni,1,1
Animalia;Cnidaria;Hydrozoa;Leptothecata;Laodiceidae;Melicertissa;Melicertissa sp. AGC-2001,5,5
Plantae;Streptophyta;Magnoliopsida;Malpighiales;Hypericaceae;Hypericum,1,1
Animalia;Cnidaria;Scyphozoa;Rhizostomeae,1,1
Plantae;Chlorophyta;Chlorophyceae;Chlamydomonadales;Chlamydomonadaceae,12,1422
Plantae;Rhodophyta;Florideophyceae;Gigartinales;Corynomorphaceae;Corynomorpha;Corynomorpha clavata,1,1
Chromista;NA;Bigyra;Thraustochytrida;Thraustochytriaceae;Aplanochytrium;Aplanochytrium sp. S1a,12,12
Chromista;Cercozoa,11,11
Animalia;Arthropoda;Hexanauplia;Calanoida;Clausocalanidae;Pseudocalanus;Pseudocalanus newmani,1,1
Animalia;Arthropoda;Insecta;Hemiptera;Miridae;Trigonotylus;Trigonotylus uhleri,7,7
Chromista;Bacillariophyta;Mediophyceae;Lithodesmiales;Lithodesmiaceae;Helicotheca;Helicotheca tamesis,4,4
Fungi;Basidiomycota;Malasseziomycetes;Malasseziales;Malasseziaceae;Malassezia;Malassezia restricta,21,81
Bacteria;Pseudomonadota;Deltaproteobacteria;Myxococcales;NA;NA;Sorangiineae bacterium HB-1,3,3
Plantae;Rhodophyta;Florideophyceae;Corallinales,11,11
Plantae;Streptophyta;Magnoliopsida;Asterales,13,19
Plantae;Streptophyta;Magnoliopsida;Gentianales;Rubiaceae,16,16
Fungi;Zoopagomycota;Entomophthoromycetes;Entomophthorales,7,7
Protozoa;NA;Ichthyosporea;NA;NA;Pirum;Pirum gemmata,24,24
Bacteria;Pseudomonadota;Gammaproteobacteria;Xanthomonadales;Xanthomonadaceae,1,1
Plantae;Streptophyta;Magnoliopsida;Saxifragales;Haloragaceae;Myriophyllum,1,1
Protozoa;Tubulinea;Elardia;Euamoebida;Hartmannellidae;Nolandella;Nolandella hibernica,1,1
Bacteria;Pseudomonadota;Gammaproteobacteria;Moraxellales;Moraxellaceae;Acinetobacter,19,57
Bacteria;Pseudomonadota;Gammaproteobacteria;Moraxellales;Moraxellaceae;Acinetobacter;Acinetobacter variabilis,2,57
Bacteria;Pseudomonadota;Alphaproteobacteria;Hyphomicrobiales;Devosiaceae;Devosia;Devosia sp. VBW339,1,1
Fungi;Basidiomycota;Agaricomycetes;Agaricales;Omphalotaceae;Gymnopus;Gymnopus sp.,4,4
Chromista;NA;Chrysophyceae;Chromulinales;Dinobryaceae;Dinobryon;Dinobryon sp.,1,1
Animalia;Chordata;Ascidiacea;Stolidobranchia;Styelidae,6,6
Animalia;Rotifera;Eurotatoria;Ploima;Gastropidae;Ascomorpha,1,1
Animalia;Cnidaria;Hydrozoa;Leptothecata;Campanulariidae;Orthopyxis;Orthopyxis crenata,5,5
Plantae;Prasinodermophyta;Prasinodermophyceae;Prasinodermales;Prasinodermaceae;Prasinoderma;Prasinoderma coloniale,2,2
Plantae;Rhodophyta;Florideophyceae;Gigartinales;Kallymeniaceae,3,3
Plantae;Chlorophyta;Chlorophyceae;Chlamydomonadales;NA;Edaphochlamys;Edaphochlamys debaryana,2,2
Animalia;Arthropoda;Ostracoda;Podocopida;Cyprididae;Dolerocypris;Dolerocypris sinensis,3,18
Plantae;Streptophyta;Magnoliopsida;Alismatales,8,8
Chromista;Bacillariophyta;Mediophyceae;Triceratiales;Triceratiaceae;Pleurosira;Pleurosira cf. laevis,9,9
Animalia;Rotifera;Eurotatoria;Ploima;Trichocercidae;Trichocerca;Trichocerca mucosa,4,4
Bacteria;Pseudomonadota;Alphaproteobacteria;Rhodospirillales;Azospirillaceae;Azospirillum;Azospirillum brasilense,1,1
Protozoa;Euglenozoa;Euglenida;Petalomonadida;Scytomonadidae;Petalomonas;Petalomonas plana,1,1
Bacteria;Pseudomonadota;Gammaproteobacteria;Pseudomonadales;Pseudomonadaceae;Pseudomonas;Pseudomonas sp. P7014,1,1
Fungi;Basidiomycota;Tremellomycetes;Trichosporonales;Trichosporonaceae;Vanrija,14,64
Bacteria;Pseudomonadota;Gammaproteobacteria;Thiotrichales;Thiotrichaceae;Beggiatoa;Beggiatoa sp. LPN,1,1
Protozoa;NA;Ichthyosporea;Ichthyophonida;NA;Sphaeroforma,4,4
Bacteria;Pseudomonadota;Gammaproteobacteria;NA;NA;NA;gamma proteobacterium endosymbiont of Solemya velum,7,7
Fungi;Mucoromycota;Glomeromycetes;Glomerales;Glomeraceae;Funneliformis,1,1
Plantae;Streptophyta;Magnoliopsida;Brassicales;Brassicaceae;Brassica;Brassica rapa,1,1
Chromista;Ciliophora;Litostomatea;Haptorida;Lacrymariidae;Phialina;Phialina salinarum,1,1
Bacteria;Nitrospirae,1,1
Fungi;Ascomycota;Eurotiomycetes;Phaeomoniellales;Phaeomoniellaceae;Neophaeomoniella;Neophaeomoniella niveniae,1,1
Chromista;Bacillariophyta;Fragilariophyceae;Fragilariales;Staurosiraceae;Staurosira;Staurosira cf. mutabilis,1,1
Chromista;Ciliophora;Prostomatea;Prorodontida;Colepidae;Tiarina;Tiarina sp.,1,1
Chromista;Oomycota;NA;Pythiales;Pythiaceae,3,3
Fungi;Ascomycota;Saccharomycetes;Saccharomycetales;Debaryomycetaceae;Meyerozyma;Meyerozyma guilliermondii,1,1
Chromista;Ciliophora;Heterotrichea;Heterotrichida;Folliculinidae;Eufolliculina;Eufolliculina uhligi,2,2
Fungi;Ascomycota;Eurotiomycetes;Chaetothyriales;NA;NA;Chaetothyriales sp.,5,22
Plantae;Streptophyta;Magnoliopsida;Asterales;Asteraceae;Centaurea,2,2
Fungi;Basidiomycota;Agaricomycetes;Russulales;Russulaceae;Russula,1,1
Chromista;Bacillariophyta;Mediophyceae;Triceratiales;Plagiogrammaceae;Psammoneis;Psammoneis pseudojaponica,21,21
Chromista;Ciliophora;Oligohymenophorea;Philasterida;Loxocephalidae;Paratetrahymena;Paratetrahymena wassi,1,1
Protozoa;Discosea;NA;Longamoebia;Balamuthiidae;Balamuthia;Balamuthia spinosa,1,1
Plantae;Streptophyta;Magnoliopsida;Poales;Poaceae;Hordeum;Hordeum vulgare,14,281
Plantae;Streptophyta;Magnoliopsida;Lamiales;Bignoniaceae,1,1
Chromista;Apicomplexa;Conoidasida;Eugregarinorida;Lecudinidae;Ancora;Ancora sagittata,1,1
Fungi;Chytridiomycota;Chytridiomycetes;Spizellomycetales,7,7
Fungi;Ascomycota;Saccharomycetes;Saccharomycetales;Metschnikowiaceae,1,1
Chromista;NA;Dinophyceae;Suessiales;Suessiaceae;Pelagodinium;Pelagodinium sp. RCC6123,13,13
Animalia;Arthropoda;Malacostraca;Amphipoda,2,2
Chromista;NA;Bigyra;Bicosoecida;Siluaniidae;Filos;Filos agilis,1,1
Chromista;Apicomplexa;Conoidasida;Eucoccidiorida;Sarcocystidae;Toxoplasma;Toxoplasma gondii,1,1
Plantae;Streptophyta;Bryopsida;Hypnales;Brachytheciaceae;Torrentaria;Torrentaria fuegiana,1,1
Chromista;Haptophyta;NA;Prymnesiales;Prymnesiaceae;Haptolina;Haptolina ericina,9,9
Chromista;NA;Dinophyceae;Syndiniales;Syndiniaceae;Syndinium;Syndinium turbo,1,1
"Animalia;Platyhelminthes;Catenulida;NA;Stenostomidae;Stenostomum;Stenostomum sp. 'Aguinaldo, 1997'",4,32
Chromista;NA;Dinophyceae;Gymnodiniales;Gymnodiniaceae;Nusuttodinium;Nusuttodinium amphidinioides,2,2
Fungi;Basidiomycota;Agaricomycetes;Trechisporales;Hydnodontaceae;Trechispora,4,7
Fungi;Ascomycota;Dothideomycetes;Mycosphaerellales;Teratosphaeriaceae;Neohortaea;Neohortaea acidophila,3,4
Animalia;Bryozoa;Gymnolaemata;Cheilostomatida;Quadricellariidae;Nellia;Nellia tenella,18,2398
Bacteria;Pseudomonadota;Oligoflexia;Bdellovibrionales;Pseudobdellovibrionaceae;Bdellovibrio;Bdellovibrio bacteriovorus,4,4
Protozoa;Euglenozoa;Euglenida;Petalomonadida;Scytomonadidae;Petalomonas;Petalomonas cantuscygni,8,8
Plantae;Rhodophyta;Florideophyceae;Peyssonneliales;Peyssonneliaceae;Ramicrusta;Ramicrusta textilis,3,3
Chromista;Ciliophora;Oligohymenophorea;Philasterida;Loxocephalidae;Cardiostomatella;Cardiostomatella vermiformis,1,1
Protozoa;NA;Ichthyosporea;Ichthyophonida;NA;Anurofeca;Anurofeca sp. LAH-2003,6,6
Bacteria;Pseudomonadota;Gammaproteobacteria;Alteromonadales;Shewanellaceae;Shewanella;Shewanella sp. MEBiC05420T,1,1
Chromista;NA;Bigyra;Thraustochytrida;Thraustochytriaceae;Thraustochytrium;Thraustochytrium sp. HK1,1,1
Fungi;Mucoromycota;Glomeromycetes;Paraglomerales;Paraglomeraceae;Paraglomus;Paraglomus sp. LG3-06,1,1
Bacteria;Pseudomonadota;Alphaproteobacteria;Rhodobacterales;Paracoccaceae;Amaricoccus;Amaricoccus solimangrovi,4,4
Animalia;Annelida;Polychaeta;Eunicida;Dorvilleidae;Parougia,1,1
Animalia;Arthropoda;Ostracoda;Podocopida,21,730
Animalia;Arthropoda;Insecta;Thysanoptera;Thripidae,2,58
Animalia;Arthropoda;Insecta;Thysanoptera;Thripidae;Australothrips;Australothrips bicolor,1,1
Chromista;Ciliophora;Spirotrichea;Choreotrichida;Strombidinopsidae;Parastrombidinopsis;Parastrombidinopsis minima,1,1
Bacteria;Pseudomonadota;Betaproteobacteria;Burkholderiales;Alcaligenaceae;Alcaligenes,1,1
Animalia;Arthropoda;Insecta;Coleoptera;Melyridae;Collops;Collops nigriceps,6,12
Fungi;Mucoromycota;Mucoromycetes;Mucorales;Mucoraceae;Mucor;Mucor sp.,4,79
Animalia;Platyhelminthes;Rhabditophora;Macrostomida,5,5
Protozoa;Cercozoa;Imbricatea;Euglyphida,2,2
Fungi;Basidiomycota;Tremellomycetes;Filobasidiales;Piskurozymaceae;Piskurozyma;Piskurozyma silvicola,1,1
Plantae;Rhodophyta;Florideophyceae;Gracilariales;Gracilariaceae;Crassiphycus;Crassiphycus corneus,3,3
Chromista;Ciliophora;Spirotrichea;Euplotida;Euplotidae;Euplotes;Euplotes aediculatus,8,13
Plantae;Streptophyta;Magnoliopsida;Fabales;Fabaceae;Mimosa;Mimosa diplotricha,12,12
Animalia;Cnidaria;Hydrozoa;Anthoathecata;Proboscidactylidae;Proboscidactyla,5,5
Fungi;Ascomycota;Eurotiomycetes;Chaetothyriales;Herpotrichiellaceae;Rhinocladiella;Rhinocladiella sp.,5,8
Chromista;Haptophyta;NA;Prymnesiales;Prymnesiaceae;Prymnesium,6,6
Animalia;Rotifera;Eurotatoria;Ploima;Proalidae;Wulfertia;Wulfertia ornata,1,1
Animalia;Nemertea;Palaeonemertea;Tubulaniformes;Tubulanidae;Callinera,3,5
Plantae;Streptophyta;Magnoliopsida;Poales;Poaceae;Triticum;Triticum dicoccoides,4,12
Fungi;Basidiomycota;Agaricomycetes;Auriculariales;Exidiaceae;Exidia;Exidia uvapassa,1,1
Fungi;Basidiomycota;Tremellomycetes;Trichosporonales;Trichosporonaceae;Apiotrichum;Apiotrichum siamense,2,2
Animalia;Annelida;Polychaeta;Phyllodocida;Phyllodocidae;Eteone;Eteone picta,1,1
Chromista;Ciliophora;Spirotrichea;Sporadotrichida;Trachelostylidae;Spirotrachelostyla;Spirotrachelostyla tani,4,4
Animalia;Mollusca;Bivalvia;Mytilida;Mytilidae;Brachidontes;Brachidontes mutabilis,1,1
Fungi;Mucoromycota;Glomeromycetes;Glomerales;Glomeraceae;Rhizophagus,9,23
Animalia;Arthropoda;Hexanauplia;Cyclopoida;Oithonidae;Oithona;Oithona similis,6,6
Animalia;Entoprocta;NA;NA;Loxosomatidae;Loxosomella;Loxosomella plakorticola,3,3
Fungi;Basidiomycota;Agaricomycetes;Boletales;Suillaceae;Suillus,3,3
Plantae;Chlorophyta;Pyramimonadophyceae;Pyramimonadales;Pyramimonadaceae;Prasinopapilla (nom. inval.);Prasinopapilla vacuolata (nom. inval.),1,1
Protozoa;Tubulinea;Elardia;Euamoebida;Hartmannellidae;Nolandella;Nolandella sp. ATCC PRA-27,1,1
Fungi;Basidiomycota;Cystobasidiomycetes;Cystobasidiales;Microsporomycetaceae;Microsporomyces,4,5
Plantae;Rhodophyta;Compsopogonophyceae;Compsopogonales;Compsopogonaceae;Compsopogonopsis;Compsopogonopsis leptoclados,2,2
Chromista;NA;Dinophyceae;Suessiales;Symbiodiniaceae;Symbiodinium;Symbiodinium sp. clade A,2,2
Bacteria;Planctomycetota;Planctomycetia;Planctomycetales;Planctomycetaceae;Gimesia,2,2
Animalia;Cnidaria;Hydrozoa;Trachymedusae;Rhopalonematidae,4,4
Plantae;Streptophyta;Magnoliopsida;Asparagales;Orchidaceae;Polystachya,1,1
Bacteria;Pseudomonadota;Alphaproteobacteria;Pelagibacterales;Pelagibacteraceae;NA;alpha proteobacterium HIMB59,5,5
Bacteria;Pseudomonadota;Alphaproteobacteria;Rhodobacterales;Roseobacteraceae;Roseovarius;Roseovarius aquimarinus,1,1
Fungi;Mucoromycota;Mortierellomycetes;Mortierellales;Mortierellaceae;Mortierella;Mortierella sp. 1 ZHNL-2013,2,2
Chromista;Oomycota;NA;Peronosporales;Peronosporaceae;Bremia;Bremia cf. cirsii,2,2
Animalia;Arthropoda;Arachnida;Sarcoptiformes;Acaridae,1,1
Protozoa;Discosea;Flabellinia;NA;Vannellidae;Vannella,12,784
Fungi;Ascomycota;Saccharomycetes;Saccharomycetales;Debaryomycetaceae;Kodamaea;[Candida] mesenterica,1,1
Plantae;Streptophyta;Magnoliopsida;Ericales;Sapotaceae;Planchonella;Planchonella lauracea,9,9
Plantae;Streptophyta;Magnoliopsida;Asparagales;Orchidaceae;Rodriguezia;Rodriguezia satipoana,2,2
Chromista;NA;Chrysophyceae;Chromulinales;Chromulinaceae;Ochromonas;Ochromonas marina,4,9
Fungi;Mucoromycota;Glomeromycetes;Diversisporales;Acaulosporaceae;Acaulospora;Acaulospora fragilissima,2,3
Chromista;Ciliophora;Oligohymenophorea;Sessilida;Vaginicolidae;Pyxicola;Pyxicola pusilla,1,1
Chromista;NA;Dinophyceae;Peridiniales;Heterocapsaceae;Heterocapsa;Heterocapsa rotundata,12,12
Plantae;Streptophyta;Magnoliopsida;Fabales;Polygalaceae;Polygala,1,1
Chromista;NA;Dinophyceae;Syndiniales;Syndiniaceae;Syndinium;Syndinium sp. ex Corycaeus sp.,3,3
Chromista;NA;Xanthophyceae,7,342
Fungi;Basidiomycota;Agaricomycetes;Gomphales;Gomphaceae;Ramaria;Ramaria rubella,1,1
Plantae;Chlorophyta;Trebouxiophyceae;Chlorellales;Chlorellaceae;Marvania;Marvania geminata,2,2
Fungi;Ascomycota;Orbiliomycetes;Orbiliales;Orbiliaceae,5,23
Plantae;Streptophyta;Magnoliopsida;Malpighiales;Linaceae;Linum;Linum usitatissimum,1,1
Animalia;Mollusca;Polyplacophora;Lepidopleurida,1,1
Animalia;Cnidaria;Anthozoa;Pennatulacea;Kophobelemnidae;Kophobelemnon;Kophobelemnon sp. NMS.Z.2019.25.6,1,1
Chromista;Ciliophora;Litostomatea;Haptorida;Spathidiidae,3,3
Protozoa;Euglenozoa;Kinetoplastea;Neobodonida;Rhynchomonadidae;Rhynchomonas;Rhynchomonas nasuta,3,14
Animalia;Arthropoda;Hexanauplia;Harpacticoida,2,2
Protozoa;Discosea;Flabellinia;NA;Vannellidae,27,5941
Chromista;NA;Cryptophyceae;Cryptomonadales;Hemiselmidaceae;Hemiselmis;Hemiselmis cryptochromatica,8,8
Chromista;Apicomplexa;Conoidasida;Eugregarinorida;Cephaloidophoridae;Cephaloidophora;Cephaloidophora cf. communis,15,15
Fungi;Basidiomycota;Agaricomycetes;Agaricales;Cyphellaceae;Chondrostereum;Chondrostereum purpureum,3,1375
Fungi;Chytridiomycota;Chytridiomycetes;Cladochytriales,7,126
Bacteria;Verrucomicrobia;Opitutae;Puniceicoccales;Puniceicoccaceae;Candidatus Moanabacter;Candidatus Moanabacter tarae,12,12
Animalia;Arthropoda;Insecta;Orthoptera;Acrididae;Podisma;Podisma pedestris,10,10
Plantae;Chlorophyta;Ulvophyceae;Ulvales;Ulvaceae;Ulva,9,9
Bacteria;Pseudomonadota;Gammaproteobacteria;Oceanospirillales;Alcanivoracaceae;Alcanivorax;Alcanivorax sp.,2,2
Plantae;Rhodophyta;Florideophyceae;Ceramiales;Rhodomelaceae;Leptosiphonia,1,1
Animalia;Chordata;Actinopteri;Gadiformes,2,2
Plantae;Rhodophyta;Florideophyceae;Gigartinales;Kallymeniaceae;Pugetia;Pugetia fragilissima,1,1
Protozoa;Discosea;Flabellinia;NA;Vannellidae;Vannella;Vannella miroides,3,350
Animalia;Mollusca;Bivalvia;Pectinida;Pectinidae;Mizuhopecten;Mizuhopecten yessoensis,5,5
Chromista;Ciliophora;Oligohymenophorea;Philasterida;Cinetochilidae;Sathrophilus,20,20
Chromista;Bacillariophyta;Bacillariophyceae;Bacillariales;Bacillariaceae;Cylindrotheca,1,1
Animalia;Entoprocta;NA;NA;Loxosomatidae;Loxosomella;Loxosomella cyatiformis,2,2
Animalia;Annelida;Clitellata;Crassiclitellata;Lumbricidae;Octolasion;Octolasion lacteum,1,1
Bacteria;Verrucomicrobia;Opitutae;Opitutales;Opitutaceae;Ereboglobus;Ereboglobus luteus,1,1
Plantae;Streptophyta;Magnoliopsida;Solanales;Solanaceae;Physalis;Physalis heterophylla,1,1
Chromista;NA;Dinophyceae;Suessiales;Symbiodiniaceae;Breviolum;Breviolum minutum,8,8
Animalia;Mollusca;Bivalvia;Cardiida;Psammobiidae;Hiatula;Hiatula diphos,7,7
Chromista;Apicomplexa;Conoidasida;Eucoccidiorida;Sarcocystidae;Sarcocystis,20,20
Plantae;Chlorophyta;Chlorophyceae;Sphaeropleales;Selenastraceae;Monoraphidium,3,4
Animalia;Platyhelminthes;Rhabditophora;Rhabdocoela;Cicerinidae;Zonorhynchus;Zonorhynchus seminascatus,1,1
Animalia;Arthropoda;Malacostraca;Decapoda;Penaeidae,2,2
Chromista;NA;Dinophyceae;NA;NA;NA;Dinophyceae sp. ex Thalassicolla nucleata,1,1
Animalia;Rotifera;Eurotatoria;Ploima;Trichocercidae;Trichocerca,4,4
Chromista;Ciliophora;Nassophorea;Synhymeniida;Orthodonellidae,22,22
Chromista;NA;Cryptophyceae;Cryptomonadales,2,2
Plantae;Streptophyta;Magnoliopsida;Caryophyllales;Aizoaceae,4,4
Fungi;Basidiomycota;Exobasidiomycetes;Exobasidiales;Brachybasidiaceae;Meira,17,7011
Fungi;Basidiomycota;Agaricomycetes;Corticiales;Corticiaceae;NA;cf. Phlebia sp. CBS 118.16,18,375
Animalia;Rotifera;Eurotatoria;Ploima;Brachionidae;Brachionus;Brachionus plicatilis complex sp. COL07,3,13
Plantae;Streptophyta;Magnoliopsida;Fabales;Polygalaceae;Xanthophyllum;Xanthophyllum hainanense,4,4
Plantae;Chlorophyta;Trebouxiophyceae;Trebouxiales;Trebouxiaceae;Myrmecia;Myrmecia israelensis,2,144
Fungi;Ascomycota;Pezizomycetes;Pezizales;Ascobolaceae;Ascobolus;Ascobolus stercorarius,2,2
Animalia;Annelida;Polychaeta;Sabellida;Sabellidae;Parasabella;Parasabella cf. aulaconota AL-2018,2,2
Chromista;Bacillariophyta;Coscinodiscophyceae;Chaetocerotales;Chaetocerotaceae;Chaetoceros;Chaetoceros gelidus,4,4
Chromista;NA;Dinophyceae;NA;NA;NA;Dinophyceae sp.,10,10
Animalia;Mollusca;Gastropoda;Lepetellida,2,2
Chromista;NA;Raphidophyceae;Chattonellales;Chattonellaceae;Fibrocapsa;Fibrocapsa japonica,3,3
Chromista;NA;Dinophyceae;Amphidiniales;Amphidiniaceae;Amphidinium;Amphidinium carterae,16,16
Chromista;Ciliophora;Oligohymenophorea;Pleuronematida;Cyclidiidae;Cyclidium;Cyclidium sp.,8,423
Plantae;Streptophyta;Magnoliopsida;Fabales;Fabaceae;Acacia;Acacia midgleyi,2,3
Plantae;Streptophyta;Magnoliopsida;Boraginales;Cordiaceae;Cordia;Cordia curassavica,1,1
Animalia;Arthropoda;Hexanauplia;Cyclopoida;Cyclopidae;Euryte;Euryte sp. New Caledonia-RJH-2004,1,1
Fungi;Basidiomycota;Tremellomycetes;Filobasidiales;Filobasidiaceae;Filobasidium,8,229
Plantae;Streptophyta;Bryopsida;Dicranales;Calymperaceae;Calymperes;Calymperes erosum,18,18
Fungi;Ascomycota;Dothideomycetes;Pleosporales;NA;Microsphaeropsis;Microsphaeropsis sp.,1,1
Chromista;Ciliophora;Oligohymenophorea;Hymenostomatida;Tetrahymenidae;Tetrahymena;Tetrahymena farleyi,2,16
Chromista;Ciliophora;Heterotrichea;Heterotrichida;Stentoridae;Stentor;Stentor roeselii,10,48
Plantae;Chlorophyta;Chlorophyceae;Oedogoniales;Oedogoniaceae;Oedogonium;Oedogonium angustistomum,1,1
Animalia;Arthropoda;Arachnida;Scorpiones;Buthidae;Buthus;Buthus occitanus,1,1
Chromista;Ciliophora;Spirotrichea;Urostylida;Holostichidae;Holosticha,2,2
Chromista;Oomycota;NA;Pythiales;Pythiaceae;Pythium;Pythium dissotocum,16,266
Animalia;Arthropoda;Ichthyostraca;Porocephalida,1,1
Protozoa;Euglenozoa;Kinetoplastea;Neobodonida;NA;Neobodo;Neobodo designis,16,300
Chromista;Cercozoa;Chlorarachniophyceae;NA;NA;Minorisa;Minorisa minuta,2,2
Animalia;Arthropoda;Insecta;Diptera;Culicidae;Anopheles,1,1
Animalia;Arthropoda;Diplopoda;Spirostreptida;Spirostreptidae;Orthoporus;Orthoporus sp. JMM-2003c,1,1
Protozoa;Discosea;Flabellinia;NA;Vannellidae;Lingulamoeba;Lingulamoeba leei,1,1
Chromista;NA;Dinophyceae;Thoracosphaerales;Thoracosphaeraceae;Amyloodinium;Amyloodinium ocellatum,1,1
Plantae;Rhodophyta;Florideophyceae;Ceramiales;Dasyaceae;Thuretia;Thuretia quercifolia,1,1
Animalia;Echinodermata;Echinoidea;Camarodonta;Echinometridae;Colobocentrotus;Colobocentrotus atratus,1,1
Chromista;NA;Dinophyceae;Gymnodiniales;Warnowiaceae;Proterythropsis;Proterythropsis sp. BSL-2009a,6,6
Plantae;Chlorophyta;Trebouxiophyceae;Trebouxiales;Trebouxiaceae,1,1
Plantae;Chlorophyta;Ulvophyceae;Oltmannsiellopsidales;Oltmannsiellopsidaceae;Oltmannsiellopsis;Oltmannsiellopsis viridis,5,5
Animalia;Arthropoda;Arachnida;Trombidiformes;Tetranychidae;Tetranychus;Tetranychus urticae,1,1
Plantae;Streptophyta;Magnoliopsida;Ranunculales;Menispermaceae;Nephroia;Nephroia orbiculata,3,63
Chromista;Ciliophora;Phyllopharyngea;Chlamydodontida;Chilodonellidae;Pseudochilodonopsis;Pseudochilodonopsis sp. 2 WS-2013,5,5
Chromista;Bacillariophyta;Bacillariophyceae;Cymbellales;Cymbellaceae;Brebissonia;Brebissonia lanceolata,4,4
Chromista;Ciliophora;Litostomatea;Haptorida;Lacrymariidae,11,11
Animalia;Rotifera;Eurotatoria;Ploima;Lecanidae;Monostyla;Monostyla sp. MPN-2013,1,1
Chromista;NA;Dinophyceae;Syndiniales;Eudubosquellidae;Euduboscquella,2,2
Chromista;Ciliophora;Oligohymenophorea;Sessilida;Vorticellidae;Pseudovorticella;Pseudovorticella paracratera,2,6
Animalia;Annelida,31,205
Plantae;Streptophyta;Magnoliopsida;Rosales;Rosaceae;Rosa;Rosa praelucens,14,14
Protozoa;Endomyxa;Ascetosporea;Haplosporida;NA;Bonamia;Bonamia exitiosa,1,1
Chromista;Ciliophora;Oligohymenophorea;Astomatida;Haptophryidae;Haptophrya;Haptophrya planariarum,1,1
Fungi;Ascomycota;Eurotiomycetes;Eurotiales;Aspergillaceae;Penicillium;Penicillium sp. 7 BRO-2013,1,1
Animalia;Cnidaria;Hydrozoa;Narcomedusae,6,6
Animalia;Chordata;Lepidosauria;Squamata;Dactyloidae;Anolis,3,10
Fungi;Chytridiomycota;Monoblepharidomycetes;Monoblepharidales,1,1
Fungi;Ascomycota;Leotiomycetes;Thelebolales;Thelebolaceae,1,1
Fungi;Mucoromycota;Glomeromycetes;Diversisporales;Acaulosporaceae;Acaulospora;Acaulospora sp.,3,3
Bacteria;Bacillota;Clostridia;Eubacteriales,3,3
Bacteria;Pseudomonadota;Betaproteobacteria;Neisseriales;Chromobacteriaceae;Gulbenkiania;Gulbenkiania sp.,1,1
Bacteria;Pseudomonadota;Alphaproteobacteria;Caulobacterales;Caulobacteraceae;Phenylobacterium;Phenylobacterium terrae,7,13
Chromista;Bacillariophyta;Coscinodiscophyceae;Coscinodiscales;Coscinodiscaceae;Coscinodiscus;Coscinodiscus granii,9,9
Animalia;Arthropoda;Thecostraca;Balanomorpha;Chthamalidae;Chthamalus,3,3
Protozoa;Discosea;Flabellinia;Dactylopodida;Paramoebidae;Paramoeba;Paramoeba eilhardi,1,1
Chromista;Bacillariophyta;Mediophyceae,5,5
Animalia;Annelida;Polychaeta;Terebellida;Terebellidae;Lanice;Lanice conchilega,2,2
Plantae;Rhodophyta;Florideophyceae;Corallinales;Corallinaceae;Jania,1,1
Fungi;Ascomycota;Eurotiomycetes;Eurotiales;Aspergillaceae;Penicillium;Penicillium sp. MU-2009-1,1,1
Plantae;Chlorophyta;Chlorophyceae;Sphaeropleales;Scenedesmaceae;Desmodesmus;Desmodesmus subspicatus,21,1543
Chromista;Ciliophora;Litostomatea;Haptorida;Trachelophyllidae;Chaenea,3,3
Fungi;Ascomycota;Saccharomycetes;Saccharomycetales;NA;NA;[Candida] sp. BG02-7-21-004C-1-1,1,1
Animalia;Chordata;Actinopteri;Tetraodontiformes;Tetraodontidae;Takifugu,1,1
Chromista;Ciliophora;Oligohymenophorea;Sessilida;Vorticellidae;Pseudovorticella;Pseudovorticella dalianensis,11,3372
Protozoa;NA;Choanoflagellata;Acanthoecida;Stephanoecidae;Didymoeca;Didymoeca costata,13,13
Plantae;Chlorophyta;Trebouxiophyceae;Chlorellales;Chlorellaceae;Muriella,1,1
Plantae;Streptophyta;Magnoliopsida;Santalales;Comandraceae,1,1
Plantae;Chlorophyta;Ulvophyceae;Ulotrichales;Planophilaceae;Planophila;Planophila laetevirens,2,2
Chromista;NA;Dinophyceae;Peridiniales;Peridiniaceae,22,22
Plantae;Streptophyta;Magnoliopsida;Fabales;Fabaceae;Acacia;Acacia ligulata,4,4
Chromista;Bacillariophyta;Coscinodiscophyceae;Coscinodiscales;Coscinodiscaceae;Stellarima;Stellarima microtrias,6,6
Protozoa;Cercozoa;NA;Cercomonadida;Cercomonadidae;Eocercomonas,1,1
Protozoa;Euglenozoa;Euglenida;Euglenales;Euglenaceae;Trachelomonas,4,124
Animalia;Bryozoa;Gymnolaemata;Cheilostomatida;Candidae;Tricellaria;Tricellaria monotrypa,1,1
Chromista;NA;Dinophyceae;Gonyaulacales;Pyrocystaceae;Alexandrium;Alexandrium taylorii,2,2
Bacteria;Acidobacteria;Acidobacteriia;Bryobacterales,12,74
Bacteria;Gemmatimonadetes;Gemmatimonadetes;Gemmatimonadales;Gemmatimonadaceae;Gemmatimonas;Gemmatimonas phototrophica,3,16
Protozoa;Discosea,2,2
Chromista;NA;Dinophyceae;Peridiniales;Protoperidiniaceae;Protoperidinium;Protoperidinium depressum,4,4
Animalia;Bryozoa,1,1
Fungi;Ascomycota;Dothideomycetes;Pleosporales;Didymellaceae,25,629
Chromista;Ciliophora;Oligohymenophorea;Peniculida;Parameciidae;Paramecium;Paramecium caudatum,12,296
Fungi;Blastocladiomycota;Blastocladiomycetes;Blastocladiales;Catenariaceae;Catenaria;Catenaria anguillulae,1,1
Fungi;Ascomycota;Saccharomycetes;Saccharomycetales;Phaffomycetaceae;Starmera,34,212
Chromista;NA;Bigyra;Oblongichytrida;NA;Oblongichytrium;Oblongichytrium sp. AR2-23,1,1
Animalia;Annelida;Polychaeta;Phyllodocida;Phyllodocidae;Phyllodoce;Phyllodoce maculata,1,1
Chromista;Bacillariophyta;Coscinodiscophyceae;Thalassiosirales;Thalassiosiraceae;Thalassiosira;Thalassiosira punctigera,17,17
Chromista;Cercozoa;Imbricatea;Thaumatomonadida;Thaumatomastigidae;Protaspis;Protaspis oviformis,1,1
Plantae;Rhodophyta;Florideophyceae;Gracilariales;Gracilariaceae;Gracilariophila;Gracilariophila oryzoides,1,1
Animalia;Porifera;Demospongiae;Poecilosclerida;Mycalidae;Mycale,2,2
Chromista;Bacillariophyta;Mediophyceae;Biddulphiales;Biddulphiaceae;Biddulphia;Biddulphia sp. CCMP147,10,10
Chromista;Bacillariophyta;Bacillariophyceae;Bacillariales;Bacillariaceae;Nitzschia;Nitzschia palea,24,1569
Chromista;Apicomplexa;Conoidasida;Eucoccidiorida;Sarcocystidae;Sarcocystis;Sarcocystis suihominis,6,6
Animalia;Platyhelminthes;Monogenea;Mazocraeidea;Mazocraeidae;Probursata;Probursata brasiliensis,1,1
Animalia;Arthropoda;Hexanauplia;Calanoida;Acartiidae;Acartia;Acartia bifilosa,5,5
Chromista;Bacillariophyta;Bacillariophyceae;Naviculales;Naviculaceae;Navicula,4,4
Protozoa;Tubulinea;Echinamoebida;NA;Echinamoebidae;Echinamoeba;Echinamoeba exundans,22,22
Bacteria;Pseudomonadota;Deltaproteobacteria;Desulfobacterales,2,2
Chromista;Apicomplexa;Conoidasida;Archigregarinorida;Selenidiidae;Filipodium;Filipodium phascolosomae,19,19
Chromista;Bacillariophyta;Bacillariophyceae;Bacillariales;Bacillariaceae;Pseudo-nitzschia;Pseudo-nitzschia lineola,3,3
Chromista;Ciliophora;Colpodea;Colpodida;Colpodidae;Colpoda;Colpoda inflata,3,7
Animalia;Arthropoda;Hexanauplia;Calanoida;Eucalanidae;Subeucalanus;Subeucalanus crassus,1,1
Chromista;NA;Dinophyceae;Peridiniales;Amphidiniopsidaceae;Archaeperidinium,23,23
Plantae;Streptophyta;Magnoliopsida;Poales,16,60
Chromista;Apicomplexa;Conoidasida;Eugregarinorida,13,13
Chromista;NA;Phaeophyceae;Fucales;Sargassaceae,3,3
Bacteria;Pseudomonadota;Gammaproteobacteria;Alteromonadales;Pseudoalteromonadaceae;Pseudoalteromonas;Pseudoalteromonas tunicata,1,1
Chromista;Oomycota;NA;Saprolegniales;Saprolegniaceae;Aphanomyces,3,3
Chromista;NA;Bigyra;Thraustochytrida;Thraustochytriaceae;Thraustochytrium,3,3
Fungi;Ascomycota;Saccharomycetes;Saccharomycetales;Debaryomycetaceae;Spathaspora;[Candida] sake,2,15
Fungi;Ascomycota;Saccharomycetes;Saccharomycetales;NA;Starmerella;Starmerella etchellsii,1,1
Animalia;Bryozoa;Gymnolaemata;Cheilostomatida;Romancheinidae;Haplopoma;Haplopoma graniferum,1,1
Plantae;Chlorophyta;Mamiellophyceae;Mamiellales;Mamiellaceae;Micromonas;Micromonas sp. RCC831,1,1
Animalia;Cnidaria;Anthozoa;Scleractinia;Merulinidae;Coelastrea;Coelastrea palauensis,1,1
Fungi;Basidiomycota;Tremellomycetes;Cystofilobasidiales;Cystofilobasidiaceae;Cystofilobasidium,16,84
Chromista;NA;Cryptophyceae;Pyrenomonadales;Geminigeraceae;Geminigera;Geminigera cryophila,14,14
Plantae;Streptophyta;Magnoliopsida;Asparagales;Orchidaceae;Trichosalpinx;Trichosalpinx ringens,1,1
Chromista;NA;Bigyra;Opalinata;Blastocystidae,3,3
Plantae;Rhodophyta;Florideophyceae;Corallinales;Lithophyllaceae;Titanoderma;Titanoderma prototypum,1,1
Fungi;Ascomycota;Dothideomycetes;Mycosphaerellales;Phaeothecoidiellaceae;Phaeothecoidiella;Phaeothecoidiella illinoisensis,1,1
Fungi;Ascomycota;Schizosaccharomycetes;Schizosaccharomycetales;Schizosaccharomycetaceae;Schizosaccharomyces;Schizosaccharomyces pombe,6,7
Chromista;NA;Dinophyceae;Peridiniales;Kryptoperidiniaceae;Durinskia;Durinskia capensis,7,7
Chromista;NA;Dinophyceae;Gonyaulacales;Goniodomataceae;Gambierdiscus,34,34
Plantae;Streptophyta;Magnoliopsida;Asparagales;Orchidaceae;Stelis;Stelis segoviensis,3,3
Protozoa;NA;NA;Apusomonadida;Apusomonadidae;Amastigomonas;Amastigomonas sp.,1,1
Plantae;Chlorophyta;Pyramimonadophyceae;Pyramimonadales;Polyblepharidaceae;Polyblepharides;Polyblepharides amylifera,1,1
Fungi;Basidiomycota;Agaricomycetes;Agaricales;Inocybaceae;Inocybe,1,1
Fungi;Ascomycota;Saccharomycetes;Saccharomycetales;NA;NA;[Candida] sp. RWT23,1,1
Protozoa;Discosea;Flabellinia;NA;Vannellidae;NA;Vannellidae sp.,1,1
Animalia;Annelida;Clitellata;Crassiclitellata;Megascolecidae,1,1
Plantae;Rhodophyta;Bangiophyceae;Bangiales;Bangiaceae;Pyropia;Pyropia acanthophora,1,1
Fungi;Basidiomycota;Tremellomycetes;Tremellales;Bulleraceae;Genolevuria;Genolevuria pseudoamylolytica,1,1
Fungi;Zoopagomycota;Entomophthoromycetes;Entomophthorales;Entomophthoraceae;Entomophthora;Entomophthora schizophorae,1,1
Chromista;Haptophyta;NA;Phaeocystales;Phaeocystaceae;Phaeocystis;Phaeocystis antarctica,16,16
Chromista;NA;Bigyra;Thraustochytrida;Thraustochytriaceae;Aplanochytrium,20,20
Plantae;Chlorophyta;Chlorophyceae;NA;NA;NA;Chlorophyceae sp. WJT24VFNP48,1,1
Fungi;Ascomycota;Dothideomycetes;Pleosporales;Massariaceae;Massaria;Massaria parva,1,1
Fungi;Ascomycota;Dothideomycetes;Dothideales;Dothioraceae,1,1
Plantae;Rhodophyta;Compsopogonophyceae;Erythropeltidales,5,5
Fungi;Basidiomycota;Ustilaginomycetes;Urocystidales;Melanotaeniaceae;Melanotaenium;Melanotaenium endogenum,1,1
Chromista;NA;Pelagophyceae;Pelagomonadales;NA;Aureococcus;Aureococcus anophagefferens,5,5
Chromista;Ciliophora;Oligohymenophorea;Peniculida;Frontoniidae;Frontonia,16,1079
Chromista;Bacillariophyta;Coscinodiscophyceae;Melosirales;Stephanopyxidaceae;Stephanopyxis;Stephanopyxis palmeriana,2,2
Plantae;Rhodophyta;Florideophyceae;Corallinales;Corallinaceae;Hydrolithon;Hydrolithon sp. BISH 683179,1,1
Animalia;Rotifera,1,1
Fungi;Ascomycota;Leotiomycetes;Helotiales;Discinellaceae;Articulospora;Articulospora proliferata,1,1
Chromista;Bacillariophyta;Coscinodiscophyceae;Chaetocerotales;Chaetocerotaceae;Chaetoceros;Chaetoceros diversus,8,8
Plantae;Chlorophyta;Nephroselmidophyceae;Nephroselmidales;Nephroselmidaceae;Nephroselmis,4,4
Chromista;Bacillariophyta;Coscinodiscophyceae;Thalassiosirales;Thalassiosiraceae;Minidiscus;Minidiscus trioculatus,19,19
Protozoa;Discosea;Flabellinia;Dactylopodida;Paramoebidae,6,9
Plantae;Chlorophyta;NA;NA;Pycnococcaceae;Pycnococcus;Pycnococcus provasolii,8,8
Plantae;Streptophyta;Magnoliopsida;Solanales;Solanaceae;Capsicum;Capsicum annuum,11,11
Bacteria;Pseudomonadota;Gammaproteobacteria;NA;NA;Thiolapillus;Thiolapillus brandeum,3,3
Chromista;Ciliophora;Litostomatea;Haptorida;Paraspathidiidae;Paraspathidium;Paraspathidium apofuscum,4,7
Plantae;Streptophyta;Magnoliopsida;Asterales;Asteraceae;Coreopsis;Coreopsis sp. 1154,3,3
Protozoa;Euglenozoa;Kinetoplastea;Neobodonida;NA;Neobodo;Neobodo saliens,7,7
Plantae;Streptophyta;Magnoliopsida;Asparagales;Orchidaceae;Ornithocephalus;Ornithocephalus inflexus,1,1
Fungi;Basidiomycota;Agaricostilbomycetes;Agaricostilbales;Agaricostilbaceae;Sterigmatomyces;Sterigmatomyces halophilus,5,746
Fungi;Basidiomycota;Agaricomycetes;Agaricales;Pluteaceae;Pluteus;Pluteus cinereofuscus,1,1
Chromista;NA;Dinophyceae;Peridiniales;Protoperidiniaceae;Protoperidinium;Protoperidinium thulesense,7,7
Plantae;Chlorophyta;Chlorodendrophyceae;Chlorodendrales;Chlorodendraceae;Tetraselmis;Tetraselmis cordiformis,8,8
Chromista;Cercozoa;Thecofilosea;Cryomonadida;Rhogostomidae;Rhogostoma;Rhogostoma schuessleri,13,13
Fungi;Ascomycota;Dothideomycetes;Pleosporales;Pleosporaceae;Pyrenophora;Pyrenophora tritici-repentis,1,1
Bacteria;Pseudomonadota;Alphaproteobacteria;Hyphomicrobiales;Beijerinckiaceae;Rhodoblastus;Rhodoblastus sp.,5,5
Chromista;Apicomplexa;Conoidasida;Eucoccidiorida,21,21
Plantae;Streptophyta;Magnoliopsida;Caryophyllales,25,25
Bacteria;Pseudomonadota;Gammaproteobacteria;Chromatiales;Chromatiaceae;Thiospirillum;Thiospirillum jenense,5,5
Fungi;Basidiomycota;Agaricomycetes;Agaricales;Cyphellaceae;Globulicium;Globulicium hiemale,1,1
Protozoa;NA;NA;Rotosphaerida;Nucleariidae;Nuclearia;Nuclearia delicatula,12,12
Chromista;Ciliophora;Oligohymenophorea;Sessilida;Epistylidae;Epistylis,9,2669
Fungi;Basidiomycota;Microbotryomycetes;Leucosporidiales;Leucosporidiaceae;Leucosporidium;Leucosporidium sp.,11,494
Chromista;Ciliophora;Prostomatea;Prorodontida;Colepidae;Apocoleps,6,6
Fungi;Basidiomycota;Agaricomycetes;Agaricales;Lyophyllaceae;Termitomyces;Termitomyces bulborhizus,1,1
Fungi;Ascomycota;Eurotiomycetes;Chaetothyriales;Herpotrichiellaceae;Exophiala;Exophiala xenobiotica,1,1
Chromista;Apicomplexa;Conoidasida;Archigregarinorida;Selenidiidae;Selenidium,8,8
Chromista;Ciliophora;Heterotrichea;Heterotrichida,14,14
Animalia;Chordata;Actinopteri,3,3
Fungi;Basidiomycota;Tremellomycetes;Tremellales;Bulleribasidiaceae;Vishniacozyma,1,1
Bacteria;Pseudomonadota;Gammaproteobacteria;Legionellales;Coxiellaceae;Aquicella;Aquicella siphonis,3,4
Fungi;Ascomycota;Dothideomycetes;Pleosporales;Phaeosphaeriaceae;Sclerostagonospora;Sclerostagonospora elegiae,2,2
Fungi;Ascomycota;Saccharomycetes;Saccharomycetales;Debaryomycetaceae;Yamadazyma,9,15
Chromista;Ciliophora;Heterotrichea;Heterotrichida;Spirostomidae;Spirostomum;Spirostomum sp. Ind,1,1
Bacteria;Pseudomonadota;Alphaproteobacteria;Sphingomonadales;Sphingomonadaceae;Sphingomonas;Sphingomonas sp. SUN039,1,1
Chromista;NA;Dinophyceae;Gonyaulacales;Pyrocystaceae;Alexandrium;Alexandrium minutum,11,11
Bacteria;Pseudomonadota;Gammaproteobacteria;Alteromonadales;NA;Neiella;Neiella sp.,5,5
Bacteria;Pseudomonadota;Gammaproteobacteria;Thiotrichales;Thiotrichaceae;Thiomargarita;Candidatus Thiomargarita nelsonii,1,1
Chromista;Ciliophora;Prostomatea;Prorodontida;Prorodontidae;Prorodon;Prorodon ovum,3,17
Chromista;NA;Cryptophyceae;Cryptomonadales;Cryptomonadaceae;Cryptomonas;Cryptomonas lundii,3,3
Protozoa;Euglenozoa;Euglenida;Petalomonadida;Scytomonadidae;Petalomonas;Petalomonas sphagnophila,4,4
Bacteria;Pseudomonadota;Gammaproteobacteria;Thiotrichales;Francisellaceae;Francisella;Francisella frigiditurris,3,3
Plantae;Rhodophyta;Florideophyceae;Ceramiales;Ceramiaceae,3,3
Chromista;NA;Polycystinea;Nassellaria,2,2
Bacteria;Pseudomonadota;Alphaproteobacteria;Rickettsiales;Rickettsiaceae;Rickettsia;Rickettsia akari,1,1
Protozoa;Euglenozoa;NA;Diplonemea;Diplonemidae;Diplonema;Diplonema ambulator,4,52
Bacteria;Pseudomonadota;Alphaproteobacteria;Hyphomicrobiales;Phyllobacteriaceae;Tianweitania;Tianweitania sediminis,8,25
Plantae;Chlorophyta;Chlorophyceae;Chaetophorales;Aphanochaetaceae;Aphanochaete;Aphanochaete magnum,1,1
Plantae;Streptophyta;Magnoliopsida;Sapindales;Sapindaceae;Acer,29,29
Chromista;NA;Dinophyceae;Lophodiniales;Lophodiniaceae;Woloszynskia;Woloszynskia leopoliensis,1,1
Animalia;Arthropoda;Hexanauplia;Cyclopoida;Cyclopidae;Ectocyclops;Ectocyclops polyspinosus,1,1
Bacteria;Pseudomonadota;Alphaproteobacteria;Sphingomonadales;Sphingomonadaceae;Sphingomonas;Sphingomonas paucimobilis,2,4
Bacteria;Bacillota;Bacilli;Lactobacillales;Lactobacillaceae;Lactobacillus,1,1
Chromista;Ciliophora;Spirotrichea;NA;NA;NA;Hypotrichida sp. LPJ-2005,3,3
Animalia;Annelida;Polychaeta;NA;Scalibregmatidae;Scalibregma;Scalibregma inflatum,2,2
Animalia;Cnidaria;Hydrozoa;Anthoathecata;Proboscidactylidae,2,2
Plantae;Streptophyta;Magnoliopsida;Gentianales;Rubiaceae;Paracarphalea;Paracarphalea pervilleana,1,1
Chromista;Ciliophora;Oligohymenophorea;Mobilida;Trichodinidae;Trichodina;Trichodina reticulata,1,1
Fungi;Mucoromycota;Glomeromycetes;Diversisporales;Gigasporaceae;Cetraspora,3,13
Chromista;Bacillariophyta;Coscinodiscophyceae;Thalassiosirales;Thalassiosiraceae;Thalassiosira;Thalassiosira hendeyi,18,18
Chromista;Ciliophora;Spirotrichea;NA;NA;Protocruzia;Protocruzia sp. 106177,1,1
Chromista;NA;Dinophyceae;Gonyaulacales;Pyrocystaceae;Alexandrium;Alexandrium tamarense,17,17
Chromista;Bacillariophyta;Coscinodiscophyceae;Coscinodiscales;Hemidiscaceae;Actinocyclus;Actinocyclus curvatulus,7,7
Chromista;Bacillariophyta;Fragilariophyceae;Fragilariales;Fragilariaceae;Asterionella;Asterionella ralfsii,2,2
Fungi;Ascomycota;Dothideomycetes;Pleosporales;Sporormiaceae;Preussia;Preussia sp. 'pseudominima',3,3
Protozoa;NA;NA;Apusomonadida;Apusomonadidae;Amastigomonas;Amastigomonas mutabilis,3,3
Fungi;Ascomycota;Saccharomycetes;Saccharomycetales;Trichomonascaceae;Wickerhamiella,1,1
Plantae;Rhodophyta;Florideophyceae;Ceramiales;Delesseriaceae;Membranoptera,1,1
Bacteria;Pseudomonadota;Deltaproteobacteria;NA;NA;NA;delta proteobacterium enrichment culture clone VNABa05,1,1
Bacteria;Pseudomonadota;Alphaproteobacteria;Hyphomonadales;Hyphomonadaceae;NA;Hyphomonadaceae bacterium,3,3
Plantae;Streptophyta;Magnoliopsida;Apiales;Apiaceae;Heracleum;Heracleum candicans,1,1
Fungi;Mucoromycota;Glomeromycetes;Diversisporales;Diversisporaceae,1,1
Fungi;Basidiomycota;Agaricomycetes;Russulales;Stereaceae;Stereum;Stereum ostrea,3,128
Fungi;Mucoromycota;Glomeromycetes;Glomerales;Glomeraceae;Oehlia;Oehlia diaphana,1,1
Chromista;NA;Dinophyceae;Gonyaulacales;Pyrocystaceae;Alexandrium;Alexandrium andersonii,8,8
Fungi;Ascomycota;Eurotiomycetes;Chaetothyriales;Herpotrichiellaceae;Exophiala;Exophiala halophila,2,4
Animalia;Tardigrada;Eutardigrada,4,4
Fungi;Ascomycota;Orbiliomycetes;Orbiliales;Orbiliaceae;Orbilia;Orbilia gambelii,1,1
Bacteria;Planctomycetota;Planctomycetia;NA;NA;NA;Planctomycetia bacterium,4,4
Chromista;NA;Dinophyceae;Suessiales;Symbiodiniaceae;Symbiodinium;Symbiodinium sp.,1,1
Chromista;Ciliophora;Spirotrichea;Euplotida;Uronychiidae;Diophryopsis;Diophryopsis hystrix,1,1
Chromista;Ciliophora;Spirotrichea;Urostylida;Urostylidae;Urostyla;Urostyla grandis,1,1
Chromista;Ciliophora;Oligohymenophorea;Philasterida;Cinetochilidae;Sathrophilus;Sathrophilus holtae,9,9
Protozoa;Cercozoa;NA;NA;NA;Quadricilia;Quadricilia rotundata,7,7
Plantae;Streptophyta;Magnoliopsida;Caryophyllales;Caryophyllaceae;Silene;Silene vulgaris,1,1
Animalia;Porifera;Demospongiae;Poecilosclerida;Mycalidae;Mycale;Mycale grandis,1,1
Animalia;Arthropoda;Malacostraca;Decapoda;Varunidae;Paragrapsus;Paragrapsus laevis,1,1
Chromista;NA;Cryptophyceae;Cryptomonadales;Hemiselmidaceae;Hemiselmis;Hemiselmis andersenii,5,8
Chromista;Bacillariophyta;Bacillariophyceae;Bacillariales;Bacillariaceae;Nitzschia;Nitzschia amphibia,12,39
Plantae;Streptophyta;Magnoliopsida;Sapindales;Sapindaceae;Acer;Acer pseudoplatanus,8,8
Fungi;Mucoromycota;Glomeromycetes;Glomerales;Glomeraceae;Glomus;Glomus sp. 8 ZHNL-2013o,2,2
Chromista;NA;Cryptophyceae;Cryptomonadales;Cryptomonadaceae;Cryptomonas;Cryptomonas parmana,1,1
Animalia;Annelida;Polychaeta,8,8
Chromista;Ciliophora;Spirotrichea;Tintinnida;Tintinnidae,6,6
Plantae;Rhodophyta;Florideophyceae;Gracilariales;Gracilariaceae,5,5
Chromista;Haptophyta;NA;Pavlovales,1,1
Plantae;Streptophyta;Magnoliopsida;Brassicales,7,35
Fungi;Ascomycota;Dothideomycetes;Pleosporales;Pleosporaceae;Alternaria;Alternaria dianthi,1,1
Chromista;NA;NA;Telonemida;NA;Telonema;Telonema subtile,1,1
Chromista;NA;Dinophyceae;Gonyaulacales;Gonyaulacaceae;Adenoides;Adenoides eludens,2,2
Fungi;Mucoromycota;Glomeromycetes;Glomerales,4,12
Animalia;Cnidaria;Anthozoa;Alcyonacea;Xeniidae;Xenia;Xenia sp. 2 TK-2019,1,1
Chromista;NA;Dinophyceae;Peridiniales;Peridiniaceae;Scrippsiella,13,13
Chromista;Ciliophora;Spirotrichea;Tintinnida;Metacylididae;Helicostomella;Helicostomella subulata,9,9
Chromista;NA;Dinophyceae;Suessiales;Suessiaceae;Pelagodinium;Pelagodinium beii,20,20
Plantae;Chlorophyta;Chlorophyceae;Sphaeropleales;Selenastraceae;Ankistrodesmus;Ankistrodesmus falcatus,2,16
Chromista;Ciliophora;Phyllopharyngea;Dysteriida,13,13
Protozoa;Discosea;NA;Himatismenida;NA;Parvamoeba;Parvamoeba rugata,6,6
Plantae;Streptophyta;Magnoliopsida;Fabales;Fabaceae;Lupinus;Lupinus angustifolius,1,1
Fungi;Basidiomycota;Agaricomycetes;Boletales;Boletaceae;Imleria;Imleria badia,2,2
Fungi;Ascomycota;Leotiomycetes;Erysiphales;Erysiphaceae;Erysiphe;Erysiphe flexuosa,1,1
Animalia;Mollusca;Bivalvia;Mytilida;Mytilidae;Mytilus;Mytilus edulis,1,1
Bacteria;Pseudomonadota;Gammaproteobacteria;Legionellales;Coxiellaceae;Coxiella;Candidatus Coxiella mudrowiae,3,3
Bacteria;Pseudomonadota;Deltaproteobacteria;Myxococcales;NA;NA;myxobacterium AT3-01,1,1
Chromista;NA;Dinophyceae;Gonyaulacales;Goniodomataceae;Gambierdiscus;Gambierdiscus sp. type 3,1,1
Bacteria;Pseudomonadota;Alphaproteobacteria;Hyphomicrobiales;Nitrobacteraceae;Bradyrhizobium;Bradyrhizobium japonicum,1,1
Fungi;Mucoromycota;Mucoromycetes;Mucorales;Rhizopodaceae;Rhizopus;Rhizopus arrhizus,1,1
Chromista;Ciliophora;Spirotrichea;NA;Strombidiidae;Sinistrostrombidium;Sinistrostrombidium cupiformum,3,3
Plantae;Chlorophyta;Pyramimonadophyceae;Pyramimonadales;Pyramimonadaceae;Cymbomonas;Cymbomonas tetramitiformis,5,5
Plantae;Chlorophyta;Mamiellophyceae;Dolichomastigales;Crustomastigaceae;Crustomastix;Crustomastix sp. MBIC10709,4,4
Chromista;Ciliophora;Spirotrichea;Urostylida;Holostichidae;Neourostylopsis,2,2
Plantae;Streptophyta;Magnoliopsida;Rosales;Rosaceae;Kerria;Kerria japonica,1,1
Chromista;Ciliophora;Litostomatea;Pleurostomatida;Litonotidae;Litonotus;Litonotus sp. WS-2014b,1,1
Bacteria;Pseudomonadota;Deltaproteobacteria;Myxococcales;Anaeromyxobacteraceae;Anaeromyxobacter;Anaeromyxobacter sp.,1,1
Animalia;Mollusca;Gastropoda,4,4
Chromista;NA;Dinophyceae;Peridiniales;Peridiniaceae;Peridinium;Peridinium foliaceum,2,2
Protozoa;Euglenozoa;Euglenida;Euglenales;Euglenaceae;Trachelomonas;Trachelomonas oblonga,1,1
Fungi;Ascomycota;Dothideomycetes;Dothideales;Saccotheciaceae;Aureobasidium;Aureobasidium melanogenum,1,1
Chromista;NA;Chrysophyceae;Chromulinales;Chromulinaceae;Spumella;Spumella sp. TGS4,7,51
Fungi;Basidiomycota;Pucciniomycetes;Pucciniales;Pucciniaceae,1,1
Chromista;Bacillariophyta;Bacillariophyceae;Naviculales;Diploneidaceae;Diploneis;Diploneis cf. smithii,1,1
Fungi;Mucoromycota;Glomeromycetes;Diversisporales;Sacculosporaceae;Sacculospora;Sacculospora felinovii,6,24
Chromista;Ciliophora;Phyllopharyngea;Dysteriida;Hartmannulidae;Microxysma;Microxysma acutum,2,2
Plantae;Streptophyta;Magnoliopsida;Rosales;Urticaceae;Pourouma;Pourouma bicolor,6,6
Bacteria;Pseudomonadota;Deltaproteobacteria;NA;NA;NA;Olavius ilvae associated proteobacterium Delta 7,2,2
Fungi;Chytridiomycota;Chytridiomycetes;Rhizophydiales;Alphamycetaceae;Betamyces;Betamyces sp.,31,1284
Plantae;Streptophyta;Magnoliopsida;Solanales;Solanaceae,8,21
Chromista;Apicomplexa;Conoidasida;Eucoccidiorida;Eimeriidae;Goussia;Goussia sp.,1,1
Bacteria;Pseudomonadota;Alphaproteobacteria;Rhodobacterales;Paracoccaceae;Pararhodobacter;Pararhodobacter aggregans,1,1
Chromista;Bacillariophyta;Bacillariophyceae;Naviculales;Naviculaceae;Seminavis;Seminavis sp.,15,15
Bacteria;Pseudomonadota;Gammaproteobacteria;Pseudomonadales;Marinobacteraceae;Marinobacter,1,1
Animalia;Arthropoda;Ostracoda;Podocopida;Cytheruridae;Cytheropteron;Cytheropteron subuchioi,2,4
Plantae;Streptophyta;Magnoliopsida;Caryophyllales;Caryophyllaceae;Silene;Silene repens,1,1
Chromista;NA;Dinophyceae;Peridiniales;Diplopsaliaceae;Qia;Qia lebouriae,6,6
Fungi;Basidiomycota;Agaricomycetes;Thelephorales,1,1
Chromista;Haptophyta;NA;Prymnesiales;Prymnesiaceae;Prymnesium;Prymnesium sp.,1,1
Animalia;Porifera;Demospongiae;Poecilosclerida;Mycalidae;Mycale;Mycale fibrexilis,8,8
Fungi;Blastocladiomycota;Blastocladiomycetes;Blastocladiales;Blastocladiaceae,6,44
Protozoa;NA;Bigyra;Nanomonadea;NA;Solenicola;Solenicola setigera,5,5
Plantae;Streptophyta;Magnoliopsida;Gentianales;Rubiaceae;Morinda;Morinda sp. 8 SGR-2009,2,2
Fungi;Ascomycota;Orbiliomycetes;Orbiliales;Orbiliaceae;Orbilia;Orbilia oligospora,1,1
Plantae;Streptophyta;Magnoliopsida;Poales;Poaceae;Bromus,1,1
Chromista;NA;Dinophyceae;Amphidiniales;Amphidiniaceae;Amphidinium;Amphidinium asymmetricum,11,11
Animalia;Cnidaria;Anthozoa;Pennatulacea;Veretillidae;Cavernularia;Cavernularia habereri,1,1
Animalia;Arthropoda;Hexanauplia;Harpacticoida;Nannopodidae;Nannopus;Nannopus dimorphicus,2,2
Bacteria;Pseudomonadota;Epsilonproteobacteria;Campylobacterales;Helicobacteraceae;Helicobacter,1,1
Animalia;Arthropoda;Hexanauplia;Siphonostomatoida;Ecbathyriontidae;Ecbathyrion;Ecbathyrion prolixicauda,2,2
Fungi;Ascomycota;Dothideomycetes;Venturiales;Venturiaceae,1,1
Chromista;Apicomplexa;Conoidasida;Eugregarinorida;Uradiophoridae;Heliospora;Heliospora cf. longissima,2,2
Chromista;NA;Dinophyceae;NA;NA;Pseudadenoides;Pseudadenoides kofoidii,3,3
Fungi;Basidiomycota;Tremellomycetes;Cystofilobasidiales;Cystofilobasidiaceae;Cystofilobasidium;Cystofilobasidium infirmominiatum,3,3
Plantae;Streptophyta;Magnoliopsida;Malvales;Thymelaeaceae;Aquilaria;Aquilaria malaccensis,2,2
Fungi;Mucoromycota;Glomeromycetes;Glomerales;Glomeraceae;Rhizophagus;Rhizophagus clarus,3,9
Chromista;NA;Cryptophyceae;Cryptomonadales;Cryptomonadaceae;Plagioselmis,6,6
Chromista;NA;Dinophyceae;Suessiales;Symbiodiniaceae;NA;Symbiodiniaceae sp.,3,3
Animalia;Arthropoda;Hexanauplia;Harpacticoida;Cancrincolidae;Cancrincola;Cancrincola plumipes,2,2
Plantae;Streptophyta;Magnoliopsida;Sapindales;Rutaceae,35,35
Fungi;Mucoromycota;Glomeromycetes;Diversisporales;Acaulosporaceae;Acaulospora,1,1
Bacteria;Planctomycetota,1,1
Chromista;Ciliophora;Oligohymenophorea;Hymenostomatida,96,25719
Fungi;Ascomycota;Saccharomycetes;Saccharomycetales;Trichomonascaceae,1,1
Bacteria;Pseudomonadota;Gammaproteobacteria;Chromatiales;Wenzhouxiangellaceae;Wenzhouxiangella;Wenzhouxiangella sp.,3,3
Chromista;NA;Dinophyceae;Gonyaulacales;Pyrocystaceae;Alexandrium;Alexandrium affine,5,5
Plantae;Streptophyta;Magnoliopsida;Asterales;Campanulaceae;Campanula;Campanula goulimyi,3,3
Animalia;Mollusca;Polyplacophora;Lepidopleurida;Lepidopleuridae;Leptochiton,1,1
Plantae;Chlorophyta;Chlorophyceae;Chlamydomonadales;Chlamydomonadaceae;Carteria;Carteria incisa,3,276
Fungi;Ascomycota;Eurotiomycetes;Eurotiales;Aspergillaceae;Aspergillus,38,924
Animalia;Arthropoda;Hexanauplia;Polyarthra;Longipediidae;Longipedia;Longipedia koreana,2,2
Chromista;Bacillariophyta;Coscinodiscophyceae;Corethrales;Corethraceae;Corethron;Corethron inerme,4,4
Animalia;Platyhelminthes;Monogenea;Dactylogyridea;Ancyrocephalidae;Cichlidogyrus,2,3
Bacteria;Pseudomonadota;Alphaproteobacteria;Hyphomicrobiales;Parvibaculaceae;Anderseniella;Anderseniella baltica,1,1
Animalia;Arthropoda;Arachnida;Sarcoptiformes,2,2
Bacteria;Pseudomonadota;Gammaproteobacteria;Legionellales;Legionellaceae;Legionella;Legionella oakridgensis,3,4
Chromista;Ciliophora;Oligohymenophorea;Peniculida;Frontoniidae;Frontonia;Frontonia apoacuminata,60,6055
Animalia;Arthropoda;Insecta;Hymenoptera;Stephanidae;Megischus;Megischus sp. JMH-2010,1,1
Chromista;Bacillariophyta;Bacillariophyceae;Cymbellales;Gomphonemataceae;Didymosphenia;Didymosphenia geminata,2,2
Chromista;Ciliophora;Litostomatea;Vestibuliferida;Balantidiidae;Balantidium,2,5
Chromista;NA;Dinophyceae;Peridiniales;Amphidiniopsidaceae,7,7
Fungi;Zoopagomycota;Zoopagomycetes;Zoopagales;Piptocephalidaceae;Syncephalis;Syncephalis depressa,3,3
Animalia;Nematoda;Chromadorea;Rhabditida,3,3
Chromista;Apicomplexa;Conoidasida;Eucoccidiorida;Sarcocystidae;Sarcocystis;Sarcocystis miescheriana,4,4
Protozoa;Euglenozoa;Euglenida;Rhabdomonadales;Astasiidae;Astasia;Astasia torta,1,1
Chromista;NA;Phaeophyceae;Fucales;Fucaceae;Fucus;Fucus gardneri,2,2
Animalia;Cnidaria;Anthozoa;Scleractinia;Merulinidae;Orbicella,1,1
Fungi;Chytridiomycota;Chytridiomycetes;Synchytriales;Synchytriaceae;Synchytrium;Synchytrium taraxaci,5,16
Bacteria;Pseudomonadota;Alphaproteobacteria;Holosporales,3,3
Chromista;Ciliophora;Phyllopharyngea;Exogenida;Ephelotidae;Ephelota,5,5
Fungi;Ascomycota;Lecanoromycetes;Umbilicariales;Umbilicariaceae;Umbilicaria;Umbilicaria muehlenbergii,1,1
Bacteria;Pseudomonadota;Alphaproteobacteria;Hyphomicrobiales;Parvibaculaceae,1,1
Bacteria;Pseudomonadota;Alphaproteobacteria;Hyphomicrobiales;Reyranellaceae;Reyranella,9,143
Chromista;NA;Dinophyceae;Gonyaulacales;Goniodomataceae;Gambierdiscus;Gambierdiscus sp.,1,1
Plantae;Chlorophyta;Ulvophyceae;Ulvales;Bolbocoleonaceae;Bolbocoleon;Bolbocoleon piliferum,2,2
Chromista;NA;Dinophyceae;Syndiniales;Syndiniaceae;Hematodinium,22,22
Fungi;Chytridiomycota;Chytridiomycetes;Rhizophydiales;Globomycetaceae,20,228
Animalia;Platyhelminthes;Monogenea;Gyrodactylidea;Gyrodactylidae,1,1
Animalia;Mollusca;Polyplacophora;Chitonida;Acanthochitonidae;Acanthochitona;Acanthochitona ferreirai,1,1
Chromista;Ciliophora;Spirotrichea;Choreotrichida;Strobilidiidae;Strobilidium;Strobilidium caudatum,31,81
Chromista;Ciliophora;Oligohymenophorea;Hymenostomatida;Turaniellidae;Dexiostoma;Dexiostoma campyla,10,140
Fungi;Basidiomycota;Wallemiomycetes;Wallemiales;Wallemiaceae;Wallemia;Wallemia muriae,4,23
Fungi;Ascomycota;Dothideomycetes;Pleosporales;Pleosporaceae;Alternaria,9,255
Fungi;Ascomycota;Dothideomycetes;Dothideales;Saccotheciaceae,1,1
Plantae;Streptophyta;Magnoliopsida;Rosales;Rosaceae;Rubus;Rubus crataegifolius,2,2
Fungi;Ascomycota;Eurotiomycetes;Onygenales;Onygenaceae;Ophidiomyces;Ophidiomyces ophidiicola,2,2
Bacteria;Cyanobacteria;NA;Pseudanabaenales;Leptolyngbyaceae;Leptolyngbya;Leptolyngbya sp. 7M,5,31
Plantae;Streptophyta;Magnoliopsida,1,1
Animalia;Rotifera;Eurotatoria;Ploima;Brachionidae;Brachionus;Brachionus rubens,6,109
Chromista;Endomyxa;NA;Vampyrellida;Leptophryidae;Arachnula;Arachnula impatiens,30,1846
Protozoa;Euglenozoa;NA;Diplonemea;NA;NA;Diplonemida sp. 1sb RG-2016,2,2
Plantae;Streptophyta;Magnoliopsida;Poales;Poaceae;Brachypodium;Brachypodium distachyon,1,1
Chromista;Bacillariophyta;Fragilariophyceae;Rhaponeidales;Rhaphoneidaceae;Rhaphoneis,2,2
Animalia;Arthropoda;Arachnida;Araneae;Plectreuridae;Plectreurys;Plectreurys deserta,1,1
Animalia;Annelida;Polychaeta;Spionida;Spionidae;Dipolydora;Dipolydora quadrilobata,9,192
Fungi;Basidiomycota;Microbotryomycetes;Sporidiobolales;Sporidiobolaceae;Rhodotorula,13,414
Animalia;Cnidaria;Anthozoa,15,15
Plantae;Streptophyta;Magnoliopsida;Sapindales;Sapindaceae;Koelreuteria;Koelreuteria bipinnata,1,1
Chromista;NA;Centroplasthelida;Pterocystida;Pterocystidae;Pterocystis;Pterocystis sp.,6,6
Fungi;Ascomycota;Saccharomycetes;Saccharomycetales;Saccharomycetaceae;Saccharomyces,13,79
Plantae;Streptophyta;Magnoliopsida;Fabales;Fabaceae;Acacia;Acacia chinchillensis,1,1
Plantae;Chlorophyta;Chlorophyceae;Chlamydomonadales;Chlamydomonadaceae;Chlamydomonas;Chlamydomonas globosa,4,311
Plantae;Streptophyta;Magnoliopsida;Fabales;Fabaceae;Chamaecrista;Chamaecrista nictitans,1,1
Bacteria;Pseudomonadota;Alphaproteobacteria;NA;NA;NA;alpha proteobacterium OM25,5,5
Fungi;Ascomycota;Archaeorhizomycetes;Archaeorhizomycetales;Archaeorhizomycetaceae;Archaeorhizomyces;Archaeorhizomyces finlayi,5,5
Plantae;Rhodophyta;Florideophyceae;Ceramiales;Rhodomelaceae;Polysiphonia;Polysiphonia sp.,1,1
Fungi;Zoopagomycota;Entomophthoromycetes;Entomophthorales;Entomophthoraceae;Zoophthora;Zoophthora occidentalis,1,1
Animalia;Ctenophora,15,55
Animalia;Cnidaria;Hydrozoa;Leptothecata;Obeliidae;Obelia;Obelia longissima,2,2
Bacteria;Pseudomonadota;Deltaproteobacteria;Myxococcales;Sandaracinaceae;Sandaracinus;Sandaracinus amylolyticus,2,2
Chromista;NA;Dinophyceae;Gymnodiniales;Gymnodiniaceae;Paragymnodinium;Paragymnodinium inerme,19,19
Bacteria;Pseudomonadota;Alphaproteobacteria;Sphingomonadales;Sphingomonadaceae;Novosphingobium;Novosphingobium sp. Sx8-5,2,7
Plantae;Rhodophyta;Florideophyceae;Ceramiales;Rhodomelaceae;Polysiphonia;Polysiphonia pacifica,1,1
Chromista;Ciliophora;Prostomatea;Prorodontida;Holophryidae;Holophrya;Holophrya teres,15,15
Bacteria;Pseudomonadota;Gammaproteobacteria;Pseudomonadales;Pseudomonadaceae;Pseudomonas;Pseudomonas sp. LB17,5,11
Animalia;Arthropoda;Hexanauplia;Calanoida;Paracalanidae;Paracalanus,19,19
Plantae;Streptophyta;Magnoliopsida;Asterales;Asteraceae,104,1363
Animalia;Rotifera;Eurotatoria;Ploima;Proalidae;Proales;Proales fallaciosa,2,149
Protozoa;Tubulinea;Echinamoebida;NA;NA;Vermamoeba;Vermamoeba vermiformis,3,96
Chromista;Bacillariophyta;Coscinodiscophyceae;Thalassiosirales;Skeletonemataceae;Skeletonema;Skeletonema tropicum,5,5
Fungi;Basidiomycota;Agaricomycetes;Polyporales;Fomitopsidaceae;Antrodia;Antrodia sp. CBS 101451,1,1
Fungi;Ascomycota;Saccharomycetes;Saccharomycetales;Metschnikowiaceae;Metschnikowia,2,3
Fungi;Chytridiomycota;Chytridiomycetes;Rhizophydiales;Rhizophydiaceae;Rhizophydium;Rhizophydium sp.,1,1
Chromista;NA;Chrysophyceae;Chromulinales;Chromulinaceae;Chrysonephele;Chrysonephele palustris,3,3
Protozoa;Discosea;Flabellinia;NA;Vannellidae;Ripella,5,195
Bacteria;Pseudomonadota;Alphaproteobacteria;Rhodospirillales;Elioraeaceae;Elioraea;Elioraea rosea,3,3
Chromista;Oomycota;NA;Peronosporales;Peronosporaceae;Phytophthora,7,118
Chromista;Ciliophora;Spirotrichea;Sporadotrichida;Oxytrichidae;Oxytricha;Oxytricha saltans,3,3
Chromista;Ciliophora;Spirotrichea;Euplotida;Uronychiidae;Diophrys;Diophrys cf. oligothrix,6,6
Plantae;Streptophyta;Magnoliopsida;Poales;Poaceae;Apera;Apera interrupta,1,1
Chromista;NA;Chrysophyceae;NA;NA;NA;Spumella-like flagellate JBNZ40,1,1
Fungi;Ascomycota;Dothideomycetes;Pleosporales;Didymellaceae;Boeremia;Boeremia exigua,1,1
Bacteria;Pseudomonadota;Gammaproteobacteria;Pseudomonadales;Pseudomonadaceae;Pseudomonas;Pseudomonas putida,2,2
Plantae;Chlorophyta;Trebouxiophyceae;Chlorellales;Chlorellaceae,10,10
Chromista;NA;Phaeophyceae;Laminariales;Laminariaceae;Hedophyllum;Hedophyllum nigripes,7,7
Bacteria;Pseudomonadota;Deltaproteobacteria;Desulfovibrionales;Desulfovibrionaceae;Desulfovibrio;Desulfovibrio biadhensis,17,17
Plantae;Streptophyta;Jungermanniopsida;Porellales;Porellaceae;Ascidiota;Ascidiota blepharophylla,1,1
Bacteria;Pseudomonadota;Deltaproteobacteria;Myxococcales;Vulgatibacteraceae;Vulgatibacter;Vulgatibacter incomptus,1,1
Fungi;Ascomycota;Eurotiomycetes;Eurotiales;Aspergillaceae;Aspergillus;Aspergillus sp. CBS 265.73,1,1
Chromista;NA;Bigyra;Thraustochytrida;Thraustochytriaceae;Thraustochytrium;Thraustochytrium sp. HK5,1,1
Chromista;NA;Dinophyceae;Peridiniales;Pfiesteriaceae;Pfiesteria;Pfiesteria piscicida,6,6
Animalia;Rotifera;Eurotatoria;Ploima;Brachionidae;Brachionus;Brachionus calyciflorus,1,1
Plantae;Streptophyta;Magnoliopsida;Myrtales;Melastomataceae,3,5
Protozoa;NA;Choanoflagellata;Craspedida;Salpingoecidae;Salpingoeca;Salpingoeca kvevrii,1,1
Chromista;Apicomplexa;Conoidasida;Eucoccidiorida;Cryptosporidiidae;Cryptosporidium;Cryptosporidium parvum,1,1
Plantae;Streptophyta;Magnoliopsida;Malpighiales;Salicaceae,1,1
Chromista;Ciliophora;Heterotrichea;Heterotrichida;Spirostomidae;Spirostomum;Spirostomum subtilis,3,8
Animalia;Porifera;Demospongiae;Suberitida,2,2
Plantae;Chlorophyta;Chlorophyceae;NA;NA;NA;Chlorophyceae sp. VPL9-5,2,2
Chromista;Ciliophora;Oligohymenophorea;Mobilida;Trichodinidae;Trichodina;Trichodina hypsilepis,3,3
Animalia;Arthropoda;Insecta;Diptera;Tachinidae;Belvosia;Belvosia sp. Woodley04A,1,1
Chromista;Ciliophora;Colpodea;NA;NA;NA;Uncultured marine colpodean ciliate DH147-EKD23,1,1
Animalia;Rotifera;Eurotatoria;Ploima;Dicranophoridae,1,1
Chromista;Bacillariophyta;Fragilariophyceae;Fragilariales;Fragilariaceae;Fragilaria;Fragilaria capucina,3,8
Chromista;Ciliophora;Spirotrichea;Choreotrichida;Strombidinopsidae;Strombidinopsis;Strombidinopsis acuminata,4,4
Plantae;Streptophyta;Magnoliopsida;Solanales;Convolvulaceae;Ipomoea;Ipomoea corymbosa,1,1
Chromista;NA;Bigyra;Bicosoecida;Siluaniidae,7,279
Chromista;NA;Dinophyceae;Blastodiniales;NA;Blastodinium;Blastodinium mangini,11,11
Chromista;Ciliophora;Spirotrichea;Tintinnida;Codonellidae,9,9
Chromista;NA;Dinophyceae;Gonyaulacales;Amphidomataceae;Azadinium;Azadinium caudatum,6,6
Chromista;Ciliophora;Spirotrichea;Sporadotrichida;Oxytrichidae;Protogastrostyla;Protogastrostyla pulchra,3,3
Animalia;Arthropoda;Hexanauplia;Calanoida;Pontellidae;Labidocera,2,27
Chromista;Ciliophora;Litostomatea,98,7529
Animalia;Mollusca;Bivalvia;Mytilida;Mytilidae;Modiolus;Modiolus americanus,5,5
Plantae;Streptophyta;Magnoliopsida;Rosales;Moraceae;Artocarpus,2,2
Fungi;Ascomycota;Leotiomycetes;Helotiales;NA;Mastigosporium;Mastigosporium album,11,11
Plantae;Chlorophyta;Trebouxiophyceae;Chlorellales;Chlorellaceae;Nannochloris;Nannochloris sp. AS 2-10,2,2
Animalia;Mollusca,2,2
Chromista;Apicomplexa;Conoidasida;Eugregarinorida;Gregarinidae;NA;Gregarinidae sp. from Tubulanus polymorphus SR-2009b,1,1
Chromista;NA;Dinophyceae;Dinophysiales;Dinophysiaceae;Phalacroma;Phalacroma sp. FTL61,7,7
Chromista;Bacillariophyta;Fragilariophyceae;Licmophorales;Ulnariaceae;Ctenophora;Ctenophora sp. (in: diatoms),1,1
Animalia;Platyhelminthes;Monogenea;Mazocraeidea,3,265
Chromista;Bacillariophyta;Coscinodiscophyceae;Thalassiosirales;Thalassiosiraceae;Thalassiosira,12,12
Protozoa;Cercozoa;NA;Cercomonadida;Cercomonadidae;Paracercomonas;Paracercomonas compacta,2,2
Chromista;Ciliophora;Heterotrichea;Heterotrichida;Spirostomidae;Spirostomum,16,384
Bacteria;Pseudomonadota;Gammaproteobacteria;Pseudomonadales;Pseudomonadaceae;Pseudomonas;Arctic sea ice associated bacterium ARK10142,2,2
Fungi;Ascomycota;Eurotiomycetes;Chaetothyriales;NA;Strelitziana;Strelitziana albiziae,1,1
Fungi;Ascomycota;Taphrinomycetes;Taphrinales;Taphrinaceae;Taphrina,1,1
Chromista;NA;Dinophyceae;Syndiniales;Syndiniaceae;Hematodinium;Hematodinium sp. ex Cancer pagurus,2,2
Plantae;Chlorophyta;Trebouxiophyceae;Chlorellales;Chlorellaceae;Nannochloris;Nannochloris sp. NIES-3880,6,6
Fungi;Chytridiomycota;Chytridiomycetes;Rhizophydiales,38,405
Plantae;Chlorophyta;Trebouxiophyceae;NA;NA;Choricystis,2,2
Plantae;Chlorophyta;Pyramimonadophyceae;Pyramimonadales;Pyramimonadaceae;Pyramimonas,6,6
Fungi;Basidiomycota;Agaricomycetes;Hymenochaetales;Hymenochaetaceae;Fuscoporia;Fuscoporia gilva,1,1
Chromista;NA;Dinophyceae;Gymnodiniales;Gymnodiniaceae;Gymnodinium;Gymnodinium plasticum,3,3
Plantae;Streptophyta;Magnoliopsida;Santalales;Schoepfiaceae;Quinchamalium;Quinchamalium chilense,1,1
Plantae;Streptophyta;Magnoliopsida;Solanales;Solanaceae;Lycium;Lycium sp. YX-2018,17,17
Chromista;NA;Dinophyceae;Blastodiniales;NA;Haplozoon,1,1
Fungi;Mucoromycota;Glomeromycetes;Glomerales;Glomeraceae;Glomus;Glomus sp. BEG104,1,1
Bacteria;Pseudomonadota;Alphaproteobacteria;Sphingomonadales;Erythrobacteraceae,1,1
Plantae;Chlorophyta;Trebouxiophyceae;NA;NA;Choricystis;Choricystis sp. AS-29,1,1
Plantae;Rhodophyta;Florideophyceae;Corallinales;Corallinaceae;Jania;Jania sp. OK239,3,3
Fungi;Ascomycota;Saccharomycetes;Saccharomycetales;NA;Candida/Saccharomycetales;[Candida] melibiosica,4,5
Chromista;Bacillariophyta;Bacillariophyceae;Naviculales;Naviculaceae;Caloneis;Caloneis amphisbaena,1,1
Chromista;NA;Bigyra;Thraustochytrida;Thraustochytriaceae;Thraustochytrium;Thraustochytrium sp. AR2-19,2,2
Animalia;Mollusca;Gastropoda;Nudibranchia;Tritoniidae;Tritonia;Tritonia festiva,1,1
Animalia;Nematoda;Chromadorea,2,2
Plantae;Streptophyta;Magnoliopsida;Solanales;Solanaceae;Solanum,3,3
Fungi;Zoopagomycota;Harpellomycetes;Harpellales;Legeriomycetaceae;Smittium;Smittium gravimetallum,1,1
Chromista;Ciliophora;Oligohymenophorea;Philasterida;Uronematidae,19,19
Protozoa;Heterolobosea;NA;NA;Vahlkampfiidae;Naegleria;Naegleria sp. GG4BV,1,1
Protozoa;NA;NA;Rotosphaerida;Nucleariidae,2,3
Bacteria;Pseudomonadota;Oligoflexia;Bdellovibrionales;Pseudobdellovibrionaceae;Pseudobdellovibrio;Pseudobdellovibrio exovorus,2,2
Protozoa;Evosea;NA;Mastigamoebida;Mastigamoebidae;Mastigamoeba,5,5
Fungi;Ascomycota;Eurotiomycetes;Phaeomoniellales;Phaeomoniellaceae,1,1
Animalia;Bryozoa;Stenolaemata;Tubuliporida;Tubuliporidae,1,1
Plantae;Chlorophyta;Trebouxiophyceae;Chlorellales;Oocystaceae;Hemichloris;Hemichloris antarctica,11,18
Chromista;NA;Dinophyceae;Suessiales;Symbiodiniaceae;Cladocopium;Cladocopium sp. clade C,2,2
Fungi;Ascomycota;Dothideomycetes;NA;Micropeltidaceae;Stomiopeltis;Stomiopeltis sp. RS3.4,3,6
Fungi;Mucoromycota;Glomeromycetes;Glomerales;Glomeraceae;Glomus;Glomus sp. 7 SUN-2011,12,12
Fungi;Ascomycota;Taphrinomycetes;Taphrinales;Protomycetaceae;Protomyces;Protomyces inouyei,1,1
Plantae;Rhodophyta;Florideophyceae;Ceramiales,7,7
Animalia;Arthropoda;Hexanauplia;Calanoida;Paracalanidae;Paracalanus;Paracalanus parvus,2,2
Chromista;Bacillariophyta;Bacillariophyceae;Cymbellales;Gomphonemataceae;Gomphonema;Gomphonema parvulum,2,2
Chromista;Ciliophora;Spirotrichea;NA;Strombidiidae;Strombidium;Strombidium sp.,11,11
Chromista;Bacillariophyta;Bacillariophyceae;Bacillariales;Bacillariaceae;Fragilariopsis;Fragilariopsis cylindrus,2,2
Fungi;Ascomycota;Saccharomycetes;Saccharomycetales;Dipodascaceae;Yarrowia;Yarrowia deformans,2,1441
Chromista;Ciliophora;Oligohymenophorea;Mobilida;Trichodinidae;Trichodina;Trichodina ruditapicis,5,5
Chromista;Ciliophora;Spirotrichea;NA;Strombidiidae;Strombidium;Strombidium sp. SBB99-1,17,17
Chromista;Ciliophora;Spirotrichea;Urostylida;Urostylidae;Arcuseries,2,2
Fungi;Chytridiomycota;Chytridiomycetes;Rhizophydiales;Terramycetaceae;Boothiomyces;Boothiomyces sp.,4,4
Chromista;NA;Dinophyceae;Peridiniales;Peridiniaceae;Scrippsiella;Scrippsiella sp.,5,5
Bacteria;Pseudomonadota;Alphaproteobacteria;Sphingomonadales;Sphingomonadaceae;Sphingobium,1,1
Plantae;Chlorophyta;Chlorophyceae;Sphaeropleales;Pseudomuriellaceae;Pseudomuriella;Pseudomuriella sp. Itas 9/21 14-1d,1,1
Plantae;Streptophyta;Magnoliopsida;Ericales;Sapotaceae,31,31
Fungi;Ascomycota;Leotiomycetes;Helotiales;Chlorociboriaceae;Chlorociboria;Chlorociboria aeruginosa,1,1
Fungi;Basidiomycota;Microbotryomycetes;Sporidiobolales;Sporidiobolaceae,1,1
Plantae;Chlorophyta;Ulvophyceae;Ulvales;Ulvaceae;Ulva;Ulva flexuosa,1,1
Fungi;Ascomycota;Saccharomycetes;Saccharomycetales;Debaryomycetaceae;Kurtzmaniella,1,1
Chromista;NA;Dinophyceae;Peridiniales;Heterocapsaceae;Heterocapsa;Heterocapsa pseudotriquetra,19,19
Animalia;Bryozoa;Gymnolaemata;Cheilostomatida;Membraniporidae;Membranipora;Membranipora sp. BLEED1777,2,2
Animalia;Porifera;Demospongiae,11,11
Fungi;Basidiomycota;Tremellomycetes;Tremellales;NA;NA;Tremellales sp. LM630,4,1531
Chromista;NA;Dinophyceae;Gymnodiniales;Gymnodiniaceae;Polykrikos,9,9
Plantae;Streptophyta;Magnoliopsida;Lamiales;Calceolariaceae;Calceolaria,1,1
Animalia;Annelida;Polychaeta;Sabellida;Sabellidae;Branchiomma,1,1
Fungi;Ascomycota;Leotiomycetes;Helotiales;NA;NA;Helotiales sp.,1,1
Animalia;Mollusca;Bivalvia;Mytilida;Mytilidae;NA;Mytilidae gen. n. sp. a ST-2022,1,1
Animalia;Arthropoda;Insecta;Psocoptera;Liposcelididae;Liposcelis;Liposcelis tricolor,1,1
Plantae;Chlorophyta;NA;NA;Pycnococcaceae,10,10
Chromista;Bacillariophyta;Coscinodiscophyceae;Leptocylindrales;Leptocylindraceae;Leptocylindrus;Leptocylindrus danicus,14,14
Plantae;Streptophyta;Magnoliopsida;Sapindales;Burseraceae;Bursera;Bursera instabilis,3,3
Bacteria;Pseudomonadota;Alphaproteobacteria;Hyphomicrobiales,38,16804
Fungi;Ascomycota;Saccharomycetes;Saccharomycetales;NA;Candida/Saccharomycetales;[Candida] saopauloensis,7,658
Animalia;Cnidaria;Anthozoa;Alcyonacea;Xeniidae,1,1
Bacteria;Pseudomonadota;Alphaproteobacteria;Hyphomicrobiales;Methylobacteriaceae;Microvirga;Microvirga sp. R24,13,53
Chromista;Foraminifera;NA;NA;NA;Flexammina;Flexammina islandica,1,1
Animalia;Arthropoda;Insecta;Lepidoptera;Bombycidae;Bombyx;Bombyx mori,1,1
Fungi;Basidiomycota;Pucciniomycetes,5,124
Bacteria;Pseudomonadota;Gammaproteobacteria;Enterobacterales;Enterobacteriaceae;Escherichia;Escherichia coli,1,1
Chromista;Ciliophora;Oligohymenophorea;Peniculida;Parameciidae;Paramecium;Paramecium bursaria,8,8
Fungi;Basidiomycota;Agaricomycetes;Agaricales;Amanitaceae;Amanita,3,14
Plantae;Streptophyta;Magnoliopsida;Asterales;Asteraceae;Tephroseris;Tephroseris crispa,44,44
Bacteria;Pseudomonadota;Alphaproteobacteria;Rhodobacterales;Paracoccaceae;Rhodobacter,6,6
Animalia;Arthropoda;Malacostraca;Isopoda;Cirolanidae;Eurydice;Eurydice pulchra,1,1
Bacteria;Pseudomonadota;Alphaproteobacteria;Hyphomicrobiales;Hyphomicrobiaceae;Methyloceanibacter;Methyloceanibacter sp. wino2,6,11
Chromista;Haptophyta;NA;Coccolithales;Calcidiscaceae;Tergestiella;Tergestiella adriatica,3,3
Animalia;Annelida;Polychaeta;Phyllodocida;Nephtyidae,1,1
Fungi;Ascomycota;Dothideomycetes;Mycosphaerellales;Teratosphaeriaceae;Acrodontium;Acrodontium crateriforme,11,482
Chromista;Ciliophora;Oligohymenophorea;Philasterida;Orchitophryidae;Mesanophrys;Mesanophrys carcini,6,6
Animalia;Cnidaria;Anthozoa;Pennatulacea;Renillidae;Renilla;Renilla reniformis,1,1
Bacteria;Pseudomonadota;Deltaproteobacteria;Desulfuromonadales;Geobacteraceae;Geobacter,1,1
Animalia;Mollusca;Gastropoda;Architaenioglossa;Diplommatinidae;Plectostoma,3,3
Plantae;Streptophyta;Magnoliopsida;Rosales;Urticaceae;Nanocnide,2,2
Chromista;Ciliophora;Spirotrichea;Sporadotrichida;Oxytrichidae;Stylonychia;Stylonychia pustulata,1,1
Bacteria;Pseudomonadota;Gammaproteobacteria;Cellvibrionales;Cellvibrionaceae;Cellvibrio,1,1
Fungi;Basidiomycota;Agaricomycetes;Agaricales;Entolomataceae;Entoloma;Entoloma asterosporum,1,1
Chromista;NA;Dinophyceae;Peridiniales;Peridiniaceae;Scrippsiella;Scrippsiella sp. HZ-2005,17,17
Fungi;Ascomycota;Dothideomycetes;Cladosporiales;Cladosporiaceae;Cladosporium,62,1919
Animalia;Arthropoda;Insecta;Hemiptera,4,4
Bacteria;Pseudomonadota;Alphaproteobacteria;Sphingomonadales;Erythrobacteraceae;Altererythrobacter;Altererythrobacter sp. TH136,1,1
Plantae;Streptophyta;Magnoliopsida;Brassicales;Brassicaceae;Sinapis;Sinapis alba,1,1
Chromista;Bacillariophyta;Coscinodiscophyceae;Leptocylindrales;Leptocylindraceae;Tenuicylindrus;Tenuicylindrus belgicus,5,5
Fungi;Ascomycota;Eurotiomycetes;Chaetothyriales;NA;NA;Chaetothyriales sp. MP-2014,3,3
Fungi;Chytridiomycota;Chytridiomycetes;Lobulomycetales;Lobulomycetaceae;Clydaea;Clydaea vesicula,1,1
Chromista;NA;Dinophyceae;Peridiniales;Podolampadaceae;Roscoffia;Roscoffia capitata,21,21
Plantae;Streptophyta;Magnoliopsida;Vitales;Vitaceae,4,4
Fungi;Basidiomycota;Wallemiomycetes,4,7
Fungi;Ascomycota;Saccharomycetes;Saccharomycetales;Metschnikowiaceae;Metschnikowia;Metschnikowia bicuspidata,3,3
Chromista;NA;Dinophyceae;Peridiniales;Peridiniopsidaceae;Palatinus;Palatinus apiculatus,20,20
Plantae;Chlorophyta;Chlorophyceae;Chlamydomonadales;Chlamydomonadaceae;Chlamydomonas;Chlamydomonas primoveris,1,1
Animalia;Chordata;Ascidiacea;Aplousobranchia;Clavelinidae;Distaplia;Distaplia dubia,2,2
Plantae;Chlorophyta;Chlorophyceae;Chlorosarcinales;Chlorosarcinaceae;Neochlorosarcina,1,1
Bacteria;Pseudomonadota;Alphaproteobacteria;Rhodospirillales;NA;NA;Rhodospirillales bacterium,2,2
Fungi;Basidiomycota;Agaricomycetes;Polyporales;Polyporaceae;Trametes;Trametes versicolor,4,15
Fungi;Ascomycota;Leotiomycetes;Erysiphales;Erysiphaceae;Erysiphe,5,5
Chromista;Foraminifera;NA;NA;Allogromiidae;NA;Allogromiina sp. A119,1,1
Chromista;Bacillariophyta;Coscinodiscophyceae;Leptocylindrales;Leptocylindraceae;Leptocylindrus;Leptocylindrus hargravesii,11,11
Plantae;Streptophyta;Magnoliopsida;Boraginales;Boraginaceae,4,4
Chromista;Ciliophora;Spirotrichea;Euplotida;Euplotidae;Euplotes;Euplotes orientalis,12,12
Fungi;Mucoromycota;Glomeromycetes;Glomerales;Glomeraceae;Rhizophagus;Rhizophagus intraradices,13,67
Fungi;Ascomycota;Eurotiomycetes;Eurotiales;Aspergillaceae;Aspergillus;Aspergillus terreus,1,1
Bacteria;Pseudomonadota;Gammaproteobacteria;Xanthomonadales;Xanthomonadaceae;Stenotrophomonas;Stenotrophomonas maltophilia,2,4
Fungi;Chytridiomycota;Chytridiomycetes;Chytridiales;Chytriomycetaceae;Rodmanochytrium;Rodmanochytrium sp.,1,1
Bacteria;Planctomycetota;Planctomycetia;Pirellulales;Pirellulaceae;Aureliella;Aureliella helgolandensis,4,4
Chromista;NA;Cryptophyceae;Pyrenomonadales;Pyrenomonadaceae;Rhodomonas;Rhodomonas sp. M1480,1,1
Bacteria;Pseudomonadota;Gammaproteobacteria;Alteromonadales;Pseudoalteromonadaceae;Pseudoalteromonas;Pseudoalteromonas sp. Gp-4-15.2.1,1,1
Chromista;NA;Dinophyceae;Gymnodiniales;Gymnodiniaceae;Lepidodinium;Lepidodinium viride,11,11
Chromista;Bacillariophyta;Bacillariophyceae;Bacillariales;Bacillariaceae;Pseudo-nitzschia;Pseudo-nitzschia delicatissima,6,6
Animalia;Cnidaria;Hydrozoa;Leptothecata;Mitrocomidae;Mitrocomella,16,64
Fungi;Basidiomycota;Agaricomycetes;Russulales;Auriscalpiaceae;Artomyces;Artomyces pyxidatus,6,813
Fungi;Chytridiomycota;Chytridiomycetes;Rhizophydiales;Rhizophydiaceae;Rhizophydium;Rhizophydium sp. MP008,5,60
Fungi;Ascomycota;Dothideomycetes;Mycosphaerellales;Mycosphaerellaceae;Ramularia,3,4
Plantae;Chlorophyta;Mamiellophyceae;Mamiellales;Mamiellaceae;Micromonas,10,10
Animalia;Arthropoda;Thecostraca;Balanomorpha;Balanidae;Balanus;Balanus nubilus,8,8
Chromista;NA;Dinophyceae;Suessiales;Suessiaceae;Piscinoodinium;Piscinoodinium sp. RWL-2007,31,31
Chromista;NA;Cryptophyceae;Pyrenomonadales;Geminigeraceae;Proteomonas;Proteomonas sulcata,1,1
Animalia;Arthropoda;Arachnida;Araneae;Deinopidae;Deinopis,1,1
Chromista;Cercozoa;Thecofilosea;Cryomonadida;Protaspidae;Cryothecomonas;Cryothecomonas longipes,2,2
Chromista;Bacillariophyta;Bacillariophyceae;Cymbellales;Anomoeoneidaceae;Anomoeoneis;Anomoeoneis sphaerophora,1,1
Chromista;NA;Bigyra;NA;NA;NA;labyrinthulid quahog parasite QPX,2,2
Plantae;Streptophyta;Magnoliopsida;Poales;Poaceae;Chasechloa;Chasechloa madagascariensis,3,75
Chromista;Ciliophora;Spirotrichea;Tintinnida;Codonellidae;Tintinnopsis;Tintinnopsis parvula,10,10
Protozoa;Cercozoa;NA;Cercomonadida,3,17
Chromista;NA;Dinophyceae;Gonyaulacales;Amphidomataceae;Azadinium;Azadinium sp. JD-2012,5,5
Chromista;Ciliophora;Armophorea;Metopida;Metopidae;Metopus;Metopus sp. VS-2017b,1,1
Animalia;Cnidaria;Anthozoa;Alcyonacea,4,4
Chromista;Ciliophora;Spirotrichea;Tintinnida;Tintinnidae;Eutintinnus;Eutintinnus cf. apertus,5,5
Bacteria;Verrucomicrobia,8,8
Plantae;Streptophyta;Magnoliopsida;Fabales;Fabaceae;Gilbertiodendron;Gilbertiodendron sp. ME-2015,2,2
Plantae;Streptophyta;Magnoliopsida;Dioscoreales;Burmanniaceae;Gymnosiphon;Gymnosiphon breviflorus,1,1
Bacteria;Pseudomonadota;Deltaproteobacteria;Desulfobacterales;Desulfobacteraceae;Desulfoluna,1,1
Animalia;Cnidaria;Anthozoa;Alcyonacea;Alcyoniidae;Anthomastus,2,2
Chromista;Ciliophora;Spirotrichea;NA;Strombidiidae,27,27
Plantae;Streptophyta;Magnoliopsida;Fabales;Fabaceae;Arachis;Arachis hypogaea,1,1
Animalia;Cnidaria;Hydrozoa;Leptothecata;Sertulariidae;Symplectoscyphus;Symplectoscyphus tricuspidatus,4,4
Protozoa;Cercozoa;NA;Cercomonadida;Cercomonadidae;Neocercomonas,4,4
Animalia;Arthropoda;Hexanauplia;Poecilostomatoida;Oncaeidae;Oncaea;Oncaea sp. MVZ-2013,3,3
Chromista;Ciliophora;Litostomatea;Haptorida;Enchelyidae;Enchelys;Enchelys gasterosteus,2,2
Animalia;Cnidaria;Hydrozoa;Anthoathecata;Bougainvilliidae;Bougainvillia;Bougainvillia sp. AGC-2001,5,5
Chromista;NA;Bigyra;Amphifilida;NA;Sorodiplophrys;Sorodiplophrys sp.,1,1
Animalia;Chordata;Ascidiacea;Stolidobranchia;Molgulidae;Molgula,2,2
Bacteria;Cyanobacteria;NA;Pseudanabaenales;Leptolyngbyaceae;Leptolyngbya;Leptolyngbya sp. NgrLPT40,1,1
Bacteria;Pseudomonadota;Alphaproteobacteria;Rhodobacterales;Roseobacteraceae;Ketogulonicigenium;Ketogulonicigenium vulgare,2,2
Fungi;Ascomycota;Eurotiomycetes;Chaetothyriales;Herpotrichiellaceae;Phialophora;Phialophora sp. NH1-1,1,1
Plantae;Chlorophyta;Chlorophyceae;Sphaeropleales;Neochloridaceae;Neochloris;Neochloris vigensis,3,4
Fungi;Ascomycota;Dothideomycetes;Pleosporales;Didymellaceae;Epicoccum,17,140
Protozoa;Discosea;Flabellinia;NA;Vannellidae;Ripella;Ripella tribonemae,2,3
Protozoa;Euglenozoa;Euglenida;Heteronematales;Peranemataceae;Anisonema;Anisonema sp. G1,1,1
Bacteria;Acidobacteria;Thermoanaerobaculia;Thermoanaerobaculales;Thermoanaerobaculaceae;Thermoanaerobaculum;Thermoanaerobaculum sp.,1,1
Animalia;Annelida;Clitellata,12,117
Animalia;Cnidaria;Hydrozoa;Anthoathecata;Corymorphidae;Corymorpha;Corymorpha pendula,1,1
Animalia;Platyhelminthes;Rhabditophora;Polycladida,2,2
Fungi;Zoopagomycota;Entomophthoromycetes;Entomophthorales;Entomophthoraceae;Entomophaga;Entomophaga conglomerata,1,1
Chromista;Oomycota;NA;Peronosporales;Peronosporaceae;Pseudoperonospora;Pseudoperonospora cubensis,2,2
Chromista;Ciliophora;Spirotrichea;Euplotida;Aspidiscidae;Aspidisca;Aspidisca steini,12,12
Chromista;Ciliophora;Litostomatea;Haptorida;Acropisthiidae,1,1
Plantae;Streptophyta;Magnoliopsida;Fabales;Fabaceae;Schizolobium;Schizolobium parahyba,2,2
Protozoa;Endomyxa;NA;Vampyrellida;Vampyrellidae;Vampyrella;Vampyrella pendula,1,1
Fungi;Basidiomycota;Tremellomycetes;Cystofilobasidiales;Cystofilobasidiaceae;Cystofilobasidium;Cystofilobasidium capitatum,2,31
Bacteria;Planctomycetota;Planctomycetia;Planctomycetales;Planctomycetaceae;Planctomyces;Planctomyces sp.,1,1
Plantae;Streptophyta;Magnoliopsida;Fabales;Fabaceae;Acacia,15,15
Protozoa;NA;Choanoflagellata;Craspedida;Salpingoecidae;Salpingoeca;Salpingoeca tuba,3,3
Plantae;Streptophyta;Magnoliopsida;Rosales;Rosaceae;Rosa,7,7
Fungi;Ascomycota;Saccharomycetes;Saccharomycetales;Saccharomycetaceae;Kluyveromyces,1,1
Bacteria;Pseudomonadota;Alphaproteobacteria;NA;NA;NA;unknown marine alpha proteobacterium JP7.1,1,1
Chromista;NA;Cryptophyceae;Pyrenomonadales;Pyrenomonadaceae;Rhinomonas;Rhinomonas pauca,2,3
Bacteria;Pseudomonadota;Betaproteobacteria;Nitrosomonadales;Thiobacillaceae;Parasulfuritortus;Parasulfuritortus cantonensis,2,9
Animalia;Nemertea;Pilidiophora;Heteronemertea,2,2
Chromista;NA;Dinophyceae;Gonyaulacales;Goniodomataceae;Gambierdiscus;Gambierdiscus scabrosus,4,4
Animalia;Chordata;Mammalia;Artiodactyla;Suidae;Sus;Sus scrofa,21,78
Animalia;Nemertea;Enopla;Monostilifera;Amphiporidae;Zygonemertes;Zygonemertes virescens,4,4
Animalia;Annelida;Polychaeta;Eunicida;Dorvilleidae,1,1
Plantae;Streptophyta;Jungermanniopsida;Porellales;Lejeuneaceae;Microlejeunea,1,1
Plantae;Chlorophyta;Trebouxiophyceae;Chlorellales;Chlorellaceae;Nannochloris;Nannochloris sp. MI37,1,1
Protozoa;NA;Choanoflagellata;NA;NA;NA;Choanoflagellata sp.,11,11
Animalia;Platyhelminthes;Catenulida;NA;Stenostomidae;Stenostomum;Stenostomum sp. 'island',2,97
Protozoa;NA;Choanoflagellata;Acanthoecida;Stephanoecidae;Calliacantha,10,10
Plantae;Streptophyta;Magnoliopsida;Cucurbitales;Cucurbitaceae;Benincasa;Benincasa hispida,1,1
Bacteria;Pseudomonadota;Gammaproteobacteria;Aeromonadales;Aeromonadaceae;Aeromonas;Aeromonas hydrophila,2,2
Fungi;Mucoromycota;Glomeromycetes;Diversisporales;Diversisporaceae;Diversispora;Diversispora densissima,1,1
Chromista;NA;Cryptophyceae;Pyrenomonadales;Chroomonadaceae;Chroomonas;Chroomonas sp. M0874,1,1
Chromista;NA;Phaeophyceae;Laminariales;Lessoniaceae;Ecklonia,12,12
Animalia;Annelida;Polychaeta;Phyllodocida;Syllidae;Odontosyllis,1,1
Bacteria;Pseudomonadota;Alphaproteobacteria;Hyphomicrobiales;Brucellaceae;Brucella;Brucella tritici,1,1
Animalia;Brachiopoda;Lingulata;Lingulida;Lingulidae;Glottidia;Glottidia pyramidata,2,2
Fungi;Mucoromycota;Glomeromycetes;Diversisporales;Gigasporaceae;Racocetra;Racocetra verrucosa,1,1
Plantae;Streptophyta;Magnoliopsida;Saxifragales;Haloragaceae;Myriophyllum;Myriophyllum sibiricum,7,7
Chromista;Apicomplexa;Marosporida;Agamococcidiorida;Rhytidocystidae;Rhytidocystis;Rhytidocystis nekhoroshkovae,2,2
Chromista;Ciliophora;Spirotrichea;Stichotrichida;Amphisiellidae;Orthoamphisiella;Orthoamphisiella sp. MD-2012,1,1
Bacteria;Pseudomonadota;Gammaproteobacteria;Moraxellales;Moraxellaceae;Acinetobacter;Acinetobacter sp. BAB-3107,1,1
Chromista;NA;Dinophyceae;Peridiniales;Peridiniaceae;Peridinium,10,10
Fungi;Basidiomycota;Agaricomycetes;Polyporales;Irpicaceae;Byssomerulius;Byssomerulius corium,2,6
Plantae;Streptophyta;Magnoliopsida;Asparagales;Orchidaceae;Apostasia;Apostasia nuda,5,5
Fungi;Ascomycota;Dothideomycetes;Pleosporales;Didymellaceae;Didymella;Didymella ellipsoidea,3,3
Animalia;Mollusca;Polyplacophora;Chitonida,4,4
Chromista;NA;Cryptophyceae;Pyrenomonadales;Chroomonadaceae;Falcomonas;Falcomonas daucoides,3,3
Fungi;Ascomycota;Saccharomycetes;Saccharomycetales;Phaffomycetaceae,1,1
Chromista;Ciliophora;Oligohymenophorea;Philasterida;Cohnilembidae;Cohnilembus;Cohnilembus verminus,2,2
Animalia;Cnidaria;Hydrozoa;Leptothecata;Campanulariidae;Gonothyraea;Gonothyraea loveni,2,2
Chromista;NA;Xanthophyceae;NA;NA;NA;Xanthophyceae sp. Tow 6/3 P-16w,3,3
Animalia;Arthropoda;Malacostraca;Euphausiacea;Euphausiidae;Thysanopoda;Thysanopoda aequalis,1,1
Animalia;Annelida;Polychaeta;Sabellida;Oweniidae;Owenia;Owenia fusiformis,4,4
Plantae;Streptophyta;Magnoliopsida;Brassicales;Brassicaceae;Brassica;Brassica napus,3,156
Chromista;NA;Dinophyceae;Gonyaulacales;Pyrocystaceae;Alexandrium;Alexandrium pohangense,19,19
Animalia;Cnidaria;Anthozoa;Alcyonacea;Primnoidae;Plumarella;Plumarella cf. delicatissima N05,1,1
Bacteria;Pseudomonadota;Alphaproteobacteria;Hyphomicrobiales;NA;NA;Hyphomicrobiales bacterium,1,1
Bacteria;Pseudomonadota;Betaproteobacteria,20,78
Protozoa;NA;Breviatea;NA;NA;Subulatomonas;Subulatomonas tetraspora,7,7
Plantae;Chlorophyta;Trebouxiophyceae;Watanabeales;NA;Watanabea,1,1
Protozoa;Cercozoa;NA;Cercomonadida;Cercomonadidae;Paracercomonas,2,2
Fungi;Ascomycota;Dothideomycetes;Pleosporales;Phaeosphaeriaceae,3,3
Chromista;Ciliophora;Spirotrichea;Choreotrichida;Strombidinopsidae;Strombidinopsis;Strombidinopsis sp. JG-2011a,20,20
Bacteria;Pseudomonadota;Alphaproteobacteria;Hyphomicrobiales;Nitrobacteraceae,23,1533
Animalia;Arthropoda;Hexanauplia;Cyclopoida,4,4
Plantae;Chlorophyta;Chlorophyceae;Sphaeropleales;Scenedesmaceae;Desmodesmus,32,4724
Animalia;Arthropoda;Arachnida;Trombidiformes;Tydeidae;NA;Tydeidae gen. sp. AD864,1,1
Chromista;NA;Dictyochophyceae;Dictyochales;NA;Dictyocha;Dictyocha speculum,1,1
Chromista;NA;Dinophyceae;Gonyaulacales;Pyrocystaceae;Alexandrium;Alexandrium hiranoi,2,2
Fungi;Ascomycota;Dothideomycetes;Botryosphaeriales;Phyllostictaceae;Phyllosticta;Phyllosticta capitalensis,1,1
Animalia;Echinodermata;Ophiuroidea;Amphilepidida;Amphiuridae;Amphipholis;Amphipholis squamata,1,1
Plantae;Streptophyta;Klebsormidiophyceae;Klebsormidiales;Klebsormidiaceae;Klebsormidium;Klebsormidium sp. Ru-10-3,1,1
Plantae;Streptophyta;Magnoliopsida;Asterales;Asteraceae;Pericallis;Pericallis malvifolia,1,1
Animalia;Annelida;Polychaeta;Phyllodocida;Hesionidae,4,4
Chromista;NA;Dinophyceae;Gymnodiniales;Gymnodiniaceae;Akashiwo;Akashiwo sanguinea,8,8
Animalia;Porifera;Demospongiae;Dictyoceratida;Dysideidae;Dysidea;Dysidea sp. QMG318930,1,1
Bacteria;Pseudomonadota;Gammaproteobacteria;Enterobacterales;Pectobacteriaceae;Brenneria,1,1
Animalia;Arthropoda;Malacostraca;Euphausiacea;Euphausiidae;Euphausia;Euphausia lucens,1,1
Plantae;Chlorophyta;Chlorophyceae;Chlamydomonadales;Chlamydomonadaceae;Chlamydomonas,19,602
Chromista;Oomycota;NA;Saprolegniales;Saprolegniaceae,13,258
Chromista;Ciliophora;Heterotrichea;Heterotrichida;Stentoridae;Condylostentor;Condylostentor auriculatus,8,8
Plantae;Streptophyta;Magnoliopsida;Gentianales;Rubiaceae;Mycetia;Mycetia mindanaensis,7,7
Plantae;Streptophyta;Magnoliopsida;Fabales;Fabaceae;Flemingia,1,1
Animalia;Annelida;Polychaeta;Spionida;Spionidae,11,11
Fungi;Basidiomycota;Microbotryomycetes;NA;NA;Rosettozyma,1,1
Chromista;NA;Dinophyceae;Peridiniales;Protoperidiniaceae;Protoperidinium;Protoperidinium claudicans,4,4
Animalia;Arthropoda;Arachnida;Sarcoptiformes;Heterocoptidae;NA;Heterocoptidae gen. n. sp. AD552,1,1
Chromista;Ciliophora;Oligohymenophorea;Mobilida;Trichodinidae;Trichodina,7,7
Plantae;Chlorophyta;NA;NA;Pycnococcaceae;Pycnococcus;Pycnococcus sp. KMMCC P-54,3,3
Chromista;NA;Cryptophyceae,12,12
Chromista;Bacillariophyta;Bacillariophyceae;Naviculales;Naviculaceae;Navicula;Navicula brockmannii,3,3
Chromista;Oomycota;NA;Saprolegniales;Saprolegniaceae;Aphanomyces;Aphanomyces invadans,10,315
Chromista;Oomycota;NA;Pythiales;Pythiaceae;Pythium;Pythium aphanidermatum,39,2294
Bacteria;Pseudomonadota;Alphaproteobacteria;Rhodospirillales;Azospirillaceae,2,2
Protozoa;Parabasalia;NA;Spirotrichonymphida;Holomastigotoididae;Holomastigotoides;Holomastigotoides sp.,3,3
Protozoa;Cercozoa;NA;Cercomonadida;Cercomonadidae;Eocercomonas;Eocercomonas perecta,1,1
Plantae;Streptophyta;Magnoliopsida;Lamiales;Calceolariaceae;Calceolaria;Calceolaria andina,1,1
Plantae;Streptophyta;Magnoliopsida;Asparagales,1,1
Chromista;NA;Dinophyceae;Prorocentrales;Prorocentraceae;Prorocentrum;Prorocentrum gracile,24,24
Chromista;NA;Bigyra;Bicosoecida;Cafeteriaceae;Cafeteria;Cafeteria minima,17,17
Plantae;Streptophyta;Jungermanniopsida;Porellales;Frullaniaceae;Frullania;Frullania chevalieri,1,1
Chromista;Ciliophora;Prostomatea;Prorodontida;Colepidae,21,2995
Bacteria;Pseudomonadota;Gammaproteobacteria;Pseudomonadales;Pseudomonadaceae;Pseudomonas;Pseudomonas sp. R-2 R-2,1,1
Chromista;Bacillariophyta;Coscinodiscophyceae;Thalassiosirales;Thalassiosiraceae;Shionodiscus;Shionodiscus ritscheri,3,3
Animalia;Mollusca;Bivalvia;Venerida;Sphaeriidae;Sphaerium;Sphaerium striatinum,4,4
Fungi;Ascomycota;Dothideomycetes;Mycosphaerellales;Mycosphaerellaceae,4,10
Chromista;NA;Pelagophyceae;Pelagomonadales,1,1
Plantae;Streptophyta;Magnoliopsida;Rosales;Rosaceae,11,176
Fungi;Ascomycota;Lecanoromycetes;Caliciales,1,1
Chromista;Cercozoa;NA;NA;Clathrulinidae;Hedriocystis;Hedriocystis reticulata,2,33
Plantae;Streptophyta;Magnoliopsida;Cucurbitales;Cucurbitaceae;Bryonia;Bryonia acuta,1,1
Fungi;Ascomycota;Leotiomycetes;NA;Pseudeurotiaceae,11,17
Plantae;Chlorophyta;Chlorophyceae;Sphaeropleales;Scenedesmaceae;Scenedesmus;Scenedesmus sp. II11,3,3
Chromista;NA;Dinophyceae;Phytodiniales;Phytodiniaceae;Spiniferodinium;Spiniferodinium palustre,3,3
Chromista;NA;Dinophyceae;Gymnodiniales;Kareniaceae;Takayama;Takayama cf. pulchellum,16,16
Fungi;Ascomycota;Sordariomycetes;Hypocreales;NA;Acremonium,1,1
Bacteria;Pseudomonadota;Deltaproteobacteria;Desulfobacterales;Desulfocapsaceae;Desulfotalea;Desulfotalea psychrophila,2,2
Chromista;Foraminifera;NA;Rotaliida;Stainforthiidae;Stainforthia;Stainforthia sp.,1,1
Fungi;Ascomycota;Saccharomycetes;Saccharomycetales;Saccharomycodaceae;Saccharomycodes;Saccharomycodes ludwigii,1,1
Chromista;Cercozoa;Thecofilosea;Cryomonadida;Rhogostomidae;NA;Rhogostomidae sp.,17,17
Bacteria;Pseudomonadota;Deltaproteobacteria;Syntrophales;Syntrophaceae,4,4
Chromista;Bacillariophyta;Bacillariophyceae;Cocconeidales,7,178
Animalia;Cnidaria;Hydrozoa;Leptothecata,41,759
Chromista;NA;Dinophyceae;Syndiniales;Amoebophryaceae;Amoebophrya;Amoebophrya sp. ex Prorocentrum micans,9,9
Animalia;Annelida;Polychaeta;Phyllodocida;Nereididae;Perinereis,1,1
Chromista;Bacillariophyta;Coscinodiscophyceae;Melosirales;Stephanopyxidaceae;Stephanopyxis;Stephanopyxis turris,13,13
Chromista;Haptophyta;NA;Prymnesiales;Prymnesiaceae;Imantonia,13,13
Fungi;Ascomycota;Lecanoromycetes;Leprocaulales;Leprocaulaceae;Leprocaulon;Leprocaulon quisquiliare,1,1
Fungi;Basidiomycota;Malasseziomycetes;Malasseziales;NA;NA;Malasseziales sp.,5,5
Plantae;Streptophyta;Magnoliopsida;Fagales;Juglandaceae;Carya;Carya illinoinensis,6,35
Fungi;Basidiomycota;Tremellomycetes;Tremellales;Bulleribasidiaceae;Hannaella,2,2
Bacteria;Planctomycetota;Planctomycetia;Planctomycetales;Planctomycetaceae,36,499
Bacteria;Pseudomonadota;Epsilonproteobacteria;Campylobacterales;Thiovulaceae;Sulfurimonas,9,9
Chromista;Ciliophora;Spirotrichea;Euplotida;Euplotidae;Euplotes;Euplotes vanleeuwenhoeki,1,1
Fungi;Chytridiomycota;Chytridiomycetes;Rhizophydiales;Rhizophydiaceae;Rhizophydium;Rhizophydium elyense,5,11
Plantae;Streptophyta;Magnoliopsida;Asterales;Asteraceae;Senecio,1,1
Chromista;Apicomplexa;Conoidasida;Eucoccidiorida;NA;NA;Eucoccidiorida sp. Okushiri-2009,1,1
Chromista;NA;Synurophyceae;Synurales;Mallomonadaceae;Mallomonas;Mallomonas sp.,1,1
Chromista;NA;Dinophyceae;Gymnodiniales;Amphilothaceae;Achradina;Achradina pulchra,2,2
Animalia;Chaetognatha;Sagittoidea;Aphragmophora;Sagittidae;Sagitta;Sagitta sp. DP-2006,3,3
Chromista;Bacillariophyta;Coscinodiscophyceae;Leptocylindrales;Leptocylindraceae;Leptocylindrus;Leptocylindrus convexus,5,5
Animalia;Cnidaria;Hydrozoa;Anthoathecata;Tubulariidae;Ectopleura,8,8
Animalia;Annelida;Polychaeta;NA;Orbiniidae;Scoloplos;Scoloplos armiger,1,1
Animalia;Annelida;Polychaeta;Phyllodocida;Syllidae,2,2
Plantae;Rhodophyta;Florideophyceae;Gracilariales,1,1
Chromista;NA;Dinophyceae;Syndiniales;Ellobiopsidae;Thalassomyces;Thalassomyces sp. Ello476-1c5,2,2
Bacteria;Planctomycetota;Planctomycetia;Planctomycetales;Planctomycetaceae;Planctomyces,8,46
Chromista;Oomycota;NA;Leptomitales;NA;Apodachlya;Apodachlya brachynema,2,12
Chromista;NA;Bigyra;Opalinata;Blastocystidae;Blastocystis;Blastocystis sp. GERA3a,1,1
Chromista;NA;Hyphochytriomycetes;NA;Rhizidiomycetaceae;Rhizidiomyces;Rhizidiomyces apophysatus,2,2
Fungi;Ascomycota;Saccharomycetes;Saccharomycetales;Debaryomycetaceae;Candida;Candida viswanathii,5,678
Fungi;Ascomycota;Dothideomycetes;Pleosporales,52,23343
Chromista;Cercozoa;Imbricatea;Thaumatomonadida,1,1
Chromista;NA;Dinophyceae;Blastodiniales;NA;Blastodinium;Blastodinium contortum,5,5
Chromista;Ciliophora;Heterotrichea;Licnophorida;Licnophoridae;Licnophora;Licnophora macfarlandi,1,1
Protozoa;Euglenozoa;Euglenida;Rhabdomonadales;Astasiidae;Menoidium;Menoidium gibbum,2,7
Chromista;Ciliophora;Spirotrichea;Euplotida;Uronychiidae;Diophrys,32,32
Plantae;Streptophyta;Magnoliopsida;Poales;Poaceae;Saccharum,3,3
Plantae;Streptophyta;Zygnemophyceae;Zygnematales;Zygnemataceae;Spirogyra,1,1
Plantae;Streptophyta;Magnoliopsida;Myrtales;Onagraceae;Oenothera;Oenothera laciniata,1,1
Fungi;Mucoromycota;Glomeromycetes;Glomerales;Glomeraceae;Glomus;Glomus sp. 8 ZHNL-2013r,4,4
Fungi;Ascomycota;Dothideomycetes;Mycosphaerellales;Teratosphaeriaceae;Teratosphaeria,1,1
Chromista;NA;Cryptophyceae;Pyrenomonadales;Chroomonadaceae;Chroomonas;Chroomonas sp.,26,226
Chromista;NA;Chrysophyceae;Chromulinales;Chromulinaceae;Spumella;Spumella sp.,6,25
Fungi;Basidiomycota;Agaricomycetes;Polyporales;Polyporaceae;Ganoderma;Ganoderma applanatum,3,4
Chromista;Cercozoa;NA;Glissomonadida;Viridiraptoridae;Bodomorpha;Bodomorpha sp. HFCC 92,2,2
Chromista;Ciliophora;Litostomatea;Pleurostomatida;Litonotidae;Litonotus,2,2
Fungi;Ascomycota;Leotiomycetes;Erysiphales;Erysiphaceae;Erysiphe;Erysiphe adunca,1,1
Chromista;NA;Chrysophyceae;NA;NA;NA;Chrysophyceae sp.,75,4129
Chromista;NA;Dinophyceae;Prorocentrales;Prorocentraceae;Prorocentrum;Prorocentrum arenarium,3,3
Fungi;Basidiomycota;Cystobasidiomycetes;Cystobasidiales;Cystobasidiaceae;Cystobasidium,5,1310
Chromista;Bacillariophyta;Coscinodiscophyceae;Thalassiosirales;Thalassiosiraceae;Thalassiosira;Thalassiosira oceanica,5,5
Chromista;Bacillariophyta;Coscinodiscophyceae,6,6
Chromista;NA;Chrysophyceae;Hibberdiales;Hibberdiaceae;Chromophyton;Chromophyton cf. rosanoffii,3,346
Plantae;Streptophyta;Magnoliopsida;Alismatales;Zosteraceae;Zostera,3,3
Fungi;Ascomycota;Dothideomycetes;Mytilinidiales;Mytilinidiaceae;Lophium;Lophium mytilinum,4,11
Animalia;Platyhelminthes;Rhabditophora;Polycladida;Euryleptidae;Prostheceraeus;Prostheceraeus vittatus,1,1
Fungi;Basidiomycota;Tremellomycetes;Tremellales;Bulleribasidiaceae,10,74
Chromista;NA;Dinophyceae;Noctilucales;Noctilucaceae;Noctiluca;Noctiluca sp.,6,6
Plantae;Streptophyta;Magnoliopsida;Alismatales;Araceae;Landoltia;Landoltia punctata,1,1
Chromista;NA;Phaeophyceae;Sphacelariales;Sphacelariaceae;Sphacelaria;Sphacelaria sp. UTEX LB 800,1,1
Chromista;NA;Dinophyceae;Peridiniales;Peridiniaceae;Bysmatrum,9,9
Bacteria;Pseudomonadota;Epsilonproteobacteria;Campylobacterales;Arcobacteraceae,7,7
Bacteria;Pseudomonadota;Gammaproteobacteria;Chromatiales,1,1
Plantae;Streptophyta;Pinopsida;Pinales;Pinaceae,5,120
Animalia;Arthropoda;Thecostraca,5,5
Fungi;Basidiomycota;Tremellomycetes;Tremellales;Bulleribasidiaceae;Bulleribasidium;Bulleribasidium cremeum,2,2
Animalia;Arthropoda;Arachnida;Trombidiformes,1,1
Plantae;Streptophyta;Magnoliopsida;Gentianales;Rubiaceae;Lasianthus,1,1
Fungi;Basidiomycota;Agaricomycetes;Polyporales;NA;NA;Polyporales sp. 3 SR-2012,1,1
Plantae;Streptophyta;Magnoliopsida;Poales;Poaceae;Saccharum;Saccharum spontaneum,3,3
Plantae;Streptophyta;Magnoliopsida;Lamiales;Scrophulariaceae;Myoporum;Myoporum wilderi,2,2
Chromista;Bacillariophyta;Coscinodiscophyceae;Thalassiosirales,13,13
Chromista;Oomycota;NA;Pythiales;Pythiaceae;Globisporangium;Globisporangium iwayamae,1,1
Bacteria;Pseudomonadota;Alphaproteobacteria;Rhodobacterales;NA;NA;Rhodobacterales bacterium,1,1
Bacteria;Pseudomonadota;Alphaproteobacteria;Rhodospirillales;Acetobacteraceae;NA;Acetobacteraceae bacterium,1,1
Chromista;Ciliophora;Litostomatea;Entodiniomorphida;Ophryoscolecidae;Diplodinium,1,1
Plantae;Streptophyta;Magnoliopsida;Apiales;Myodocarpaceae,1,1
Protozoa;Cercozoa;NA;Cercomonadida;Cercomonadidae;Cercomonas;Cercomonas braziliensis,2,2
Bacteria;Acidobacteria;Acidobacteriia;Acidobacteriales;Acidobacteriaceae;Acidisarcina;Acidisarcina polymorpha,1,1
Bacteria;Pseudomonadota;Alphaproteobacteria;Hyphomicrobiales;Amorphaceae;Acuticoccus;Acuticoccus kandeliae,1,1
Chromista;Ciliophora;Oligohymenophorea;Philasterida;Philasteridae;Dexiotrichides;Dexiotrichides pangi,2,2
Protozoa;Euglenozoa;Euglenida;Petalomonadida;Scytomonadidae;Notosolenus;Notosolenus urceolatus,12,12
Plantae;Rhodophyta;Florideophyceae;Rhodymeniales;Lomentariaceae,1,1
Fungi;Basidiomycota;Tremellomycetes;Tremellales;Cryptococcaceae;Cryptococcus,2,10
Plantae;Streptophyta;Magnoliopsida;Poales;Poaceae;Calamagrostis;Calamagrostis pickeringii,8,46
Fungi;Ascomycota;Saccharomycetes;Saccharomycetales;Debaryomycetaceae;Yamadazyma;[Candida] oceani,1,1
Chromista;Ciliophora;Oligohymenophorea;Philasterida;Pseudocohnilembidae;Pseudocohnilembus;Pseudocohnilembus hargisi,4,4
Plantae;Streptophyta;Magnoliopsida;Asterales;Asteraceae;Jacobaea;Jacobaea carniolica,2,4
Chromista;Haptophyta;NA;Isochrysidales,11,11
Fungi;Basidiomycota;Agaricomycetes;Polyporales;Fomitopsidaceae;Antrodia;Antrodia albobrunnea,3,109
Animalia;Annelida;Polychaeta;Sabellida;Oweniidae;Myriochele;Myriochele sp. BC-2003,1,1
Plantae;Chlorophyta;NA;NA;Pycnococcaceae;Pycnococcus;Pycnococcus sp. MBIC10637,19,19
Bacteria,119,37322
Bacteria;Pseudomonadota;Alphaproteobacteria;Holosporales;Candidatus Hepatincolaceae;Candidatus Hepatincola;Candidatus Hepatincola porcellionum,1,1
Animalia;Cnidaria;Hydrozoa;Leptothecata;Campanulariidae;Calycella;Calycella syringa,2,2
Animalia;Gastrotricha;NA;Chaetonotida;Chaetonotidae;Lepidodermella;Lepidodermella squamata,35,1609
Chromista;NA;Cryptophyceae;Pyrenomonadales;Pyrenomonadaceae;Pyrenomonas;Pyrenomonas salina,3,4
Chromista;Picozoa;Picomonadea;Picomonadida;Picomonadidae;Picomonas;Picomonas judraskeda,11,11
Bacteria;Pseudomonadota;Gammaproteobacteria;Thiotrichales;Thiotrichaceae,1,1
Fungi;Ascomycota;Leotiomycetes;Leotiales;Tympanidaceae;Claussenomyces;Claussenomyces olivaceus,1,1
Animalia;Arthropoda;Ostracoda;Podocopida;Cyprididae,11,203
Chromista;Bacillariophyta;Bacillariophyceae;Naviculales;Naviculaceae;Navicula;Navicula veneta,3,3
Animalia;Chordata;Ascidiacea;Phlebobranchia;Corellidae;Corella;Corella eumyota,2,2
Chromista;Ciliophora;Litostomatea;Pleurostomatida;Amphileptidae;Amphileptus,41,6887
Protozoa;Discosea;NA;Longamoebia;NA;Paradermamoeba;Paradermamoeba levis,3,82
Chromista;NA;Dinophyceae;Peridiniales;Pfiesteriaceae;Cryptoperidiniopsis;Cryptoperidiniopsis brodyi,1,1
Protozoa;Heterolobosea;NA;NA;Vahlkampfiidae;Naegleria;Naegleria sp. GP3/III,3,38
Bacteria;Pseudomonadota;Alphaproteobacteria;Hyphomicrobiales;Rhabdaerophilaceae;Rhabdaerophilum;Rhabdaerophilum calidifontis,12,41
Animalia;Cnidaria;Hydrozoa;Anthoathecata;Proboscidactylidae;Proboscidactyla;Proboscidactyla flavicirrata,3,3
Plantae;Streptophyta;Magnoliopsida;Brassicales;Brassicaceae;Alyssum;Alyssum cf. montanum MdlH-2015,9,12
Chromista;NA;Dinophyceae;Blastodiniales,1,1
Fungi;Ascomycota;Leotiomycetes;Erysiphales;Erysiphaceae;Erysiphe;Erysiphe aquilegiae,1,1
Animalia;Arthropoda;Insecta;Hemiptera;Aphididae,8,473
Chromista;Endomyxa;Phytomyxea;Plasmodiophorida;Plasmodiophoridae;Polymyxa;Polymyxa graminis,6,221
Plantae;Rhodophyta;Bangiophyceae;Cyanidiales;Cyanidiaceae;Cyanidioschyzon;Cyanidioschyzon merolae,1,1
Chromista;NA;Dinophyceae;Syndiniales;Ellobiopsidae;Thalassomyces;Thalassomyces sp. JDS-2003,4,4
Bacteria;Pseudomonadota;Gammaproteobacteria;Pseudomonadales;Marinobacteraceae;Marinobacter;Marinobacter sp.,1,1
Chromista;NA;Dinophyceae;Suessiales;Suessiaceae;Protodinium;Protodinium simplex,4,4
Plantae;Chlorophyta;Trebouxiophyceae;Trebouxiales;Trebouxiaceae;Myrmecia,3,667
Bacteria;Cyanobacteria;NA;Chroococcales;Microcystaceae;Microcystis;Microcystis aeruginosa,1,1
Animalia;Echinodermata;Crinoidea;Bourgueticrinida;Bathycrinidae;Bathycrinus;Bathycrinus sp. D1425,2,2
Plantae;Chlorophyta;Chlorophyceae;Chlamydomonadales;Chlamydomonadaceae;Chlamydomonas;Chlamydomonas pumilio,1,1
Plantae;Rhodophyta;Florideophyceae;Corallinales;Corallinaceae;Pneophyllum,1,1
Plantae;Streptophyta;Magnoliopsida;Lamiales;Scrophulariaceae,29,70
Plantae;Streptophyta;Magnoliopsida;Asterales;Campanulaceae,29,29
Protozoa;Heterolobosea;NA;NA;Percolomonadidae;Percolomonas;Percolomonas cosmopolitus,1,1
Animalia;Arthropoda;Insecta;Zygentoma;Lepismatidae,1,1
Plantae;Rhodophyta;Florideophyceae;Peyssonneliales;Peyssonneliaceae;Metapeyssonnelia;Metapeyssonnelia milleporoides,5,5
Fungi;Basidiomycota;Agaricomycetes;Polyporales;NA;NA;Polyporales sp. 1 SR-2012,29,314
Plantae;Streptophyta;Magnoliopsida;Malpighiales;Rhizophoraceae;Rhizophora;Rhizophora mucronata,2,2
Bacteria;Acidobacteria;Holophagae;Thermotomaculales;Thermotomaculaceae;Thermotomaculum;Thermotomaculum hydrothermale,1,1
Fungi;Basidiomycota;Microbotryomycetes;Sporidiobolales;Sporidiobolaceae;Rhodosporidiobolus;Rhodosporidiobolus poonsookiae,18,1748
Chromista;Ciliophora;Spirotrichea;Choreotrichida;Strobilidiidae;Rimostrombidium;Rimostrombidium veniliae,12,12
Chromista;Ciliophora;Prostomatea;Prorodontida,1,1
Animalia;Mollusca;Bivalvia;Mytilida;Mytilidae;NA;Mytilidae gen. n. sp. c ST-2022,1,1
Chromista;NA;Dinophyceae;Gonyaulacales,25,25
Chromista;NA;Dinophyceae;Peridiniales;Pfiesteriaceae;NA;Pfiesteria-like dinoflagellate Lucy,7,7
Bacteria;Pseudomonadota;Alphaproteobacteria;Hyphomicrobiales;Nitrobacteraceae;Bradyrhizobium;Bradyrhizobium sp.,14,134
Plantae;Rhodophyta;Florideophyceae;Ceramiales;Ceramiaceae;Ceramium,1,1
Bacteria;Pseudomonadota;Deltaproteobacteria;Myxococcales;NA;NA;Myxococcales bacterium,8,8
Chromista;Ciliophora;Spirotrichea;Sporadotrichida;Oxytrichidae,9,9
Chromista;Bacillariophyta;Coscinodiscophyceae;Stephanodiscales;Stephanodiscaceae,12,12
Chromista;NA;Dinophyceae;Syndiniales;Syndiniaceae;Hematodinium;Hematodinium sp. ex Crangon crangon,8,8
Chromista;NA;Dinophyceae;Prorocentrales;Prorocentraceae;Prorocentrum,28,28
Animalia;Mollusca;Bivalvia;Venerida;Mactridae;Mactra,4,4
Chromista;NA;Dinophyceae;Gymnodiniales;Gymnodiniaceae;Gymnodinium;Gymnodinium catenatum,2,2
Chromista;NA;Dinophyceae;Peridiniales;Protoperidiniaceae;Protoperidinium;Protoperidinium elegans,1,1
Chromista;Bacillariophyta;Coscinodiscophyceae;NA;Aulacoseiraceae;Aulacoseira,1,1
Plantae;Streptophyta;Magnoliopsida;Asparagales;Amaryllidaceae;Allium,4,4
Fungi;Basidiomycota;Agaricomycetes;Polyporales;Polyporaceae;Polyporus;Polyporus radicatus,1,1
Chromista;Ciliophora;Prostomatea;Prorodontida;Urotrichidae;Urotricha;Urotricha sp.,64,3464
Protozoa;Tubulinea;Elardia;Arcellinida;Cryptodifflugiidae;Cryptodifflugia,4,814
Animalia;Arthropoda;Malacostraca;Amphipoda;Gammaridae;Gammarus;Gammarus cf. pulex Greece,1,1
Plantae;Streptophyta;Magnoliopsida;Malpighiales;Hypericaceae,9,9
Fungi;Ascomycota;Sordariomycetes;Hypocreales;Hypocreaceae;Trichoderma;Trichoderma atroviride,1,1
Chromista;Bacillariophyta;Fragilariophyceae;Rhaponeidales;Rhaphoneidaceae;Rhaphoneis;Rhaphoneis belgicae,1,1
Plantae;Rhodophyta;Florideophyceae;Gracilariales;Pterocladiophilaceae;Holmsella,7,7
Protozoa;Evosea;Variosea;Cavosteliida;NA;Tychosporium;Tychosporium acutostipes,1,1
Chromista;NA;Dinophyceae;Peridiniales;Heterocapsaceae;Heterocapsa;Heterocapsa pygmaea,1,1
Bacteria;Pseudomonadota;Betaproteobacteria;Nitrosomonadales;Sulfuricellaceae;Sulfuriferula;Sulfuriferula nivalis,3,3
Chromista;Bacillariophyta;Bacillariophyceae;Eunotiales;Eunotiaceae;Eunotia;Eunotia monodon,2,2
Bacteria;Pseudomonadota;Gammaproteobacteria;NA;NA;NA;SAR86 cluster bacterium,30,30
Plantae;Streptophyta;Magnoliopsida;Asparagales;Orchidaceae;Bulbophyllum;Bulbophyllum stenobulbon,3,3
Chromista;NA;Dinophyceae;Peridiniales;Peridiniaceae;Pernambugia;Pernambugia tuberosa,15,15
Chromista;Cercozoa;Imbricatea;Euglyphida;Paulinellidae;Paulinella;Paulinella chromatophora,8,8
Chromista;Ciliophora;Spirotrichea;Euplotida;Discocephalidae,1,1
Animalia;Nemertea;Pilidiophora;Heteronemertea;Lineidae;Cerebratulus,1,1
Bacteria;Pseudomonadota;Gammaproteobacteria;Cellvibrionales;Cellvibrionaceae,8,8
Fungi;Zoopagomycota;NA;Ramicandelaberales;Ramicandelaberaceae;Ramicandelaber;Ramicandelaber cf. longisporus KYK00166,1,1
Animalia;Arthropoda;Malacostraca;Decapoda;Lithodidae;Lithodes;Lithodes sp.,1,1
Animalia;Tardigrada;Eutardigrada;Parachela;Isohypsibiidae,2,437
Plantae;Streptophyta;Magnoliopsida;Fabales;Fabaceae;Lespedeza,1,1
Chromista;Ciliophora;Spirotrichea;Euplotida;Uronychiidae;Paradiophrys;Paradiophrys irmgard,1,1
Plantae;Chlorophyta;Mamiellophyceae;Mamiellales;Mamiellaceae;Micromonas;Micromonas sp. KM10,1,1
Chromista;Bacillariophyta;Coscinodiscophyceae;Rhizosoleniales;Rhizosoleniaceae;Rhizosolenia;Rhizosolenia setigera,8,8
Plantae;Chlorophyta;Chlorophyceae;Oedogoniales;Oedogoniaceae;Oedogonium;Oedogonium sp. WIS-A-0000001,1,1
Chromista;Bacillariophyta;Coscinodiscophyceae;Stephanodiscales;Stephanodiscaceae;Cyclotella;Cyclotella gamma,1,1
Chromista;Ciliophora;Litostomatea;Pleurostomatida;Amphileptidae;Hemiophrys;Hemiophrys macrostoma,1,1
Plantae;Streptophyta;Magnoliopsida;Rosales,12,365
Animalia;Cnidaria;Hydrozoa;Anthoathecata;Hydridae;Hydra;Hydra vulgaris,4,6
Animalia;Chordata;Actinopteri;Cypriniformes;Leuciscidae,2,2
Chromista;NA;Bigyra;Thraustochytrida;Thraustochytriaceae;NA;Thraustochytriidae sp. thel2,3,3
Bacteria;Pseudomonadota;Gammaproteobacteria;Pseudomonadales;Pseudomonadaceae;Pseudomonas;Pseudomonas aeruginosa,1,1
Chromista;NA;Bigyra;Oblongichytrida;NA;Oblongichytrium;Oblongichytrium sp. SEK 347,8,8
Protozoa;Tubulinea;Elardia;Euamoebida;Hartmannellidae;Nolandella,4,4
Bacteria;Pseudomonadota;Alphaproteobacteria;Maricaulales;Maricaulaceae;Maricaulis;Maricaulis maris,3,3
Protozoa;Endomyxa;Ascetosporea;Haplosporida,7,7
Fungi;Ascomycota;Saccharomycetes;Saccharomycetales,109,6548
Fungi;Mucoromycota;Glomeromycetes;Paraglomerales;Paraglomeraceae;NA;Paraglomeraceae sp.,4,390
Plantae;Streptophyta;Magnoliopsida;Caryophyllales;Polygonaceae;Rheum;Rheum rhaponticum,1,1
Plantae;Rhodophyta;Florideophyceae;Peyssonneliales;Peyssonneliaceae;Sonderophycus;Sonderophycus fervens,1,1
Chromista;Ciliophora;Nassophorea;Nassulida;Furgasoniidae;Furgasonia;Furgasonia blochmanni,27,27
Chromista;Oomycota;NA;Saprolegniales;Saprolegniaceae;Aphanomyces;Aphanomyces sp. APH1,1,1
Fungi;Basidiomycota;Ustilaginomycetes;Ustilaginales;Ustilaginaceae;Ustilago;Ustilago esculenta,2,13
Chromista;Apicomplexa;Conoidasida;Archigregarinorida;Selenidiidae;Selenidium;Selenidium fallax,1,1
Chromista;NA;Centroplasthelida;Pterocystida;Pterocystidae;Pterocystis;Pterocystis sp. JJP-2003,1,1
Animalia;Cnidaria;Hydrozoa;Siphonophorae;Physaliidae;Physalia;Physalia sp. DRP-2009,4,60
Chromista;Ciliophora;Litostomatea;Vestibuliferida;Pycnotrichidae;Buxtonella;Buxtonella sulcata,3,13
Animalia;Gastrotricha;NA;Chaetonotida;Chaetonotidae,3,3
Protozoa;Evosea;NA;Mastigamoebida;Mastigamoebidae;Mastigamoeba;Mastigamoeba sp. IC-2012f,5,115
Bacteria;Pseudomonadota;Gammaproteobacteria;Methylococcales;Methylococcaceae;NA;Methylococcaceae bacterium,1,1
Plantae;Streptophyta;Magnoliopsida;Fagales;Juglandaceae;Juglans,15,1273
Chromista;NA;Pelagophyceae,25,35
Chromista;NA;Dinophyceae;Peridiniales;Heterocapsaceae,14,14
Plantae;Streptophyta;Coleochaetophyceae;Coleochaetales;Chaetosphaeridiaceae;Chaetosphaeridium,3,7
Plantae;Streptophyta;Magnoliopsida;Boraginales;Heliotropiaceae;Euploca,1,1
Fungi;Basidiomycota;Agaricomycetes;Agaricales;Clitocybaceae,1,1
Protozoa;Discosea;Flabellinia;Dactylopodida;Paramoebidae;Korotnevella;Korotnevella jeppesenii,1,1
Animalia;Cnidaria;Hydrozoa;Anthoathecata;Corymorphidae;Hataia;Hataia parva,3,3
Bacteria;Pseudomonadota;Alphaproteobacteria;Hyphomicrobiales;Stappiaceae;Pseudovibrio;Pseudovibrio sp.,1,1
Plantae;Chlorophyta;Chlorophyceae;Sphaeropleales;Scenedesmaceae;Hariotina;Hariotina reticulata,1,1
Bacteria;Acidobacteria;Holophagae;Holophagales;NA;NA;Holophagales bacterium,1,1
Animalia;Annelida;Clitellata;Branchiobdellida,2,6
Protozoa;Euglenozoa;Kinetoplastea;Trypanosomatida;Trypanosomatidae;Trypanosoma;Trypanosoma cascavelli,1,1
Fungi;Ascomycota;Dothideomycetes;Dothideales,7,18
Bacteria;Pseudomonadota;Alphaproteobacteria;Sphingomonadales;Sphingomonadaceae;Sphingomonas;Sphingomonas sp.,2,10
Chromista;NA;Dinophyceae;Gymnodiniales;Gymnodiniaceae;Ankistrodinium;Ankistrodinium semilunatum,1,1
Fungi;Ascomycota;Eurotiomycetes;Chaetothyriales;NA;NA;Chaetothyriales sp. MMO7,1,1
Animalia;Cnidaria;Hydrozoa;Leptothecata;Obeliidae;Obelia;Obelia dichotoma,1,1
Chromista;Ciliophora;Oligohymenophorea;Sessilida;Vorticellidae;Vorticella;Vorticella campanula,1,1
Bacteria;Pseudomonadota;Alphaproteobacteria;Sphingomonadales;Sphingomonadaceae;Novosphingobium;Novosphingobium silvae,16,130
Animalia;Chordata;Mammalia;Rodentia;Muridae;Rattus;Rattus norvegicus,1,1
Plantae;Rhodophyta;Florideophyceae;Halymeniales;Halymeniaceae,5,5
Chromista;NA;Bigyra;Bicosoecida,6,10
Protozoa;Euglenozoa;NA;Diplonemea,10,10
Plantae;Streptophyta;Magnoliopsida;Malpighiales;Euphorbiaceae;Plukenetia;Plukenetia corniculata,1,1
Plantae;Streptophyta;Magnoliopsida;Asterales;Asteraceae;Doronicum;Doronicum falconeri,2,2
Animalia;Platyhelminthes;Catenulida;NA;Stenostomidae;Stenostomum;Stenostomum leucops,5,6
Animalia;Arthropoda;Insecta;Coleoptera;Lycidae,1,1
Fungi;Mucoromycota;Glomeromycetes;Glomerales;Glomeraceae;Rhizoglomus;Rhizoglomus dalpeae,1,1
Fungi;Chytridiomycota;Chytridiomycetes;Zygophlyctidales;Zygophlyctidaceae;Zygophlyctis;Zygophlyctis planktonica,23,628
Bacteria;Pseudomonadota;Alphaproteobacteria;NA;NA;NA;alpha proteobacterium SAORIC-651,1,1
Animalia;Gastrotricha;NA;Chaetonotida;Chaetonotidae;Chaetonotus;Chaetonotus sp. 1 MK-2019,3,3
Fungi;Basidiomycota;Agaricomycetes;Corticiales;Corticiaceae;Sistotrema,12,290
Animalia;Platyhelminthes;Rhabditophora;Macrostomida;Microstomidae;Microstomum,4,4
Plantae;Streptophyta;Magnoliopsida;Solanales;Solanaceae;Physalis;Physalis angulata,1,1
Bacteria;Nitrospirae;Nitrospira;Nitrospirales;Nitrospiraceae,1,1
Animalia;Porifera;Demospongiae;Verongiida;Aplysinidae;Aplysina,4,14
Chromista;NA;Centroplasthelida;Pterocystida;Pterocystidae;Chlamydaster;Chlamydaster sterni,9,9
Chromista;NA;Chrysophyceae;Chromulinales;Chromulinaceae,12,21
Fungi;Mucoromycota;Glomeromycetes;Diversisporales;Diversisporaceae;Diversispora,5,7
Plantae;Streptophyta;Magnoliopsida;Malpighiales;Clusiaceae;Clusia;Clusia trochiformis,1,1
Fungi;Ascomycota;Lecanoromycetes;Caliciales;Physciaceae;Physconia;Physconia perisidiosa,1,1
Chromista;Oomycota;NA;Pythiales;Pythiaceae;Pythium;Pythium terrestris,8,8
Animalia;Cnidaria;Hydrozoa;Siphonophorae,9,9
Animalia;Heterolobosea;NA;NA;Vahlkampfiidae;Naegleria;Naegleria koreanum,5,228
Chromista;NA;Chrysophyceae;NA;Apoikiaceae;Apoikiospumella;Apoikiospumella mondseeiensis,11,31
Bacteria;Pseudomonadota;Alphaproteobacteria;Rhodobacterales;Roseobacteraceae;Pelagimonas;Pelagimonas phthalicica,4,4
Protozoa;Cercozoa;NA;Cercomonadida;Cercomonadidae;Eocercomonas;Eocercomonas sp. HFCC 907,2,2
Chromista;NA;Phaeophyceae;Ectocarpales;Chordariaceae;Laminariocolax;Laminariocolax tomentosoides,4,4
Plantae;Chlorophyta;Pyramimonadophyceae;Pyramimonadales;Pyramimonadaceae,12,12
Animalia;Arthropoda;Hexanauplia;Cyclopoida;Oithonidae,4,4
Chromista;Ciliophora;Litostomatea;Haptorida;Lacrymariidae;Phialina;Phialina pupula,6,1012
Plantae;Streptophyta;Magnoliopsida;Caryophyllales;Aizoaceae;Acrosanthes,2,2
Chromista;NA;Dinophyceae;Syndiniales;Eudubosquellidae;Euduboscquella;Euduboscquella sp. ex Favella arcuata,8,8
Fungi;Basidiomycota;Tremellomycetes;Cystofilobasidiales;Mrakiaceae;Phaffia;Phaffia rhodozyma,2,2
Chromista;NA;Cryptophyceae;Cryptomonadales;Hemiselmidaceae;Hemiselmis;Hemiselmis virescens,1,1
Chromista;NA;Phaeophyceae;Ectocarpales;Ectocarpaceae,4,4
Plantae;Streptophyta;Magnoliopsida;Zingiberales;Musaceae;Musa,1,1
Protozoa;NA;Choanoflagellata;Craspedida;Salpingoecidae;Sphaeroeca;Sphaeroeca volvox,22,1152
Bacteria;Planctomycetota;Planctomycetia,96,6821
Fungi;Ascomycota;Arthoniomycetes,1,1
Chromista;Ciliophora;Spirotrichea;NA;Strombidiidae;Omegastrombidium;Omegastrombidium elegans,2,2
Chromista;NA;Dinophyceae;Peridiniales;Protoperidiniaceae;Protoperidinium;Protoperidinium excentricum,3,3
Chromista;Haptophyta;NA;Isochrysidales;Isochrysidaceae,1,1
Chromista;Ciliophora;Spirotrichea;Sporadotrichida;Oxytrichidae;Oxytricha;Oxytricha sp.,2,2
Chromista;Apicomplexa;Conoidasida;Eucoccidiorida;Cryptosporidiidae;Cryptosporidium;Cryptosporidium fragile,2,2
Plantae;Streptophyta;Magnoliopsida;Asparagales;Amaryllidaceae;Allium;Allium thunbergii,1,1
Animalia;Nematoda;Enoplea;Enoplida;Leptosomatidae;Platonova,3,3
Chromista;Apicomplexa,8,8
Chromista;Ciliophora;Phyllopharyngea;Chlamydodontida;Lynchellidae;Lynchella,6,10
Chromista;Ciliophora;Oligohymenophorea;Pleuronematida;Cyclidiidae;Cyclidium;Cyclidium marinum,1,1
Fungi;Ascomycota;Dothideomycetes;Pleosporales;Pleosporaceae;Alternaria;Alternaria sp. IA305,9,3907
Chromista;Apicomplexa;Aconoidasida;Piroplasmida;Babesiidae;Babesia;Babesia bovis,1,1
Chromista;NA;Dinophyceae;Peridiniales;Kryptoperidiniaceae;Kryptoperidinium;Kryptoperidinium sp. KryCA_Uniss,1,1
Bacteria;Pseudomonadota;Alphaproteobacteria;Rhodospirillales;Azospirillaceae;Skermanella;Skermanella aerolata,1,1
Chromista;Ciliophora;Oligohymenophorea;Philasterida;Philasteridae;Miamiensis;Miamiensis avidus,4,4
Chromista;Ciliophora;Phyllopharyngea;Chlamydodontida;Gastronautidae;Gastronauta;Gastronauta aloisi,2,2
Bacteria;Pseudomonadota;Deltaproteobacteria;Desulfuromonadales,4,4
Bacteria;Pseudomonadota;Deltaproteobacteria;Desulfuromonadales;Geobacteraceae;Geobacter;Geobacter sp. enrichment culture clone VanCtr1,15,448
Fungi;Basidiomycota;Tremellomycetes;Filobasidiales;Piskurozymaceae;Solicoccozyma;Solicoccozyma phenolica,2,6
Animalia;Mollusca;Gastropoda;Littorinimorpha;Lacunidae;Lacuna;Lacuna vincta,1,1
Chromista;Bacillariophyta;Bacillariophyceae;Bacillariales;Bacillariaceae;Pseudo-nitzschia;Pseudo-nitzschia heimii,1,1
Protozoa;Euglenozoa;Kinetoplastea;Eubodonida;Bodonidae;NA;Bodonidae sp. HFCC654,5,15
Chromista;Bacillariophyta;Coscinodiscophyceae;Melosirales;Melosiraceae;Melosira;Melosira dubia,5,5
Chromista;NA;Bigyra;Thraustochytrida;Thraustochytriaceae;Ulkenia;Ulkenia sp. HUBOL-2,1,1
Chromista;NA;Dinophyceae;NA;NA;NA;Dinophyta sp. NY011,12,12
Chromista;Ciliophora;Litostomatea;Cyclotrichida;Mesodiniidae;Mesodinium;Mesodinium rubrum,8,8
Animalia;Arthropoda;Hexanauplia;Poecilostomatoida;Corycaeidae;Corycaeus;Corycaeus speciosus,4,4
Plantae;Streptophyta;Magnoliopsida;Solanales;Solanaceae;Solanum;Solanum lycopersicum,9,257
Animalia;Cnidaria;Hydrozoa;Leptothecata;Plumulariidae;Plumularia,1,1
Chromista;NA;Dinophyceae;Abediniales;Abediniaceae;Abedinium,5,5
Plantae;Streptophyta;Magnoliopsida;Rosales;Urticaceae;Leucosyke;Leucosyke puya,1,1
Protozoa;NA;NA;Apusomonadida;Apusomonadidae,3,3
Bacteria;Pseudomonadota;Alphaproteobacteria;Hyphomicrobiales;Brucellaceae;Brucella;Brucella lupini,1,1
Fungi;Mucoromycota;Glomeromycetes;Glomerales;Glomeraceae;Glomus;Glomus macrocarpum,1,1
Chromista;NA;Eustigmatophyceae;Eustigmatales;Monodopsidaceae;Nannochloropsis,8,8
Plantae;Chlorophyta;Trebouxiophyceae;Chlorellales;Chlorellaceae;Dictyosphaerium,1,1
Fungi;Ascomycota;Dothideomycetes;Pleosporales;Cucurbitariaceae;Pyrenochaeta;Pyrenochaeta nobilis,1,1
Animalia;Rotifera;Eurotatoria;Ploima;Synchaetidae;Synchaeta;Synchaeta stylata,2,2
Bacteria;Pseudomonadota;Deltaproteobacteria,49,3846
Plantae;Chlorophyta;Chlorophyceae;Sphaeropleales;Hydrodictyaceae;Pediastrum;Pediastrum duplex,1,1
Fungi;Basidiomycota;Tremellomycetes;Cystofilobasidiales;Mrakiaceae;Tausonia;Tausonia pullulans,11,37
Animalia;Arthropoda;Hexanauplia;Harpacticoida;Harpacticidae;Tigriopus,2,2
Chromista;Bacillariophyta;Coscinodiscophyceae;Coscinodiscales;Heliopeltaceae;Actinoptychus;Actinoptychus sinensis,6,6
Animalia;Annelida;Clitellata;Tubificida;Naididae,18,1444
Plantae;Streptophyta;Magnoliopsida;Brassicales;Brassicaceae;Brassica,1,1
Animalia;Mollusca;Polyplacophora,2,2
Bacteria;Pseudomonadota;Alphaproteobacteria;Maricaulales;Maricaulaceae;Glycocaulis,1,1
Chromista;NA;Dinophyceae;Gonyaulacales;Heterodiniaceae;Heterodinium;Heterodinium milneri,1,1
Bacteria;Pseudomonadota;Gammaproteobacteria;Alteromonadales;Pseudoalteromonadaceae;Pseudoalteromonas,1,1
Bacteria;Pseudomonadota;Acidithiobacillia;Acidithiobacillales;Acidithiobacillaceae;Acidithiobacillus,1,1
Chromista;Ciliophora;Oligohymenophorea;Sessilida;Vorticellidae;Carchesium;Carchesium polypinum,51,3225
Animalia;Arthropoda;Ostracoda;Myodocopida;Philomedidae;Euphilomedes;Euphilomedes cacharodonta,2,2
Chromista;NA;Bigyra;Amphitremida;NA;Diplophrys;Diplophrys sp. ATCC_50360,1,1
Chromista;NA;Cryptophyceae;Cryptomonadales;Cryptomonadaceae;Cryptomonas;Cryptomonas pyrenoidifera,4,81
Chromista;Ciliophora;Oligohymenophorea;Philasterida;Philasteridae;Philaster;Philaster apodigitiformis,20,20
Chromista;Ciliophora;Spirotrichea;Euplotida;Uronychiidae;Diophrys;Diophrys blakeneyensis,1,1
Plantae;Streptophyta;Magnoliopsida;Rosales;Urticaceae;Laportea;Laportea mooreana,1,1
Fungi;Basidiomycota;Microbotryomycetes;Sporidiobolales;NA;NA;Sporidiobolales sp. LM531,8,454
Chromista;Bacillariophyta;Coscinodiscophyceae;Chaetocerotales;Chaetocerotaceae;Chaetoceros;Chaetoceros debilis,8,8
Chromista;Ciliophora;Phyllopharyngea;Chlamydodontida;Chlamydodontidae;Chlamydodon,17,17
Protozoa;Euglenozoa;Euglenida;Petalomonadida;Sphenomonadidae;Sphenomonas;Sphenomonas cf. tristriata,5,5
Chromista;NA;Synurophyceae;Synurales;Mallomonadaceae;Synura;Synura petersenii,5,6
Bacteria;Pseudomonadota;Gammaproteobacteria,97,2837
Fungi;Mucoromycota;Umbelopsidomycetes;Umbelopsidales;Umbelopsidaceae;Umbelopsis,1,1
Chromista;NA;Dinophyceae;Peridiniales;Protoperidiniaceae;Protoperidinium;Protoperidinium crassipes,4,4
Animalia;Porifera;Demospongiae;Spongillida,3,3
Fungi;Ascomycota;Lichinomycetes;Lichinales;Peltulaceae;Peltula,1,1
Animalia;Bryozoa;Stenolaemata;Cyclostomatida;Crisiidae;Crisia;Crisia sp. YJP-2003,1,1
Plantae;Chlorophyta;Ulvophyceae;Ulotrichales;Ulotrichaceae;Urospora;Urospora neglecta,1,1
Animalia;Tardigrada;Heterotardigrada;Echiniscoidea;Echiniscidae;Cornechiniscus,2,2
Protozoa;Euglenozoa;Euglenida;Euglenales;Euglenaceae;Euglena;Euglena viridis,1,1
Chromista;Cercozoa;Imbricatea;Thaumatomonadida;Thaumatomastigidae;Protaspis;Protaspis obliqua,5,5
Plantae;Streptophyta;Magnoliopsida;Malvales;Malvaceae;Malvastrum;Malvastrum coromandelianum,2,2
Fungi;Basidiomycota;Malasseziomycetes,14,33
Animalia;Arthropoda;Symphyla;NA;Scutigerellidae,1,1
Protozoa;Euglenozoa;Euglenida;Euglenales;Euglenaceae;Euglenaria;Euglenaria anabaena,1,1
Animalia;Annelida;Polychaeta;NA;Chaetopteridae,4,4
Bacteria;Pseudomonadota;Oligoflexia;Bdellovibrionales;Pseudobdellovibrionaceae;Bdellovibrio;Bdellovibrio sp.,1,1
Chromista;NA;Dinophyceae;Gonyaulacales;Goniodomataceae;Gambierdiscus;Gambierdiscus caribaeus,26,26
Plantae;Streptophyta;Magnoliopsida;Malpighiales;Phyllanthaceae,1,1
Plantae;Streptophyta;Magnoliopsida;Malpighiales;Euphorbiaceae;Dalechampia,1,1
Chromista;Oomycota;NA;Peronosporales;Peronosporaceae,34,852
Plantae;Chlorophyta;Chlorophyceae;Chlamydomonadales,13,13
Fungi;Ascomycota;Sordariomycetes;Hypocreales;Bionectriaceae;Nectriopsis;Nectriopsis exigua,3,743
Chromista;Cercozoa;Imbricatea;Thaumatomonadida;NA;Allas;Allas sp.,7,7
Chromista;NA;Bigyra;Bicosoecida;Siluaniidae;Adriamonas;Adriamonas sp.,10,24
Fungi;Basidiomycota;Tremellomycetes;Trichosporonales;Trichosporonaceae,11,39
Chromista;Bacillariophyta;Fragilariophyceae;Licmophorales;Licmophoraceae;Licmophora,2,3
Chromista;NA;Dinophyceae;Syndiniales;Amoebophryaceae;Amoebophrya;Amoebophrya sp. ex Prorocentrum minimum,10,10
Fungi;Ascomycota;Eurotiomycetes;Onygenales;Arthrodermataceae,1,1
Protozoa;NA;Ichthyosporea;Ichthyophonida;Amoebidiaceae;Paramoebidium;Paramoebidium sp. CMJ-2003,1,1
Fungi;Basidiomycota;Cystobasidiomycetes;Cystobasidiales;Cystobasidiaceae;Cystobasidium;Cystobasidium sp.,3,3
Bacteria;Pseudomonadota;Alphaproteobacteria;Sphingomonadales;Erythrobacteraceae;Erythrobacter;Erythrobacter sp. JL1017,1,1
Chromista;NA;Dinophyceae;Peridiniales;Peridiniaceae;Pentapharsodinium;Pentapharsodinium tyrrhenicum,6,6
Fungi;Mucoromycota;Glomeromycetes;Glomerales;Glomeraceae;NA;Glomeraceae sp.,18,1185
Fungi;Ascomycota;Leotiomycetes;Helotiales;Discinellaceae;Varicosporium;Varicosporium elodeae,3,116
Fungi;Ascomycota;Sordariomycetes;Hypocreales;Ophiocordycipitaceae;Ophiocordyceps;Ophiocordyceps sp.,1,1
Chromista;Oomycota;NA;Peronosporales;Peronosporaceae;Peronospora,1,1
Fungi;Ascomycota;Dothideomycetes;Mycosphaerellales;Mycosphaerellaceae;Mycovellosiella;Mycovellosiella phaseoli,1,1
Chromista;NA;Bigyra;Thraustochytrida;Thraustochytriaceae;Thraustochytrium;Thraustochytrium sp. LLF1b,1,1
Animalia;Arthropoda;Insecta;Lepidoptera,4,4
Chromista;NA;Dinophyceae;NA;NA;Echinidinium;Echinidinium karaense,11,11
Animalia;Arthropoda;Malacostraca;Decapoda;Varunidae;Gaetice;Gaetice depressus,1,1
Protozoa;Cercozoa;NA;Cercomonadida;Cercomonadidae;Cavernomonas,1,1
Fungi;Ascomycota;Eurotiomycetes;Eurotiales;Aspergillaceae;Penicillium;Penicillium glandicola,18,28
Animalia;Platyhelminthes;Catenulida;NA;Stenostomidae;Stenostomum,3,6
Chromista;NA;Cryptophyceae;Cryptomonadales;Hemiselmidaceae;Hemiselmis;Hemiselmis rufescens,7,7
Chromista;NA;Phaeophyceae;Ectocarpales;Scytosiphonaceae,1,1
Animalia;Mollusca;Bivalvia;Venerida,4,4
Fungi;Mucoromycota;Glomeromycetes;Glomerales;Glomeraceae;Glomus;Glomus sp. 8 SUN-2011,14,16
Protozoa;Discosea;Flabellinia;NA;Vannellidae;Vannella;Vannella sp. strain CH88/I,3,133
Bacteria;Pseudomonadota;Alphaproteobacteria;Sphingomonadales;Sphingomonadaceae;Hankyongella;Hankyongella ginsenosidimutans,3,3
Fungi;Ascomycota;Dothideomycetes;Pleosporales;Pleosporaceae,12,15361
Protozoa;Cercozoa;NA;Cercomonadida;Cercomonadidae;Cercomonas;Cercomonas sp.,2,2
Chromista;Apicomplexa;Conoidasida;Eucoccidiorida;Sarcocystidae;Sarcocystis;Sarcocystis sp.,20,20
Animalia;Annelida;Polychaeta;Sabellida;Sabellariidae;Sabellaria;Sabellaria alveolata,23,764
Animalia;Arthropoda;Diplopoda;Spirostreptida;Harpagophoridae,1,1
Chromista;NA;Dinophyceae;Suessiales;Suessiaceae;Yihiella;Yihiella yeosuensis,17,17
Chromista;NA;Phaeophyceae;Laminariales;Lessoniaceae;Lessonia;Lessonia trabeculata,2,2
Fungi;Basidiomycota;Agaricomycetes;Agaricales;NA;Dendrothele;Dendrothele bispora,2,9
Plantae;Streptophyta;Magnoliopsida;Asterales;Asteraceae;Doronicum,1,1
Chromista;Ciliophora;Spirotrichea;Pseudoamphisiellida,4,4
Animalia;Arthropoda;Hexanauplia;Poecilostomatoida;Oncaeidae,1,1
Fungi;Basidiomycota;Geminibasidiomycetes;Geminibasidiales;Geminibasidiaceae,2,2
Chromista;Ciliophora;Oligohymenophorea;Philasterida;Loxocephalidae;Dexiotricha;Dexiotricha elliptica,3,3
Chromista;Ciliophora;Spirotrichea;Pseudoamphisiellida;NA;Pseudoamphisiella,1,1
Chromista;Ciliophora;Spirotrichea;Sporadotrichida;Oxytrichidae;Oxytricha;Oxytricha seokmoensis,2,11
Plantae;Streptophyta;Magnoliopsida;Sapindales;Sapindaceae;Acer;Acer buergerianum,27,27
Plantae;Streptophyta;Magnoliopsida;Fabales;Fabaceae;Crotalaria;Crotalaria goreensis,1,1
Fungi;Mucoromycota;Glomeromycetes;Glomerales;Glomeraceae;Glomus;Glomus sp. 6 SUN-2011,1,1
Plantae;Chlorophyta;Trebouxiophyceae;Chlorellales;Chlorellaceae;Nannochloris,2,2
Chromista;Ciliophora;Oligohymenophorea;Sessilida;Vorticellidae;Pseudovorticella;Pseudovorticella annulata,3,8
Animalia;Arthropoda;Insecta;Hymenoptera;Mutillidae;Odontophotopsis;Odontophotopsis erebus,1,1
Animalia;Arthropoda;Hexanauplia;Calanoida;Metridinidae;Metridia;Metridia gerlachei,4,4
Bacteria;Pseudomonadota;Oligoflexia;NA;NA;NA;Oligoflexia bacterium,22,534
Animalia;Cnidaria,23,23
Animalia;Ctenophora;Tentaculata;Lobata;Bolinopsidae;Mnemiopsis;Mnemiopsis leidyi,2,2
Fungi;Basidiomycota;Agaricomycetes;Auriculariales;Auriculariaceae;Alloexidiopsis;Alloexidiopsis calcea,1,1
Chromista;Ciliophora;Heterotrichea;Heterotrichida;Condylostomatidae;Condylostoma;Condylostoma spatiosum,1,1
Animalia;Chordata;Actinopteri;Cypriniformes,1,1
Plantae;Streptophyta;Magnoliopsida;Celastrales;Celastraceae;Euonymus;Euonymus schensianus,1,1
Plantae;Chlorophyta;Chlorophyceae;Chlamydomonadales;Chlamydomonadaceae;Chlamydomonas;Chlamydomonas sp. KMMCC 189,2,472
Animalia;Arthropoda;Insecta;Orthoptera,7,7
Animalia;Cnidaria;Hydrozoa;Siphonophorae;Diphyidae,10,10
Fungi;Ascomycota;Saccharomycetes;Saccharomycetales;Phaffomycetaceae;Starmera;[Candida] berthetii,3,3
Bacteria;Pseudomonadota;Alphaproteobacteria;Rhodospirillales;Azospirillaceae;Niveispirillum;Niveispirillum fermenti,8,8
Protozoa;NA;Ichthyosporea;Dermocystida;NA;Dermocystidium;Dermocystidium salmonis,1,1
Animalia;Chordata;Ascidiacea;Stolidobranchia;Pyuridae;Pyura;Pyura haustor,3,4
Animalia;Mollusca;Gastropoda;Trochida;Margaritidae;Margarites;Margarites helicinus,1,1
Fungi;Basidiomycota;Agaricomycetes;Cantharellales;Tulasnellaceae;Tulasnella;Tulasnella asymmetrica,3,71
Protozoa;Heterolobosea;NA;NA;Acrasidae,7,164
Fungi;Ascomycota;Dothideomycetes;Pleosporales;Didymellaceae;Phoma;Phoma sp.,2,10
Plantae;Streptophyta;Magnoliopsida;Poales;Poaceae;Cinnagrostis,4,7
Chromista;NA;Dinophyceae;Syndiniales;Eudubosquellidae;Euduboscquella;Euduboscquella sp. ex Tintinnopsis sp. 2,15,15
Animalia;Nemertea;Pilidiophora;Heteronemertea;Lineidae;Maculaura;Maculaura alaskensis,1,1
Fungi;Ascomycota;Dothideomycetes;Dothideales;Saccotheciaceae;Aureobasidium;Aureobasidium sp. AmEc2,1,1
Animalia;Cnidaria;Anthozoa;Scleractinia;Merulinidae;Favites,1,1
Fungi;Ascomycota;Leotiomycetes;Helotiales,28,606
Plantae;Streptophyta;Magnoliopsida;Rosales;Urticaceae;Elatostema;Elatostema qinzhouense,2,3
Animalia;Arthropoda;Arachnida;Opiliones,1,1
Chromista;NA;Chrysophyceae,97,6731
Chromista;Ciliophora;Colpodea;Cyrtolophosidida;Platyophryidae;Platyophrya;Platyophrya vorax,7,617
Chromista;NA;Cryptophyceae;Kathablepharidacea;Katablepharidaceae;Leucocryptos;Leucocryptos marina,17,17
Chromista;NA;Dinophyceae;Gonyaulacales;Pyrocystaceae;Alexandrium;Alexandrium pseudogonyaulax,2,2
Plantae;Streptophyta;Magnoliopsida;Poales;Poaceae;Deschampsia,5,8
Fungi;Ascomycota;Dothideomycetes;Cladosporiales;Cladosporiaceae,5,7
Chromista;NA;Raphidophyceae;Chattonellales;Chattonellaceae;Heterosigma;Heterosigma akashiwo,6,6
Fungi;Ascomycota;Dothideomycetes;Venturiales;Sympoventuriaceae,4,4
Fungi;Basidiomycota;Tremellomycetes;Tremellales;Bulleraceae;Bullera;Bullera alba,3,3
Bacteria;Pseudomonadota;Alphaproteobacteria;Rhodospirillales;Acetobacteraceae;Rhodovastum;Rhodovastum atsumiense,3,3
Chromista;Ciliophora;Oligohymenophorea;Peniculida;Apofrondoniidae;Apofrontonia;Apofrontonia dohrni,1,1
Bacteria;Pseudomonadota;Alphaproteobacteria;Pelagibacterales;Pelagibacteraceae;Candidatus Pelagibacter,17,17
Bacteria;Bacillota;Bacilli;Lactobacillales;Aerococcaceae;Aerococcus,1,1
Fungi;Ascomycota;Saccharomycetes;Saccharomycetales;Debaryomycetaceae,7,32
Bacteria;Pseudomonadota,71,3913
Plantae;Rhodophyta,8,8
Animalia;Cnidaria;Hydrozoa;Anthoathecata;Corynidae;Stauridiosarsia,1,1
Plantae;Streptophyta;Magnoliopsida;Solanales;Convolvulaceae;Calystegia,1,1
Animalia;Tardigrada,2,2
Chromista;NA;Chrysophyceae;Chrysosphaerales;Chrysosaccaceae;Chrysosaccus;Chrysosaccus sp. CCMP368,13,4184
Chromista;Ciliophora;Spirotrichea;Sporadotrichida;Gonostomatidae;Gonostomum;Gonostomum sp. JS-2012,1,1
Chromista;NA;Dinophyceae;Peridiniales;Protoperidiniaceae;Protoperidinium;Protoperidinium pellucidum,4,4
Animalia;Nemertea;Palaeonemertea;Tubulaniformes;Tubulanidae;Carinina,1,1
Bacteria;Pseudomonadota;Alphaproteobacteria;Sphingomonadales;Sphingomonadaceae;Parasphingorhabdus;Parasphingorhabdus flavimaris,1,1
Fungi;Basidiomycota;Agaricomycetes;Agaricales;Pleurotaceae;Pleurotus;Pleurotus citrinopileatus,4,2959
Fungi;Basidiomycota;Ustilaginomycetes;Ustilaginales;Ustilaginaceae,11,4451
Chromista;NA;Bigyra;Labyrinthulida;Labyrinthulaceae;Labyrinthula,18,18
Bacteria;Pseudomonadota;Gammaproteobacteria;Alteromonadales,8,8
Plantae;Chlorophyta;Mamiellophyceae;Mamiellales;Bathycoccaceae;Ostreococcus;Ostreococcus sp. 'lucimarinus',3,3
Chromista;NA;Phaeophyceae;Fucales;Sargassaceae;Sargassum,2,2
Plantae;Streptophyta;Magnoliopsida;Fabales;Fabaceae;Acacia;Acacia lysiphloia,1,1
Plantae;Rhodophyta;Florideophyceae;Acrochaetiales;Acrochaetiaceae,1,1
Chromista;Ciliophora;Prostomatea;Prorodontida;Holophryidae;Pelagothrix;Pelagothrix alveolata,1,1
Chromista;Haptophyta;NA;Prymnesiales;Chrysochromulinaceae;Chrysochromulina;Chrysochromulina sp. MBIC10513,1,1
Plantae;Rhodophyta;Florideophyceae;Peyssonneliales;Peyssonneliaceae,2,2
Protozoa;NA;Choanoflagellata;Craspedida;Salpingoecidae;Salpingoeca;Salpingoeca amphoridium,7,7
Chromista;NA;Dinophyceae;Peridiniales;Amphidiniopsidaceae;Amphidiniopsis;Amphidiniopsis sp. MH-2016,5,5
Animalia;Chordata;Actinopteri;Pleuronectiformes;Pleuronectidae;Limanda;Limanda limanda,1,1
Chromista;NA;Cryptophyceae;Cyathomonadacea;Goniomonadaceae;Goniomonas,1,1
Bacteria;Verrucomicrobia;Verrucomicrobiae;Verrucomicrobiales;Verrucomicrobiaceae,49,3964
Chromista;NA;Dinophyceae;Syndiniales;Amoebophryaceae;Amoebophrya,4,4
Chromista;NA;Bigyra;Opalinata;Blastocystidae;Blastocystis,6,6
Protozoa;Euglenozoa;Euglenida;NA;NA;Neometanema;Neometanema larsenii,2,14
Plantae;Chlorophyta;Chlorophyceae;Chlamydomonadales;Chlamydomonadaceae;Polytomella,1,1
Bacteria;Planctomycetota;Planctomycetia;Planctomycetales;Planctomycetaceae;NA;Planctomycetaceae bacterium,5,5
Animalia;Chordata;Ascidiacea;Stolidobranchia;Pyuridae,5,5
Plantae;Streptophyta;Jungermanniopsida;Porellales;Lejeuneaceae;Lepidolejeunea,2,2
Chromista;NA;Dinophyceae;Suessiales;Symbiodiniaceae,19,19
Bacteria;Pseudomonadota;Gammaproteobacteria;Oceanospirillales,3,3
Fungi;Ascomycota;Arthoniomycetes;Arthoniales;NA;NA;Arthoniales sp.,3,311
Fungi;Basidiomycota;Agaricomycetes;Agaricales;Hygrophoraceae,3,3
Animalia;Chordata;Actinopteri;Uranoscopiformes;Ammodytidae,5,5
Bacteria;Pseudomonadota;Gammaproteobacteria;Alteromonadales;Shewanellaceae;Shewanella;Shewanella gelidii,4,4
Bacteria;Pseudomonadota;Alphaproteobacteria;Hyphomicrobiales;Phyllobacteriaceae;Aminobacter;Aminobacter sp. MDW-2,3,3
Plantae;Chlorophyta;Chlorophyceae;Chaetophorales,4,4
Protozoa;Discosea;NA;Longamoebia,4,4
Animalia;Arthropoda;Hexanauplia;Calanoida;Centropagidae;Sinocalanus;Sinocalanus sp.,5,5
Chromista;Perkinsozoa;NA;Perkinsida;Perkinsidae;Perkinsus,2,2
Plantae;Chlorophyta;Trebouxiophyceae;Watanabeales;NA;Chloroidium,2,2
Protozoa;NA;Ichthyosporea;Ichthyophonida;NA;Anurofeca;Anurofeca richardsi,1,1
Bacteria;Acidobacteria;Acidobacteriia;Bryobacterales;NA;NA;Bryobacterales bacterium F-183,3,4
Bacteria;Pseudomonadota;Alphaproteobacteria;Rickettsiales;Rickettsiaceae;Rickettsia;Candidatus Rickettsia Torix (Bemisia tabaci),2,2
Chromista;Bacillariophyta;Fragilariophyceae;Licmophorales;Ulnariaceae;Ulnaria;Ulnaria ulna,2,2
Chromista;Haptophyta;NA;Isochrysidales;Isochrysidaceae;Isochrysis,1,1
Plantae;Streptophyta;Magnoliopsida;Poales;Poaceae;Coleanthus;Coleanthus subtilis,1,1
Bacteria;Pseudomonadota;Alphaproteobacteria;Hyphomicrobiales;Phyllobacteriaceae;Mesorhizobium;Mesorhizobium loti,2,2
Fungi;Ascomycota;Eurotiomycetes;Eurotiales;Aspergillaceae;Aspergillus;Aspergillus brasiliensis,1,1
Bacteria;Pseudomonadota;Alphaproteobacteria;Rhodospirillales;Rhodospirillaceae;Ferrovibrio;Ferrovibrio xuzhouensis,4,4
Chromista;Haptophyta;NA;Prymnesiales;Prymnesiaceae;Prymnesium;Prymnesium polylepis,2,2
Fungi;Ascomycota;Leotiomycetes;Helotiales;Discinellaceae;Lemonniera;Lemonniera terrestris,1,1
Plantae;Chlorophyta;Mamiellophyceae;Mamiellales;Mamiellaceae;Micromonas;Micromonas pusilla,10,10
Animalia;Rotifera;Eurotatoria;Ploima;Gastropidae;Ascomorpha;Ascomorpha ecaudis,7,7
Chromista;Ciliophora;Heterotrichea;Heterotrichida;Fabreidae;Fabrea;Fabrea salina,8,8
Bacteria;Pseudomonadota;Alphaproteobacteria;Hyphomicrobiales;Nitrobacteraceae;Bradyrhizobium;Bradyrhizobium sp. HDQ-01,1,1
Bacteria;Pseudomonadota;Alphaproteobacteria;Hyphomicrobiales;Methylobacteriaceae;Methylobacterium;Methylobacterium sp. MP3,2,2
Fungi;Ascomycota;Eurotiomycetes;Chaetothyriales;Trichomeriaceae;Bradymyces,1,1
Fungi;Ascomycota;Eurotiomycetes;Eurotiales;Aspergillaceae;Aspergillus;Aspergillus caninus,1,1
Chromista;Bacillariophyta;Coscinodiscophyceae;Thalassiosirales;Thalassiosiraceae;Minidiscus,3,3
Protozoa;NA;Choanoflagellata;Acanthoecida;Stephanoecidae,11,11
Protozoa;Discosea;Flabellinia;NA;Vannellidae;Ripella;Ripella platypodia,1,1
Plantae;Streptophyta;Magnoliopsida;Zingiberales;Marantaceae,1,1
Chromista;Ciliophora;Spirotrichea;Euplotida;Uronychiidae;Diophrys;Diophrys oligothrix,6,6
Chromista;Foraminifera;NA;Textulariida;Textulariidae;Textularia;Textularia agglutinans,1,1
Animalia;Porifera;Demospongiae;Spongillida;Spongillidae;Ephydatia,1,1
Plantae;Chlorophyta;Chlorophyceae;Sphaeropleales;Scenedesmaceae,4,4
Chromista;NA;Cryptophyceae;Pyrenomonadales;Chroomonadaceae;Chroomonas;Chroomonas caudata,1,1
Animalia;Arthropoda;Hexanauplia;Poecilostomatoida;Lichomolgidae;Lichomolgus;Lichomolgus marginatus,1,1
Animalia;Arthropoda;Hexanauplia;Calanoida;Clausocalanidae,7,7
Animalia;Arthropoda;Insecta;Hemiptera;Reduviidae;NA;Reduviidae sp.,1,1
Fungi;Basidiomycota;Agaricomycetes;Trechisporales;NA;Sistotremastrum;Sistotremastrum guttuliferum,2,2
Plantae;Streptophyta;Magnoliopsida;Poales;Poaceae;Trisetum;Trisetum preslii,2,2
Animalia;Cnidaria;Anthozoa;Pennatulacea;Virgulariidae;Acanthoptilum;Acanthoptilum sp.,1,1
Fungi;Ascomycota;Dothideomycetes;Cladosporiales;Cladosporiaceae;Cladosporium;Cladosporium limoniforme,34,164
Fungi;Ascomycota;Dothideomycetes;Pleosporales;Didymellaceae;Epicoccum;Epicoccum sorghinum,3,3
Fungi;Ascomycota;Eurotiomycetes;Chaetothyriales;Herpotrichiellaceae;Capronia;Capronia leucadendri,4,4
Protozoa;Euglenozoa;Kinetoplastea;Trypanosomatida;Trypanosomatidae,4,8
Chromista;Haptophyta;NA;Prymnesiales;Chrysochromulinaceae;Chrysochromulina;Chrysochromulina simplex,7,7
Chromista;Bacillariophyta;Coscinodiscophyceae;Thalassiosirales;Thalassiosiraceae;Thalassiosira;Thalassiosira profunda,21,118
Plantae;Streptophyta;Magnoliopsida;Malvales;Malvaceae;Gossypium;Gossypium bickii,2,2
Fungi;Basidiomycota;Agaricomycetes;Agaricales,26,1873
Bacteria;Pseudomonadota;Gammaproteobacteria;NA;NA;Candidatus Ovatusbacter;Candidatus Ovatusbacter abovo,1,1
Protozoa;Endomyxa;Ascetosporea;Haplosporida;Haplosporidiidae;Haplosporidium;Haplosporidium diporeiae,1,1
Fungi;Ascomycota;Saccharomycetes;Saccharomycetales;NA;Candida/Saccharomycetales;[Candida] blankii,1,1
Bacteria;Planctomycetota;Planctomycetia;Pirellulales;Lacipirellulaceae,3,3
Fungi;Basidiomycota;Tremellomycetes;Tremellales;Bulleribasidiaceae;Hannaella;Hannaella pagnoccae,1,1
Bacteria;Planctomycetota;Planctomycetia;Pirellulales;Thermoguttaceae;Thermogutta;Thermogutta terrifontis,1,1
Animalia;Arthropoda;Insecta;Hymenoptera;Diprionidae,2,3
Fungi;Basidiomycota;Tremellomycetes;Filobasidiales;Piskurozymaceae;Solicoccozyma;Solicoccozyma terrea,2,11
Bacteria;Pseudomonadota;Betaproteobacteria;Nitrosomonadales;Nitrosomonadaceae;Nitrosospira,7,7
Chromista;Oomycota;NA;Pythiales;Pythiaceae;Phytopythium;Phytopythium vexans,5,5
Bacteria;Pseudomonadota;Alphaproteobacteria;Rhodobacterales;Roseobacteraceae;Sulfitobacter;Sulfitobacter sp.,3,3
Animalia;Arthropoda;Diplopoda,6,1198
Plantae;Streptophyta;Magnoliopsida;Solanales;Convolvulaceae;Ipomoea,17,22
Chromista;NA;Chrysophyceae;Chromulinales;Chromulinaceae;Spumella;Spumella lacusvadosi,14,446
Bacteria;Pseudomonadota;Deltaproteobacteria;Desulfobacterales;Desulfobulbaceae;Desulfurivibrio;Desulfurivibrio alkaliphilus,2,2
Animalia;Ctenophora;Nuda;Beroida;Beroidae;Beroe;Beroe forskalii,3,3
Animalia;Arthropoda;Insecta;Psocoptera,1,1
Chromista;Ciliophora;Litostomatea;Haptorida;Trachelophyllidae;Foissnerides;Foissnerides sp.,1,1
Chromista;Ciliophora;Litostomatea;Haptorida;Dileptidae;Dileptus;Dileptus sp. FG-2015,1,1
Chromista;NA;Dinophyceae;Syndiniales;Amoebophryaceae;Amoebophrya;Amoebophrya sp. ex Gymnodinium instriatum,8,8
Chromista;Ciliophora;Spirotrichea;NA;Tontoniidae;Pseudotontonia;Pseudotontonia sp. JG-2011a,25,25
Chromista;NA;Chrysophyceae;Chromulinales;Chromulinaceae;Pedospumella,40,2038
Animalia;Mollusca;Gastropoda;Trochida,2,2
Animalia;Chaetognatha;Sagittoidea;Phragmophora;Spadellidae;Spadella,1,1
Plantae;Streptophyta;Magnoliopsida;Fabales;Fabaceae;Dalbergia;Dalbergia lanceolaria,3,3
Bacteria;Planctomycetota;Planctomycetia;Pirellulales;Pirellulaceae;Mariniblastus;Mariniblastus fucicola,52,3959
Chromista;Ciliophora;Spirotrichea;Euplotida;Euplotidae;Euplotes;Euplotes woodruffi,1,1
Fungi;Mucoromycota;Glomeromycetes;Glomerales;Glomeraceae;Septoglomus;Septoglomus sp. ZS-2014,3,3
Chromista;Ciliophora;Spirotrichea;Euplotida;Euplotidae,7,7
Fungi;Basidiomycota;Ustilaginomycetes;Ustilaginales,6,163
Bacteria;Pseudomonadota;Alphaproteobacteria;Rhodobacterales;Roseobacteraceae;Palleronia;Palleronia sediminis,1,1
Bacteria;Pseudomonadota;Gammaproteobacteria;Pseudomonadales;Pseudomonadaceae;Pseudomonas;Pseudomonas sp. WJ14,1,1
Protozoa;Evosea;NA;Mastigamoebida;Mastigamoebidae;Mastigamoeba;Mastigamoeba balamuthi,1,1
Animalia;Bryozoa;Gymnolaemata;Cheilostomatida,1,1
Animalia;Porifera,1,1
Protozoa;Euglenozoa;Kinetoplastea,75,6963
Bacteria;Pseudomonadota;Alphaproteobacteria;Rhodobacterales;Paracoccaceae;NA;Paracoccaceae bacterium,1,1
Chromista;Ciliophora;Litostomatea;Cyclotrichida;Mesodiniidae;Mesodinium;Mesodinium sp.,19,19
Animalia;Arthropoda;Insecta;Coleoptera;Coccinellidae;Naemia;Naemia seriata,1,1
Chromista;Ciliophora;Spirotrichea;Sporadotrichida;Trachelostylidae;Cotterillia;Cotterillia bromelicola,1,1
Chromista;Ciliophora;Oligohymenophorea;Sessilida;Vorticellidae;Apocarchesium;Apocarchesium rosettum,3,80
Chromista;Apicomplexa;Conoidasida;Archigregarinorida;Selenidiidae;Selenidium;Selenidium patagonica,3,3
Protozoa;Euglenozoa;Kinetoplastea;Neobodonida;NA;Rhynchobodo;Rhynchobodo sp. Hamilton Lake,1,1
Chromista;NA;Synurophyceae;Synurales;Mallomonadaceae;Synura;Synura sphagnicola,11,98
Chromista;Haptophyta;NA;Prymnesiales;Chrysochromulinaceae;Chrysochromulina;Chrysochromulina sp. NIES-1333,3,3
Chromista;Ciliophora;NA;NA;NA;Cryptocaryon;Cryptocaryon irritans,4,4
Animalia;Arthropoda;Malacostraca;Decapoda;Nephropidae;Homarus;Homarus americanus,1,1
Animalia;Cnidaria;Hydrozoa;Siphonophorae;Resomiidae;Resomia;Resomia ornicephala,3,3
Animalia;Annelida;Polychaeta;NA;Nerillidae;Mesonerilla;Mesonerilla sp. A MJH-2022,1,1
Chromista;Ciliophora;Oligohymenophorea;Hymenostomatida;Tetrahymenidae;Tetrahymena,43,590
Fungi;Basidiomycota;Agaricomycetes;Agaricales;Schizophyllaceae;Schizophyllum,2,11
Plantae;Chlorophyta;Chloropicophyceae;Chloropicales;Chloropicaceae;Chloroparvula;Chloroparvula pacifica,3,3
Chromista;Bacillariophyta;Fragilariophyceae;Fragilariales;Staurosiraceae,2,2
Fungi;Basidiomycota;Microbotryomycetes;Sporidiobolales;Sporidiobolaceae;Rhodotorula;Rhodotorula mucilaginosa,1,1
Plantae;Streptophyta;Magnoliopsida;Santalales;Loranthaceae;Loranthus;Loranthus tanakae,2,2
Fungi;Basidiomycota;Exobasidiomycetes,2,2
Animalia;Arthropoda;Hexanauplia;Poecilostomatoida;Corycaeidae,15,15
Plantae;Streptophyta;Magnoliopsida;Apiales;Apiaceae,4,4
Animalia;Ctenophora;Tentaculata;Cydippida;Pleurobrachiidae;NA;Undescribed mertensiid sp. 1,7,24
Chromista;Oomycota;NA;Peronosporales;Peronosporaceae;Peronospora;Peronospora chenopodii-ambrosioidis,1,1
Bacteria;Pseudomonadota;Alphaproteobacteria;Rhodospirillales;Rhodospirillaceae;Candidatus Endolissoclinum;Candidatus Endolissoclinum faulkneri,1,1
Plantae;Streptophyta;Magnoliopsida;Myrtales,2,2
Chromista;Apicomplexa;Conoidasida;Eugregarinorida;Lecudinidae;Paralecudina;Paralecudina anankea,1,1
Chromista;NA;Dinophyceae;Dinophysiales;Dinophysiaceae;Sinophysis;Sinophysis ebriola,7,7
Animalia;Arthropoda;Insecta;Hymenoptera;Braconidae;Apanteles;Apanteles fumiferanae,2,2
Plantae;Streptophyta;Magnoliopsida;Poales;Poaceae;Imperata;Imperata contracta,3,3
Animalia;Annelida;Polychaeta;Phyllodocida;Nereididae,1,1
Plantae;Chlorophyta;Trebouxiophyceae;Watanabeales;NA;Jaagichlorella;Jaagichlorella luteoviridis,2,67
Plantae;Streptophyta;Magnoliopsida;Poales;Poaceae;Oryza;Oryza sativa,16,96
Plantae;Streptophyta;Magnoliopsida;Ericales;Ericaceae;Erica,1,1
Chromista;NA;Phaeophyceae;Fucales;Fucaceae,1,1
Bacteria;Pseudomonadota;Alphaproteobacteria;Hyphomicrobiales;Phyllobacteriaceae;Mesorhizobium;Mesorhizobium septentrionale,3,4
Chromista;NA;Chrysophyceae;NA;NA;NA;Spumella-like flagellate JBM18,11,567
Chromista;Ciliophora;Litostomatea;Pleurostomatida;Litonotidae,16,517
Plantae;Streptophyta;Magnoliopsida;Poales;Eriocaulaceae,2,2
Protozoa;Cercozoa;NA;Cercomonadida;Cercomonadidae;Cercomonas,3,3
Plantae;Streptophyta;Magnoliopsida;Chloranthales;Chloranthaceae,1,1
Chromista;NA;Dinophyceae;Syndiniales;Ellobiopsidae;Thalassomyces;Thalassomyces fagei,2,2
Plantae;Chlorophyta;Chlorophyceae;Chlamydomonadales;Chlorococcaceae;Chlorococcum;Chlorococcum sp. KMMCC 170,1,1
Animalia;Arthropoda;Ostracoda,2,4
Chromista;Ciliophora;Litostomatea;Haptorida;Didiniidae;Monodinium;Monodinium sp. HCB-2005,13,541
Bacteria;Pseudomonadota;Alphaproteobacteria;Hyphomicrobiales;Devosiaceae;Devosia;Devosia salina,1,1
Plantae;Streptophyta;Magnoliopsida;Rosales;Rosaceae;Holodiscus;Holodiscus discolor,1,1
Fungi;Chytridiomycota;Chytridiomycetes;Rhizophydiales;Terramycetaceae;Terramyces;Terramyces sp.,3,3
Fungi;Ascomycota;Saccharomycetes;Saccharomycetales;Alloascoideaceae;Alloascoidea;Alloascoidea hylecoeti,6,6
Animalia;Arthropoda;Malacostraca;Decapoda;Penaeidae;Penaeus,3,3
Bacteria;Lentisphaerae;Lentisphaeria;Victivallales;NA;NA;Victivallales bacterium CCUG 44730,1,1
Bacteria;Verrucomicrobia;Opitutae;Puniceicoccales;Puniceicoccaceae;Ruficoccus;Ruficoccus sp.,2,2
Animalia;Rotifera;Eurotatoria;Ploima;Synchaetidae;Synchaeta;Synchaeta grimpei,1,1
Chromista;NA;Pelagophyceae;Sarcinochrysidales,1,1
Bacteria;Pseudomonadota;Gammaproteobacteria;Thiotrichales;Francisellaceae;Francisella;Francisella noatunensis,1,1
Animalia;Mollusca;Gastropoda;NA;Pyramidellidae;Miralda;Miralda sp. EED-Phy-918,1,1
Bacteria;Acidobacteria;Acidobacteriia,8,58
Protozoa;NA;NA;Rotosphaerida;Nucleariidae;Nuclearia,23,23
Chromista;NA;Chrysophyceae;Hibberdiales;Hibberdiaceae;Hibberdia;Hibberdia magna,14,14
Plantae;Streptophyta;Magnoliopsida;Asparagales;Orchidaceae;Dichaea,6,6
Fungi;Chytridiomycota;Chytridiomycetes;Chytridiales;Chytriomycetaceae;Rhizoclosmatium;Rhizoclosmatium globosum,6,20
Chromista;Ciliophora;Oligohymenophorea;Apostomatida;Foettingeriidae;Synophrya;Synophrya sp.,3,3
Plantae;Streptophyta;Bryopsida;Funariales;Funariaceae;Physcomitrium;Physcomitrium patens,3,9
Chromista;Bacillariophyta;Coscinodiscophyceae;Thalassiosirales;Skeletonemataceae;Skeletonema;Skeletonema sp.,1,1
Fungi;Basidiomycota;Tremellomycetes;Trichosporonales;Trichosporonaceae;Trichosporon;Trichosporon japonicum,2,3
Animalia;Rotifera;Eurotatoria;Ploima;Trichocercidae;Trichocerca;Trichocerca elongata,14,14
Plantae;Streptophyta;Magnoliopsida;Poales;Poaceae;Gastridium;Gastridium phleoides,3,4
Fungi;Ascomycota;Dothideomycetes,83,7523
Chromista;NA;Dinophyceae;Gonyaulacales;Gonyaulacaceae;Gonyaulax;Gonyaulax amoyensis,1,1
Fungi;Basidiomycota;Agaricomycetes;Agaricales;Entolomataceae;Clitopilus;Clitopilus brunnescens,1,1
Plantae;Streptophyta;Pinopsida;Cupressales;Cupressaceae;Thuja;Thuja plicata,1,1
Animalia;Mollusca;Gastropoda;Littorinimorpha;Littorinidae;Littorina;Littorina littorea,1,1
Plantae;Streptophyta;Magnoliopsida;Asparagales;Asparagaceae;Asparagus;Asparagus falcatus,1,1
Fungi;Basidiomycota;Exobasidiomycetes;Exobasidiales;Brachybasidiaceae;Meira;Meira sp.,9,536
Animalia;Arthropoda;Arachnida;Sarcoptiformes;Canestriniidae;Arrunsithiana;Arrunsithiana nr. spicantis AD764,1,1
Protozoa;NA;Choanoflagellata;Craspedida;Salpingoecidae,20,26
Chromista;NA;Phaeophyceae;Laminariales;Agaraceae;Costaria;Costaria costata,2,2
Chromista;NA;Dinophyceae;Dinophysiales;Dinophysiaceae,1,1
Bacteria;Acidobacteria,1,1
Fungi;Basidiomycota;Microbotryomycetes;Sporidiobolales;Sporidiobolaceae;Rhodotorula;Rhodotorula sp. VITJzN03,2,2
Plantae;Chlorophyta;Chlorophyceae;Chlamydomonadales;Chlamydomonadaceae;Lobochlamys;Lobochlamys culleus,1,1
Animalia;Acanthocephala;Eoacanthocephala;Neoechinorhynchida;Neoechinorhynchidae,4,4
Chromista;NA;Dinophyceae;Gymnodiniales;Gymnodiniaceae;Polykrikos;Polykrikos geminatum,1,1
Protozoa;Euglenozoa,38,809
Chromista;Apicomplexa;Conoidasida;Archigregarinorida;Selenidiidae,17,17
Plantae;Streptophyta;Magnoliopsida;Sapindales;Sapindaceae;Acer;Acer monspessulanum,11,11
Plantae;Streptophyta;Magnoliopsida;Solanales;Convolvulaceae;Calystegia;Calystegia pulchra,2,2
Chromista;Ciliophora;Oligohymenophorea;Peniculida;Parameciidae;Paramecium,76,2714
Animalia;Rotifera;Eurotatoria;Philodinida;Philodinidae;Philodina;Philodina sp. cmbb21,4,16
Animalia;Mollusca;Bivalvia;Pectinida;Pectinidae,11,11
Chromista;NA;Eustigmatophyceae;Eustigmatales,2,2
Animalia;Arthropoda;Hexanauplia;Calanoida;Euchaetidae;Euchaeta;Euchaeta media,2,2
Chromista;Ciliophora;Phyllopharyngea;Dysteriida;Dysteriidae;Dysteria;Dysteria procera,18,18
Chromista;Bacillariophyta;Coscinodiscophyceae;Stephanodiscales;Stephanodiscaceae;Stephanodiscus;Stephanodiscus niagarae,8,8
Bacteria;Pseudomonadota;Alphaproteobacteria;Hyphomicrobiales;Hyphomicrobiaceae;Hyphomicrobium,10,76
Bacteria;Pseudomonadota;Gammaproteobacteria;Pseudomonadales;Pseudomonadaceae;Pseudomonas;Pseudomonas kilonensis,3,3
Plantae;Streptophyta;Jungermanniopsida,2,2
Chromista;NA;Dinophyceae;Syndiniales;Amoebophryaceae;Amoebophrya;Amoebophrya sp. ex Gonyaulax polygramma,17,17
Plantae;Rhodophyta;Florideophyceae;Ceramiales;Rhodomelaceae;Bostrychia;Bostrychia radicans,1,1
Bacteria;Bacteroidota;Cytophagia;Cytophagales;Cytophagaceae;Cytophaga;Cytophaga sp. BHI60-57B,1,1
Fungi;Zoopagomycota;Entomophthoromycetes;Entomophthorales;Entomophthoraceae,6,6
Animalia;Brachiopoda;Rhynchonellata;Rhynchonellida,3,3
Plantae;Streptophyta;Magnoliopsida;Sapindales;Meliaceae,15,15
Bacteria;Pseudomonadota;Alphaproteobacteria;Maricaulales;Robiginitomaculaceae;Algimonas;Algimonas arctica,2,2
Plantae;Streptophyta;Magnoliopsida;Myrtales;Melastomataceae;Tibouchina;Tibouchina cf. decora Michelangeli 1985,1,1
Chromista;Cercozoa;Thecofilosea;Cryomonadida;Protaspidae;Cryothecomonas;Cryothecomonas aestivalis,2,2
Chromista;Apicomplexa;Conoidasida;Archigregarinorida;Selenidiidae;Selenidium;Selenidium pendula,4,4
Plantae;Streptophyta;Jungermanniopsida;Pallaviciniales;Hymenophytaceae;Hymenophyton,1,1
Plantae;Chlorophyta;Pyramimonadophyceae;Pyramimonadales,13,13
Plantae;Chlorophyta;Nephroselmidophyceae;Nephroselmidales;Nephroselmidaceae;Nephroselmis;Nephroselmis pyriformis,5,5
Fungi;Ascomycota;Orbiliomycetes;Orbiliales;Orbiliaceae;Hyalorbilia;Hyalorbilia aff. rotifera,4,4
Bacteria;Pseudomonadota;Oligoflexia;Bacteriovoracales;Halobacteriovoraceae;Halobacteriovorax;Halobacteriovorax vibrionivorans,2,2
Chromista;NA;Chrysophyceae;NA;NA;Segregatospumella;Segregatospumella sp.,13,13
Chromista;Ciliophora;Oligohymenophorea;Peniculida;Lembadionidae;Lembadion,12,1819
Animalia;Annelida;Polychaeta;Eunicida;Eunicidae;Marphysa,1,1
Chromista;Ciliophora;Spirotrichea;Choreotrichida;Strobilidiidae;Strobilidium;Strobilidium sp.,9,9
Chromista;NA;Dinophyceae;Gymnodiniales;Gymnodiniaceae;Gyrodiniellum;Gyrodiniellum shiwhaense,3,3
Plantae;Chlorophyta;Mamiellophyceae;Mamiellales;Bathycoccaceae;Ostreococcus,12,12
Fungi;Ascomycota;Dothideomycetes;Mycosphaerellales;Teratosphaeriaceae;Teratosphaeria;Teratosphaeria epicoccoides,1,1
Chromista;Ciliophora;Spirotrichea;NA;Strombidiidae;Strombidium,76,778
Chromista;NA;Xanthophyceae;Mischococcales;Botrydiopsidaceae,1,1
Bacteria;Pseudomonadota;Alphaproteobacteria;Rhodospirillales;Zavarziniaceae;Zavarzinia;Zavarzinia marina,24,2539
Animalia;Annelida;Polychaeta;NA;Chaetopteridae;Phyllochaetopterus,1,1
Plantae;Streptophyta;Pinopsida;Cupressales;Cupressaceae,28,963
Bacteria;Kiritimatiellaeota;Tichowtungiia;Tichowtungiales;Tichowtungiaceae;Tichowtungia;Tichowtungia aerotolerans,1,1
Chromista;NA;Dinophyceae;Gonyaulacales;Ceratiaceae;Tripos,15,15
Plantae;Streptophyta;Magnoliopsida;Sapindales;Simaroubaceae;Ailanthus;Ailanthus altissimus,6,154
Fungi;Ascomycota;Lecanoromycetes;Lecanorales;Ramalinaceae;Toniniopsis;Toniniopsis separabilis,1,1
Chromista;Ciliophora;Spirotrichea;Urostylida;Urostylidae,2,11
Plantae;Streptophyta;Magnoliopsida;Caryophyllales;Polygonaceae;Polygonum,1,1
Plantae;Streptophyta;Magnoliopsida;Asterales;Asteraceae;Doronicum;Doronicum stiriacum,2,2
Plantae;Rhodophyta;Florideophyceae;Halymeniales;Halymeniaceae;Isabbottia;Isabbottia ovalifolia,1,1
Bacteria;Pseudomonadota;Acidithiobacillia;Acidithiobacillales;Acidithiobacillaceae;Acidithiobacillus;Acidithiobacillus thiooxidans,1,1
Plantae;Rhodophyta;Florideophyceae;Ceramiales;Ceramiaceae;Ceramium;Ceramium affine,2,2
Chromista;Apicomplexa;Conoidasida;Archigregarinorida;Selenidiidae;Selenidium;Selenidium validusae,1,1
Chromista;NA;Chrysophyceae;Chromulinales;Chromulinaceae;Ochromonas;Ochromonas sp.,10,155
Protozoa;Discosea;NA;Stygamoebida;NA;Vermistella;Vermistella antarctica,1,1
Chromista;NA;Chrysophyceae;Chromulinales;Chromulinaceae;Pedospumella;Pedospumella sp.,28,1242
Plantae;Chlorophyta;Chlorophyceae;Sphaeropleales;Selenastraceae;Monoraphidium;Monoraphidium contortum,1,1
Chromista;Ciliophora;Spirotrichea;Sporadotrichida;Halteriidae;Halteria;Halteria grandinella,7,7
Animalia;Annelida;Polychaeta;NA;Parergodrilidae;Stygocapitella,16,35
Chromista;NA;Dinophyceae;Thoracosphaerales;Thoracosphaeraceae;Stoeckeria;Stoeckeria algicida,6,6
Animalia;Ctenophora;Tentaculata;Lobata;Lobatolampeidae;Lobatolampea;Lobatolampea tetragona,1,1
Chromista;Ciliophora;Oligohymenophorea;Peniculida;Parameciidae;Paramecium;Paramecium duboscqui,1,1
Animalia;Porifera;Demospongiae;Clionaida;Spirastrellidae,2,2
Fungi;Ascomycota;Saccharomycetes;Saccharomycetales;NA;Candida/Saccharomycetales;[Candida] anutae,1,1
Chromista;Ciliophora;Oligohymenophorea;Sessilida;Epistylidae;Rhabdostyla;Rhabdostyla sp. 5 PPS-2010,1,1
Plantae;Chlorophyta;Chlorophyceae;Chaetophorales;Aphanochaetaceae;Aphanochaete;Aphanochaete confervicola,1,1
Plantae;Streptophyta;Magnoliopsida;Fabales;Fabaceae;Zornia,1,1
Chromista;Ciliophora;Oligohymenophorea;Hymenostomatida;Tetrahymenidae;Tetrahymena;Tetrahymena elliotti,4,14
Chromista;Bacillariophyta;Mediophyceae;Anaulales;Anaulaceae;Eunotogramma;Eunotogramma laevis,11,11
Fungi;Basidiomycota;Pucciniomycetes;Pucciniales;Pucciniaceae;Puccinia,4,329
Protozoa;Fornicata;NA;NA;NA;Kipferlia;Kipferlia bialata,1,1
Plantae;Streptophyta;Magnoliopsida;Fabales;Fabaceae;Bussea;Bussea sakalava,1,1
Chromista;Ciliophora;Spirotrichea;Tintinnida;Tintinnidae;Eutintinnus,4,4
Chromista;NA;Chrysophyceae;Chromulinales;Chromulinaceae;Ochromonas;Ochromonas sp. CCMP1149,1,1
Animalia;Annelida;Polychaeta;Sabellida;Serpulidae;Pseudochitinopoma;Pseudochitinopoma occidentalis,1,1
Animalia;Cnidaria;Hydrozoa;Narcomedusae;Cuninidae;Solmissus;Solmissus sp. AGC-2022,2,2
Bacteria;Pseudomonadota;Alphaproteobacteria;Rhodospirillales;Acetobacteraceae;Paracraurococcus;Paracraurococcus sp. AN120656,2,12
Bacteria;Pseudomonadota;Gammaproteobacteria;Orbales;Orbaceae;Gilliamella;Gilliamella apicola,4,4
Chromista;Bacillariophyta;Mediophyceae;Lithodesmiales;Lithodesmiaceae;Lithodesmioides;Lithodesmioides sp. mgcode 4,1,1
Fungi;Mucoromycota;Glomeromycetes;Diversisporales,13,23
Plantae;Streptophyta;Magnoliopsida;Alismatales;Zosteraceae,7,7
Animalia;Mollusca;Bivalvia;Venerida;Veneridae;Saxidomus;Saxidomus purpurata,7,7
Animalia;Arthropoda;Insecta;Diptera;Simuliidae,1,1
Animalia;Platyhelminthes;Trematoda;Diplostomida;Strigeidae;Australapatemon,2,1010
Fungi;Chytridiomycota;Neocallimastigomycetes;Neocallimastigales;Neocallimastigaceae,14,14
Fungi;Mucoromycota;Glomeromycetes;Glomerales;Glomeraceae;Microkamienskia;Microkamienskia divaricata,2,10
Fungi;Basidiomycota;Agaricomycetes;Agaricales;Agaricaceae,1,1
Bacteria;Pseudomonadota;Gammaproteobacteria;Chromatiales;Ectothiorhodospiraceae;Thiorhodospira;Thiorhodospira sp. SLG,1,1
Chromista;NA;Dinophyceae;Peridiniales;Peridiniaceae;Bysmatrum;Bysmatrum subsalsum,15,22
Fungi;Ascomycota;Leotiomycetes;Chaetomellales;Chaetomellaceae;Pilidium;Pilidium lythri,2,45
Protozoa;Euglenozoa;Euglenida;Euglenales;Euglenaceae;Euglena;Euglena tristella,1,1
Chromista;Ciliophora;Oligohymenophorea;Philasterida;Cinetochilidae;Sathrophilus;Sathrophilus planus,9,9
Fungi;Basidiomycota;Agaricostilbomycetes;Agaricostilbales,3,45
Fungi;Ascomycota;Leotiomycetes;Erysiphales;Erysiphaceae;Golovinomyces;Golovinomyces cichoracearum,1,1
Bacteria;Pseudomonadota;Alphaproteobacteria;Maricaulales;Maricaulaceae;Maricaulis,5,5
Animalia;Annelida;Polychaeta;Phyllodocida;Sigalionidae;Sthenelanella;Sthenelanella uniformis,1,1
Chromista;Apicomplexa;Conoidasida;Eugregarinorida;Lecudinidae;Ancora,1,1
Fungi;Ascomycota;Eurotiomycetes;Eurotiales;Trichocomaceae;Talaromyces;Talaromyces sp.,3,3
Chromista;Ciliophora;Oligohymenophorea;Thigmotrichida;Hemispeiridae;Boveria;Boveria subcylindrica,5,5
Plantae;Streptophyta;Magnoliopsida;Vitales;Vitaceae;Vitis;Vitis rotundifolia,21,32
Fungi;Ascomycota;Eurotiomycetes;Eurotiales;Aspergillaceae;Aspergillus;Aspergillus sp.,10,173
Animalia;Annelida;Polychaeta;NA;Maldanidae;Metasychis,1,1
Chromista;NA;Dinophyceae;Gymnodiniales;Gymnodiniaceae;Gymnodinium;Gymnodinium sp. Dino2,9,9
Animalia;Arthropoda;Arachnida;Araneae;Thomisidae,1,1
Chromista;Ciliophora;Oligohymenophorea;Hymenostomatida;Deltopylidae;Agolohymena;Agolohymena aspidocauda,51,6008
Fungi;Basidiomycota;Agaricomycetes;Agaricales;Hygrophoraceae;Gliophorus;Gliophorus aff. psittacinus CFMR JP-4,1,1
Bacteria;Pseudomonadota;Alphaproteobacteria;Rhodobacterales;Paracoccaceae;Oceaniglobus;Oceaniglobus trochenteri,1,1
Plantae;Streptophyta;Magnoliopsida;Sapindales;Rutaceae;Melicope;Melicope pteleifolia,3,3
Chromista;Bacillariophyta;Bacillariophyceae;Cymbellales,9,9
Plantae;Chlorophyta;Chlorophyceae;Sphaeropleales,8,22
Animalia;Annelida;Polychaeta;Terebellida;Flabelligeridae;Pherusa;Pherusa plumosa,1,1
Chromista;Apicomplexa;Conoidasida;Eugregarinorida;Porosporidae;Thiriotia;Thiriotia pugettiae,6,6
Chromista;NA;Dinophyceae;Peridiniales;Peridiniaceae;Scrippsiella;Scrippsiella donghaiensis,3,3
Bacteria;Pseudomonadota;Deltaproteobacteria;Myxococcales,13,80
Animalia;Rotifera;Eurotatoria;Ploima;Notommatidae;Cephalodella;Cephalodella gibba,9,118
Plantae;Rhodophyta;Florideophyceae;Gigartinales;Dumontiaceae;Weeksia;Weeksia coccinea,1,1
Chromista;NA;NA;Telonemida;NA;Telonema;Telonema rivulare,5,5
Plantae;Chlorophyta;Ulvophyceae;Cladophorales;Cladophoraceae;Cladophora,8,24
Bacteria;Pseudomonadota;Alphaproteobacteria;Rhodobacterales,19,19
Animalia;Annelida;Polychaeta;Terebellida;Cirratulidae;NA;unclassified cirratulid,2,2
Chromista;Bacillariophyta;Bacillariophyceae;Naviculales;Sellaphoraceae;Sellaphora,4,4
Plantae;Streptophyta;Pinopsida,4,19
Fungi;Basidiomycota;Agaricomycetes;Cantharellales;NA;NA;Cantharellales sp.,1,1
Chromista;Bacillariophyta;Coscinodiscophyceae;Thalassiosirales;Skeletonemataceae;Skeletonema;Skeletonema ardens,3,3
Animalia;Arthropoda;Malacostraca;Decapoda;Alpheidae;Alpheus;Alpheus dentipes,1,1
Fungi;Basidiomycota;Agaricomycetes;Gomphales;Gomphaceae;Ramaria;Ramaria acris,3,3
Animalia;Arthropoda;Arachnida;Pseudoscorpiones;Garypidae;Synsphyronus;Synsphyronus apimelus,1,1
Plantae;Rhodophyta;Florideophyceae;Ceramiales;Delesseriaceae;Cumathamnion;Cumathamnion serrulatum,1,1
Bacteria;Pseudomonadota;Deltaproteobacteria;NA;NA;NA;Deltaproteobacteria bacterium canine oral taxon 266,1,1
Chromista;Ciliophora;Litostomatea;Haptorida;Homalozoonidae;Homalozoon;Homalozoon vermiculare,12,1949
Bacteria;Pseudomonadota;Gammaproteobacteria;Nevskiales;Sinobacteraceae;Hydrocarboniphaga;Hydrocarboniphaga effusa,1,1
Fungi;Ascomycota;Orbiliomycetes;Orbiliales;Orbiliaceae;Orbilia;Orbilia rosea,1,1
Fungi;Ascomycota;Leotiomycetes;Medeolariales;Medeolariaceae;Medeolaria;Medeolaria farlowii,1,1
Chromista;Bacillariophyta;Coscinodiscophyceae;Thalassiosirales;Thalassiosiraceae;Thalassiosira;Thalassiosira tumida,2,2
Chromista;Ciliophora;Litostomatea;Haptorida;Spathidiidae;Spathidium;Spathidium stammeri,1,1
Chromista;Haptophyta,13,13
Plantae;Rhodophyta;Florideophyceae;Gigartinales;Kallymeniaceae;Callophyllis;Callophyllis rangiferina,4,4
Fungi;Basidiomycota;Tremellomycetes;Tremellales;NA;NA;Tremellales sp. LM477,5,31
Plantae;Rhodophyta;Florideophyceae;Ceramiales;Rhodomelaceae;Symphyocladiella;Symphyocladiella dendroidea,1,1
Animalia;Arthropoda;Arachnida,7,11
Animalia;Bryozoa;Stenolaemata;Cyclostomatida,1,1
Plantae;Chlorophyta;Trebouxiophyceae;Chlorellales,2,2
Animalia;Annelida;Sipuncula;Phascolosomatiformes;Phascolosomatidae;Phascolosoma,1,1
Plantae;Streptophyta;Magnoliopsida;Fabales;Fabaceae;Phaseolus,12,12
Animalia;Arthropoda;Insecta;Diptera,11,18
Animalia;Nemertea;Enopla,2,2
Archaea;Euryarchaeota;Methanobacteria;Methanobacteriales;Methanobacteriaceae,1,1
Chromista;Bacillariophyta;Coscinodiscophyceae;Chaetocerotales;Chaetocerotaceae;Chaetoceros;Chaetoceros sp. UNC1414,13,13
Protozoa;NA;Ichthyosporea;Dermocystida,2,2
Animalia;Cnidaria;Hydrozoa;Anthoathecata;Corynidae;Coryne,1,1
Chromista;Ciliophora;Spirotrichea;Euplotida;Uronychiidae,33,33
Animalia;Arthropoda;Ichthyostraca;Porocephalida;Sebekidae;Sebekia,3,3
Plantae;Streptophyta;Pinopsida;Pinales;Pinaceae;Pinus,12,448
Chromista;NA;Dinophyceae;Peridiniales;Pfiesteriaceae;Chimonodinium;Chimonodinium lomnickii,11,11
Plantae;Streptophyta;Polypodiopsida,1,1
Chromista;NA;Cryptophyceae;Pyrenomonadales;Geminigeraceae,24,24
Animalia;Arthropoda;Hexanauplia;Poecilostomatoida;Oncaeidae;Triconia;Triconia borealis,2,2
Fungi;Basidiomycota;Tremellomycetes;Tremellales;Bulleribasidiaceae;Dioszegia;Dioszegia milinica,5,5
Plantae;Chlorophyta;Chlorophyceae;Chlamydomonadales;Chlamydomonadaceae;NA;Chlamydomonadaceae sp. WTwin 8/18 P-5d,1,1
Fungi;Ascomycota;Dothideomycetes;Pleosporales;Pleosporaceae;Pyrenophora,1,1
Chromista;NA;Eustigmatophyceae;Eustigmatales;Chlorobotryaceae,4,52
Plantae;Rhodophyta;Florideophyceae;Acrochaetiales;Acrochaetiaceae;Rhodochorton;Rhodochorton purpureum,1,1
Animalia;Mollusca;Bivalvia;Cardiida;Cardiidae;Vasticardium;Vasticardium flavum,1,1
Plantae;Chlorophyta;Chlorophyceae;Chlamydomonadales;Chlamydomonadaceae;Polytoma;Polytoma uvella,2,288
Bacteria;Pseudomonadota;Alphaproteobacteria;Sphingomonadales,34,557
Animalia;Arthropoda;Hexanauplia;Poecilostomatoida;Sapphirinidae;Sapphirina;Sapphirina darwinii,4,4
Animalia;Annelida;Polychaeta;Eunicida;Eunicidae,3,3
Chromista;Haptophyta;NA;Isochrysidales;Noelaerhabdaceae;Emiliania;Emiliania huxleyi,8,8
Chromista;Cercozoa;NA;Cercomonadida;Heteromitidae;Heteromita;Heteromita sp. PRA-74,2,2
Bacteria;Pseudomonadota;Gammaproteobacteria;Xanthomonadales;Xanthomonadaceae;Xylella;Xylella fastidiosa,1,1
Fungi;Basidiomycota;Agaricomycetes;Corticiales;Corticiaceae;Fibricium;Fibricium rude,1,1
Bacteria;NA;Candidatus Babeliae;Candidatus Babeliales;Candidatus Chromulinivoraceae;Candidatus Chromulinivorax;Candidatus Chromulinivorax destructor,5,28
Animalia;Chordata;Mammalia;Primates;Hominidae,3,7
Animalia;Arthropoda,29,29
Animalia;Arthropoda;Insecta;Hymenoptera,6,6
Chromista;Bacillariophyta;Coscinodiscophyceae;Leptocylindrales;Leptocylindraceae;Leptocylindrus,3,3
Chromista;Bacillariophyta;Coscinodiscophyceae;Thalassiosirales;Thalassiosiraceae;Conticribra;Conticribra weissflogiopsis,4,4
Chromista;Ciliophora;Oligohymenophorea;Hymenostomatida;Tetrahymenidae;Tetrahymena;Tetrahymena sp. SPE01,4,12
Bacteria;Pseudomonadota;Alphaproteobacteria;Hyphomicrobiales;Rhizobiaceae;Rhizobium;Rhizobium sp.,2,2
Plantae;Streptophyta;Charophyceae;Charales;Characeae;Nitella;Nitella rigida,1,1
Animalia;Bryozoa;Phylactolaemata,1,1
Fungi;Ascomycota;Saccharomycetes;Saccharomycetales;NA;Diutina,1,1
Plantae;Chlorophyta;Trebouxiophyceae;Watanabeales;NA;Chloroidium;Chloroidium laureanum,1,1
Chromista;NA;Dinophyceae;Dinophysiales;Dinophysiaceae;Dinophysis;Dinophysis fortii,13,13
Animalia;Arthropoda;Insecta;Hymenoptera;Andrenidae;Andrena;Andrena haemorrhoa,1,1
Bacteria;Planctomycetota;Planctomycetia;Planctomycetales;Planctomycetaceae;Polystyrenella;Polystyrenella longa,5,5
Plantae;Streptophyta;Magnoliopsida;Cucurbitales;Anisophylleaceae;Combretocarpus;Combretocarpus rotundatus,1,1
Chromista;Bacillariophyta;Bacillariophyceae;Bacillariales;Bacillariaceae;Tryblionella;Tryblionella apiculata,2,2
Animalia;Arthropoda;Ostracoda;Podocopida;Candonidae;Paracypria;Paracypria inujimensis,9,895
Chromista;Haptophyta;NA;Prymnesiales;Prymnesiaceae;Prymnesium;Prymnesium parvum,4,4
Plantae;Streptophyta;Magnoliopsida;Brassicales;Brassicaceae;Cardamine,2,2
Chromista;NA;Dinophyceae;Peridiniales;Kryptoperidiniaceae;Durinskia,8,8
Bacteria;Bacillota;Clostridia;Eubacteriales;Clostridiaceae,5,5
Bacteria;Pseudomonadota;Gammaproteobacteria;Pseudomonadales;Pseudomonadaceae;Pseudomonas;Pseudomonas silesiensis,2,3
Plantae;Streptophyta;Magnoliopsida;Solanales;Convolvulaceae,6,6
Animalia;Annelida;Polychaeta;Sabellida;Sabellariidae;Idanthyrsus;Idanthyrsus australiensis,11,11
Animalia;Mollusca;Bivalvia;Mytilida;Mytilidae;Adula;Adula aff. californiensis MO-2010,1,1
Chromista;Bacillariophyta;Bacillariophyceae;Thalassiophysales;Catenulaceae;Amphora,1,1
Chromista;Bacillariophyta;Fragilariophyceae;Fragilariales;Fragilariaceae;Fragilaria;Fragilaria construens,1,1
Chromista;Ciliophora;Spirotrichea;NA;Strombidiidae;Apostrombidium;Apostrombidium parakielum,9,9
Plantae;Streptophyta;Bryopsida;Hypnales;Fontinalaceae;Fontinalis;Fontinalis sp. SRC-2010,1,1
Plantae;Streptophyta;Magnoliopsida;Caryophyllales;Aizoaceae;Mesembryanthemum;Mesembryanthemum oculatum,1,1
Animalia;Cnidaria;Hydrozoa;Narcomedusae;Cuninidae;Cunina;Cunina frugifera,1,1
Fungi;Ascomycota;Saccharomycetes;Saccharomycetales;Metschnikowiaceae;Metschnikowia;Metschnikowia continentalis,1,1
Animalia;Annelida;Polychaeta;Terebellida,6,6
Fungi;Basidiomycota;Agaricomycetes;Thelephorales;Thelephoraceae;Pseudotomentella;Pseudotomentella sp.,1,1
Chromista;NA;Dinophyceae;Peridiniales;Pyrophaceae;Pyrophacus;Pyrophacus steinii,3,3
Chromista;NA;Dinophyceae;Peridiniales;Amphidiniopsidaceae;Amphidiniopsis;Amphidiniopsis dragescoi,4,4
Chromista;Apicomplexa;Conoidasida;Archigregarinorida;Selenidiidae;Selenidium;Selenidium idanthyrsae,1,1
Fungi;Basidiomycota;Microbotryomycetes,22,314
Fungi;Mucoromycota;Glomeromycetes;Paraglomerales;Pervetustaceae;Pervetustus;Pervetustus simplex,7,7
Bacteria;Planctomycetota;Planctomycetia;Planctomycetales;Planctomycetaceae;Rubinisphaera;Rubinisphaera italica,3,3
Animalia;Cnidaria;Anthozoa;Alcyonacea;Chrysogorgiidae,1,1
Plantae;Streptophyta;Magnoliopsida;Solanales;Solanaceae;Solanum;Solanum villosum,1,1
Animalia;Heterolobosea;NA;NA;Psalteriomonadidae;Harpagon;Harpagon salinus,1,1
Plantae;Rhodophyta;Florideophyceae;Ceramiales;Rhodomelaceae;Leptosiphonia;Leptosiphonia brodiei,1,1
Protozoa;Discosea;Flabellinia;Dactylopodida;Paramoebidae;Paramoeba;Paramoeba karteshi,4,4
Chromista;NA;Dinophyceae;Gonyaulacales;Gonyaulacaceae;Gonyaulax;Gonyaulax polygramma,5,5
Plantae;Chlorophyta;Chlorophyceae;Chlamydomonadales;Chlamydomonadaceae;Microglena;Microglena uva-maris,2,224
Chromista;Ciliophora;Phyllopharyngea;Chlamydodontida;Lynchellidae,24,242
Plantae;Streptophyta;Magnoliopsida;Asparagales;Orchidaceae;Aerides,2,2
Fungi;Ascomycota;Dothideomycetes;Pleosporales;Didymosphaeriaceae;Paraphaeosphaeria;Paraphaeosphaeria burbidgeae,6,2527
Archaea;Candidatus Thermoplasmatota,11,11
Animalia;Arthropoda;Insecta;Orthoptera;Pyrgomorphidae;Pyrgomorpha;Pyrgomorpha conica,1,1
Bacteria;Pseudomonadota;Gammaproteobacteria;Oceanospirillales;Alcanivoracaceae;Alcanivorax;Alcanivorax sp. B-5,1,1
Chromista;NA;Chrysophyceae;Chromulinales;Chromulinaceae;Spumella;Spumella communis,2,4
Fungi;Ascomycota;Saccharomycetes;Saccharomycetales;Saccharomycetaceae,3,6
Plantae;Prasinodermophyta;Prasinodermophyceae;Prasinodermales;Prasinodermaceae;Prasinoderma,1,1
Chromista;NA;Chrysophyceae;Chromulinales;Oikomonadaceae;Oikomonas;Oikomonas mutabilis,1,1
Chromista;Ciliophora;Spirotrichea;Euplotida;Aspidiscidae;Aspidisca,1,1
Fungi;Ascomycota;Eurotiomycetes;Eurotiales;Aspergillaceae;Penicillium;Penicillium citrinum,7,1124
Plantae;Streptophyta;Magnoliopsida;Cucurbitales;Coriariaceae;Coriaria;Coriaria nepalensis,1,1
Animalia;Echinodermata,3,3
Animalia;Arthropoda;Thecostraca;Pollicipedomorpha;Pollicipedidae;Pollicipes;Pollicipes polymerus,6,6
Fungi;Mucoromycota;Glomeromycetes;Glomerales;Glomeraceae;Dominikia;Dominikia iranica,11,34
Plantae;Streptophyta;Magnoliopsida;Sapindales;Meliaceae;Carapa;Carapa sp. 27 DK-2009,2,2
Fungi;Basidiomycota;Agaricomycetes;Cantharellales;Hydnaceae;Clavulina;Clavulina sp. PMI_390,1,1
Bacteria;Pseudomonadota;Alphaproteobacteria;Hyphomicrobiales;Hyphomicrobiaceae;Hyphomicrobium;Hyphomicrobium sp.,16,1080
Chromista;Bacillariophyta;Fragilariophyceae;Licmophorales;Ulnariaceae;Hyalosynedra;Hyalosynedra cf. laevigata,2,2
Protozoa;Discosea;NA;Longamoebia;NA;Mayorella;Mayorella sp.,6,125
Chromista;Oomycota;NA;Saprolegniales;Saprolegniaceae;Aphanomyces;Aphanomyces sp.,10,187
Plantae;Streptophyta;Magnoliopsida;Oxalidales;Oxalidaceae,2,2
Plantae;Streptophyta;Magnoliopsida;Poales;Cyperaceae,1,1
Fungi;Mucoromycota;Glomeromycetes;Archaeosporales;Archaeosporaceae;Archaeospora,1,1
Bacteria;Pseudomonadota;Alphaproteobacteria;Rhodobacterales;Roseobacteraceae;Actibacterium;Actibacterium sp.,8,8
Chromista;NA;Dinophyceae;Peridiniales;Kryptoperidiniaceae,28,28
Fungi;Basidiomycota;Tremellomycetes;Filobasidiales,32,5815
Bacteria;Pseudomonadota;Alphaproteobacteria;Caulobacterales;Caulobacteraceae;Brevundimonas;Brevundimonas naejangsanensis,11,11
Bacteria;Planctomycetota;Planctomycetia;Planctomycetales;Planctomycetaceae;NA;planctomycete str. 292,4,4
Plantae;Chlorophyta;Trebouxiophyceae;NA;NA;Elliptochloris;Elliptochloris marina,1,1
Plantae;Streptophyta;Magnoliopsida;Malpighiales;Podostemaceae;Dalzellia;Dalzellia pseudoangustissima,1,1
Fungi;Ascomycota;Saccharomycetes;Saccharomycetales;Metschnikowiaceae;Metschnikowia;[Candida] wancherniae,1,1
Plantae;Chlorophyta;Trebouxiophyceae;Chlorellales;Chlorellaceae;Chlorella;Chlorella vulgaris,1,1
Chromista;Ciliophora;Oligohymenophorea;Peniculida;Frontoniidae;NA;Frontoniidae sp.,18,595
Chromista;Apicomplexa;Marosporida,4,4
Bacteria;Pseudomonadota;Deltaproteobacteria;Myxococcales;Archangiaceae;Stigmatella;Stigmatella sp. ncwal1,1,1
Protozoa;Euglenozoa;Kinetoplastea;Neobodonida;NA;Neobodo;Neobodo sp. KL,8,54
Chromista;NA;Dinophyceae;Gonyaulacales;Goniodomataceae;Psammodinium;Psammodinium inclinatum,3,3
Plantae;Streptophyta;Magnoliopsida;Malpighiales;Hypericaceae;Psorospermum,9,9
Plantae;Streptophyta;Magnoliopsida;Cucurbitales;Cucurbitaceae,10,28
Animalia;Mollusca;Bivalvia;Cardiida,1,1
Chromista;NA;Chrysophyceae;Chromulinales;Paraphysomonadaceae;Paraphysomonas;Paraphysomonas foraminifera,15,246
Bacteria;Pseudomonadota;Alphaproteobacteria;Hyphomicrobiales;Blastochloridaceae;Blastochloris;Blastochloris sulfoviridis,1,1
Chromista;NA;Eustigmatophyceae;Eustigmatales;Chlorobotryaceae;Vischeria;Vischeria magna,3,3
Animalia;Arthropoda;Thecostraca;Balanomorpha;Coronulidae,3,3
Fungi;Ascomycota;Eurotiomycetes;Sclerococcales;Dactylosporaceae;Fusichalara;Fusichalara minuta,1,1
Fungi;Chytridiomycota;Chytridiomycetes;Spizellomycetales;Spizellomycetaceae;Brevicalcar,1,1
Fungi;Mucoromycota;Glomeromycetes;Glomerales;Glomeraceae;Glomus;Glomus microcarpum,10,24
Chromista;NA;Dinophyceae;Peridiniales;Heterocapsaceae;Heterocapsa,8,8
Animalia;Cnidaria;Anthozoa;Scleractinia;Dendrophylliidae,1,1
Chromista;Ciliophora;Prostomatea;Prorodontida;Balanionidae;Balanion;Balanion planctonicum,3,3
Chromista;Ciliophora;Spirotrichea;Tintinnida;Dictyocystidae;Dictyocysta;Dictyocysta reticulata,1,1
Plantae;Streptophyta;Magnoliopsida;Sapindales;Meliaceae;Aglaia,1,1
Protozoa;Evosea;Eumycetozoa,1,1
Chromista;Ciliophora;Colpodea,11,62
Chromista;Bacillariophyta;Bacillariophyceae;Naviculales;Stauroneidaceae;Stauroneis;Stauroneis phoenicenteron,1,1
Bacteria;Pseudomonadota;Deltaproteobacteria;Myxococcales;Polyangiaceae;Sorangium;Sorangium cellulosum,2,2
Chromista;Bacillariophyta;Coscinodiscophyceae;Thalassiosirales;Thalassiosiraceae;Thalassiosira;Thalassiosira pseudonana,2,2
Chromista;NA;Centroplasthelida;Pterocystida;Pterocystidae,20,355
Fungi;Blastocladiomycota;Blastocladiomycetes;Blastocladiales;Catenariaceae,16,60
Animalia;Porifera;Calcarea,1,1
Fungi;Basidiomycota;Tremellomycetes;Filobasidiales;Filobasidiaceae,1,1
Bacteria;Pseudomonadota;Alphaproteobacteria;Sphingomonadales;Sphingomonadaceae;Novosphingobium;Novosphingobium sp.,1,1
Fungi;Ascomycota;Saccharomycetes;Saccharomycetales;Metschnikowiaceae;Metschnikowia;Metschnikowia sp. JJW-2009a,8,8
Bacteria;Pseudomonadota;Alphaproteobacteria;Caulobacterales;Caulobacteraceae;Caulobacter,1,1
Archaea;Euryarchaeota;Methanomicrobia;Methanosarcinales;Methanosarcinaceae,1,1
Animalia;Annelida;Polychaeta;NA;Maldanidae;Maldane,1,1
Chromista;Haptophyta;NA;Pavlovales;Pavlovaceae;Diacronema;Diacronema ennorea,10,146
Bacteria;Pseudomonadota;Alphaproteobacteria;Sphingomonadales;Sphingomonadaceae,35,806
Plantae;Rhodophyta;Florideophyceae;Ceramiales;Dasyaceae;Rhodoptilum;Rhodoptilum plumosum,1,1
Plantae;Chlorophyta;Pyramimonadophyceae;Pyramimonadales;Pyramimonadaceae;Pyramimonas;Pyramimonas propulsa,4,4
Chromista;NA;Dinophyceae;Peridiniales;Diplopsaliaceae,7,7
Chromista;Haptophyta;NA;Prymnesiales;Chrysochromulinaceae;Chrysochromulina;Chrysochromulina sp. Hp34EHU,4,4
Plantae;Streptophyta;Magnoliopsida;Rosales;Ulmaceae,1,1
Chromista;Ciliophora;Oligohymenophorea;Pleuronematida,12,498
Protozoa;NA;NA;Rigifilida;NA;Micronuclearia;Micronuclearia podoventralis,9,915
Fungi;Ascomycota;Leotiomycetes;Erysiphales;Erysiphaceae;Blumeria,7,9
Plantae;Streptophyta;Magnoliopsida;Caryophyllales;Polygonaceae;Rumex;Rumex sp. YX-2018,3,3
Chromista;Bacillariophyta;Fragilariophyceae;Fragilariales;Fragilariaceae;Fragilaria;Fragilaria vaucheriae,3,3
Chromista;NA;Dinophyceae;Amphidiniales;Amphidiniaceae;Amphidinium;Amphidinium sp. D1-CMSTAC020,7,7
Chromista;NA;Dinophyceae;Gymnodiniales;Gymnodiniaceae;Nusuttodinium;Nusuttodinium desymbiontum,1,1
Fungi;Basidiomycota;Agaricomycetes;Polyporales;Polyporaceae;Neofavolus;Neofavolus mikawae,2,2
Chromista;NA;Dinophyceae;Gymnodiniales;Gymnodiniaceae;Gymnodinium;Gymnodinium sp. Dino3,3,3
Protozoa;Cercozoa;NA;Cercomonadida;Cercomonadidae,17,224
Chromista;NA;Phaeophyceae;Laminariales;Lessoniaceae;Lessonia;Lessonia flavicans,2,2
Bacteria;Planctomycetota;Planctomycetia;Pirellulales;Pirellulaceae,3,3
Animalia;Annelida;Polychaeta;Sabellida;Sabellariidae,4,21
Chromista;NA;Dinophyceae;Gonyaulacales;Gonyaulacaceae,2,2
Animalia;Arthropoda;Hexanauplia;Cyclopoida;Oithonidae;Oithona;Oithona tenuis,2,2
Fungi;Ascomycota;Saccharomycetes;Saccharomycetales;Dipodascaceae;Magnusiomyces;Magnusiomyces sp.,1,1
NA;NA;NA;NA;Colpodellaceae;Voromonas;Voromonas pontica,3,3
Plantae;Streptophyta;Magnoliopsida;Gentianales;Loganiaceae;Strychnos,1,1
Chromista;Ciliophora;Oligohymenophorea;NA;NA;NA;Uncultured marine oligohymenophorean ciliate 148-5-EKD6,1,1
Fungi;Ascomycota;Dothideomycetes;Pleosporales;Pleosporaceae;Alternaria;Alternaria nobilis,2,3
Bacteria;Verrucomicrobia;Opitutae;Opitutales;Opitutaceae;Nibricoccus;Nibricoccus aquaticus,1,1
Fungi;Ciliophora;Litostomatea;Haptorida;Lacrymariidae;Lacrymaria,1,1
Chromista;Haptophyta;NA;Prymnesiales;Prymnesiaceae;Prymnesium;Prymnesium calathiferum,5,5
Fungi;Basidiomycota;Cystobasidiomycetes;NA;Symmetrosporaceae;Symmetrospora,2,225
Plantae;Streptophyta;Magnoliopsida;Fabales;Fabaceae;Crotalaria;Crotalaria lachnosema,6,6
Chromista;NA;Dinophyceae;Gonyaulacales;Lingulodiniaceae;Lingulodinium;Lingulodinium polyedra,22,22
Protozoa;Euglenozoa;Euglenida;Eutreptiales;NA;Eutreptiella;Eutreptiella eupharyngea,7,7
Fungi;Ascomycota;Saccharomycetes;Saccharomycetales;Saccharomycetaceae;Grigorovia;Grigorovia yakushimaensis,1,1
Animalia;Arthropoda;Insecta;Diptera;Chironomidae;Polypedilum;Polypedilum cultellatum,2,6
Chromista;Apicomplexa;Aconoidasida,4,4
Chromista;Apicomplexa;Conoidasida;Eucoccidiorida;Sarcocystidae;Sarcocystis;Sarcocystis elongata,7,7
Chromista;NA;Cryptophyceae;Pyrenomonadales;Chroomonadaceae,6,66
Chromista;Bacillariophyta;Mediophyceae;Triceratiales;Plagiogrammaceae,16,16
Chromista;Ciliophora;Oligohymenophorea;Sessilida;Vaginicolidae;Hastatella;Hastatella aesculacantha,1,1
Protozoa;NA;Choanoflagellata;Craspedida;Salpingoecidae;Desmarella;Desmarella moniliformis,1,1
Animalia;Chordata;Ascidiacea;Phlebobranchia;Ascidiidae;Ascidia;Ascidia mentula,4,4
Plantae;Rhodophyta;Florideophyceae;Ceramiales;Ceramiaceae;Pterothamnion;Pterothamnion plumula,4,4
Plantae;Streptophyta;Bryopsida;Funariales;Funariaceae,2,2
Fungi;Mucoromycota;Glomeromycetes;Glomerales;Glomeraceae;Rhizoglomus;Rhizoglomus dunense,7,13
Chromista;NA;Dinophyceae;Syndiniales;Amoebophryaceae;Amoebophrya;Amoebophrya sp. ex Alexandrium affine,6,6
Chromista;NA;Dinophyceae;Prorocentrales;Prorocentraceae;Prorocentrum;Prorocentrum micans,9,9
Protozoa;Heterolobosea;NA;NA;Vahlkampfiidae;Naegleria,1,1
Plantae;Streptophyta;Magnoliopsida;Cucurbitales;Begoniaceae;Begonia,1,1
Chromista;Ciliophora;Armophorea,2,2
Chromista;NA;Cryptophyceae;Cryptomonadales;Cryptomonadaceae;Cryptomonas;Cryptomonas paramecium,1,1
Chromista;Ciliophora;Spirotrichea;Euplotida;Uronychiidae;Diophrys;Diophrys parappendiculata,18,18
Animalia;Rotifera;Eurotatoria;Ploima;Notommatidae;Monommata,1,1
Animalia;Brachiopoda;Rhynchonellata,1,1
Fungi;Ascomycota;Dothideomycetes;Pleosporales;NA;NA;Pleosporales sp. ODP61903fw0,1,1
Fungi;Basidiomycota;Agaricomycetes;Corticiales;Corticiaceae;Peniophorella;Peniophorella praetermissa,1,1
Plantae;Streptophyta;Magnoliopsida;Boraginales;Heliotropiaceae;Euploca;Euploca filiformis,1,1
Archaea,5,5
Fungi;Ascomycota;Eurotiomycetes;Eurotiales;Aspergillaceae;Penicillium;Penicillium sacculum,4,36
Fungi;Ascomycota;Lecanoromycetes,9,56
Plantae;Streptophyta;Charophyceae;Charales;Characeae;Nitella,16,16
Animalia;Mollusca;Gastropoda;Nudibranchia;Eubranchidae;Eubranchus;Eubranchus sp.,1,1
Protozoa;Discosea;Flabellinia;Dactylopodida;Paramoebidae;Paramoeba;Paramoeba pemaquidensis,1,1
Animalia;Chordata;Appendicularia;Copelata;Oikopleuridae;Oikopleura;Oikopleura dioica,4,4
Protozoa;NA;Choanoflagellata;Craspedida;Salpingoecidae;Bicosta;Bicosta minor,5,5
Bacteria;Pseudomonadota;Alphaproteobacteria;Hyphomicrobiales;Phyllobacteriaceae;Mesorhizobium,20,6889
Plantae;Streptophyta;Magnoliopsida;Fabales;Fabaceae;Cicer;Cicer arietinum,25,1248
Animalia;Arthropoda;Insecta;Hemiptera;Cicadellidae;Draeculacephala;Draeculacephala portola,1,1
Fungi;Basidiomycota;Agaricomycetes;Boletales;Serpulaceae;Serpula,1,1
Protozoa;Discosea;Flabellinia;NA;Vannellidae;Vannella;Vannella epipetala,1,1
Animalia;Cnidaria;Hydrozoa;Leptothecata;Sertulariidae;Salacia;Salacia desmoides,1,1
Fungi;Ascomycota;Eurotiomycetes;Eurotiales;Aspergillaceae;Aspergillus;Aspergillus amstelodami,9,9
Chromista;NA;Dinophyceae;Gymnodiniales;Gymnodiniaceae;Gymnodinium;Gymnodinium litoralis,7,7
Fungi;Ascomycota;Taphrinomycetes;Taphrinales;Protomycetaceae;Protomyces;Protomyces lactucae-debilis,3,51
Fungi;Ascomycota;Pezizomycetes;Pezizales,5,5
Protozoa;NA;Choanoflagellata;Acanthoecida;Stephanoecidae;Stephanoeca;Stephanoeca diplocostata,36,6553
Plantae;Streptophyta;Magnoliopsida;Santalales;Olacaceae;Dulacia;Dulacia candida,3,5
Animalia;Mollusca;Gastropoda;Cephalaspidea,1,1
Fungi;Basidiomycota;Agaricomycetes;Hymenochaetales;Schizoporaceae;Xylodon,4,16
Fungi;Mucoromycota;Glomeromycetes;Glomerales;Glomeraceae;NA;Glomeraceae sp. 1 RS-2018,5,5
Animalia;Arthropoda;Branchiopoda;Diplostraca;Moinidae;Moina;Moina cf. micrura YN-2019,1,1
Fungi;Ascomycota;Leotiomycetes;Erysiphales;Erysiphaceae,18,76
Plantae;Streptophyta;Magnoliopsida;Rosales;Urticaceae;Urera,1,1
Plantae;Streptophyta;Magnoliopsida;Poales;Poaceae;Calamagrostis;Calamagrostis sesquiflora,1,1
Chromista;Apicomplexa;Conoidasida;Eucoccidiorida;Cryptosporidiidae;Cryptosporidium;Cryptosporidium andersoni,1,1
Plantae;Streptophyta;Magnoliopsida;Poales;Poaceae;Avena;Avena eriantha,1,1
Fungi;Basidiomycota;Agaricomycetes;Polyporales;Panaceae;Panus;Panus rudis,6,195
Animalia;Chordata;Mammalia;Primates;Hominidae;Homo;Homo sapiens,7,27
Plantae;Streptophyta;Magnoliopsida;Fagales;Fagaceae;Quercus;Quercus robur,4,5
Fungi;Basidiomycota;Tremellomycetes;Tremellales;Syzygosporaceae;Syzygospora;Syzygospora alba,1,1
Animalia;Arthropoda;Arachnida;Araneae;Telemidae,1,1
Bacteria;Pseudomonadota;Betaproteobacteria;Neisseriales;Neisseriaceae;Neisseria;Neisseria cinerea,1,1
Fungi;Basidiomycota;Tremellomycetes;Trichosporonales,19,1335
Animalia;Bryozoa;Gymnolaemata,4,7
Chromista;Ciliophora;Prostomatea;Prorodontida;Colepidae;Nolandia;Nolandia orientalis,1,1
Animalia;Arthropoda;Hexanauplia;Calanoida;Pseudocyclopidae;Pseudocyclops,1,1
Fungi;Ascomycota;Leotiomycetes;Helotiales;Sclerotiniaceae,1,1
Fungi;Ascomycota;Eurotiomycetes;Eurotiales;Aspergillaceae;Aspergillus;Aspergillus uvarum,1,1
Animalia;Arthropoda;Hexanauplia,5,5
Fungi;Ascomycota;Saccharomycetes;Saccharomycetales;NA;Starmerella;Starmerella riodocensis,1,1
Animalia;Platyhelminthes;Rhabditophora;Tricladida,3,3
Chromista;Bacillariophyta;Bacillariophyceae,115,2769
Fungi;Basidiomycota;Tremellomycetes;Tremellales,22,243
Bacteria;Pseudomonadota;Alphaproteobacteria;Pelagibacterales;Pelagibacteraceae;Candidatus Pelagibacter;Candidatus Pelagibacter sp. AAA795-N17,15,15
Animalia;Annelida;Polychaeta;Spionida;Spionidae;Prionospio;Prionospio sp. DC-2019,2,2
Chromista;Ciliophora;Spirotrichea;NA;Strombidiidae;Parallelostrombidium;Parallelostrombidium obesum,7,7
Bacteria;Pseudomonadota;Gammaproteobacteria;Oceanospirillales;Oceanospirillaceae;Oleibacter;Oleibacter marinus,7,7
Chromista;NA;Chrysophyceae;NA;Apoikiaceae;Apoikia;Apoikia lindahlii,6,10
Plantae;Streptophyta;Magnoliopsida;Buxales;Buxaceae;Buxus;Buxus citrifolia,1,1
Animalia;Arthropoda;Hexanauplia;Calanoida;Acartiidae;Acartia;Acartia hudsonica,1,1
Chromista;Ciliophora;Nassophorea;Microthoracida;Pseudomicrothoracidae;Pseudomicrothorax;Pseudomicrothorax dubius,1,1
Animalia;Arthropoda;Insecta;Hymenoptera;Chrysididae;Chrysis,2,10
Fungi;Ascomycota;Dothideomycetes;Cladosporiales;Cladosporiaceae;Cladosporium;Cladosporium oxysporum,3,5
Chromista;NA;Chrysophyceae;NA;NA;NA;Chrysophyceae sp. CCCM41,6,8
Fungi;Ascomycota,100,18785
Bacteria;Pseudomonadota;Alphaproteobacteria;Hyphomicrobiales;Rhizobiaceae;Liberibacter,6,7
Plantae;Streptophyta;Magnoliopsida;Fagales;Fagaceae;Quercus,2,2
Chromista;NA;Bigyra;Oblongichytrida;NA;Oblongichytrium;Oblongichytrium sp.,8,8
Protozoa;Euglenozoa;Kinetoplastea;Neobodonida;NA;Neobodo,2,2
Animalia;Bryozoa;Phylactolaemata;NA;Plumatellidae,12,175
Plantae;Streptophyta;Zygnemophyceae;Desmidiales;Desmidiaceae,5,5
Chromista;Oomycota;NA;Peronosporales;Peronosporaceae;Bremia,4,5
Bacteria;Pseudomonadota;Deltaproteobacteria;Desulfuromonadales;Desulfuromonadaceae;Desulfuromonas,2,2
Fungi;Ascomycota;Eurotiomycetes;Chaetothyriales;Herpotrichiellaceae,25,582
Chromista;Ciliophora;Colpodea;Colpodida,3,96
Fungi;Chytridiomycota;Chytridiomycetes;Rhizophydiales;Kappamycetaceae;Kappamyces;Kappamyces sp.,1,1
Fungi;Chytridiomycota;Chytridiomycetes;Synchytriales;Synchytriaceae;Synchytrium;Synchytrium endobioticum,1,1
Chromista;NA;Pinguiophyceae;Pinguiochrysidales;Pinguiochrysidaceae;Pinguiochrysis;Pinguiochrysis pyriformis,1,1
Fungi;Basidiomycota;Agaricomycetes;Corticiales;Corticiaceae;Sistotrema;Sistotrema brinkmannii,24,993
Chromista;NA;Chrysophyceae;NA;NA;NA;Spumella-like flagellate JBM08,23,606
Plantae;Streptophyta;Magnoliopsida;Fabales;Fabaceae;Acacia;Acacia hylonoma,12,12
Chromista;NA;Dinophyceae;Gymnodiniales,22,22
Plantae;Streptophyta;Magnoliopsida;Lamiales;Oleaceae;Noronhia,1,1
Fungi;Basidiomycota;Agaricomycetes;Hymenochaetales;NA;Resinicium;Resinicium meridionale,1,1
Chromista;NA;Dinophyceae;Syndiniales;Amoebophryaceae;Amoebophrya;Amoebophrya sp. ex Akashiwo sanguineaum,7,7
Animalia;Brachiopoda;Rhynchonellata;Rhynchonellida;Cryptoporidae;Cryptopora;Cryptopora gnomon,2,2
Animalia;Chordata,131,27503
Chromista;Apicomplexa;Conoidasida;Eugregarinorida;Lecudinidae;Ancora;Ancora cf. sagittata,1,1
Fungi;Ascomycota;Lecanoromycetes;Lecanorales;Cladoniaceae;Cladonia;Cladonia gracilis,1,1
Plantae;Chlorophyta;Ulvophyceae;Cladophorales,1,1
Animalia;Rotifera;Eurotatoria,54,16427
Fungi;Basidiomycota;Agaricomycetes;Hymenochaetales,18,663
Chromista;NA;Dinophyceae;Gonyaulacales;Pyrocystaceae;Alexandrium;Alexandrium fundyense,9,9
Plantae;Streptophyta;Magnoliopsida;Caryophyllales;Cactaceae;Opuntia,1,1
Chromista;Ciliophora;Litostomatea;Haptorida;Lacrymariidae;Phialina,1,1
Plantae;Rhodophyta;Florideophyceae;Rhodymeniales;Faucheaceae;Webervanbossea;Webervanbossea splachnoides,1,1
Fungi;Chytridiomycota;Chytridiomycetes;Chytridiales;Chytriomycetaceae;Chytriomyces;Chytriomyces sp.,1,1
Animalia;Arthropoda;Branchiopoda;Diplostraca,1,1
Protozoa;NA;Bigyra;Bicosoecida;Bicosoecidae;Bicosoeca;Bicosoeca vacillans,1,1
Chromista;Ciliophora;Spirotrichea;Choreotrichida;Strombidinopsidae;Strombidinopsis;Strombidinopsis sp.,5,5
Bacteria;Pseudomonadota;Gammaproteobacteria;Alteromonadales;Idiomarinaceae;Idiomarina;Idiomarina xiamenensis,1,1
Protozoa;NA;NA;Apusomonadida;Apusomonadidae;Amastigomonas;Amastigomonas sp. HFCC180,1,1
Bacteria;Pseudomonadota;Alphaproteobacteria,81,241136
Bacteria;Bacillota;Clostridia;Eubacteriales;Clostridiaceae;Clostridium;Clostridium disporicum,2,9
Fungi;Basidiomycota;Agaricomycetes;Agaricales;Physalacriaceae;Mycotribulus;Mycotribulus mirabilis,1,1
Protozoa;NA;Choanoflagellata;Craspedida;Salpingoecidae;Hartaetosiga;Hartaetosiga gracilis,9,9
Fungi;Basidiomycota;Agaricomycetes;Russulales;Stereaceae;Aleurobotrys;Aleurobotrys botryosus,3,63
Animalia;Annelida;Polychaeta;NA;Chaetopteridae;Chaetopterus,1,1
Bacteria;Cyanobacteria;NA;Synechococcales;Synechococcaceae;Synechococcus,1,1
Bacteria;Pseudomonadota;Epsilonproteobacteria;Campylobacterales,1,1
Animalia;Chordata;Ascidiacea;Aplousobranchia,3,3
Bacteria;Pseudomonadota;Gammaproteobacteria;Pseudomonadales;Pseudomonadaceae;Pseudomonas;Pseudomonas poae,2,2
Chromista;Bacillariophyta;Coscinodiscophyceae;Thalassiosirales;Thalassiosiraceae;Thalassiosira;Thalassiosira minima,23,23
Chromista;Apicomplexa;Conoidasida;Eucoccidiorida;Cryptosporidiidae;Cryptosporidium;Cryptosporidium baileyi,11,11
Chromista;Bacillariophyta;Coscinodiscophyceae;Stephanodiscales;Stephanodiscaceae;Cyclotella,10,10
Plantae;Chlorophyta;Trebouxiophyceae;NA;NA;Botryococcus;Botryococcus sp. Tow 9/21 P-16w,1,1
Chromista;NA;Cryptophyceae;Cyathomonadacea;Goniomonadaceae;Goniomonas;Goniomonas truncata,6,436
Bacteria;Cyanobacteria;NA;Chroococcidiopsidales;NA;Compactococcus;Compactococcus sarcinoides,4,4
Chromista;Bacillariophyta;Bacillariophyceae;Naviculales,3,3
Animalia;Arthropoda;Insecta;Hymenoptera;Formicidae,5,91
Chromista;Bacillariophyta;Bacillariophyceae;Thalassiophysales;Catenulaceae;Amphora;Amphora normanii,2,2
Animalia;Orthonectida;NA;NA;Rhopaluridae;Rhopalura;Rhopalura ophiocomae,13,13
Chromista;NA;Dinophyceae;Gymnodiniales;Gymnodiniaceae;Apicoporus;Apicoporus parvidiaboli,6,6
Animalia;Arthropoda;Malacostraca;Mysida;Mysidae;Neomysis;Neomysis integer,1,1
Fungi;Basidiomycota;Agaricomycetes;Polyporales;Polyporaceae;Polyporus;Polyporus gayanus,1,1
Chromista;Apicomplexa;Conoidasida;Eugregarinorida;Ganymedidae;Ganymedes;Ganymedes themistos,2,2
Fungi;Ascomycota;Xylonomycetes;Xylonales;Xylonaceae;Xylona;Xylona heveae,2,2
Fungi;Ascomycota;Saccharomycetes;Saccharomycetales;Dipodascaceae;Yarrowia;Yarrowia lipolytica,3,3
Animalia;Cnidaria;Hydrozoa;Leptothecata;Clytiidae;Clytia;Clytia gracilis,1,1
Bacteria;Planctomycetota;Planctomycetia;Pirellulales;Thermoguttaceae;Thermogutta,6,6
Chromista;Oomycota;NA;Lagenidiales;Lagenidiaceae;Lagenidium,4,4
Chromista;Ciliophora;Spirotrichea;Stichotrichida;Epiclintidae;Epiclintes;Epiclintes auricularis,10,10
Plantae;Rhodophyta;Florideophyceae;Gigartinales;Kallymeniaceae;Erythrophyllum;Erythrophyllum delesserioides,2,2
Chromista;Ciliophora;Phyllopharyngea;Chlamydodontida,7,327
Chromista;Ciliophora;Oligohymenophorea;Peniculida,12,27
Plantae;Streptophyta;Magnoliopsida;Solanales;Convolvulaceae;Convolvulus;Convolvulus arvensis,3,3
Plantae;Streptophyta;Magnoliopsida;Asparagales;Asparagaceae;Asparagus,1,1
Fungi;Mucoromycota;Glomeromycetes;Glomerales;Glomeraceae;Septoglomus;Septoglomus constrictum,2,2
Animalia;Cnidaria;Hydrozoa;Leptothecata;Aglaopheniidae;Gymnangium;Gymnangium hians,1,1
Plantae;Streptophyta;Magnoliopsida;Myrtales;Onagraceae;Oenothera,1,1
Bacteria;Pseudomonadota;Gammaproteobacteria;Cellvibrionales;Spongiibacteraceae;Sinobacterium;Sinobacterium caligoides,1,1
Protozoa;Euglenozoa;Kinetoplastea;Neobodonida;NA;Rhynchobodo;Rhynchobodo sp. HFCC304,29,397
Fungi;Ascomycota;Eurotiomycetes;Eurotiales;Aspergillaceae;Penicillium;Penicillium lagena,2,2
Animalia;Porifera;Demospongiae;Suberitida;Halichondriidae;Halichondria;Halichondria okadai,3,3
Chromista;Bacillariophyta;Bacillariophyceae;Mastogloiales;Achnanthaceae;Achnanthes,5,5
Plantae;Streptophyta;Magnoliopsida;Lamiales;Orobanchaceae;Conopholis;Conopholis alpina,1,1
Plantae;Streptophyta;Magnoliopsida;Gentianales;Apocynaceae;Secondatia;Secondatia densiflora,1,1
Animalia;Arthropoda;Insecta;Coleoptera,7,18
Animalia;Mollusca;Bivalvia;Cardiida;Scrobiculariidae;Scrobicularia;Scrobicularia plana,2,2
Fungi;Mucoromycota;Glomeromycetes;Glomerales;Glomeraceae;Microdominikia;Microdominikia litorea,2,2
Chromista;NA;Chrysophyceae;NA;NA;NA;Chrysophyceae sp. I8,6,6
Chromista;NA;Dinophyceae;Peridiniales;Amphidiniopsidaceae;Amphidiniopsis;Amphidiniopsis rotundata,2,2
Chromista;Ciliophora;Oligohymenophorea;Apostomatida,7,7
Bacteria;Pseudomonadota;Betaproteobacteria;Neisseriales;Chromobacteriaceae,1,1
Plantae;Streptophyta;Magnoliopsida;Brassicales;Cleomaceae;Sieruela;Sieruela iberidella,1,1
Animalia;Mollusca;Bivalvia;Cardiida;Tellinidae;Limecola;Limecola balthica,3,3
Chromista;Ciliophora;Litostomatea;Haptorida;Spathidiidae;Balantidion;Balantidion foissneri,6,139
Fungi;Ascomycota;Eurotiomycetes,25,209
Bacteria;Pseudomonadota;Alphaproteobacteria;Sphingomonadales;Sphingomonadaceae;Sphingomonas,31,6222
Chromista;Ciliophora;Litostomatea;Haptorida;Spathidiidae;Apobryophyllum;Apobryophyllum schmidingeri,3,4
Animalia;Mollusca;Gastropoda;Nudibranchia;Dotidae;Doto;Doto koenneckeri,1,1
Chromista;Haptophyta;NA;Prymnesiales;Chrysochromulinaceae;Chrysochromulina;Chrysochromulina leadbeateri,9,9
Chromista;Ciliophora;Oligohymenophorea;Sessilida;Zoothamniidae,1,1
Plantae;Chlorophyta;Chlorophyceae;Protosiphonales;Protosiphonaceae;Spongiosarcinopsis;Spongiosarcinopsis terrestris,1,1
Bacteria;Planctomycetota;Planctomycetia;Planctomycetales;NA;NA;unidentified planctomycete,40,1243
Plantae;Streptophyta;Magnoliopsida;Fabales;Fabaceae;Phaseolus;Phaseolus vulgaris,10,10
Plantae;Streptophyta;Magnoliopsida;Poales;Poaceae;Lolium;Lolium perenne,9,60
Chromista;Bacillariophyta;Coscinodiscophyceae;Stephanodiscales;Stephanodiscaceae;Cyclotella;Cyclotella bodanica,18,18
Plantae;Chlorophyta;Chlorophyceae;Sphaeropleales;Hydrodictyaceae,4,127
Fungi;Mucoromycota;Glomeromycetes;Diversisporales;Sacculosporaceae;Sacculospora,3,4
Bacteria;Pseudomonadota;Deltaproteobacteria;Desulfuromonadales;Desulfuromonadaceae;Pelobacter;Pelobacter sp. A3b3,5,5
Chromista;Ciliophora;Prostomatea;Prorodontida;Colepidae;Levicoleps;Levicoleps biwae,4,14
Chromista;Cercozoa;Thecofilosea,25,25
Fungi;Basidiomycota;Agaricomycetes;Boletales;Coniophoraceae;Coniophora,2,2
Animalia;Porifera;Demospongiae;Poecilosclerida;Coelosphaeridae;Lissodendoryx;Lissodendoryx hawaiiana,1,1
Fungi;Basidiomycota;Agaricomycetes;Sebacinales;Sebacinaceae;Sebacina;Sebacina sp.,1,1
Animalia;Arthropoda;Hexanauplia;Poecilostomatoida;Oncaeidae;Oncaea,1,1
Bacteria;Pseudomonadota;Gammaproteobacteria;Pseudomonadales;Pseudomonadaceae;Pseudomonas;Pseudomonas sp. CRF3-Ps-2,3,3
Plantae;Streptophyta;Magnoliopsida;Sapindales;Anacardiaceae;Anacardium;Anacardium occidentale,1,1
Chromista;NA;Chrysophyceae;Chromulinales;Oikomonadaceae;Oikomonas;Oikomonas sp. SA-2.1,14,14
Bacteria;Pseudomonadota;Betaproteobacteria;Neisseriales;Neisseriaceae,9,143
Fungi;Basidiomycota;Agaricomycetes;Agaricales;Physalacriaceae,3,134
Bacteria;Pseudomonadota;Alphaproteobacteria;Parvularculales;Parvularculaceae;Parvularcula;Parvularcula sp. P33,1,1
Fungi;Mucoromycota;Glomeromycetes;Archaeosporales,4,4
Chromista;Ciliophora;Oligohymenophorea;Sessilida;Epistylidae;Epistylis;Epistylis hentscheli,5,5
Fungi;Ascomycota;Saccharomycetes;Saccharomycetales;Debaryomycetaceae;Candida;Candida albicans,3,4
Animalia;Annelida;Polychaeta;Phyllodocida,6,6
Plantae;Streptophyta;Magnoliopsida;Gentianales;Rubiaceae;Oldenlandia;Oldenlandia corymbosa,1,1
Animalia;Arthropoda;Malacostraca;Amphipoda;Melphidippidae;Melphidippa;Melphidippa borealis,1,1
Chromista;NA;Dinophyceae;Gymnodiniales;Warnowiaceae;Nematodinium;Nematodinium sp. BSL-2009a,12,12
Fungi;Basidiomycota;Agaricomycetes;Polyporales,38,3228
Bacteria;Pseudomonadota;Alphaproteobacteria;Rhodobacterales;Paracoccaceae;Rhodobacter;Rhodobacter sp. PSB07-159,4,5
Animalia;Arthropoda;Hexanauplia;Calanoida;Pontellidae,1,1
Fungi;Ascomycota;Dothideomycetes;Pleosporales;Pleosporaceae;Bipolaris;Bipolaris sp. YPT-2016b,2,10
Chromista;Haptophyta;NA;Prymnesiales;Chrysochromulinaceae;Chrysochromulina;Chrysochromulina parva,6,338
Plantae;Chlorophyta;Mamiellophyceae;Mamiellales,10,10
Chromista;NA;Dinophyceae;Peridiniales;Heterocapsaceae;Heterocapsa;Heterocapsa sp. JD-2012,17,17
Plantae;Streptophyta;Magnoliopsida;Solanales;Convolvulaceae;Ipomoea;Ipomoea hederacea,1,1
Chromista;NA;Dinophyceae;Peridiniales;Pfiesteriaceae;NA;cryptoperidiniopsoid sp. Folly C5,17,17
Animalia;Cnidaria;Anthozoa;Scleractinia;Plesiastreidae;Plesiastrea,3,3
Chromista;Ciliophora;Oligohymenophorea;Sessilida;Vorticellidae;Pseudovorticella;Pseudovorticella sinensis,1,1
Chromista;NA;Dinophyceae;Peridiniales;Ostreopsidaceae;Coolia;Coolia canariensis,1,1
Chromista;NA;Phaeophyceae;Ectocarpales;Chordariaceae,1,1
Plantae;Streptophyta;Magnoliopsida;Caryophyllales;Cactaceae,1,1
Plantae;Rhodophyta;Bangiophyceae;Cyanidiales;Cyanidiaceae;Cyanidium;Cyanidium caldarium,1,1
Animalia;Arthropoda;Hexanauplia;Calanoida;Clausocalanidae;Pseudocalanus,8,8
Plantae;Chlorophyta;Trebouxiophyceae;Trebouxiales;Trebouxiaceae;Trebouxia,8,391
Chromista;NA;Dinophyceae;Suessiales;Symbiodiniaceae;Symbiodinium;Symbiodinium sp. 1305,2,2
Animalia;Platyhelminthes;Rhabditophora,2,3
Chromista;NA;Dinophyceae;Peridiniales;Diplopsaliaceae;Diplopsalis;Diplopsalis lenticula,1,1
Plantae;Streptophyta;Magnoliopsida;Fabales;Fabaceae;Astragalus,4,4
Fungi;Basidiomycota;Tremellomycetes;Trichosporonales;Trichosporonaceae;Trichosporon;Trichosporon beigelii,1,1
Animalia;Mollusca;Gastropoda;NA;Lymnaeidae;Peregriana;Peregriana peregra,1,1
Fungi;Ascomycota;Leotiomycetes;Helotiales;Cordieritidaceae;Unguiculariopsis;Unguiculariopsis damingshanica,1,1
Fungi;Ascomycota;Lecanoromycetes;Caliciales;Caliciaceae;Buellia;Buellia georgei,2,2
Bacteria;Pseudomonadota;Gammaproteobacteria;Moraxellales;Moraxellaceae;Psychrobacter,1,1
Chromista;Bacillariophyta;Coscinodiscophyceae;Chaetocerotales;Chaetocerotaceae;Chaetoceros;Chaetoceros contortus,17,17
Bacteria;Pseudomonadota;Deltaproteobacteria;NA;NA;Dissulfurimicrobium;Dissulfurimicrobium hydrothermale,1,1
Animalia;Platyhelminthes;Trematoda;Diplostomida,2,242
Plantae;Rhodophyta;Florideophyceae;Gigartinales,5,5
Chromista;Endomyxa;NA;Vampyrellida;Leptophryidae;Theratromyxa;Theratromyxa weberi,2,2
Fungi;Basidiomycota;Agaricomycetes;Agaricales;Tubariaceae;Tubaria;Tubaria furfuracea,1,1
Chromista;Bacillariophyta;Fragilariophyceae;Tabellariales;Tabellariaceae;Tabellaria;Tabellaria flocculosa,3,3
Bacteria;Pseudomonadota;Alphaproteobacteria;Hyphomicrobiales;Rhizobiaceae,9,21
Animalia;Entoprocta;NA;NA;Barentsiidae;Barentsia;Barentsia hildegardae,2,2
Plantae;Rhodophyta;Florideophyceae;Ceramiales;Callithamniaceae;Aglaothamnion;Aglaothamnion tenuissimum,1,1
Animalia;Arthropoda;Branchiopoda;Diplostraca;Chydoridae;Pleuroxus;Pleuroxus truncatus,10,499
Plantae;Streptophyta;Bryopsida;Dicranales,10,10
Bacteria;Pseudomonadota;Gammaproteobacteria;NA;Candidatus Competibacteraceae;Candidatus Competibacter;Candidatus Competibacter phosphatis,1,1
Protozoa;Endomyxa;NA;Gromiida;Gromiidae;Gromia;Gromia oviformis,9,9
Fungi;Basidiomycota;Agaricomycetes;Polyporales;Polyporaceae;Donkioporia;Donkioporia expansa,4,5
Animalia;Chordata;Mammalia,6,7
Bacteria;Pseudomonadota;Alphaproteobacteria;Rhodobacterales;Paracoccaceae;Albimonas;Albimonas sp.,2,2
Chromista;Ciliophora;Spirotrichea;Euplotida;Euplotidae;Euplotes;Euplotes harpa,1,1
Animalia;Porifera;Demospongiae;Spongillida;Spongillidae,3,3
Protozoa;Euglenozoa;NA;Diplonemea;Diplonemidae;Diplonema;Diplonema sp. ATCC 50232,15,15
Animalia;Rotifera;Eurotatoria;Ploima;Dicranophoridae;Encentrum,3,66
Chromista;NA;Bigyra;Thraustochytrida;Thraustochytriaceae;Aplanochytrium;Aplanochytrium sp. SC1-1,19,19
Chromista;Ciliophora;Spirotrichea;Kiitrichida;Kiitrichidae;Kiitricha;Kiitricha marina,7,7
Bacteria;Pseudomonadota;Betaproteobacteria;Neisseriales;Neisseriaceae;Aquella;Aquella oligotrophica,26,1187
Plantae;Chlorophyta;Mamiellophyceae;Monomastigales;Monomastigaceae;Monomastix,1,1
Chromista;Ciliophora;Litostomatea;Haptorida;Lacrymariidae;Lacrymaria;Lacrymaria sp. FG-2017a,10,203
Chromista;Ciliophora;Spirotrichea;Urostylida,17,17
Chromista;Ciliophora;Spirotrichea;Euplotida;Euplotidae;Euplotes;Euplotes daidaleos,21,632
Chromista;Haptophyta;NA;Isochrysidales;Noelaerhabdaceae;Gephyrocapsa;Gephyrocapsa oceanica,12,12
Animalia;Platyhelminthes;Rhabditophora;Macrostomida;Microstomidae;Microstomum;Microstomum lineare,2,2
Fungi;Ascomycota;Leotiomycetes;Erysiphales;Erysiphaceae;Erysiphe;Erysiphe betae,1,1
Animalia;Porifera;Calcarea;Leucosolenida;Heteropiidae;Grantessa;Grantessa sp. OV-2012,1,1
Plantae;Streptophyta;Magnoliopsida;Oxalidales;Oxalidaceae;Oxalis,1,1
Chromista;Ciliophora;Spirotrichea;Tintinnida;Codonellidae;Codonaria;Codonaria sp. CB-2012,1,1
Chromista;Bacillariophyta;Bacillariophyceae;Thalassiophysales;Catenulaceae;Amphora;Amphora sp. NTDMN02,1,1
Animalia;Arthropoda;Malacostraca;Decapoda;Paguridae;Pagurus;Pagurus filholi,1,1
Plantae;Chlorophyta;Trebouxiophyceae;Watanabeales;NA;Jaagichlorella,1,1
Chromista;Oomycota;NA;Peronosporales;Peronosporaceae;Bremia;Bremia lactucae,11,38
Chromista;Ciliophora;Oligohymenophorea;Thigmotrichida;Ancistridae;Ancistrum;Ancistrum crassum,22,22
Chromista;NA;NA;Colponemida;Colponemidia;Colponema,1,1
Chromista;NA;Bigyra;Oblongichytrida;NA;Oblongichytrium;Oblongichytrium sp. PBS05,4,4
Chromista;Ciliophora;Oligohymenophorea;Pleuronematida;Cyclidiidae;Cyclidium;Cyclidium glaucoma,3,10
Plantae;Streptophyta;Bryopsida;Bryales;Bryaceae;Ptychostomum;Ptychostomum cellulare,1,1
Plantae;Chlorophyta;Ulvophyceae;Cladophorales;Cladophoraceae;Cladophora;Cladophora glomerata,1,1
Plantae;Streptophyta;Magnoliopsida;Myrtales;Myrtaceae,7,842
Chromista;Ciliophora;Spirotrichea,3,3
Fungi;Mucoromycota;Mucoromycetes;Mucorales;Mucoraceae;Mucor;Mucor racemosus,1,1
Chromista;Ciliophora;Prostomatea;Prorodontida;Colepidae;Nolandia;Nolandia sp. WYG07050702,1,1
Protozoa;Euglenozoa;Kinetoplastea;NA;Ichthyobodonidae;Ichthyobodo,4,4
Chromista;NA;Chrysophyceae;NA;NA;NA;Spumella-like flagellate JBC13,17,209
Animalia;Annelida;Clitellata;Tubificida;Naididae;Ainudrilus;Ainudrilus sp. EKEH-2002,1,1
Plantae;Streptophyta;Magnoliopsida;Poales;Poaceae;Avena,2,2
Chromista;Bacillariophyta;Coscinodiscophyceae;Chaetocerotales;Chaetocerotaceae;Chaetoceros;Chaetoceros sp. NIES-3971,9,9
Chromista;Ciliophora;Oligohymenophorea;Hymenostomatida;Tetrahymenidae;Tetrahymena;Tetrahymena paravorax,1,1
Plantae;Streptophyta;Magnoliopsida;Ranunculales;Ranunculaceae;Clematis;Clematis sp. 2 YX-2018,1,1
Plantae;Streptophyta;Magnoliopsida;Santalales;Mystropetalaceae;Mystropetalon;Mystropetalon thomii,1,1
Bacteria;Pseudomonadota;Alphaproteobacteria;NA;NA;NA;alpha proteobacterium W-2027,7,12
Fungi;Ascomycota;Saccharomycetes;Saccharomycetales;Trichomonascaceae;Wickerhamiella;Wickerhamiella pararugosa,2,2
Chromista;Bacillariophyta;Bacillariophyceae;Naviculales;Naviculaceae,6,6
Chromista;Cercozoa;Thecofilosea;Phaeoconchia;Concharidae;Conchellium;Conchellium capsula,1,1
Plantae;Rhodophyta;Florideophyceae;Corallinales;Lithophyllaceae,2,2
Plantae;Chlorophyta;Chlorophyceae;Chlamydomonadales;Chlamydomonadaceae;Chlamydomonas;Chlamydomonas parkeae,7,7
Animalia;Cnidaria;Hydrozoa;Siphonophorae;Diphyidae;Muggiaea;Muggiaea atlantica,1,1
Animalia;Arthropoda;Collembola;Entomobryomorpha,1,1
Plantae;Streptophyta;Magnoliopsida;Sapindales;Rutaceae;Citrus;Citrus obovoidea,1,1
Chromista;Haptophyta;NA;Pavlovales;Pavlovaceae;Diacronema,1,1
Plantae;NA;Glaucocystophyceae;Gloeochaetales;Gloeochaetaceae;Gloeochaete;Gloeochaete wittrockiana,1,1
Chromista;Ciliophora;Litostomatea;Haptorida;Spathidiidae;Spathidium;Spathidium papilliferum,6,55
Chromista;Bacillariophyta;Coscinodiscophyceae;Thalassiosirales;Thalassiosiraceae;Thalassiosira;Thalassiosira delicatula,6,6
Chromista;Ciliophora;Heterotrichea;Heterotrichida;Blepharismidae;Blepharisma;Blepharisma americanum,1,1
Plantae;Streptophyta;Magnoliopsida;Boraginales;Cordiaceae,13,136
Bacteria;Pseudomonadota;Gammaproteobacteria;Cellvibrionales;Spongiibacteraceae;Dasania;Dasania sp.,2,2
Plantae;Streptophyta;Magnoliopsida;Poales;Poaceae;Phalaris,1,1
Chromista;Ciliophora;Litostomatea;Haptorida;Dileptidae,31,488
Plantae;Streptophyta;Magnoliopsida;Poales;Poaceae;Zea;Zea mays,16,908
Plantae;Streptophyta;Polypodiopsida;Polypodiales;Aspleniaceae;Asplenium,1,1
Plantae;Streptophyta;Magnoliopsida;Santalales;Santalaceae;Lepidoceras;Lepidoceras chilense,1,1
Chromista;Ciliophora;Oligohymenophorea;Sessilida,51,1896
Bacteria;Pseudomonadota;Oligoflexia;Bdellovibrionales;Pseudobdellovibrionaceae;Bdellovibrio;Bdellovibrio sp. oral clone CA006,4,7
Protozoa;NA;Choanoflagellata;Acanthoecida;Acanthoecidae,1,1
Plantae;Streptophyta;Magnoliopsida;Malvales;Malvaceae,12,25
Plantae;Streptophyta;Magnoliopsida;Malpighiales;Euphorbiaceae,14,29
Fungi;Mucoromycota;Glomeromycetes;Glomerales;Glomeraceae;Glomus;Glomus sp. 8 ZHNL-2013s,1,1
Fungi;Basidiomycota;Agaricomycetes;Boletales;Suillaceae;Suillus;Suillus luteus,2,2
Fungi;Chytridiomycota;Chytridiomycetes;Cladochytriales;Nowakowskiellaceae;Nowakowskiella,4,109
Fungi;Ascomycota;Dothideomycetes;Myriangiales;Elsinoaceae;Elsinoe;Elsinoe sp. YPT-2014b,2,8
Chromista;Foraminifera,6,6
Chromista;NA;Dinophyceae;Gonyaulacales;Amphidomataceae;Azadinium;Azadinium spinosum,20,20
Bacteria;Bacillota;Clostridia;Eubacteriales;Clostridiaceae;Clostridium,3,4
Animalia;Arthropoda;Arachnida;Sarcoptiformes;Acaridae;Rhizoglyphus,1,1
Fungi;Zoopagomycota,6,506
Fungi;Chytridiomycota;Chytridiomycetes;Chytridiales;Chytriomycetaceae,3,17
Fungi;Ascomycota;Dothideomycetes;Venturiales;Sympoventuriaceae;Scolecobasidium,2,8
Plantae;Streptophyta;Magnoliopsida;Fabales;Fabaceae;Acacia;Acacia caleyi,1,1
Bacteria;Pseudomonadota;Betaproteobacteria;Neisseriales,1,1
Chromista;NA;Dinophyceae;Peridiniales;Endodiniaceae;Brandtodinium;Brandtodinium nutricula,2,2
Animalia;Cnidaria;Hydrozoa,23,23
Protozoa;Euglenozoa;Euglenida,39,15575
Plantae;Rhodophyta;Florideophyceae;Ceramiales;Rhodomelaceae;Odonthalia,1,1
Plantae;Streptophyta;Magnoliopsida;Asparagales;Amaryllidaceae;Leucojum;Leucojum aestivum,5,5
Fungi;Ascomycota;Saccharomycetes;Saccharomycetales;Metschnikowiaceae;Metschnikowia;Metschnikowia kunwiensis,5,80
Fungi;Ascomycota;Laboulbeniomycetes;Laboulbeniales;Laboulbeniaceae,1,1
Plantae;Streptophyta;Magnoliopsida;Lamiales;Scrophulariaceae;Scrophularia;Scrophularia villosa,1,1
Bacteria;Pseudomonadota;Betaproteobacteria;Neisseriales;Neisseriaceae;Neisseria;Neisseria meningitidis,3,3
Chromista;NA;Dinophyceae;Peridiniales;Protoperidiniaceae;Protoperidinium;Protoperidinium pentagonum,3,3
Plantae;Streptophyta;Magnoliopsida;Poales;Poaceae;Oryza;Oryza brachyantha,3,5
Fungi;Ascomycota;Eurotiomycetes;Eurotiales;Aspergillaceae;Penicillium;Penicillium sp.,16,16
Animalia;Platyhelminthes;Monogenea;Mazocraeidea;Diplozoidae;Eudiplozoon;Eudiplozoon nipponicum,3,138
Plantae;Rhodophyta;Florideophyceae;Palmariales;Palmariaceae;Devaleraea;Devaleraea ramentacea,1,1
Plantae;Chlorophyta;Trebouxiophyceae;NA;NA;Picochlorum;Picochlorum sp. RCC115,1,1
Chromista;NA;Dinophyceae;Suessiales,26,26
Bacteria;Pseudomonadota;Alphaproteobacteria;Hyphomicrobiales;Hyphomicrobiaceae;Rhodoplanes;Rhodoplanes sp. Z2-YC6860,3,3
Fungi;Chytridiomycota;Chytridiomycetes;Synchytriales;Synchytriaceae;Synchytrium;Synchytrium microbalum,4,23
Chromista;Ciliophora;Oligohymenophorea;Hymenostomatida;NA;Ichthyophthirius;Ichthyophthirius multifiliis,3,3
Fungi;Ascomycota;Lecanoromycetes;Umbilicariales;Umbilicariaceae;Umbilicaria;Umbilicaria pertusa,3,3
Chromista;NA;Pelagophyceae;Pelagomonadales;NA;Chromopallida;Chromopallida australis,1,1
Chromista;Ciliophora;Litostomatea;Cyclotrichida;Mesodiniidae;Mesodinium;Mesodinium sp. WWS-2009a,9,9
Animalia;Rotifera;Eurotatoria;Ploima;Synchaetidae;Synchaeta,4,4
Protozoa;Tubulinea;Elardia;Leptomyxida;Flabellulidae;Paraflabellula;Paraflabellula hoguae,3,3
Animalia;Cnidaria;Anthozoa;Pennatulacea;Pennatulidae;Pennatula;Pennatula aculeata,3,3
Animalia;Annelida;Polychaeta;Terebellida;Terebellidae,2,2
Plantae;Chlorophyta;Ulvophyceae,7,17
Fungi;Ascomycota;Dothideomycetes;Pleosporales;Didymosphaeriaceae,1,1
Bacteria;Verrucomicrobia;Opitutae;Puniceicoccales;Puniceicoccaceae;Coraliomargarita;Coraliomargarita akajimensis,8,8
Plantae;Streptophyta;Magnoliopsida;Ericales,5,5
Chromista;Bacillariophyta;Bacillariophyceae;Bacillariales;Bacillariaceae;Nitzschia,5,10
Animalia;Echinodermata;Holothuroidea;Dendrochirotida,4,4
Chromista;Apicomplexa;Marosporida;Agamococcidiorida;Rhytidocystidae;Rhytidocystis;Rhytidocystis pertsovi,1,1
Animalia;Arthropoda;Insecta;Hemiptera;Belostomatidae;Belostoma;Belostoma angustum,1,1
Chromista;NA;Dinophyceae;Gymnodiniales;Gymnodiniaceae;Gymnodinium,6,6
Animalia;Arthropoda;Insecta;Diptera;Tachinidae,1,1
Chromista;NA;Cryptophyceae;Cryptomonadales;Cryptomonadaceae,50,2045
Plantae;Streptophyta;Magnoliopsida;Poales;Poaceae,80,17595
Animalia;Cnidaria;Anthozoa;Scleractinia;Acroporidae;Acropora;Acropora humilis,1,1
Plantae;Rhodophyta;Rhodellophyceae;Rhodellales;Rhodellaceae;Neorhodella;Neorhodella cyanea,1,1
Fungi;Ascomycota;Lecanoromycetes;Ostropales;Stictidaceae;Cyanodermella,1,1
Chromista;Ciliophora;Phyllopharyngea;Dysteriida;Hartmannulidae;Trichopodiella;Trichopodiella faurei,16,16
Animalia;Mollusca;Gastropoda;Stylommatophora;Limacidae;Weltersia;Weltersia obscura,2,2
Plantae;Chlorophyta;Chlorophyceae;Chaetopeltidales;Chaetopeltidaceae;Pseudulvella;Pseudulvella consociata,1,1
Chromista;Bacillariophyta;Bacillariophyceae;Naviculales;Naviculaceae;Caloneis;Caloneis lauta,2,3
Fungi;Mucoromycota;Glomeromycetes;Glomerales;Glomeraceae;Dominikia;Dominikia indica,1,1
Bacteria;Pseudomonadota;Alphaproteobacteria;Rhodobacterales;Roseobacteraceae;Celeribacter;Celeribacter arenosi,6,6
Plantae;Streptophyta;Magnoliopsida;Ericales;Primulaceae;Primula;Primula sunhangii,3,3
Chromista;Ciliophora;Oligohymenophorea;Hymenostomatida;Bromeliophryidae;Glaucomides;Glaucomides sp. 1 MD-2012,2,16
Plantae;Streptophyta;Magnoliopsida;Apiales,4,4
Chromista;Ciliophora;Spirotrichea;Tintinnida;Xystonellidae;Favella;Favella campanula,2,2
Chromista;Bacillariophyta;Coscinodiscophyceae;Thalassiosirales;Lauderiaceae;Lauderia,2,2
Animalia;Arthropoda;Hexanauplia;Siphonostomatoida;Caligidae;Caligus;Caligus uniartus,1,1
Protozoa;Cercozoa;NA;Cercomonadida;Cercomonadidae;Paracercomonas;Paracercomonas sp.,3,24
Bacteria;Pseudomonadota;Alphaproteobacteria;Rhodobacterales;Paracoccaceae;NA;Rhodobacteraceae bacterium JAMH 0111,6,6
Protozoa;Endomyxa;Ascetosporea;Haplosporida;Haplosporidiidae;Haplosporidium,7,7
Chromista;NA;Phaeothamniophyceae;Phaeothamniales;Phaeothamniaceae;Nematochrysis;Nematochrysis sessilis,1,1
Plantae;Streptophyta;Magnoliopsida;Poales;Poaceae;Phleum;Phleum pratense,2,2
Chromista;Ciliophora;Oligohymenophorea;Astomatida;Anoplophryidae;Anoplophrya;Anoplophrya marylandensis,1,1
Fungi;Ascomycota;Leotiomycetes,45,515
Animalia;Arthropoda;Hexanauplia;Calanoida;Clausocalanidae;Clausocalanus,1,1
Chromista;Ciliophora;Oligohymenophorea;Hymenostomatida;Tetrahymenidae;Tetrahymena;Tetrahymena sp. BOLD:AAO5056,1,1
Chromista;Cercozoa;NA;Glissomonadida;Allapsidae;Allapsa;Allapsa vibrans,1,1
Chromista;Bacillariophyta;Coscinodiscophyceae;Thalassiosirales;Thalassiosiraceae;Thalassiosira;Thalassiosira concaviuscula,14,14
Animalia;Echinodermata;Holothuroidea;Apodida;Synaptidae,2,2
Bacteria;Pseudomonadota;Alphaproteobacteria;Hyphomicrobiales;Rhodovibrionaceae;Rhodovibrio,5,5
Chromista;NA;Dinophyceae;Peridiniales;Diplopsaliaceae;Gotoius;Gotoius excentricus,10,10
Bacteria;Pseudomonadota;Alphaproteobacteria;Hyphomicrobiales;Rhodobiaceae;NA;Rhodobiaceae bacterium,3,3
Plantae;Rhodophyta;Florideophyceae;Gracilariales;Gracilariaceae;Gracilaria;Gracilaria manilaensis,1,1
Animalia;Arthropoda;Arachnida;Ixodida,1,1
Chromista;Ciliophora;Spirotrichea;Choreotrichida;Strobilidiidae,14,14
Plantae;Chlorophyta;Pyramimonadophyceae;Pyramimonadales;Pyramimonadaceae;Pyramimonas;Pyramimonas australis,10,10
Plantae;Streptophyta;Magnoliopsida;Boraginales;Boraginaceae;Antiphytum;Antiphytum hintoniorum,11,11
Fungi;Chytridiomycota;Monoblepharidomycetes;Monoblepharidales;Monoblepharidaceae;Monoblepharella;Monoblepharella sp. M15,1,1
Chromista;NA;Dinophyceae;Amphidiniales;Amphidiniaceae;Amphidinium;Amphidinium longum,1,1
Chromista;Ciliophora;Oligohymenophorea;Peniculida;Frontoniidae;Frontonia;Frontonia atra,16,186
Chromista;Perkinsozoa;NA;Perkinsida;Perkinsidae;Parvilucifera;Parvilucifera rostrata,6,6
Chromista;NA;Chrysophyceae;Chromulinales;Chromulinaceae;Ochromonas;Ochromonas sp. TCS-2004,15,15
Fungi;Mucoromycota;Glomeromycetes;Glomerales;Glomeraceae;Rhizophagus;Rhizophagus irregularis,34,92
Chromista;Cercozoa;NA;Glissomonadida;Pansomonadidae;Aurigamonas;Aurigamonas solis,4,13
Chromista;Ciliophora;Litostomatea;Pleurostomatida;Protolitonotidae;Protolitonotus;Protolitonotus magnus,2,2
Plantae;Chlorophyta;Trebouxiophyceae;Chlorellales;Chlorellaceae;Chlorella;Chlorella sp.,11,124
Chromista;Ciliophora;Phyllopharyngea;Dysteriida;Dysteriidae;Dysteria,2,5
Chromista;Bacillariophyta;Coscinodiscophyceae;Stephanodiscales;Stephanodiscaceae;Cyclotella;Cyclotella sp. 119,12,12
Fungi;Ascomycota;Eurotiomycetes;Eurotiales;Aspergillaceae;Aspergillus;Aspergillus sp. DTO 356-D6,8,103
Bacteria;Pseudomonadota;Alphaproteobacteria;Rhodospirillales;Rhodospirillaceae;Insolitispirillum;Insolitispirillum peregrinum,2,2
Plantae;Streptophyta;Jungermanniopsida;Metzgeriales;Aneuraceae;Verdoornia;Verdoornia succulenta,1,1
Animalia;Cnidaria;Scyphozoa;Semaeostomeae;Pelagiidae;Chrysaora,2,2
Chromista;Bacillariophyta;Bacillariophyceae;Naviculales;Diadesmidaceae;Luticola;Luticola goeppertiana,1,1
Animalia;Arthropoda;Malacostraca;Amphipoda;Aoridae;Aoroides;Aoroides columbiae,1,1
Fungi;Chytridiomycota;Chytridiomycetes;Chytridiales;Chytridiaceae,6,24
Chromista;NA;Dinophyceae;Gymnodiniales;Kareniaceae;Karenia,17,17
Plantae;Chlorophyta;Chlorophyceae;Sphaeropleales;Mychonastaceae;Mychonastes;Mychonastes sp. DB6-29,1,1
Chromista;NA;Bigyra;Opalinata;Proteromonadidae;Karotomorpha;Karotomorpha sp. RAPI1,7,10
Chromista;Bacillariophyta;Bacillariophyceae;Thalassiophysales;Catenulaceae;Undatella;Undatella sp. p446,1,1
Fungi;Chytridiomycota;Chytridiomycetes;Cladochytriales;Nowakowskiellaceae;Nowakowskiella;Nowakowskiella elegans,5,33
Chromista;Bacillariophyta;Fragilariophyceae;Fragilariales;Fragilariaceae;Asteroplanus;Asteroplanus karianus,8,8
Fungi;Mucoromycota;Mucoromycetes;Mucorales,5,732
Bacteria;Pseudomonadota;Gammaproteobacteria;Moraxellales;Moraxellaceae;Acinetobacter;Acinetobacter celticus,1,1
Plantae;Streptophyta;Magnoliopsida;Caryophyllales;Chenopodiaceae;Salicornia,1,1
Chromista;NA;Bigyra;Thraustochytrida;Thraustochytriaceae;NA;Thraustochytriidae sp. SEK 700,1,1
Fungi;Basidiomycota;Agaricomycetes;Agaricales;Amanitaceae;Amanita;Amanita muscaria,1,1
Bacteria;Pseudomonadota;Gammaproteobacteria;Pasteurellales;Pasteurellaceae;Haemophilus;Haemophilus haemolyticus,5,5
Chromista;Bacillariophyta;Coscinodiscophyceae;Thalassiosirales;Skeletonemataceae;Skeletonema;Skeletonema sp. NIES-16,2,2
Animalia;Chordata;Actinopteri;Cypriniformes;Cyprinidae;Tor,1,1
Bacteria;Pseudomonadota;Alphaproteobacteria;Rhodobacterales;Roseobacteraceae;Celeribacter,1,1
Plantae;Streptophyta;Magnoliopsida;Caryophyllales;Polygonaceae;Rumex,2,2
Chromista;NA;Dinophyceae;Blastodiniales;NA;Blastodinium,8,8
Animalia;Arthropoda;Insecta;Diptera;Ulidiidae;Chaetopsis,1,1
Chromista;Cercozoa;Chlorarachniophyceae,7,7
Bacteria;Pseudomonadota;Alphaproteobacteria;Pelagibacterales;Pelagibacteraceae;Candidatus Pelagibacter;Candidatus Pelagibacter sp. AAA795-J21,4,4
Chromista;Bacillariophyta;Coscinodiscophyceae;Chaetocerotales;Chaetocerotaceae;Chaetoceros,10,10
Chromista;Haptophyta;NA;Prymnesiales;NA;Chrysocampanula;Chrysocampanula spinifera,9,9
Animalia;Annelida;Polychaeta;NA;Maldanidae,6,6
Fungi;Ascomycota;Saccharomycetes;Saccharomycetales;NA;Starmerella;Starmerella geochares,1,1
Chromista;Bacillariophyta;Coscinodiscophyceae;Thalassiosirales;Thalassiosiraceae;Minidiscus;Minidiscus sp. RCC4810,9,9
Fungi;Ascomycota;Saccharomycetes;Saccharomycetales;Debaryomycetaceae;Yamadazyma;[Candida] germanica,4,67
Fungi;Basidiomycota;Tremellomycetes;Tremellales;Cryptococcaceae;Teunia;Teunia helanensis,1,1
Animalia;Arthropoda;Hexanauplia;Calanoida;Pseudocyclopidae;Pseudocyclops;Pseudocyclops sp. Japan-RJH-2004,4,4
Chromista;Bacillariophyta;Bacillariophyceae;Thalassiophysales;Catenulaceae;Amphora;Amphora sp. PP-2011,1,1
Chromista;Ciliophora;Oligohymenophorea;Sessilida;Vorticellidae;Planeticovorticella;Planeticovorticella sp. HN Z2,1,1
Plantae;Streptophyta;Magnoliopsida;Malpighiales,2,2
Fungi;Basidiomycota;Malasseziomycetes;Malasseziales;Malasseziaceae;Malassezia;Malassezia dermatis,1,1
Fungi;Chytridiomycota;Chytridiomycetes;Spizellomycetales;Powellomycetaceae,1,1
Chromista;Ciliophora;Spirotrichea;Urostylida;Urostylidae;Extraholosticha;Extraholosticha sp.,1,1
Fungi;Ascomycota;Saccharomycetes,3,3
Chromista;Ciliophora;Litostomatea;Cyclotrichida;Mesodiniidae;Mesodinium;Mesodinium pulex,12,12
Chromista;NA;Dinophyceae;Prorocentrales;Prorocentraceae;Prorocentrum;Prorocentrum sp. FL3,1,1
Plantae;Rhodophyta;Florideophyceae;Gigartinales;Kallymeniaceae;Croisettea;Croisettea tasmanica,2,2
Plantae;Streptophyta;Magnoliopsida;Poales;Poaceae;Calamagrostis,1,1
Plantae;Streptophyta;Magnoliopsida;Brassicales;Brassicaceae;Goldbachia;Goldbachia laevigata,1,1
Chromista;Ciliophora;Heterotrichea;Heterotrichida;Folliculinidae;Folliculina;Folliculina WWS-2008,7,7
Animalia;Cnidaria;Anthozoa;Scleractinia;Caryophylliidae;Ceratotrochus;Ceratotrochus magnaghii,1,1
Bacteria;Pseudomonadota;Alphaproteobacteria;Rhodobacterales;Paracoccaceae;Amylibacter;Amylibacter ulvae,6,6
Chromista;NA;Polycystinea;Collodaria;Collosphaeridae;Thalassicolla;Thalassicolla nucleata,1,1
Bacteria;Pseudomonadota;Betaproteobacteria;Neisseriales;Chromobacteriaceae;Aquaspirillum,1,1
Bacteria;Atribacterota;Atribacteria;Atribacterales;Atribacteraceae;Atribacter;Atribacter laminatus,4,4
Chromista;Ciliophora;Litostomatea;Haptorida;Didiniidae,2,2
Chromista;NA;Dinophyceae;Peridiniales;Heterocapsaceae;Heterocapsa;Heterocapsa minima,19,19
Chromista;NA;Chrysophyceae;NA;NA;NA;Spumella-like flagellate JBAF35,1,1
Fungi;Ascomycota;Eurotiomycetes;Eurotiales;Aspergillaceae;Aspergillus;Aspergillus dobrogensis,1,1
Fungi;Ascomycota;NA;NA;NA;Orbimyces;Orbimyces spectabilis,1,1
Chromista;NA;Dinophyceae;Peridiniales,8,8
Bacteria;Planctomycetota;Planctomycetia;Planctomycetales;Planctomycetaceae;Thalassoglobus;Thalassoglobus polymorphus,2,2
Plantae;Rhodophyta;Florideophyceae;Colaconematales;Colaconemataceae;Colaconema,6,6
Animalia;Echinodermata;Ophiuroidea;Amphilepidida,3,3
Protozoa;Euglenozoa;Kinetoplastea;Eubodonida;Bodonidae;Bodo;Bodo saltans,5,107
Fungi;Basidiomycota;Agaricomycetes;Cantharellales;Botryobasidiaceae;Botryobasidium;Botryobasidium subcoronatum,1,1
Chromista;Apicomplexa;Conoidasida;Eugregarinorida;Cephaloidophoridae;Cephaloidophora,2,2
Protozoa;NA;Ichthyosporea;Ichthyophonida,1,1
Plantae;Streptophyta;Magnoliopsida;Rosales;Rosaceae;Dichotomanthes;Dichotomanthes tristaniicarpa,2,6
Chromista;Ciliophora;Spirotrichea;Kiitrichida;Kiitrichidae;Caryotricha;Caryotricha minuta,8,8
Plantae;Streptophyta;Magnoliopsida;Poales;Juncaceae,2,2
Animalia;Cnidaria;Anthozoa;Scleractinia;Merulinidae;Dipsastraea;Dipsastraea favus,2,2
Plantae;Streptophyta;Magnoliopsida;Apiales;Araliaceae;Panax;Panax ginseng,1,1
Fungi;Ascomycota;Taphrinomycetes;Taphrinales;Taphrinaceae;Taphrina;Taphrina vestergrenii,1,1
Animalia;Platyhelminthes;Monogenea,11,18
Bacteria;Pseudomonadota;Gammaproteobacteria;Thiotrichales;Francisellaceae;Francisella,12,12
Fungi;Ascomycota;Sordariomycetes,3,3
Chromista;NA;Cryptophyceae;NA;NA;NA;Cryptophyta sp. CR-MAL04,19,19
Plantae;Streptophyta;Magnoliopsida;Caryophyllales;Caryophyllaceae;Bolanthus;Bolanthus mevlanae,1,1
Protozoa;NA;Bigyra;Nanomonadea;NA;Incisomonas;Incisomonas marina,5,5
Plantae;Streptophyta;Charophyceae;Charales;Characeae,1,1
Plantae;Streptophyta;Magnoliopsida;Fabales;Fabaceae;Pisum;Pisum sativum,3,3
Bacteria;Pseudomonadota;Gammaproteobacteria;Moraxellales;Moraxellaceae;Psychrobacter;Psychrobacter meningitidis,3,3
Plantae;Streptophyta;Magnoliopsida;Gentianales;Rubiaceae;Mycetia;Mycetia javanica,1,1
Plantae;Rhodophyta;Florideophyceae;Halymeniales;Halymeniaceae;Norrissia;Norrissia setchellii,1,1
Chromista;Oomycota;NA;NA;NA;Haptoglossa,7,96
Chromista;NA;Dinophyceae;Syndiniales;Ellobiopsidae;Thalassomyces,1,1
Bacteria;Pseudomonadota;Gammaproteobacteria;Moraxellales;Moraxellaceae;Acinetobacter;Acinetobacter radioresistens,1,1
Plantae;Streptophyta;Magnoliopsida;Lamiales;Oleaceae,1,1
Bacteria;Pseudomonadota;Deltaproteobacteria;Desulfuromonadales;Desulfuromonadaceae;Desulfuromonas;Desulfuromonas svalbardensis,2,2
Animalia;Platyhelminthes;Monogenea;Dactylogyridea;Ancyrocephalidae,1,1
Plantae;Chlorophyta;Mamiellophyceae;Mamiellales;Bathycoccaceae,9,9
Bacteria;Pseudomonadota;Gammaproteobacteria;Thiotrichales;NA;NA;Thiotrichales bacterium,1,1
Bacteria;Pseudomonadota;Alphaproteobacteria;Hyphomicrobiales;Nitrobacteraceae;Rhodopseudomonas;Rhodopseudomonas palustris,19,148
Animalia;Porifera;Demospongiae;Haplosclerida;Chalinidae;Haliclona;Haliclona sp. OGL2003,3,3
Protozoa;Evosea,6,221
Chromista;Ciliophora;Phyllopharyngea;Exogenida;Ephelotidae;Ephelota;Ephelota mammillata,2,2
Fungi;Mucoromycota;Glomeromycetes;Glomerales;Glomeraceae;Funneliformis;Funneliformis mosseae,17,54
Plantae;Streptophyta;Magnoliopsida;Poales;Poaceae;Coix;Coix lacryma-jobi,3,3
Chromista;Bacillariophyta;Bacillariophyceae;Bacillariales;Bacillariaceae;Pseudo-nitzschia;Pseudo-nitzschia cuspidata,1,1
Plantae;Chlorophyta;Chlorophyceae;Sphaeropleales;Mychonastaceae;Mychonastes;Mychonastes jurisii,3,3
Chromista;Apicomplexa;Conoidasida;Eucoccidiorida;Cryptosporidiidae;Cryptosporidium,4,4
Animalia;Arthropoda;Malacostraca;Isopoda;Gnathiidae;Paragnathia;Paragnathia formica,1,1
Fungi;Mucoromycota;Glomeromycetes;Diversisporales;Diversisporaceae;Desertispora;Desertispora omanana,1,1
Bacteria;Pseudomonadota;Deltaproteobacteria;Desulfobacterales;Desulfobacteraceae;Desulfoluna;Desulfoluna spongiiphila,3,3
Chromista;Bacillariophyta;Bacillariophyceae;Bacillariales;Bacillariaceae,22,314
Chromista;Bacillariophyta;Coscinodiscophyceae;Paraliales;Paraliaceae;Paralia;Paralia sol,4,4
Animalia;Arthropoda;Insecta;Orthoptera;Acrididae,3,3
Chromista;NA;Dinophyceae;Prorocentrales;Prorocentraceae;Prorocentrum;Prorocentrum sipadanense,3,3
Chromista;Ciliophora;Spirotrichea;Euplotida;Euplotidae;Euplotes;Euplotes parabalteatus,3,3
Chromista;NA;Chrysophyceae;Chromulinales;Chromulinaceae;Spumella,9,463
Chromista;Bacillariophyta;Coscinodiscophyceae;Chaetocerotales;Chaetocerotaceae;Chaetoceros;Chaetoceros socialis,1,1
Animalia;Mollusca;Bivalvia;Mytilida;Mytilidae;Mytella;Mytella brasiliensis,1,1
Fungi;Basidiomycota;Malasseziomycetes;Malasseziales;Malasseziaceae;Malassezia;Malassezia sympodialis,18,1923
Animalia;Rotifera;Eurotatoria;Ploima;Lepadellidae;Squatinella;Squatinella bifurca,4,23
Plantae;Streptophyta;Magnoliopsida;Brassicales;Cleomaceae;Cleomella,3,14
Plantae;Chlorophyta;Trebouxiophyceae;Watanabeales;NA;Jaagichlorella;Jaagichlorella roystonensis,2,4
Plantae;Rhodophyta;Florideophyceae;Plocamiales;Plocamiaceae;Plocamium,2,2
Plantae;Streptophyta;Magnoliopsida;Rosales;Urticaceae;Urtica;Urtica magellanica,3,12
Protozoa;NA;Choanoflagellata;NA;NA;NA;Choanoflagellida sp. SL117#1,4,8
Chromista;NA;Bigyra,7,7
Chromista;Bacillariophyta;Coscinodiscophyceae;Thalassiosirales;Skeletonemataceae;Skeletonema;Skeletonema pseudocostatum,6,6
Chromista;NA;Dinophyceae;Suessiales;Suessiaceae;Pelagodinium;Pelagodinium sp. JD-2012,12,12
Fungi;Basidiomycota;Agaricomycetes;Agaricales;NA;Lactocollybia;Lactocollybia epia,1,1
Chromista;Ciliophora;Spirotrichea;Tintinnida;Codonellopsidae;Stenosemella;Stenosemella ventricosa,1,1
Chromista;NA;Bigyra;Thraustochytrida;Thraustochytriaceae;Aplanochytrium;Aplanochytrium stocchinoi,19,19
Plantae;Streptophyta;Magnoliopsida;Liliales;Liliaceae,1,1
Chromista;Bacillariophyta;Bacillariophyceae;Naviculales;Naviculaceae;Haslea;Haslea arculata,1,1
Chromista;Haptophyta;NA;Prymnesiales;Chrysochromulinaceae;Chrysochromulina;Chrysochromulina sp.,1,1
Bacteria;Pseudomonadota;Alphaproteobacteria;Rhodospirillales;Rhodospirillaceae,4,5
Protozoa;NA;Ichthyosporea;Ichthyophonida;NA;Psorospermium;Psorospermium haeckeli,1,1
Plantae;Streptophyta;Magnoliopsida;Poales;Poaceae;Lolium;Lolium rigidum,7,27
Plantae;Chlorophyta;Ulvophyceae;Cladophorales;Cladophoraceae,6,15
Bacteria;Acidobacteria;Holophagae;Holophagales;Holophagaceae;Holophaga;Holophaga sp. oral clone CA002,4,4
Animalia;Arthropoda;Malacostraca;Euphausiacea;Euphausiidae,4,4
Chromista;Ciliophora;Litostomatea;Cyclotrichida;Mesodiniidae;Mesodinium,19,19
Plantae;Rhodophyta;Florideophyceae;Batrachospermales;Batrachospermaceae;Nothocladus;Nothocladus nodosus,4,4
Fungi;Mucoromycota;Glomeromycetes;Glomerales;Glomeraceae;Glomus;Glomus sp. 0151,1,1
Fungi;Basidiomycota;Agaricomycetes;Agaricales;Clitocybaceae;Clitocybe;Clitocybe sp. 1 PA-2015,3,8
Bacteria;Pseudomonadota;Alphaproteobacteria;Hyphomicrobiales;Brucellaceae;Brucella;Brucella suis,2,2
Plantae;Rhodophyta;Florideophyceae;Gigartinales;Phyllophoraceae,2,2
Animalia;Chordata;Aves;Passeriformes;Motacillidae;Motacilla;Motacilla alba,2,2
Plantae;Chlorophyta;Chlorophyceae;Sphaeropleales;Scenedesmaceae;Scenedesmus,1,1
Chromista;NA;Dinophyceae;Peridiniales;Peridiniaceae;Leonella;Leonella granifera,16,16
Bacteria;Pseudomonadota;Epsilonproteobacteria;Campylobacterales;Campylobacteraceae;Campylobacter,4,4
Fungi;Ascomycota;Sordariomycetes;Hypocreales;NA;Acremonium;Acremonium sp.,2,52
Fungi;Basidiomycota;Agaricostilbomycetes;Agaricostilbales;Kondoaceae;Kondoa,1,1
Animalia;Arthropoda;Ostracoda;Podocopida;Schizocytheridae;Neomonoceratina;Neomonoceratina sp. QY-2003,3,3
Fungi;Ascomycota;Taphrinomycetes;Taphrinales,1,1
Plantae;Streptophyta;Chlorokybophyceae;Chlorokybales;Chlorokybaceae;Chlorokybus;Chlorokybus atmophyticus,3,8
Plantae;Streptophyta;Magnoliopsida;Asterales;Asteraceae;Tithonia;Tithonia diversifolia,10,10
Animalia;Ctenophora;Nuda;Beroida;Beroidae;Beroe,10,20
Chromista;NA;Dinophyceae;Peridiniales;Protoperidiniaceae;Protoperidinium;Protoperidinium conicum,3,3
Protozoa;NA;Ichthyosporea;Dermocystida;NA;Amphibiocystidium;Amphibiocystidium sp. CI07,1,1
Bacteria;Verrucomicrobia;Verrucomicrobiae;Verrucomicrobiales;Verrucomicrobiaceae;NA;Verrucomicrobiaceae bacterium,22,22
Chromista;Ciliophora;Spirotrichea;Tintinnida;Codonellidae;Codonella;Codonella aspera,2,2
Fungi;Chytridiomycota;Chytridiomycetes,112,5925
Protozoa;Euglenozoa;Euglenida;NA;NA;Rapaza;Rapaza viridis,6,6
Animalia;Rotifera;Eurotatoria;Ploima;Ituridae;Itura;Itura aurita,2,19
Animalia;Rotifera;Eurotatoria;Ploima;Synchaetidae;Synchaeta;Synchaeta tremuloida,7,7
Animalia;Arthropoda;Hexanauplia;Cyclopoida;Rhynchomolgidae;Critomolgus;Critomolgus sp. 1 New Caledonia-RJH-2004,1,1
Protozoa;NA;Choanoflagellata;Acanthoecida;Stephanoecidae;Diaphanoeca;Diaphanoeca grandis,7,7
Fungi;Ascomycota;Saccharomycetes;Saccharomycetales;Debaryomycetaceae;Meyerozyma;Meyerozyma caribbica,1,1
Chromista;Bacillariophyta;Coscinodiscophyceae;Melosirales;Melosiraceae;Melosira;Melosira varians,4,13
Animalia;Cnidaria;Myxozoa;Bivalvulida;Sphaeromyxidae;Sphaeromyxa;Sphaeromyxa balbianii,1,1
Chromista;Apicomplexa;Conoidasida;Eucoccidiorida;Sarcocystidae;Sarcocystis;Sarcocystis attenuati,7,7
Chromista;Ciliophora;Spirotrichea;Choreotrichida;Strobilidiidae;Pelagostrobilidium;Pelagostrobilidium minutum,1,1
Plantae;Streptophyta;Magnoliopsida;Fabales;Fabaceae;Senegalia,1,1
Animalia;Platyhelminthes;Trematoda;Opisthorchiida;Cryptogonimidae;Timoniella,1,1
Fungi;Basidiomycota;Tremellomycetes;Tremellales;Tremellaceae;Tremella;Tremella flava,8,10
Chromista;NA;Dinophyceae;Syndiniales;Syndiniaceae;Hematodinium;Hematodinium sp. ex Carcinus maenas,34,34
Chromista;Ciliophora;Heterotrichea,1,1
Plantae;Rhodophyta;Bangiophyceae;Cyanidiales;Cyanidiaceae;Cyanidioschyzon;Cyanidioschyzon sp. Y16,1,1
Chromista;Apicomplexa;Conoidasida,12,12
Fungi;Chytridiomycota;Chytridiomycetes;Rhizophydiales;Terramycetaceae,1,1
Plantae;Streptophyta;Magnoliopsida;Rosales;Urticaceae;Urtica,1,1
Animalia;Annelida;Polychaeta;Phyllodocida;Syllidae;Myrianida;Myrianida pinnigera,1,1
Chromista;NA;Raphidophyceae;NA;NA;Haramonas;Haramonas dimorpha,2,2
Plantae;Chlorophyta;Mamiellophyceae;Dolichomastigales;Crustomastigaceae;Crustomastix,14,14
Fungi;Basidiomycota;Pucciniomycetes;Pucciniales;Phragmidiaceae;Triphragmium;Triphragmium ulmariae,1,1
Fungi;Mucoromycota;Glomeromycetes;Glomerales;Glomeraceae;Septoglomus,3,3
Chromista;NA;Dinophyceae;Peridiniales;Pfiesteriaceae,4,4
Animalia;Arthropoda;Insecta;Coleoptera;Cleridae;Isohydnocera;Isohydnocera aegra,6,9
Animalia;Arthropoda;Arachnida;Ixodida;Ixodidae;Rhipicephalus;Rhipicephalus haemaphysaloides,1,1
Plantae;Chlorophyta;Chlorophyceae;Sphaeropleales;Neochloridaceae;Characiopodium,7,36
Plantae;Chlorophyta;Chlorophyceae;Chlamydomonadales;NA;Adglutina;Adglutina synurophila,1,1
Animalia;Chordata;Thaliacea;Salpida;Salpidae;Cyclosalpa,1,1
Fungi;Mucoromycota;Glomeromycetes;Glomerales;Glomeraceae,80,1946
Chromista;Ciliophora;Phyllopharyngea;Chlamydodontida;Chilodonellidae;Trithigmostoma;Trithigmostoma steini,4,4
Protozoa;Euglenozoa;Kinetoplastea;Parabodonida;NA;Parabodo;Parabodo caudatus,1,1
Chromista;NA;Phaeophyceae;Dictyotales;Dictyotaceae;Dictyopteris;Dictyopteris pacifica,1,1
Animalia;Cnidaria;Anthozoa;Zoantharia;Epizoanthidae;Epizoanthus,1,1
Bacteria;Bacillota;Bacilli;Bacillales;Bacillaceae;Bacillus;Bacillus sp. D2(2007b),2,2
Bacteria;Pseudomonadota;Gammaproteobacteria;Oceanospirillales;Oceanospirillaceae;Marinobacterium,5,5
Chromista;Foraminifera;NA;Rotaliida;Elphidiidae;Elphidiella;Elphidiella hannai,5,5
Animalia;Arthropoda;Ostracoda;Podocopida;Psammocytheridae;Psammocythere;Psammocythere oviformis,1,1
Animalia;Arthropoda;Branchiopoda;Anostraca;Artemiidae;Artemia;Artemia urmiana,1,1
Chromista;Ciliophora;Heterotrichea;Heterotrichida;Stentoridae;Stentor;Stentor sp. FG-2015,4,5
Chromista;Ciliophora;Oligohymenophorea;Sessilida;Epistylidae,21,2106
Chromista;Ciliophora;Colpodea;Colpodida;Colpodidae,12,776
Fungi;Ascomycota;Pezizomycetes;Pezizales;Pyronemataceae;Densocarpa;Densocarpa shanorii,1,1
Animalia;Gastrotricha;NA;Chaetonotida;Chaetonotidae;Chaetonotus,6,124
Bacteria;Pseudomonadota;Gammaproteobacteria;Pseudomonadales;Pseudomonadaceae;Pseudomonas,8,8
Protozoa;Evosea;Variosea;Fractovitellida;Schizoplasmodiidae;Schizoplasmodium;Schizoplasmodium cavostelioides,2,2
Chromista;Bacillariophyta;Coscinodiscophyceae;Thalassiosirales;Skeletonemataceae;Skeletonema,6,6
Plantae;Streptophyta;Magnoliopsida;Asterales;Asteraceae;Senecio;Senecio doria,1,1
Plantae;Rhodophyta;Florideophyceae;Ceramiales;Callithamniaceae;Diapse;Diapse ptilota,1,1
Fungi;Zoopagomycota;Harpellomycetes;Harpellales;Legeriomycetaceae;Smittium;Smittium angustum,1,1
Chromista;Bacillariophyta;Mediophyceae;NA;NA;NA;Mediophyceae sp.,1,1
Fungi;Basidiomycota;Pucciniomycetes;Pucciniales;Pucciniastraceae;Calyptospora;Calyptospora goeppertiana,1,1
Fungi;Mucoromycota;Glomeromycetes;Paraglomerales;Pervetustaceae;Pervetustus,6,8
Animalia;Arthropoda;Malacostraca;Decapoda;Pasiphaeidae;Leptochela;Leptochela carinata,1,1
Bacteria;Pseudomonadota;Gammaproteobacteria;Legionellales;Coxiellaceae;Candidatus Berkiella;Candidatus Berkiella cookevillensis,1,1
Chromista;Cercozoa;NA;Glissomonadida,4,5
Animalia;Chordata;Ascidiacea;Aplousobranchia;Clavelinidae;Clavelina;Clavelina lepadiformis,4,27
Fungi;Basidiomycota;Cystobasidiomycetes;Cystobasidiales;Cystobasidiaceae;Cystobasidium;Cystobasidium calyptogenae,1,1
Plantae;Rhodophyta;Florideophyceae;Rhodymeniales;Lomentariaceae;Semnocarpa;Semnocarpa minuta,1,1
Plantae;Rhodophyta;Florideophyceae;Gracilariales;Gracilariaceae;Gracilariopsis,1,1
Chromista;Ciliophora;Spirotrichea;Euplotida;Euplotidae;Euplotes,38,38
Plantae;Chlorophyta;Chlorophyceae;Chlamydomonadales;Chlamydomonadaceae;Chlamydomonas;Chlamydomonas sp. CCAP 11/160,1,1
Animalia;Annelida;Polychaeta;Sabellida;Sabellidae;Chone;Chone infundibuliformis,2,2
Plantae;Rhodophyta;Florideophyceae;Batrachospermales;NA;Balliopsis;Balliopsis prieurii,2,2
Fungi;Basidiomycota;Exobasidiomycetes;Exobasidiales;Brachybasidiaceae;Meira;Meira miltonrushii,11,525
Animalia;Arthropoda;Hexanauplia;Calanoida;Calanidae,10,10
Bacteria;Pseudomonadota;Deltaproteobacteria;Myxococcales;Kofleriaceae;Haliangium;Haliangium ochraceum,7,7
Animalia;Annelida;Polychaeta;Phyllodocida;Syllidae;Exogone;Exogone africana,1,1
Plantae;Streptophyta;Magnoliopsida;Asparagales;Amaryllidaceae,1,1
Bacteria;Pseudomonadota;Alphaproteobacteria;Hyphomicrobiales;Nitrobacteraceae;Rhodopseudomonas,2,4
Chromista;NA;Dinophyceae;Amphidiniales;Amphidiniaceae;Amphidinium,2,2
Plantae;Chlorophyta;Chlorophyceae;Sphaeropleales;Scenedesmaceae;Coelastrella,5,34
Chromista;NA;Dinophyceae;Gonyaulacales;Gonyaulacaceae;Spiniferites;Spiniferites mirabilis,8,8
Fungi;Basidiomycota;Cystobasidiomycetes,5,81
Chromista;Bacillariophyta;Coscinodiscophyceae;Thalassiosirales;Thalassiosiraceae;Stephanocyclus;Stephanocyclus meneghinianus,32,108
Chromista;Ciliophora;Spirotrichea;Choreotrichida;Strombidinopsidae;Strombidinopsis,4,4
Fungi;Ascomycota;Dothideomycetes;Mycosphaerellales;Mycosphaerellaceae;Mycosphaerella;Mycosphaerella milleri,2,2
Animalia;Cnidaria;Anthozoa;Alcyonacea;Primnoidae,6,6
Plantae;Streptophyta;Magnoliopsida;Fabales;Fabaceae;Gilbertiodendron;Gilbertiodendron grandistipulatum,3,3
Chromista;Ciliophora;Spirotrichea;NA;Strombidiidae;Laboea;Laboea strobila,2,2
Chromista;Ciliophora;Colpodea;Colpodida;Colpodidae;Bresslaua;Bresslaua sp.,1,1
Fungi;Basidiomycota;Agaricomycetes;Hymenochaetales;Schizoporaceae;Xylodon;Xylodon rimosissimus,39,9419
Bacteria;Pseudomonadota;Gammaproteobacteria;Moraxellales;Moraxellaceae;Acinetobacter;Acinetobacter indicus,3,35
Fungi;Ascomycota;Saccharomycetes;Saccharomycetales;Saccharomycodaceae;Hanseniaspora;Hanseniaspora lindneri,1,1
Plantae;Chlorophyta;Chlorodendrophyceae;Chlorodendrales;Chlorodendraceae;Tetraselmis,21,21
Animalia;Arthropoda;Arachnida;Trombidiformes;Tarsonemidae;NA;Tarsonemidae gen. sp. AD1063,1,1
Fungi;Basidiomycota;Pucciniomycetes;Pucciniales,6,30
Animalia;Mollusca;Bivalvia;Venerida;Vesicomyidae;Archivesica;Archivesica marissinica,6,6
Protozoa;NA;NA;Rotosphaerida;Nucleariidae;Nuclearia;Nuclearia sp. B3,9,9
Fungi;Basidiomycota;Agaricomycetes;Agaricales;Inocybaceae;Inocybe;Inocybe sp. 6 RT-2012,1,1
Plantae;Chlorophyta;Trebouxiophyceae;NA;NA;Choricystis;Choricystis parasitica,2,2
Chromista;Endomyxa;Phytomyxea;Plasmodiophorida;Plasmodiophoridae;Woronina;Woronina pythii,11,112
Fungi;Ascomycota;Eurotiomycetes;Eurotiales;Aspergillaceae;Aspergillus;Aspergillus sp. LRAFG7,1,1
Chromista;Oomycota,17,17
Plantae;Streptophyta;Magnoliopsida;Cucurbitales;Cucurbitaceae;Luffa,2,2
Fungi;Ascomycota;Dothideomycetes;Mycosphaerellales;Teratosphaeriaceae;Elasticomyces;Elasticomyces elasticus,1,1
Fungi;Ascomycota;Eurotiomycetes;Eurotiales;Aspergillaceae;Penicillium,27,27
Animalia;Cnidaria;Scyphozoa;Coronatae,1,1
Chromista;Foraminifera;NA;Rotaliida,3,3
Fungi;Ascomycota;Saccharomycetes;Saccharomycetales;Debaryomycetaceae;Candida,2,33
Chromista;Endomyxa;NA;Gromiida;Pseudodifflugiidae;Pseudodifflugia;Pseudodifflugia cf. gracilis,14,21
Fungi;Ascomycota;Pezizomycetes;Pezizales;Morchellaceae;Morchella;Morchella importuna,4,6
Fungi;Basidiomycota;Agaricomycetes;Boletales,3,5
Chromista;Foraminifera;NA;Rotaliida;Globigerinidae;Globigerinita;Globigerinita uvula,1,1
Protozoa;Euglenozoa;Euglenida;Euglenales,6,217
Chromista;Ciliophora;Litostomatea;Haptorida,39,7617
Chromista;NA;Dinophyceae;Gonyaulacales;Protoceratiaceae;Protoceratium;Protoceratium reticulatum,5,5
Plantae;Chlorophyta;Chlorophyceae;Chlamydomonadales;Chlamydomonadaceae;Carteria;Carteria sp. KMMCC FC-98,3,1855
Plantae;Streptophyta;Magnoliopsida;Santalales;Loranthaceae,6,19
Plantae;Streptophyta;Magnoliopsida;Fabales;Fabaceae;Bauhinia;Bauhinia acuminata,1,1
Protozoa;Euglenozoa;Euglenida;Euglenales;Euglenaceae,1,1
Animalia;Cnidaria;Scyphozoa;Semaeostomeae;Ulmaridae;Phacellophora;Phacellophora camtschatica,6,6
Animalia;Annelida;Polychaeta;NA;Parergodrilidae;Stygocapitella;Stygocapitella josemariobrancoi,1,1
Bacteria;Pseudomonadota;Alphaproteobacteria;NA;NA;Candidatus Puniceispirillum;Candidatus Puniceispirillum marinum,3,3
Fungi;Ascomycota;Saccharomycetes;Saccharomycetales;Phaffomycetaceae;Komagataella,16,983
Bacteria;Planctomycetota;Planctomycetia;Planctomycetales;Planctomycetaceae;Planctomyces;Planctomyces sp. 599,4,9
Protozoa;NA;Choanoflagellata;Craspedida;Salpingoecidae;Salpingoeca;Salpingoeca urceolata,3,3
Fungi;Ascomycota;Eurotiomycetes;Eurotiales;Aspergillaceae;Aspergillus;Aspergillus niger,5,5
Chromista;NA;Phaeophyceae;Asterocladales;Asterocladaceae;Asterocladon;Asterocladon rhodochortonoides,1,1
Animalia;Annelida;Polychaeta;Terebellida;Terebellidae;Nicolea;Nicolea zostericola,1,1
Animalia;Annelida;Polychaeta;NA;Orbiniidae;Leitoscoloplos;Leitoscoloplos pugettensis,1,1
Bacteria;Acidobacteria;Blastocatellia;Blastocatellales;Blastocatellaceae,2,7
Fungi;Ascomycota;Saccharomycetes;Saccharomycetales;NA;Candida/Saccharomycetales;[Candida] tunisiensis,2,2
Animalia;Cnidaria;Hydrozoa;Leptothecata;Aequoreidae;Aequorea,2,2
Chromista;Bacillariophyta;Bacillariophyceae;Bacillariales;Bacillariaceae;Pseudo-nitzschia;Pseudo-nitzschia fraudulenta,6,6
Fungi;Mucoromycota;Endogonomycetes;Endogonales;Endogonaceae;Jimgerdemannia;Jimgerdemannia flammicorona,1,1
Plantae;Streptophyta;Magnoliopsida;Brassicales;Brassicaceae;Raphanus;Raphanus sativus,2,2
Animalia;Chordata;Thaliacea;Pyrosomata,1,1
Animalia;Arthropoda;Insecta;Orthoptera;Gryllidae,2,2
Chromista;NA;Dinophyceae;Gymnodiniales;Gymnodiniaceae,19,19
Chromista;Apicomplexa;Conoidasida;Eugregarinorida;Uradiophoridae;Heliospora;Heliospora caprellae,2,2
Chromista;Apicomplexa;Conoidasida;Eugregarinorida;Gregarinidae;Gregarina;Gregarina caledia,3,26
Chromista;Ciliophora;Spirotrichea;Choreotrichida;Lynnellidae;Lynnella;Lynnella semiglobulosa,5,5
Chromista;Ciliophora;Litostomatea;Pleurostomatida;Litonotidae;Loxophyllum,1,1
Chromista;Bacillariophyta;Fragilariophyceae,33,1235
Chromista;NA;Cryptophyceae;Pyrenomonadales;Chroomonadaceae;Chroomonas,4,4
Animalia;Echinodermata;Echinoidea,2,2
Animalia;Cnidaria;Staurozoa;Stauromedusae,22,22
Plantae;Chlorophyta;Chlorophyceae;Chlamydomonadales;Chlamydomonadaceae;Chloromonas,1,1
Animalia;Bryozoa;Gymnolaemata;Cheilostomatida;Smittinidae;Smittoidea;Smittoidea spinigera,2,5
Chromista;Ciliophora;Litostomatea;Haptorida;Dileptidae;Dileptus;Dileptus sp.,6,12
Bacteria;Planctomycetota;Planctomycetia;Pirellulales;Pirellulaceae;Rubripirellula,6,6
Plantae;Chlorophyta;Pyramimonadophyceae;Pyramimonadales;Pyramimonadaceae;Pterosperma;Pterosperma cristatum,7,7
Fungi;Ascomycota;Eurotiomycetes;Eurotiales;Aspergillaceae;Aspergillus;Aspergillus sydowii,6,43
Fungi;Basidiomycota;Malasseziomycetes;Malasseziales,3,3
Plantae;Streptophyta;Magnoliopsida;Solanales;Convolvulaceae;Ipomoea;Ipomoea littoralis,1,1
Protozoa;Cercozoa;NA;Cercomonadida;Cercomonadidae;Paracercomonas;Paracercomonas sp. DB-0802-29,1,1
Plantae;Streptophyta;Magnoliopsida;Gentianales;Rubiaceae;Gynochthodes;Gynochthodes officinalis,2,2
Chromista;Apicomplexa;Conoidasida;Eugregarinorida;Lecudinidae;Lecudina;Lecudina polymorpha,2,2
Fungi;Chytridiomycota;Chytridiomycetes;Chytridiales;Chytridiaceae;NA;Chytridiaceae sp.,3,18
Chromista;Ciliophora;Oligohymenophorea;Sessilida;Zoothamniidae;Zoothamnium;Zoothamnium pararbuscula,1,1
Chromista;Bacillariophyta;Coscinodiscophyceae;Leptocylindrales;Leptocylindraceae;Leptocylindrus;Leptocylindrus aporus,17,17
Animalia;Cnidaria;Anthozoa;Scleractinia;Merulinidae;Favites;Favites abdita,1,1
Animalia;Cnidaria;Hydrozoa;Anthoathecata,5,5
Fungi;Ascomycota;Sordariomycetes;Sordariales;Chaetomiaceae;Trichocladium;Trichocladium achrasporum,1,1
Chromista;NA;Dinophyceae;Gymnodiniales;Gymnodiniaceae;Gyrodinium;Gyrodinium jinhaense,6,6
Chromista;Ciliophora;Prostomatea;Prorodontida;Colepidae;Tiarina;Tiarina fusa,17,472
Fungi;Basidiomycota;Ustilaginomycetes;Ustilaginales;Ustilaginaceae;NA;Ustilaginaceae sp. LM72,1,1
Protozoa;Evosea;Variosea;NA;Flamellidae;Flamella;Flamella sp.,2,3
Chromista;Bacillariophyta;Bacillariophyceae;Naviculales;Naviculaceae;Navicula;Navicula cryptocephala,11,11
Animalia;Arthropoda;Hexanauplia;Calanoida;Clausocalanidae;Pseudocalanus;Pseudocalanus sp. AC-2010,4,4
Fungi;Basidiomycota;Agaricomycetes;Polyporales;Polyporaceae;Ganoderma;Ganoderma tsugae,1,1
Chromista;NA;Dinophyceae;Gymnodiniales;Gymnodiniaceae;Gymnodinium;Gymnodinium fuscum,2,2
Fungi;Ascomycota;Eurotiomycetes;Eurotiales;Aspergillaceae;Aspergillus;Aspergillus niveoglaucus,1,1
Chromista;Ciliophora;Litostomatea;Haptorida;Spathidiidae;Spathidium;Spathidium sp. 2 VBOEF-2011,2,2
Chromista;NA;Cryptophyceae;Kathablepharidacea;Katablepharidaceae;Katablepharis;Katablepharis japonica,1,1
Animalia;Annelida;Clitellata;Tubificida;Naididae;Tubifex;Tubifex tubifex,2,5
Animalia;Chaetognatha;Sagittoidea;Aphragmophora;Sagittidae;Parasagitta;Parasagitta elegans,5,5
Chromista;Bacillariophyta;Coscinodiscophyceae;Thalassiosirales;Thalassiosiraceae;Thalassiosira;Thalassiosira sp. DDZ-2010a,2,2
Protozoa;Cercozoa;NA;Cercomonadida;Cercomonadidae;Cercomonas;Cercomonas sphagnicola,4,7
Fungi;NA;Aphelidea;NA;Aphelidiaceae;Paraphelidium;Paraphelidium tribonematis,39,834
Fungi;Ascomycota;Dothideomycetes;Pleosporales;Pleosporaceae;Alternaria;Alternaria atra,5,17
Animalia;Mollusca;Bivalvia;Mytilida;Mytilidae;Mytilisepta;Mytilisepta virgata,1,1
Fungi;Basidiomycota;Agaricomycetes;Agaricales;Marasmiaceae;Marasmius;Marasmius sp. MCA1611,1,1
Animalia;Arthropoda;Malacostraca;Decapoda,3,3
Plantae;Chlorophyta,103,10071
Protozoa;NA;Choanoflagellata,42,291
Animalia;Cnidaria;Hydrozoa;Leptothecata;Eirenidae;Eutonina;Eutonina indicans,3,3
Fungi;Ascomycota;Dothideomycetes;Pleosporales;Periconiaceae;Periconia;Periconia banksiae,1,1
Chromista;Bacillariophyta;Bacillariophyceae;Surirellales;Surirellaceae;Campylodiscus,6,6
Chromista;Apicomplexa;Marosporida;Agamococcidiorida;Rhytidocystidae;Rhytidocystis;Rhytidocystis dobrovolskiji,3,3
Fungi;Basidiomycota;Agaricomycetes;Polyporales;Meruliaceae;Phlebia;Phlebia radiata,11,54
Chromista;Bacillariophyta;Bacillariophyceae;Bacillariales;Bacillariaceae;Pseudo-nitzschia,7,7
Chromista;NA;Xanthophyceae;Mischococcales,5,5
Plantae;Streptophyta;Magnoliopsida;Poales;Eriocaulaceae;Comanthera;Comanthera paepalophylla,3,3
Animalia;Cnidaria;Anthozoa;Pennatulacea,1,1
Fungi;Ascomycota;Saccharomycetes;Saccharomycetales;Debaryomycetaceae;NA;[Candida] glaebosa,1,1
Chromista;Ciliophora;Phyllopharyngea;Dysteriida;Hartmannulidae;Hartmannula;Hartmannula derouxi,20,20
Fungi;Basidiomycota;Agaricomycetes;Corticiales;Corticiaceae;Marchandiomyces,2,2
Plantae;Chlorophyta;Chlorophyceae;Chlamydomonadales;Chlorococcaceae;Heterotetracystis;Heterotetracystis akinetos,1,1
Plantae;Streptophyta;Magnoliopsida;Fabales;Fabaceae;Acacia;Acacia littorea,2,2
Animalia;Arthropoda;Hexanauplia;Cyclopoida;Oithonidae;Oithona,7,7
Chromista;Ciliophora;Colpodea;Cyrtolophosidida;Cyrtolophosididae;Aristerostoma,1,1
Chromista;Cercozoa;Imbricatea;Thaumatomonadida;Thaumatomastigidae;Peregrinia;Peregrinia clavideferens,17,104
Fungi;Ascomycota;Leotiomycetes;Erysiphales;Erysiphaceae;Erysiphe;Erysiphe heraclei,2,2
Chromista;NA;Dictyochophyceae;Florenciellales,8,8
Plantae;Streptophyta;Magnoliopsida;Malvales;Dipterocarpaceae;Shorea,8,45
Chromista;Ciliophora;Spirotrichea;Urostylida;Holostichidae;Anteholosticha;Anteholosticha monilata,1,1
Plantae;Rhodophyta;Florideophyceae;Rhodymeniales;Faucheaceae,1,1
Fungi;Ascomycota;Lecanoromycetes;Lecideales;Lecideaceae;Lecidea;Lecidea atrobrunnea,1,1
Plantae;Chlorophyta;Chlorophyceae;Sphaeropleales;Scenedesmaceae;Didymocystis;Didymocystis inermis,1,1
Fungi;Chytridiomycota;Chytridiomycetes;Chytridiales;Chytriomycetaceae;NA;Chytriomycetaceae sp.,14,626
Fungi;Zoopagomycota;Zoopagomycetes;Zoopagales;Piptocephalidaceae;Piptocephalis;Piptocephalis cylindrospora,1,1
Animalia;Cnidaria;Anthozoa;Actiniaria;Halcampoididae;Halcampoides;Halcampoides purpureus,2,2
Fungi;Basidiomycota;Agaricomycetes;Russulales,17,1929
Bacteria;Pseudomonadota;Alphaproteobacteria;Hyphomicrobiales;Devosiaceae;Devosia;Devosia sp.,1,1
Animalia;Rotifera;Eurotatoria;Ploima;Brachionidae;Brachionus,24,587
Fungi;Ascomycota;Leotiomycetes;Helotiales;Sclerotiniaceae;Ciboria;Ciboria sp. FC-2787,1,1
Chromista;NA;Dinophyceae;Gonyaulacales;Ceratiaceae;Ceratium;Ceratium sp. HCB-2005,1,1
Animalia;Arthropoda;Insecta;Diptera;Culicidae;Culex;Culex salinarius,1,1
Bacteria;Pseudomonadota;Alphaproteobacteria;Rhodobacterales;Roseobacteraceae;Lentibacter;Lentibacter sp.,1,1
Chromista;NA;Cryptophyceae;Cryptomonadales;Cryptomonadaceae;Plagioselmis;Plagioselmis nannoplanctica,5,158
Animalia;Cnidaria;Hydrozoa;Siphonophorae;Diphyidae;Lensia;Lensia cossack,6,6
Animalia;Cnidaria;Anthozoa;Actiniaria,1,1
Plantae;Chlorophyta;Pyramimonadophyceae;Pyramimonadales;Pyramimonadaceae;Pyramimonas;Pyramimonas tetrarhynchus,8,8
Plantae;Streptophyta;Magnoliopsida;Asterales;Goodeniaceae;Goodenia,2,2
Fungi;Basidiomycota,105,34225
Plantae;Streptophyta;Magnoliopsida;Rosales;Moraceae;Dorstenia;Dorstenia maris,4,4
Chromista;Ciliophora;Spirotrichea;Stichotrichida;Amphisiellidae;Amphisiella;Amphisiella aff. milnei FG-2016,1,1
Chromista;Ciliophora;Spirotrichea;Euplotida;Euplotidae;Euplotes;Euplotes warreni,4,4
Fungi;Ascomycota;Saccharomycetes;Saccharomycetales;Phaffomycetaceae;Cyberlindnera;Cyberlindnera jadinii,3,3
Bacteria;Pseudomonadota;Alphaproteobacteria;Rhodospirillales;Rhodospirillaceae;Rhodospirillum;Rhodospirillum rubrum,2,2
Plantae;Streptophyta;Magnoliopsida;Dioscoreales;Burmanniaceae;Gymnosiphon,1,1
Protozoa;NA;Choanoflagellata;Acanthoecida;Stephanoecidae;Acanthocorbis;Acanthocorbis unguiculata,1,1
Bacteria;Pseudomonadota;Alphaproteobacteria;Rhodospirillales;Acetobacteraceae,2,2
Plantae;Chlorophyta;NA;NA;Pycnococcaceae;Pycnococcus,2,2
Chromista;NA;Dictyochophyceae;Pedinellales;NA;Pteridomonas;Pteridomonas danica,6,6
Animalia;Annelida;Polychaeta;Phyllodocida;Goniadidae;Goniada;Goniada brunnea,5,5
Chromista;Ciliophora;Prostomatea;Prorodontida;Colepidae;Coleps;Coleps amphacanthus,12,460
Fungi;Mucoromycota;Mortierellomycetes;Mortierellales;Mortierellaceae;Linnemannia;Linnemannia elongata,2,163
Chromista;NA;Dinophyceae,1,1
Bacteria;Pseudomonadota;Alphaproteobacteria;Hyphomicrobiales;Devosiaceae,11,11
Animalia;Arthropoda;Arachnida;Sarcoptiformes;Oppiidae;Medioppia;Medioppia subpectinata,1,1
Animalia;Arthropoda;Malacostraca;Decapoda;Palinuridae;Jasus;Jasus tristani,1,1
Plantae;Streptophyta;Jungermanniopsida;Porellales;Porellaceae;Porella;Porella cordaeana,1,1
Chromista;NA;Polycystinea;Collodaria;Sphaerozoidae;Collozoum;Collozoum sp.,1,1
Chromista;Nebulidia;Nebulidea;Nebulidida;Nebulidae,1,1
Chromista;Bacillariophyta;Coscinodiscophyceae;Thalassiosirales;Thalassiosiraceae;Conticribra;Conticribra weissflogii,1,1
Animalia;Rotifera;Eurotatoria;Flosculariaceae;Flosculariidae;Floscularia,1,1
Fungi;Basidiomycota;Agaricomycetes;Hymenochaetales;NA;Resinicium,6,93
Chromista;Ciliophora;Heterotrichea;Heterotrichida;Condylostomatidae;Condylostoma;Condylostoma sp.,1,1
Bacteria;Pseudomonadota;Alphaproteobacteria;Hyphomicrobiales;Brucellaceae;Ochrobactrum;Ochrobactrum sp. TPH-5,2,3
Chromista;Ciliophora;Spirotrichea;Sporadotrichida;Oxytrichidae;Oxytricha;Oxytricha longigranulosa,2,65
Chromista;NA;Chrysophyceae;Hydrurales;Hydruraceae;Hydrurus,18,18
Chromista;NA;Bigyra;Bicosoecida;Cafeteriaceae;Pseudobodo,2,2
Chromista;Ciliophora;Oligohymenophorea;Peniculida;Parameciidae;Paramecium;Paramecium sp. HB2,1,1
Bacteria;Pseudomonadota;Gammaproteobacteria;Pseudomonadales;Pseudomonadaceae,1,1
Animalia;Chordata;Mammalia;Artiodactyla;Cervidae;Cervus;Cervus canadensis,7,10
Animalia;Mollusca;Gastropoda;Nudibranchia;Eubranchidae;Eubranchus;Eubranchus exiguus,2,2
Chromista;Haptophyta;NA;Pavlovales;Pavlovaceae,3,12
Animalia;Arthropoda;Malacostraca;Decapoda;Leucosiidae;Pyrhila;Pyrhila pisum,1,1
Fungi;Mucoromycota,3,4
Plantae;Streptophyta;Magnoliopsida;Fabales;Fabaceae;Lablab;Lablab purpureus,1,1
Plantae;Chlorophyta;Trebouxiophyceae;NA;NA;Picochlorum;Picochlorum sp. MI09,1,1
Plantae;Streptophyta;Klebsormidiophyceae;Klebsormidiales;Klebsormidiaceae;Klebsormidium;Klebsormidium flaccidum,5,22
Chromista;Bacillariophyta;Mediophyceae;Cymatosirales;Cymatosiraceae;Minutocellus;Minutocellus sp. CCMP1701,8,8
Chromista;Cercozoa;Imbricatea;Thaumatomonadida;Thaumatomastigidae;Thaumatomastix;Thaumatomastix sp. 4 JMS-2012,4,4
Protozoa;NA;Ichthyosporea;Ichthyophonida;NA;Anurofeca,1,1
Chromista;NA;Dinophyceae;Gymnodiniales;Gymnodiniaceae;Nusuttodinium;Nusuttodinium poecilochroum,1,1
Fungi;Mucoromycota;Glomeromycetes;Diversisporales;Gigasporaceae;Scutellospora,2,2
Plantae;Streptophyta;Magnoliopsida;Poales;Poaceae;Poa,3,14
Bacteria;Pseudomonadota;Alphaproteobacteria;Sphingomonadales;Erythrobacteraceae;Qipengyuania;Qipengyuania oceanensis,1,1
Fungi;Basidiomycota;Dacrymycetes;Dacrymycetales;Cerinomycetaceae;Cerinomyces,2,4
Bacteria;Pseudomonadota;Alphaproteobacteria;Hyphomicrobiales;Rhizobiaceae;Liberibacter;Candidatus Liberibacter asiaticus,9,11
Chromista;NA;Phaeophyceae;Desmarestiales;Desmarestiaceae;Desmarestia;Desmarestia dudresnayi,23,23
Plantae;Rhodophyta;Florideophyceae,20,20
Bacteria;Pseudomonadota;Deltaproteobacteria;Desulfuromonadales;Desulfuromonadaceae;Pelobacter;Pelobacter sp.,1,1
Fungi;Basidiomycota;Cystobasidiomycetes;NA;NA;NA;Cystobasidiomycetes sp.,2,2
Protozoa;Evosea;NA;Mastigamoebida,1,1
Chromista;Bacillariophyta;Coscinodiscophyceae;Chaetocerotales;Attheyaceae;Attheya;Attheya longicornis,10,10
Chromista;Apicomplexa;Conoidasida;Eucoccidiorida;Adeleidae;Adelina;Adelina dimidiata,1,1
Bacteria;Pseudomonadota;Alphaproteobacteria;Rhodobacterales;Roseobacteraceae;Pseudoruegeria;Pseudoruegeria sp.,8,8
Chromista;NA;Phaeophyceae;Ectocarpales;Ectocarpaceae;Ectocarpus,1,1
Chromista;Bacillariophyta;Coscinodiscophyceae;Stephanodiscales;Stephanodiscaceae;Discostella;Discostella woltereckii,2,2
Chromista;NA;Chrysophyceae;Chromulinales;Chrysoamoebidaceae;Chrysamoeba,3,3
Plantae;Streptophyta;Magnoliopsida;Fabales;Fabaceae;Acacia;Acacia polystachya,1,1
Chromista;NA;Chrysophyceae;Chromulinales,13,13
Chromista;Ciliophora;Oligohymenophorea,19,19
Chromista;Apicomplexa;Conoidasida;Eugregarinorida;Lecudinidae,1,1
Chromista;Oomycota;NA;Saprolegniales;Saprolegniaceae;Pythiopsis;Pythiopsis cymosa,3,3
Protozoa;NA;NA;Apusomonadida;Apusomonadidae;Apusomonas;Apusomonas proboscidea,1,1
Fungi;Ascomycota;Saccharomycetes;Saccharomycetales;Metschnikowiaceae;Candida/Metschnikowiaceae;[Candida] akabanensis,1,1
Fungi;Zoopagomycota;Entomophthoromycetes;Entomophthorales;Entomophthoraceae;Entomophthora;Entomophthora muscae,3,3
Chromista;Ciliophora;Spirotrichea;Choreotrichida,11,11
Chromista;Ciliophora;Spirotrichea;Tintinnida;Tintinnidae;Salpingella;Salpingella sp.,6,6
Chromista;NA;Dinophyceae;Gonyaulacales;Amphidomataceae;Azadinium;Azadinium polongum,4,4
Plantae;Streptophyta;Magnoliopsida;Sapindales;Rutaceae;Comptonella,4,4
Animalia;Nemertea;Enopla;Monostilifera,3,3
Chromista;NA;Dinophyceae;Peridiniales;Protoperidiniaceae;Protoperidinium;Protoperidinium pallidum,11,11
Bacteria;Pseudomonadota;Alphaproteobacteria;Hyphomicrobiales;Phyllobacteriaceae;Roseitalea;Roseitalea porphyridii,1,1
Chromista;NA;Dinophyceae;Peridiniales;Podolampadaceae;Podolampas;Podolampas bipes,1,1
Plantae;Streptophyta;Magnoliopsida;Lamiales,25,37
Chromista;Apicomplexa;Aconoidasida;Piroplasmida;Theileriidae;Theileria;Theileria parva,1,1
Plantae;Chlorophyta;Ulvophyceae;Chlorocystidales;Chlorocystidaceae;Desmochloris;Desmochloris mollenhaueri,1,1
Animalia;Arthropoda;Hexanauplia;Siphonostomatoida;Pennellidae;Lernaeocera;Lernaeocera branchialis,1,1
Animalia;Arthropoda;Hexanauplia;Cyclopoida;Xarifiidae;Xarifia;Xarifia sp. New Caledonia-RJH-2004,1,1
Fungi;Basidiomycota;Agaricomycetes;Polyporales;Polyporaceae;Poria;Poria versipora,1,1
Animalia;Arthropoda;Insecta;Orthoptera;Acrididae;Schistocerca;Schistocerca gregaria,3,3
Chromista;Bacillariophyta;Bacillariophyceae;Thalassiophysales;Catenulaceae;Amphora;Amphora sp. 35,1,1
Plantae;Streptophyta;Magnoliopsida;Caryophyllales;Caryophyllaceae,1,1
Bacteria;Pseudomonadota;Alphaproteobacteria;Hyphomicrobiales;Nitrobacteraceae;Bradyrhizobium;Bradyrhizobium diazoefficiens,30,1831
Chromista;NA;Dinophyceae;Peridiniales;Peridiniaceae;Peridinium;Peridinium willei,7,7
Chromista;NA;Dinophyceae;Gymnodiniales;Gymnodiniaceae;Gymnodinium;Gymnodinium dorsalisulcum,4,4
Chromista;Bacillariophyta;Bacillariophyceae;Naviculales;Plagiotropidaceae;Plagiolemma;Plagiolemma distortum,1,1
Fungi;Basidiomycota;Agaricomycetes;Agaricales;Psathyrellaceae;Candolleomyces;Candolleomyces candolleanus,2,8
Chromista;Bacillariophyta;Coscinodiscophyceae;Stephanodiscales;Stephanodiscaceae;Cyclotella;Cyclotella distinguenda,40,377
Chromista;NA;Dinophyceae;Thoracosphaerales;Thoracosphaeraceae;Ensiculifera,4,4
Fungi;Mucoromycota;Glomeromycetes;Glomerales;Glomeraceae;Rhizophagus;Rhizophagus aggregatus,3,22
Chromista;Oomycota;NA;Pythiales;Pythiaceae;Pythium,32,4502
Chromista;Endomyxa;Phytomyxea;Plasmodiophorida;Plasmodiophoridae,1,1
Bacteria;Pseudomonadota;Gammaproteobacteria;Thiotrichales;Piscirickettsiaceae;Methylophaga;Methylophaga lonarensis,3,3
Chromista;Bacillariophyta;Fragilariophyceae;Rhabdonematales;Grammatophoraceae;Grammatophora;Grammatophora marina,1,1
Plantae;Streptophyta;Magnoliopsida;Poales;Poaceae;Phyllostachys;Phyllostachys nigra,1,1
Chromista;Foraminifera;NA;Rotaliida;Glabratellidae,1,1
Chromista;NA;Cryptophyceae;Pyrenomonadales,7,7
Plantae;Chlorophyta;Ulvophyceae;Ulvales;Ulvaceae;Ulva;Ulva lactuca,1,1
Chromista;Ciliophora;Phyllopharyngea;Chlamydodontida;Chilodonellidae;Chilodonella;Chilodonella acuta,2,2
Bacteria;Pseudomonadota;Gammaproteobacteria;Enterobacterales,23,53
Plantae;Streptophyta;Magnoliopsida;Lamiales;Oleaceae;Noronhia;Noronhia oblanceolata,1,1
Chromista;NA;Dinophyceae;Gonyaulacales;Pyrocystaceae;Alexandrium,8,8
Chromista;Bacillariophyta;Bacillariophyceae;Naviculales;Naviculaceae;Navicula;Navicula gregaria,15,15
Animalia;Arthropoda;Thecostraca;NA;Poecilasmatidae;Octolasmis;Octolasmis sp. KACb00064,1,1
Animalia;Chaetognatha;Sagittoidea;Aphragmophora;Sagittidae;Parasagitta,3,3
Chromista;NA;Chrysophyceae;Chromulinales;Paraphysomonadaceae;Paraphysomonas,21,1190
Plantae;Streptophyta;Magnoliopsida;Malpighiales;Podostemaceae;Dalzellia,1,1
Animalia;Annelida;Polychaeta;Sabellida;Serpulidae,3,7
Fungi;Ascomycota;Sordariomycetes;NA;NA;Asteroma;Asteroma alneum,1,1
Fungi;Ascomycota;Eurotiomycetes;Eurotiales;Aspergillaceae;Penicillium;Penicillium chrysogenum,6,10
Chromista;Oomycota;NA;Peronosporales;Peronosporaceae;Phytophthora;Phytophthora sp.,1,1
Animalia;Cnidaria;Hydrozoa;Leptothecata;Tiaropsidae;Tiaropsidium;Tiaropsidium kelseyi,1,1
Chromista;Bacillariophyta;Bacillariophyceae;Naviculales;Stauroneidaceae,4,4
Fungi;Basidiomycota;Malasseziomycetes;Malasseziales;Malasseziaceae;Malassezia,129,51668
Chromista;Ciliophora,1,1
Bacteria;Planctomycetota;Planctomycetia;Pirellulales;Lacipirellulaceae;Bythopirellula;Bythopirellula goksoeyrii,5,5
Bacteria;Pseudomonadota;Gammaproteobacteria;Aeromonadales;Succinivibrionaceae;Succinivibrio;Succinivibrio faecicola,1,1
Fungi;Mucoromycota;Glomeromycetes;Diversisporales;Gigasporaceae,1,1
Chromista;NA;Dinophyceae;Peridiniales;Ostreopsidaceae;Ostreopsis;Ostreopsis cf. ovata,4,4
Plantae;Streptophyta;Magnoliopsida;Malvales;Malvaceae;Corchorus,1,1
Bacteria;Pseudomonadota;Gammaproteobacteria;Oceanospirillales;Oceanospirillaceae,2,2
Fungi;Mucoromycota;Glomeromycetes;Glomerales;Glomeraceae;Glomus;Glomus sp. W3347,1,1
Fungi;Ascomycota;Archaeorhizomycetes;Archaeorhizomycetales;Archaeorhizomycetaceae;Archaeorhizomyces;Archaeorhizomyces borealis,1,1
Chromista;Haptophyta;NA;Isochrysidales;Isochrysidaceae;Chrysotila;Chrysotila carterae,1,1
Fungi;Ascomycota;Saccharomycetes;Saccharomycetales;Debaryomycetaceae;Kurtzmaniella;Kurtzmaniella cleridarum,1,1
Bacteria;Pseudomonadota;Alphaproteobacteria;Rhodospirillales;Azospirillaceae;Skermanella;Skermanella sp. TT6,1,1
Chromista;Bacillariophyta;Fragilariophyceae;Thalassionemales;Thalassionemataceae;Thalassionema;Thalassionema frauenfeldii,1,1
Protozoa;Euglenozoa;Euglenida;Euglenales;Euglenaceae;Euglena;Euglena exilis,1,1
Chromista;NA;Chrysophyceae;NA;NA;NA;Chrysophyceae sp. CCMP261,2,2
Fungi;Basidiomycota;Tremellomycetes;Filobasidiales;Piskurozymaceae,1,1
Bacteria;Pseudomonadota;Epsilonproteobacteria;Campylobacterales;Campylobacteraceae;Campylobacter;Campylobacter concisus,5,5
Bacteria;Pseudomonadota;Alphaproteobacteria;Kordiimonadales;NA;NA;Kordiimonadales bacterium IMCC3096,2,2
Fungi;Ascomycota;Lecanoromycetes;Peltigerales,1,1
Plantae;Streptophyta;Magnoliopsida;Asparagales;Amaryllidaceae;Allium;Allium sativum,3,13
Chromista;Endomyxa;NA;Vampyrellida;Leptophryidae;Vernalophrys;Vernalophrys algivore,4,12
Animalia;Arthropoda;Hexanauplia;Cyclopoida;Cyclopidae,24,492
Chromista;Ciliophora;Nassophorea;Nassulida;Nassulidae;Obertrumia;Obertrumia georgiana,3,3
Plantae;Streptophyta;Magnoliopsida;Asterales;Asteraceae;Tephroseris,19,19
Animalia;Mollusca;Gastropoda;Architaenioglossa;Cyclophoridae;Cyclophorus;Cyclophorus abditus,1,1
Fungi;Ascomycota;Eurotiomycetes;Eurotiales;Aspergillaceae;Penicillium;Penicillium expansum,1,1
Chromista;Ciliophora;Oligohymenophorea;Hymenostomatida;Tetrahymenidae,16,630
Chromista;Ciliophora;Spirotrichea;Tintinnida;Codonellidae;Tintinnopsis;Tintinnopsis subacuta,1,1
Chromista;NA;Phaeophyceae,3,3
Archaea;Candidatus Thermoplasmatota;Candidatus Poseidoniia;Candidatus Poseidoniales;Candidatus Thalassarchaeaceae;Candidatus Thalassarchaeum;Candidatus Thalassoarchaea mediterranii,5,5
Chromista;Bacillariophyta;Coscinodiscophyceae;Chaetocerotales;Chaetocerotaceae;Chaetoceros;Chaetoceros sp. RCC4816,8,8
Plantae;Streptophyta;Magnoliopsida;Fabales;Fabaceae;Acacia;Acacia dermatophylla,1,1
Chromista;Apicomplexa;Conoidasida;Eugregarinorida;Monocystidae;Monocystis;Monocystis agilis,3,55
Chromista;NA;Dinophyceae;Prorocentrales;Prorocentraceae;Prorocentrum;Prorocentrum cf. balticum,15,15
Fungi;Ascomycota;Schizosaccharomycetes;Schizosaccharomycetales;Schizosaccharomycetaceae;Schizosaccharomyces,14,53
Fungi;Basidiomycota;Agaricomycetes;Hymenochaetales;Hymenochaetaceae;Tropicoporus;Tropicoporus linteus,8,256
Fungi;Ascomycota;Dothideomycetes;Pleosporales;Pleosporaceae;Curvularia;Curvularia petersonii,3,4
Animalia;Rotifera;Eurotatoria;Flosculariaceae,1,1
Bacteria;Pseudomonadota;Alphaproteobacteria;Sphingomonadales;Sphingomonadaceae;Sphingomonas;Sphingomonas phyllosphaerae,8,126
Chromista;Ciliophora;Spirotrichea;Choreotrichida;Strobilidiidae;Pelagostrobilidium;Pelagostrobilidium sp.,8,12
Bacteria;Verrucomicrobia;Opitutae,10,10
Animalia;Arthropoda;Malacostraca;Decapoda;Alpheidae;Alpheus,1,1
Protozoa;Euglenozoa;Kinetoplastea;Neobodonida,5,16
Bacteria;Pseudomonadota;Gammaproteobacteria;Pseudomonadales;Pseudomonadaceae;Pseudomonas;Pseudomonas antarctica,1,1
Chromista;Ciliophora;Karyorelictea,12,268
Chromista;Bacillariophyta;Bacillariophyceae;Bacillariales;Bacillariaceae;Nitzschia;Nitzschia longissima,6,6
Plantae;Chlorophyta;Chlorophyceae,57,3226
Chromista;Ciliophora;Oligohymenophorea;Mobilida;Trichodinidae,10,10
Animalia;Arthropoda;Hexanauplia;Calanoida,15,15
Chromista;Oomycota;NA;Pythiales;Pythiaceae;Pythium;Pythium sp.,3,5
Protozoa;NA;Ichthyosporea;Ichthyophonida;Amoebidiaceae;Paramoebidium,1,1
Animalia;Arthropoda;Ostracoda;Podocopida;Eucytheridae;Kotoracythere;Kotoracythere inconspicua,2,4
Bacteria;Pseudomonadota;Alphaproteobacteria;Rhodobacterales;Roseobacteraceae,7,7
Plantae;Streptophyta;Magnoliopsida;Cucurbitales,1,1
Plantae;Ciliophora;Oligohymenophorea;Philasterida;Uronematidae;Uronema,1,1
Chromista;Bacillariophyta;Bacillariophyceae;Thalassiophysales;Catenulaceae;Amphora;Amphora cf. proteus,26,26
Fungi;Basidiomycota;Microbotryomycetes;NA;NA;Curvibasidium;Curvibasidium cygneicollum,1,1
Fungi;Ascomycota;Leotiomycetes;Helotiales;NA;Leptodophora;Leptodophora orchidicola,1,1
Plantae;Streptophyta;Magnoliopsida;Apiales;Apiaceae;Smyrnium;Smyrnium olusatrum,1,1
Animalia;Cnidaria;Hydrozoa;Trachymedusae;Rhopalonematidae;Pantachogon;Pantachogon haeckeli,3,3
Protozoa;NA;Choanoflagellata;Acanthoecida;Acanthoecidae;Acanthoeca;Acanthoeca sp. SIOpierAcanth1,1,1
Animalia;Cnidaria;Hydrozoa;Trachymedusae;Geryoniidae;Liriope;Liriope tetraphylla,9,9
Chromista;Ciliophora;Spirotrichea;Urostylida;Holostichidae;Holosticha;Holosticha cf. heterofoissneri,6,18
Plantae;Streptophyta;Magnoliopsida;Solanales;Solanaceae;Capsicum,1,1
Bacteria;Pseudomonadota;Alphaproteobacteria;Rhodobacterales;Paracoccaceae;Profundibacter;Profundibacter amoris,1,1
Animalia;Chordata;Chondrichthyes;Chimaeriformes;Callorhinchidae;Callorhinchus;Callorhinchus milii,1,1
Fungi;Mucoromycota;Glomeromycetes;Glomerales;Glomeraceae;Glomus;Glomus sp. 3 SUN-2011,4,4
Fungi;Chytridiomycota;Chytridiomycetes;Cladochytriales;Nowakowskiellaceae;Nowakowskiella;Nowakowskiella sp.,1,1
Animalia;Arthropoda;Ostracoda;Podocopida;Darwinulidae;Darwinula,1,1
Fungi;Ascomycota;Eurotiomycetes;Chaetothyriales,10,107
Chromista;Apicomplexa;Conoidasida;Archigregarinorida;Selenidiidae;Selenidium;Selenidium cf. mesnili,4,4
Plantae;Streptophyta;Magnoliopsida;Fabales;Fabaceae;Glycine;Glycine max,9,356
Chromista;NA;Synurophyceae;Synurales;Mallomonadaceae;Synura,51,4570
Fungi;Basidiomycota;Cystobasidiomycetes;NA;NA;Sakaguchia;Sakaguchia dacryoidea,3,198
Plantae;Streptophyta;Jungermanniopsida;Porellales;Frullaniaceae;Frullania;Frullania sp. B BlS-2016,1,1
Plantae;Streptophyta;Magnoliopsida;Fabales;Fabaceae;Lathyrus;Lathyrus ledebourii,2,2
Plantae;Streptophyta;Magnoliopsida;Celastrales;Celastraceae;Parnassia,1,1
Animalia;Arthropoda;Hexanauplia;Poecilostomatoida;Lichomolgidae;Lichomolgus;Lichomolgus canui,2,2
Chromista;Ciliophora;Spirotrichea;Sporadotrichida;Oxytrichidae;Hemiurosomoida;Hemiurosomoida longa,2,3
Plantae;Streptophyta;Magnoliopsida;Rosales;Urticaceae,8,263
Animalia;Porifera;Hexactinellida;Lyssacinosida,1,1
Fungi;Basidiomycota;Agaricomycetes;Cantharellales;Ceratobasidiaceae;NA;Ceratobasidiaceae sp. UAMH 6098,1,1
Animalia;Cnidaria;Hydrozoa;Anthoathecata;Hydridae;Hydra;Hydra oligactis,11,67
Chromista;NA;Cryptophyceae;Pyrenomonadales;Geminigeraceae;Teleaulax;Teleaulax acuta,6,6
Plantae;Chlorophyta;Trebouxiophyceae;Chlorellales;Chlorellaceae;Prototheca,1,1
Chromista;NA;Dinophyceae;Gonyaulacales;Pyrophacaceae;Fragilidium;Fragilidium sp. CCMP1920,1,1
Plantae;Streptophyta;Magnoliopsida;Solanales;Solanaceae;Brugmansia,1,1
Animalia;Arthropoda;Hexanauplia;Calanoida;Calocalanidae;Calocalanus,1,1
Plantae;Streptophyta;Magnoliopsida;Ericales;Ebenaceae;Diospyros;Diospyros lotus,1,1
Animalia;Platyhelminthes;Monogenea;Dactylogyridea;Ancyrocephalidae;Euryhaliotrema;Euryhaliotrema sp. HBDD,1,1
Animalia;Arthropoda;Malacostraca;Decapoda;Parastacidae,1,1
Chromista;Bacillariophyta;Coscinodiscophyceae;Stephanodiscales;Stephanodiscaceae;Cyclotella;Cyclotella litoralis,14,14
Chromista;NA;Cryptophyceae;Kathablepharidacea;Katablepharidaceae;Katablepharis;Katablepharis sp. POVA-MDc39,1,1
Fungi;Basidiomycota;Agaricomycetes;Russulales;Hericiaceae,5,12
Plantae;Streptophyta;Magnoliopsida;Sapindales;Sapindaceae;Aesculus;Aesculus assamica,1,1
Bacteria;Pseudomonadota;Alphaproteobacteria;Rhodospirillales;Azospirillaceae;Skermanella,2,2
Plantae;Streptophyta;Magnoliopsida;Malpighiales;Clusiaceae;Clusia,1,1
Animalia;Cnidaria;Anthozoa;Pennatulacea;Umbellulidae;Umbellula;Umbellula sp. NMS.Z.2019.25.13,1,1
Animalia;Cnidaria;Anthozoa;Actiniaria;Actiniidae,3,3
Animalia;Annelida;Polychaeta;Phyllodocida;Glyceridae;Glycera;Glycera sp. DC-2019,3,3
Animalia;Annelida;Polychaeta;Spionida,5,5
Bacteria;Pseudomonadota;Alphaproteobacteria;Hyphomicrobiales;Nitrobacteraceae;Bradyrhizobium,25,14436
Fungi;Ascomycota;Eurotiomycetes;Eurotiales,25,2123
Plantae;Streptophyta;Magnoliopsida;Boraginales,6,6
Chromista;NA;Dinophyceae;Peridiniales;Glenodiniaceae;Glenodiniopsis;Glenodiniopsis steinii,2,2
Animalia;Platyhelminthes;Catenulida;NA;Catenulidae;Catenula;Catenula lemnae,1,1
Chromista;NA;Dinophyceae;Peridiniales;Protoperidiniaceae;Protoperidinium;Protoperidinium divergens,7,7
Plantae;Streptophyta;Magnoliopsida;Fabales;Fabaceae;Macrolobium,2,2
Plantae;Streptophyta;Magnoliopsida;Fabales;Fabaceae;Medicago;Medicago arabica,14,14
Bacteria;Pseudomonadota;Alphaproteobacteria;NA;NA;NA;alpha proteobacterium STF-07,1,1
Chromista;NA;Chrysophyceae;Chromulinales;Chromulinaceae;Ochromonas;Ochromonas danica,2,2
Plantae;Streptophyta;Magnoliopsida;Arecales;Arecaceae;Calamus;Calamus hollrungii,1,1
Fungi;Basidiomycota;Agaricomycetes;Cantharellales;Tulasnellaceae;Tulasnella;Tulasnella violea,3,5
Chromista;Cercozoa;NA;Cercomonadida;Heteromitidae;NA;soil flagellate AND24,2,2
Fungi;Ascomycota;Dothideomycetes;Hysteriales;Hysteriaceae;Hysterographium;Hysterographium pulchrum,19,19
Chromista;Bacillariophyta;Coscinodiscophyceae;Thalassiosirales;Thalassiosiraceae,6,6
Chromista;Ciliophora;Heterotrichea;Licnophorida;Licnophoridae;Licnophora;Licnophora lyngbycola,1,1
Plantae;Chlorophyta;Chlorophyceae;Sphaeropleales;Scenedesmaceae;Tetradesmus;Tetradesmus bajacalifornicus,8,8
Chromista;Ciliophora;Oligohymenophorea;Peniculida;Parameciidae;Paramecium;Paramecium calkinsi,20,20
Plantae;Streptophyta;Magnoliopsida;Lamiales;Orobanchaceae;Rehmannia;Rehmannia glutinosa,1,1
Chromista;NA;NA;Colponemida;Colponemidia;Colponema;Colponema vietnamica,1,1
Plantae;Streptophyta;Magnoliopsida;Fagales;Juglandaceae;Juglans;Juglans microcarpa x Juglans regia,1,1
Chromista;Ciliophora;Oligohymenophorea;Peniculida;Parameciidae;Paramecium;Paramecium putrinum,18,341
Chromista;NA;Phaeophyceae;Ectocarpales;Chordariaceae;Laminariocolax;Laminariocolax sp.,10,10
Plantae;Streptophyta;Magnoliopsida;Asparagales;Orchidaceae;Vanilla,1,1
Plantae;Streptophyta;Magnoliopsida;Myrtales;Combretaceae;Combretum;Combretum indicum,2,2
Plantae;Streptophyta;Magnoliopsida;Caryophyllales;Caryophyllaceae;Silene;Silene reinholdii,4,4
Animalia;Cnidaria;Anthozoa;Alcyonacea;Primnoidae;Narella;Narella bowersi,3,3
Chromista;Oomycota;NA;Pythiales;Pythiaceae;Globisporangium;Globisporangium selbyi,1,1
Bacteria;Verrucomicrobia;Opitutae;Opitutales;Opitutaceae,2,2
Plantae;Streptophyta;Magnoliopsida;Rosales;Ulmaceae;Ampelocera,1,1
Chromista;NA;Xanthophyceae;Mischococcales;Pleurochloridaceae;Pseudopleurochloris;Pseudopleurochloris antarctica,1,1
Plantae;Chlorophyta;Chlorophyceae;Chlamydomonadales;Chlamydomonadaceae;Microglena,1,1
Plantae;Streptophyta;Magnoliopsida;Brassicales;Brassicaceae;Tetracme;Tetracme recurvata,1,1
Chromista;Ciliophora;Phyllopharyngea;Exogenida;Ephelotidae;Ephelota;Ephelota gemmipara,2,2
Plantae;Streptophyta;Magnoliopsida;Malvales;Malvaceae;Schoutenia;Schoutenia accrescens,1,1
Fungi;Ascomycota;Dothideomycetes;Mycosphaerellales;Teratosphaeriaceae;Capnobotryella;Capnobotryella sp. nov. NH4-3,4,12
Animalia;Platyhelminthes;Catenulida;NA;Stenostomidae;Stenostomum;Stenostomum sp. 'bigmouth',1,1
Chromista;Ciliophora;Heterotrichea;Licnophorida;Licnophoridae;Licnophora,5,59
Fungi;Ascomycota;Saccharomycetes;Saccharomycetales;Debaryomycetaceae;Yamadazyma;[Candida] diospyri,4,4
Chromista;Ciliophora;Spirotrichea;NA;NA;Protocruzia,18,18
Bacteria;Pseudomonadota;Gammaproteobacteria;NA;NA;Candidatus Kentron,2,2
Chromista;NA;Dinophyceae;Peridiniales;Kryptoperidiniaceae;Durinskia;Durinskia kwazulunatalensis,1,1
Plantae;Streptophyta;Magnoliopsida;Lamiales;Lamiaceae,31,42
Chromista;Apicomplexa;Conoidasida;Eucoccidiorida;Eimeriidae,1,1
Plantae;Streptophyta;Magnoliopsida;Rosales;Rosaceae;Rosa;Rosa pendulina,1,1
Chromista;Ciliophora;Oligohymenophorea;Sessilida;Vorticellidae,48,3593
Plantae;Rhodophyta;Florideophyceae;Corallinales;Corallinaceae,3,3
Bacteria;Planctomycetota;Phycisphaerae;Phycisphaerales;NA;NA;Phycisphaerales bacterium,1,1
Fungi;Ascomycota;Sordariomycetes;Xylariales,1,1
Animalia;Chordata;Amphibia;Anura;Pipidae;Xenopus;Xenopus borealis,1,1
Chromista;NA;Dinophyceae;NA;NA;Madanidinium;Madanidinium loirii,13,13
Chromista;NA;Dictyochophyceae;Pedinellales;NA;NA;Pedinellales sp. CCMP2098,21,21
Plantae;Chlorophyta;Mamiellophyceae;Mamiellales;Bathycoccaceae;Bathycoccus;Bathycoccus prasinos,8,8
Chromista;Ciliophora;Spirotrichea;Sporadotrichida;Gonostomatidae;Gonostomum,2,2
Bacteria;Pseudomonadota;Gammaproteobacteria;Chromatiales;Granulosicoccaceae;Granulosicoccus;Granulosicoccus sp. SS10.26,6,6
Chromista;Ciliophora;Litostomatea;Haptorida;Dileptidae;Dileptus;Dileptus sp. HCB-2005,4,70
Chromista;NA;Dinophyceae;Gonyaulacales;Ceratiaceae,18,18
Chromista;Ciliophora;Spirotrichea;Sporadotrichida;Gonostomatidae;Gonostomum;Gonostomum affine,10,10
Animalia;Mollusca;Gastropoda;Littorinimorpha;Tateidae;Tatea;Tatea huonensis,1,1
Animalia;Arthropoda;Insecta;Hemiptera;Anthocoridae;Orius,1,1
Protozoa;NA;NA;Rotosphaerida;Fonticulaceae;Fonticula;Fonticula alba,2,2
Animalia;Chordata;Lepidosauria;Squamata;Dactyloidae;Anolis;Anolis isthmicus,1,1
Chromista;NA;Dinophyceae;Coccidiniales;Chytriodiniaceae;Chytriodinium;Chytriodinium sp. Atlantic,4,4
Animalia;Mollusca;Polyplacophora;Chitonida;Ischnochitonidae;Lepidozona;Lepidozona mertensii,2,2
Bacteria;Pseudomonadota;Alphaproteobacteria;Rhodospirillales,3,3
Chromista;NA;Cryptophyceae;Pyrenomonadales;Geminigeraceae;Teleaulax;Teleaulax amphioxeia,10,10
Chromista;NA;Dinophyceae;Peridiniales;Peridiniaceae;Scrippsiella;Scrippsiella sp. JD-2012,6,6
Fungi;Ascomycota;Sordariomycetes;Hypocreales,3,63
Chromista;NA;Synurophyceae;Synurales;Mallomonadaceae;Synura;Synura sp.,17,172
Bacteria;Planctomycetota;Planctomycetia;Planctomycetales;Planctomycetaceae;Crateriforma;Crateriforma conspicua,5,5
Bacteria;Pseudomonadota;Alphaproteobacteria;Hyphomicrobiales;Phyllobacteriaceae;Mesorhizobium;Mesorhizobium xinjiangense,4,5
Animalia;Arthropoda;Malacostraca;Amphipoda;Hyperiidae;Themisto,4,4
Plantae;Streptophyta;Magnoliopsida;Cucurbitales;Cucurbitaceae;Cucumis;Cucumis melo,5,12
Chromista;NA;Dinophyceae;Gymnodiniales;Gymnodiniaceae;Gyrodinium;Gyrodinium rubrum,5,5
Animalia;Chaetognatha;Sagittoidea;Aphragmophora;Sagittidae;Parasagitta;Parasagitta megalophthalma,8,8
Fungi;Ascomycota;Saccharomycetes;Saccharomycetales;Debaryomycetaceae;Teunomyces,1,1
Chromista;NA;Cryptophyceae;Cryptomonadales;Hemiselmidaceae;Hemiselmis,4,4
Animalia;Mollusca;Bivalvia;Mytilida;Mytilidae;Limnoperna;Limnoperna sp. k ST-2021,1,1
Animalia;Arthropoda;Hexanauplia;Calanoida;Candaciidae;Candacia,1,1
Bacteria;Pseudomonadota;Alphaproteobacteria;Hyphomicrobiales;Parvibaculaceae;Anderseniella;Anderseniella sp. Alg231-50,1,1
Chromista;Bacillariophyta;Coscinodiscophyceae;Stephanodiscales;Stephanodiscaceae;Cyclotella;Cyclotella sp. MC01,2,2
Plantae;Streptophyta;Polypodiopsida;Polypodiales;Aspleniaceae;Asplenium;Asplenium monanthes,2,2
Bacteria;Pseudomonadota;Alphaproteobacteria;Rhodospirillales;Rhodospirillaceae;Marivibrio;Marivibrio halodurans,17,67
Animalia;Cnidaria;Anthozoa;Alcyonacea;Chrysogorgiidae;Metallogorgia;Metallogorgia melanotrichos,1,1
Chromista;Bacillariophyta;Bacillariophyceae;Naviculales;Naviculaceae;Navicula;Navicula sp. AT-145.08,1,1
Chromista;Ciliophora;Oligohymenophorea;Sessilida;Vorticellidae;Epicarchesium,2,2
Chromista;NA;NA;Telonemida;NA;Telonema;Telonema antarcticum,3,3
Fungi;Basidiomycota;Agaricomycetes;Atheliales;Atheliaceae;Athelia;Athelia bombacina,1,1
Fungi;Ascomycota;Lecanoromycetes;Lecanorales;Parmeliaceae;Cavernularia;Cavernularia sp. S38816,1,1
Animalia;Chaetognatha;Sagittoidea,1,1
Bacteria;Pseudomonadota;Alphaproteobacteria;Hyphomicrobiales;Methylobacteriaceae;Methylobacterium;Methylobacterium radiotolerans,2,3
Fungi;Basidiomycota;Microbotryomycetes;Sporidiobolales,15,184
Protozoa;NA;Choanoflagellata;Acanthoecida,12,12
Chromista;NA;Dinophyceae;Peridiniales;Glenodiniaceae;Hemidinium;Hemidinium ochraceum,1,1
Chromista;NA;Synurophyceae;Synurales;Mallomonadaceae;Mallomonas;Mallomonas asmundae,1,1
Chromista;NA;Dinophyceae;Syndiniales;Eudubosquellidae;Euduboscquella;Euduboscquella cachoni,9,9
Chromista;NA;Eustigmatophyceae;Eustigmatales;Loboceae;Pseudotetraedriella;Pseudotetraedriella kamillae,14,14
Chromista;Ciliophora;Heterotrichea;Heterotrichida;Condylostomatidae;Condylostoma,27,27
Bacteria;Pseudomonadota;Alphaproteobacteria;Rhodobacterales;Paracoccaceae,4,4
Chromista;Ciliophora;Oligohymenophorea;Astomatida,2,2
Chromista;NA;Dinophyceae;Gymnodiniales;Warnowiaceae;Warnowia;Warnowia sp.,23,23
Animalia;Chordata;Ascidiacea;Stolidobranchia;Pyuridae;Pyura;Pyura dura,2,2
Animalia;Cnidaria;Hydrozoa;Leptothecata;Clytiidae;Clytia;Clytia hemisphaerica,2,2
Chromista;Ciliophora;Spirotrichea;Tintinnida;Xystonellidae;Favella,5,5
Plantae;Streptophyta;Magnoliopsida;Fabales;Fabaceae;Acacia;Acacia brachybotrya,3,3
Animalia;Rotifera;Eurotatoria;Philodinida;Habrotrochidae;Otostephanos;Otostephanos jolantae,1,1
Plantae;Streptophyta;Magnoliopsida;Poales;Poaceae;Panicum;Panicum virgatum,2,2
Animalia;Cnidaria;Hydrozoa;Anthoathecata;Pandeidae;Leuckartiara;Leuckartiara octona,2,2
Plantae;Streptophyta;Magnoliopsida;Asterales;Asteraceae;Pectis,1,1
Chromista;Ciliophora;Spirotrichea;Tintinnida;Codonellidae;Tintinnopsis,7,7
Animalia;Annelida;Clitellata;Crassiclitellata;Aeolosomatidae;Aeolosoma,1,1
Chromista;Ciliophora;Spirotrichea;Tintinnida;Codonellidae;Tintinnopsis;Tintinnopsis sp. JG-2011a,8,8
Animalia;Porifera;Demospongiae;Poecilosclerida,2,2
Chromista;NA;Dinophyceae;Gymnodiniales;Gymnodiniaceae;Gymnodinium;Gymnodinium sp. GD1590bp57,7,7
Bacteria;Pseudomonadota;Alphaproteobacteria;Hyphomicrobiales;Brucellaceae,3,4
Animalia;Arthropoda;Insecta;Hemiptera;Anthocoridae;Orius;Orius laevigatus,1,1
Fungi;Ascomycota;Lecanoromycetes;Peltigerales;Pannariaceae;Parmeliella,1,1
Plantae;Chlorophyta;Mamiellophyceae;Dolichomastigales;Crustomastigaceae;Crustomastix;Crustomastix stigmatica,8,8
Chromista;Ciliophora;Spirotrichea;Urostylida;Pseudourostylidae;Pseudourostyla;Pseudourostyla guizhouensis,1,1
Fungi;Ascomycota;Dothideomycetes;Pleosporales;Morosphaeriaceae;Acrocalymma;Acrocalymma cycadis,1,1
Fungi;Basidiomycota;Pucciniomycetes;Pucciniales;Pucciniaceae;Puccinia;Puccinia kusanoi,1,1
Chromista;Ciliophora;Heterotrichea;Heterotrichida;Condylostomatidae;Condylostoma;Condylostoma sp. SUAS-2014,12,12
Chromista;Ciliophora;Litostomatea;Haptorida;Trachelophyllidae;Lagynophrya;Lagynophrya acuminata,13,932
Plantae;Chlorophyta;Chlorophyceae;Chlamydomonadales;Chlamydomonadaceae;Carteria;Carteria radiosa,1,1
Animalia;Cnidaria;Hydrozoa;Anthoathecata;Hydridae;Hydra,4,4
Chromista;NA;Dinophyceae;Gymnodiniales;Warnowiaceae,4,4
Bacteria;Nitrospirae;Nitrospira;Nitrospirales;Nitrospiraceae;Nitrospira,10,44
Chromista;Bacillariophyta;Bacillariophyceae;Bacillariales;Bacillariaceae;Nitzschia;Nitzschia paleacea,1,1
Bacteria;Planctomycetota;Planctomycetia;Pirellulales,1,1
Chromista;NA;Chrysophyceae;Chromulinales;Chromulinaceae;Pedospumella;Pedospumella sp. JBM19,2,2
Animalia;Platyhelminthes;Catenulida,23,1341
Plantae;Streptophyta;Magnoliopsida;Malpighiales;Euphorbiaceae;Mercurialis;Mercurialis annua,21,328
Animalia;Cnidaria;Myxozoa;Bivalvulida;Myxobolidae;Myxobolus;Myxobolus sp. KLT-2014,1,1
Fungi;Ascomycota;Dothideomycetes;Mycosphaerellales,10,243
Fungi;Basidiomycota;Tremellomycetes,32,494
Plantae;Streptophyta;Magnoliopsida;Cucurbitales;Cucurbitaceae;Cucumis,7,66
Plantae;Streptophyta;Zygnemophyceae;Desmidiales;Desmidiaceae;Cosmarium;Cosmarium hammeri,1,1
Chromista;NA;Dinophyceae;Peridiniales;Amphidiniopsidaceae;Herdmania;Herdmania litoralis,1,1
Animalia;Platyhelminthes;Cestoda,1,1
Plantae;Streptophyta;Magnoliopsida;Gentianales;Gentianaceae;Gentiana;Gentiana rubicunda,11,436
Animalia;Mollusca;Bivalvia;Mytilida;Mytilidae,10,10
Chromista;Ciliophora;Spirotrichea;NA;Strombidiidae;Strombidium;Strombidium sp. HCB-2005,13,13
Chromista;NA;Dinophyceae;Gymnodiniales;Warnowiaceae;Warnowia;Warnowia sp. BSL-2009a,3,3
Chromista;Ciliophora;Phyllopharyngea;Dysteriida;Dysteriidae;Dysteria;Dysteria brasiliensis,2,2
Chromista;NA;Chrysophyceae;NA;Apoikiaceae,9,192
Chromista;Bacillariophyta;Fragilariophyceae;Licmophorales;Ulnariaceae,5,5
Fungi;Ascomycota;Saccharomycetes;Saccharomycetales;NA;Starmerella;Starmerella bombi,1,1
Bacteria;Planctomycetota;Planctomycetia;Planctomycetales;Planctomycetaceae;NA;planctomycete str. 567,4,4
