taxonomic_path	common_name	% samples positive in project
Chromista;Bacillariophyta;Coscinodiscophyceae;Coscinodiscales;Hemidiscaceae;Actinocyclus;Actinocyclus curvatulus	Diatoms	35.77
Chromista;Ciliophora;Oligohymenophorea	Ciliates	74.8
Chromista;NA;Dinophyceae;Syndiniales;Amoebophryaceae;Amoebophrya;Amoebophrya sp. ex Gymnodinium instriatum	Dinoflagellates	60.16
Chromista;NA;Dinophyceae;Syndiniales;Ellobiopsidae;Thalassomyces;Thalassomyces sp. JDS-2003	Dinoflagellates	14.63
Chromista;NA;Dinophyceae;Suessiales;Suessiaceae;Pelagodinium;Pelagodinium beii	Dinoflagellates	45.53
Protozoa;NA;Ichthyosporea;Ichthyophonida;NA;Sphaeroforma	Protozoans	89.43
Plantae;Streptophyta;Magnoliopsida;Fabales;Fabaceae;Gilbertiodendron;Gilbertiodendron grandistipulatum	Bean	4.07
Chromista;NA;Dinophyceae;Peridiniales;Protoperidiniaceae;Protoperidinium;Protoperidinium leonis	Dinoflagellates	54.47
Plantae;Chlorophyta;Trebouxiophyceae;Chlorellales;Chlorellaceae;Nannochloris;Nannochloris sp. NIES-3880	Green algae	40.65
Chromista;Ciliophora;Oligohymenophorea;Philasterida;Orchitophryidae;Mesanophrys;Mesanophrys carcini	Ciliates	7.32
Chromista;Ciliophora;Litostomatea;Haptorida;Didiniidae;Monodinium;Monodinium sp. HCB-2005	""	4.88
Plantae;Rhodophyta;Florideophyceae;Ceramiales;Rhodomelaceae;Symphyocladiella;Symphyocladiella dendroidea	""	1.63
Chromista;Ciliophora;Spirotrichea	Ciliates	96.75
Chromista;Ciliophora;Oligohymenophorea;Thigmotrichida;Hemispeiridae;Boveria;Boveria subcylindrica	""	4.07
Chromista;NA;Chrysophyceae	""	60.16
Chromista;Bacillariophyta;Coscinodiscophyceae;Thalassiosirales;Thalassiosiraceae;Thalassiosira;Thalassiosira hendeyi	Diatoms	60.16
Plantae;Chlorophyta;Pyramimonadophyceae;Pyramimonadales;Pyramimonadaceae	Green algae	24.39
Chromista;NA;Bigyra;Oblongichytrida;NA;Oblongichytrium;Oblongichytrium sp.	Oblongichytrium sp.	65.85
Chromista;Ciliophora;Litostomatea;Cyclotrichida;Mesodiniidae;Mesodinium;Mesodinium rubrum	Ciliates	74.8
Chromista;Bacillariophyta;Mediophyceae;Lithodesmiales;Lithodesmiaceae;Ditylum;Ditylum brightwellii	Diatoms	73.98
Chromista;NA;Dinophyceae;Gymnodiniales;Gymnodiniaceae;Paragymnodinium;Paragymnodinium inerme	Dinoflagellates	65.85
Fungi;Ascomycota;Eurotiomycetes;Eurotiales;Aspergillaceae;Penicillium;Penicillium glandicola	""	8.13
Chromista;Apicomplexa;Conoidasida;Eugregarinorida	Chromists	88.62
Chromista;Bacillariophyta;Coscinodiscophyceae;Thalassiosirales;Thalassiosiraceae;Thalassiosira	Diatoms	77.24
Chromista;Bacillariophyta;Bacillariophyceae;Naviculales;Naviculaceae;Navicula	Diatoms	95.93
Chromista;Bacillariophyta;Coscinodiscophyceae;Corethrales;Corethraceae;Corethron;Corethron inerme	""	4.07
Plantae;Streptophyta;Magnoliopsida;Ericales;Sapotaceae	Sapodillas	73.17
Animalia;Chordata;Appendicularia;Copelata;Oikopleuridae;Oikopleura	Appendicularians	16.26
Chromista;Bacillariophyta;Coscinodiscophyceae;Leptocylindrales;Leptocylindraceae;Leptocylindrus;Leptocylindrus danicus	Diatoms	61.79
Chromista;NA;Dinophyceae;Peridiniales;Pfiesteriaceae	Dinoflagellates	95.93
Chromista;Haptophyta;NA;Phaeocystales;Phaeocystaceae;Phaeocystis;Phaeocystis antarctica	Haptophytes	15.45
Chromista;NA;Dinophyceae;NA;NA;Echinidinium;Echinidinium karaense	Dinoflagellates	29.27
Animalia;Rotifera;Eurotatoria;Ploima;Synchaetidae;Synchaeta;Synchaeta grimpei	Rotifers	5.69
Plantae;Streptophyta;Charophyceae;Charales;Characeae;Nitella	Stonewort	13.01
Plantae;Streptophyta;Bryopsida;Dicranales;Calymperaceae;Calymperes;Calymperes erosum	Fork-mosses	35.77
Animalia;Ctenophora;Tentaculata;Cydippida;Pleurobrachiidae	""	23.58
Chromista;Bacillariophyta;Coscinodiscophyceae;Thalassiosirales;Thalassiosiraceae;Thalassiosira;Thalassiosira sp.	Diatoms	51.22
Chromista;NA;Dinophyceae;Amphidiniales;Amphidiniaceae;Amphidinium;Amphidinium carterae	Dinoflagellates	46.34
Fungi;Ascomycota;Dothideomycetes;Hysteriales;Hysteriaceae;Hysterographium;Hysterographium pulchrum	Asco's	26.02
Animalia;Mollusca;Gastropoda;Stylommatophora	Slug	1.63
Chromista;NA;Dinophyceae;Peridiniales;Amphidiniopsidaceae;Archaeperidinium;Archaeperidinium minutum	Dinoflagellates	57.72
Protozoa;Tubulinea;Echinamoebida;NA;Echinamoebidae;Echinamoeba;Echinamoeba exundans	Protozoans	67.48
Animalia;Rotifera;Eurotatoria	""	31.71
Chromista;Ciliophora;Spirotrichea;NA;Strombidiidae;Strombidium;Strombidium sp.	Ciliates	41.46
Fungi;Ascomycota;Pezizomycetes;Pezizales;Ascobolaceae;Ascobolus;Ascobolus stercorarius	Cup Fungus	2.44
Chromista;Bacillariophyta;Coscinodiscophyceae;Leptocylindrales;Leptocylindraceae;Leptocylindrus;Leptocylindrus aporus	Diatoms	15.45
Chromista;NA;Dinophyceae;Gymnodiniales;Kareniaceae;Karenia;Karenia sp. (in: dinoflagellates)	Dinoflagellates	24.39
Chromista;NA;Cryptophyceae;Cryptomonadales;Hemiselmidaceae;Hemiselmis	Chromists	6.5
Protozoa;NA;Choanoflagellata;Acanthoecida;Stephanoecidae	Protozoans	62.6
Bacteria;Planctomycetota;Planctomycetia	""	60.16
Animalia;Arthropoda;Hexanauplia;Poecilostomatoida;Corycaeidae;Corycaeus;Corycaeus speciosus	Arthropod	74.8
Chromista;Bacillariophyta;Coscinodiscophyceae;Coscinodiscales;Heliopeltaceae;Actinoptychus;Actinoptychus sinensis	Diatoms	43.9
Animalia;Arthropoda;Hexanauplia;Calanoida;Clausocalanidae;Pseudocalanus;Pseudocalanus newmani	Calanoid Copepods	81.3
Animalia;Arthropoda;Hexanauplia	Arthropod	70.73
Chromista;NA;Dinophyceae	Dinoflagellates	98.37
Bacteria;Pseudomonadota;Gammaproteobacteria;Alteromonadales	Γ-proteobacteria	15.45
Chromista;Bacillariophyta;Coscinodiscophyceae;Stephanodiscales;Stephanodiscaceae;Stephanodiscus;Stephanodiscus niagarae	Diatoms	6.5
Animalia;Arthropoda;Hexanauplia;Siphonostomatoida;Pennellidae;Lernaeocera;Lernaeocera branchialis	Throat-ogre	8.94
Chromista;Ciliophora;Heterotrichea;Heterotrichida;Stentoridae;Stentor	""	37.4
Plantae;Chlorophyta;Chlorophyceae;Sphaeropleales;Scenedesmaceae	Chlorophycean Green Algae	13.82
Chromista;Ciliophora;Spirotrichea;NA;Strombidiidae;Strombidium	""	47.15
Animalia;Porifera;Calcarea;Leucosolenida;Leucosoleniidae;Leucosolenia	Branching ball-sponge	2.44
Plantae;Chlorophyta;Chlorodendrophyceae;Chlorodendrales;Chlorodendraceae;Tetraselmis	Green algae	34.15
Bacteria;Pseudomonadota;Alphaproteobacteria;Rhodobacterales;Paracoccaceae;Pararhodobacter;Pararhodobacter aggregans	""	0.81
Chromista;Bacillariophyta;Coscinodiscophyceae;Chaetocerotales;Chaetocerotaceae;Chaetoceros;Chaetoceros sp. NIES-3971	Diatoms	49.59
Animalia;Chordata;Appendicularia;Copelata;Oikopleuridae;Oikopleura;Oikopleura dioica	Chordates	77.24
Chromista;NA;Dinophyceae;Gymnodiniales;Gymnodiniaceae;Gymnodinium;Gymnodinium sp. Dino3	Dinoflagellates	68.29
Plantae;Rhodophyta;Florideophyceae;Corallinales	Red algae	18.7
Bacteria;Verrucomicrobia;Opitutae;Puniceicoccales;Puniceicoccaceae;Ruficoccus;Ruficoccus sp.	Bacteria	8.94
Plantae;Streptophyta;Magnoliopsida;Lamiales;Plantaginaceae	Plantain family	21.95
Chromista;Bacillariophyta;Bacillariophyceae	""	74.8
Chromista;NA;Dinophyceae;Peridiniales;Amphidiniopsidaceae;Amphidiniopsis;Amphidiniopsis uroensis	Dinoflagellates	18.7
Chromista;Bacillariophyta;Bacillariophyceae;Naviculales;Naviculaceae	Diatoms	72.36
Chromista;Ciliophora;Spirotrichea;Euplotida;Euplotidae;Euplotes	Ciliates	39.84
Bacteria;Pseudomonadota;Alphaproteobacteria	""	45.53
Fungi;Ascomycota;Saccharomycetes;Saccharomycetales	""	68.29
Chromista;NA;Dinophyceae;Peridiniales;Protoperidiniaceae;Protoperidinium;Protoperidinium pellucidum	Dinoflagellates	75.61
Chromista;Cercozoa;Thecofilosea;Cryomonadida;Protaspidae;Cryothecomonas;Cryothecomonas aestivalis	Chromists	87.8
Fungi;Basidiomycota;Malasseziomycetes;Malasseziales;Malasseziaceae;Malassezia	""	83.74
Chromista;Ciliophora;Oligohymenophorea;Mobilida;Trichodinidae;Trichodina	Ciliates	17.07
Plantae;Streptophyta;Magnoliopsida;Vitales;Vitaceae	Grape family	99.19
Chromista;Ciliophora;Oligohymenophorea;Peniculida;Parameciidae;Paramecium;Paramecium calkinsi	Slipper Animalcules	33.33
Animalia;Arthropoda;Hexanauplia;Calanoida	Calanoid Copepods	70.73
Fungi;Basidiomycota;Agaricomycetes	""	51.22
Chromista;NA;Dinophyceae;Prorocentrales;Prorocentraceae;Prorocentrum	Dinoflagellates	41.46
Chromista;Ciliophora;Oligohymenophorea;Sessilida;Epistylidae	""	11.38
Chromista;Bacillariophyta;Coscinodiscophyceae;Thalassiosirales;Thalassiosiraceae;Minidiscus;Minidiscus trioculatus	Diatoms	27.64
Chromista;Ciliophora;Phyllopharyngea;Chlamydodontida;Chlamydodontidae;Chlamydodon	Ciliates	26.02
Chromista;NA;Chrysophyceae;Chromulinales;Oikomonadaceae;Oikomonas;Oikomonas sp. SA-2.1	Golden-brown algae	24.39
Plantae;Streptophyta;Magnoliopsida;Fabales;Fabaceae	Bean	69.11
Chromista;NA;Dinophyceae;Peridiniales;Heterocapsaceae;Heterocapsa;Heterocapsa pseudotriquetra	Dinoflagellates	36.59
Bacteria;Pseudomonadota;Alphaproteobacteria;Hyphomicrobiales;Rhodovibrionaceae;Rhodovibrio	""	4.07
Bacteria;Pseudomonadota;Alphaproteobacteria;Rhodospirillales;Zavarziniaceae;Zavarzinia;Zavarzinia marina	""	6.5
Plantae;Streptophyta;Magnoliopsida;Poales;Poaceae	""	49.59
Chromista;NA;Dinophyceae;Peridiniales;Peridiniaceae;Leonella;Leonella granifera	Dinoflagellates	64.23
Plantae;Chlorophyta;Mamiellophyceae;Mamiellales;Mamiellaceae;Micromonas	Green algae	56.1
Chromista;NA;NA;Telonemida;NA;Telonema;Telonema antarcticum	Cryptomonads	36.59
Chromista;NA;Chrysophyceae;Chromulinales;Paraphysomonadaceae;Paraphysomonas	""	9.76
Plantae;Streptophyta;Magnoliopsida;Sapindales;Sapindaceae	Soapberries	51.22
Chromista;Ciliophora;Prostomatea;Prorodontida;Urotrichidae;Urotricha;Urotricha sp.	""	37.4
Bacteria;Pseudomonadota;Deltaproteobacteria;Myxococcales;Kofleriaceae;Haliangium;Haliangium ochraceum	Myxobacteria	8.13
Plantae;Streptophyta;Magnoliopsida;Asterales;Asteraceae;Tithonia;Tithonia diversifolia	""	9.76
Chromista;Ciliophora;Spirotrichea;Euplotida;Uronychiidae;Diophrys	Ciliates	73.98
Bacteria;Pseudomonadota;Alphaproteobacteria;Sneathiellales;Sneathiellaceae;Sneathiella	""	0.81
Chromista;NA;Dinophyceae;Gonyaulacales;Amphidomataceae;Azadinium;Azadinium spinosum	Dinoflagellates	75.61
Chromista;Bacillariophyta;Coscinodiscophyceae;Chaetocerotales;Attheyaceae;Attheya;Attheya longicornis	Diatoms	42.28
Plantae;Streptophyta;Magnoliopsida;Lamiales;Lamiaceae	""	18.7
Bacteria;Verrucomicrobia;Opitutae	Bacteria	23.58
Animalia;Cnidaria;Hydrozoa;Leptothecata	""	24.39
Chromista;Cercozoa;Imbricatea;Thaumatomonadida;Thaumatomastigidae;Protaspis;Protaspis obliqua	Chromists	56.91
Bacteria;Verrucomicrobia;Opitutae;Puniceicoccales;Puniceicoccaceae;Candidatus Moanabacter;Candidatus Moanabacter tarae	Bacteria	17.89
Plantae;Streptophyta;Magnoliopsida;Rosales;Urticaceae;Pilea	Clearweed	5.69
Animalia;Arthropoda;Insecta;Hymenoptera;Braconidae;Apanteles;Apanteles fumiferanae	""	0.81
Chromista;NA;Dinophyceae;Peridiniales	Dinoflagellates	80.49
Chromista;NA;Dinophyceae;Peridiniales;Peridiniaceae;Scrippsiella;Scrippsiella sp.	Dinoflagellates	81.3
Chromista;NA;Dinophyceae;Dinophysiales;Dinophysiaceae;Dinophysis;Dinophysis norvegica	Dinoflagellates	35.77
Bacteria;Pseudomonadota;Deltaproteobacteria;Myxococcales	""	6.5
Chromista;NA;Dinophyceae;Peridiniales;Peridiniaceae;Scrippsiella;Scrippsiella sp. HZ-2005	Dinoflagellates	51.22
Plantae;Chlorophyta;Ulvophyceae;Ulvales;Ulvaceae;Ulva	Green Laver	34.96
Fungi;Basidiomycota;Agaricomycetes;Corticiales;Corticiaceae;Sistotrema	""	4.88
Chromista;NA;Dinophyceae;Peridiniales;Heterocapsaceae;Heterocapsa;Heterocapsa triquetra	Dinoflagellates	91.87
Protozoa;Discosea;Flabellinia;Dactylopodida;Paramoebidae;Korotnevella;Korotnevella jeppesenii	""	0.81
Chromista;NA;Cryptophyceae;Pyrenomonadales;Geminigeraceae;Teleaulax;Teleaulax acuta	Cryptomonads	51.22
Chromista;NA;Bigyra;Thraustochytrida;Thraustochytriaceae;Aplanochytrium;Aplanochytrium stocchinoi	Chromists	47.15
Chromista;Ciliophora;Litostomatea;Haptorida;Homalozoonidae;Homalozoon;Homalozoon vermiculare	""	5.69
Chromista;Apicomplexa;Conoidasida;Eugregarinorida;Lecudinidae;Ancora;Ancora sagittata	Chromists	2.44
Animalia;Arthropoda;Hexanauplia;Calanoida;Clausocalanidae	Calanoid Copepods	46.34
Fungi;Basidiomycota;Tremellomycetes;Filobasidiales;Filobasidiaceae;Filobasidium	""	1.63
Chromista;NA;Dinophyceae;Peridiniales;Amphidiniopsidaceae	Dinoflagellates	90.24
Chromista;Picozoa;Picomonadea;Picomonadida;Picomonadidae;Picomonas;Picomonas judraskeda	Chromists	71.54
Chromista;NA;Dinophyceae;Suessiales;Suessiaceae;Yihiella;Yihiella yeosuensis	Dinoflagellates	44.72
Chromista;Bacillariophyta;Mediophyceae;Triceratiales;Plagiogrammaceae	Diatoms	64.23
Plantae;Streptophyta;Magnoliopsida;Alismatales;Zosteraceae	Eel grass	39.02
Plantae;Streptophyta;Magnoliopsida;Myrtales;Myrtaceae	""	3.25
Fungi;Ascomycota;Eurotiomycetes;Eurotiales;Aspergillaceae;Penicillium;Penicillium sp.	Asco's	26.02
Plantae;Ciliophora;Oligohymenophorea;Philasterida;Uronematidae;Uronema	Ciliates	3.25
Chromista;NA;Dinophyceae;Peridiniales;Pfiesteriaceae;NA;cryptoperidiniopsoid sp. Folly C5	Dinoflagellates	51.22
Plantae;Streptophyta;Magnoliopsida;Fabales;Fabaceae;Trifolium;Trifolium pratense	""	2.44
Protozoa;Parabasalia;NA;Spirotrichonymphida;Holomastigotoididae;Holomastigotoides;Holomastigotoides sp.	""	1.63
Plantae;Streptophyta;Magnoliopsida;Asterales;Asteraceae;Tephroseris	Groundsel	17.89
Chromista;NA;Chrysophyceae;Chromulinales;Paraphysomonadaceae;Paraphysomonas;Paraphysomonas foraminifera	""	7.32
Chromista;NA;Dinophyceae;Gonyaulacales;Goniodomataceae;Gambierdiscus	Dinoflagellates	40.65
Chromista;Ciliophora;Spirotrichea;Urostylida;Holostichidae;Holosticha;Holosticha cf. heterofoissneri	""	1.63
Chromista;Bacillariophyta;Coscinodiscophyceae;Thalassiosirales;Skeletonemataceae;Skeletonema;Skeletonema pseudocostatum	Diatoms	69.11
Bacteria;Pseudomonadota;Gammaproteobacteria;Alteromonadales;Shewanellaceae;Shewanella;Shewanella gelidii	Γ-proteobacteria	8.94
Chromista;NA;Dinophyceae;Peridiniales;Protoperidiniaceae;Protoperidinium	Dinoflagellates	88.62
Protozoa;Euglenozoa;Euglenida;Euglenales;Euglenaceae;Euglenaria;Euglenaria anabaena	""	0.81
Animalia;Rotifera;Eurotatoria;Ploima;Gastropidae;Ascomorpha;Ascomorpha ecaudis	Rotifers	29.27
Chromista;NA;Chrysophyceae;Hydrurales;Hydruraceae;Hydrurus	Golden-brown algae	22.76
Chromista;Ciliophora;Litostomatea;Haptorida;Lacrymariidae;Lacrymaria;Lacrymaria sp. FG-2017a	""	3.25
Plantae;Streptophyta;Magnoliopsida;Fagales;Fagaceae;Quercus;Quercus robur	""	1.63
Chromista;Bacillariophyta;Mediophyceae;Anaulales;Anaulaceae;Eunotogramma;Eunotogramma laevis	Diatoms	82.11
Animalia;Cnidaria;Hydrozoa;Leptothecata;Mitrocomidae;Mitrocomella	""	8.94
Chromista;Bacillariophyta;Coscinodiscophyceae;Thalassiosirales;Thalassiosiraceae;Stephanocyclus;Stephanocyclus meneghinianus	""	17.89
Chromista;NA;Dinophyceae;Dinophysiales;Dinophysiaceae;Phalacroma;Phalacroma sp. FTL61	Dinoflagellates	7.32
Chromista;NA;Dinophyceae;Gymnodiniales	Dinoflagellates	21.95
Chromista;NA;Raphidophyceae;Chattonellales;Chattonellaceae	""	32.52
Eukaryota	""	100.0
Chromista;Ciliophora;Phyllopharyngea	Ciliates	72.36
Fungi;Basidiomycota;Malasseziomycetes;Malasseziales;NA;NA;Malasseziales sp.	Basidio's	52.03
Animalia;Ctenophora;Nuda;Beroida;Beroidae;Beroe;Beroe forskalii	""	2.44
Bacteria;Pseudomonadota;Alphaproteobacteria;Rhodobacterales	Α-proteobacteria	47.97
Plantae;Streptophyta;Magnoliopsida;Solanales;Solanaceae;Iochroma;Iochroma ayabacense	""	1.63
Chromista;NA;Dinophyceae;Suessiales;Symbiodiniaceae	Dinoflagellates	22.76
Bacteria;Pseudomonadota;Gammaproteobacteria;NA;NA;NA;SAR86 cluster bacterium	Γ-proteobacteria	60.16
Chromista;Ciliophora;Spirotrichea;Euplotida;Aspidiscidae;Aspidisca;Aspidisca steini	Ciliates	16.26
Protozoa;Euglenozoa;Euglenida;Petalomonadida;Scytomonadidae;Petalomonas;Petalomonas sphagnophila	Euglenoids	6.5
Chromista;Ciliophora;Oligohymenophorea;Hymenostomatida	""	60.16
Chromista;Ciliophora;Spirotrichea;Urostylida;Urostylidae;Extraholosticha;Extraholosticha sp.	""	0.81
Animalia;Arthropoda;Hexanauplia;Poecilostomatoida;Corycaeidae	Arthropod	54.47
Chromista;NA;Eustigmatophyceae;Eustigmatales;Monodopsidaceae	Chromists	36.59
Chromista;NA;Bigyra;Thraustochytrida;Thraustochytriaceae;Aplanochytrium;Aplanochytrium sp. S1a	Chromists	69.92
Animalia;Arthropoda;Thecostraca;Pollicipedomorpha;Pollicipedidae;Pollicipes;Pollicipes polymerus	Leaf barnacle	13.01
Bacteria;Planctomycetota;Planctomycetia;Planctomycetales;NA;NA;unidentified planctomycete	""	22.76
Animalia;Arthropoda;Hexanauplia;Calanoida;Centropagidae;Sinocalanus	Calanoid Copepods	30.89
Chromista;NA;Cryptophyceae;Cryptomonadales;Hemiselmidaceae;Hemiselmis;Hemiselmis cryptochromatica	Cryptomonads	32.52
Chromista;NA;Dinophyceae;Syndiniales;Amoebophryaceae;Amoebophrya;Amoebophrya sp.	Dinoflagellates	84.55
Animalia;Arthropoda;Hexanauplia;Calanoida;Centropagidae;Centropages;Centropages orsinii	Calanoid Copepods	1.63
Chromista;Oomycota	Water molds	65.04
Chromista;Bacillariophyta;Coscinodiscophyceae;Thalassiosirales;Thalassiosiraceae;Conticribra;Conticribra guillardii	Diatoms	14.63
Chromista;NA;Raphidophyceae;Chattonellales;Chattonellaceae;Heterosigma;Heterosigma akashiwo	Brown algae	59.35
Chromista;NA;Bigyra;Oblongichytrida;NA;Oblongichytrium;Oblongichytrium sp. SEK 347	Oblongichytrium sp. SEK 347	8.94
Animalia;Chordata	""	85.37
Bacteria;Verrucomicrobia	Bacteria	18.7
Chromista;NA;Cryptophyceae;Pyrenomonadales;Geminigeraceae;Geminigera;Geminigera cryophila	Cryptomonads	54.47
Chromista;Cercozoa	Chromists	72.36
Chromista;Cercozoa;Thecofilosea;Cryomonadida;Rhogostomidae;Rhogostoma;Rhogostoma schuessleri	Chromists	27.64
Chromista;Oomycota;NA;Pythiales;Pythiaceae;Pythium;Pythium terrestris	Water molds	15.45
Plantae;Chlorophyta;Mamiellophyceae;Mamiellales;Bathycoccaceae	""	6.5
Chromista;Ciliophora;Spirotrichea;Sporadotrichida;Oxytrichidae;Laurentiella;Laurentiella strenua	Ciliates	2.44
Plantae;Rhodophyta;Florideophyceae	Red algae	66.67
Chromista;Ciliophora;Phyllopharyngea;Chlamydodontida;Chlamydodontidae;Chlamydodon;Chlamydodon obliquus	Ciliates	28.46
Chromista;NA;Dinophyceae;Syndiniales;Amoebophryaceae;Amoebophrya	Dinoflagellates	92.68
Chromista;NA;Dinophyceae;NA;NA;NA;Dinophyceae sp.	Dinoflagellates	60.98
Fungi;Ascomycota;Dothideomycetes;Pleosporales	""	26.83
Chromista;Bacillariophyta;Coscinodiscophyceae;Thalassiosirales;Thalassiosiraceae;Thalassiosira;Thalassiosira profunda	""	11.38
Chromista;Bacillariophyta;Coscinodiscophyceae;Chaetocerotales;Chaetocerotaceae;Chaetoceros	Diatoms	74.8
Chromista;Ciliophora;Phyllopharyngea;Chlamydodontida;Lynchellidae	""	13.82
Chromista;Bacillariophyta;Coscinodiscophyceae;Paraliales;Paraliaceae;Paralia;Paralia sol	Diatoms	47.15
Chromista;NA;Dinophyceae;Gonyaulacales;Pyrocystaceae;Alexandrium	Dinoflagellates	78.86
Chromista;Ciliophora;Oligohymenophorea;Sessilida;Vorticellidae;Vorticella;Vorticella campanula	""	0.81
Animalia;Cnidaria;Hydrozoa;Trachymedusae;Rhopalonematidae	Hydralike animals	9.76
Animalia;Annelida;Polychaeta;Terebellida;Ampharetidae	Paddle-footed annelids	13.82
Chromista;Bacillariophyta;Coscinodiscophyceae;Thalassiosirales;Thalassiosiraceae;Thalassiosira;Thalassiosira delicatula	Diatoms	47.15
Fungi;Basidiomycota;Tremellomycetes;Trichosporonales;Trichosporonaceae;Vanrija	""	6.5
Fungi;Basidiomycota;Tremellomycetes;Tremellales;Bulleribasidiaceae	""	4.07
Chromista;Ciliophora;Spirotrichea;Stichotrichida;Epiclintidae;Epiclintes;Epiclintes auricularis	Ciliates	13.82
Chromista;Ciliophora;Litostomatea;Cyclotrichida;Mesodiniidae;Mesodinium;Mesodinium sp.	Ciliates	35.77
Fungi;Basidiomycota;Microbotryomycetes;Leucosporidiales;Leucosporidiaceae;Leucosporidium;Leucosporidium sp.	""	4.88
Plantae;Chlorophyta;Mamiellophyceae;Mamiellales;Bathycoccaceae;Bathycoccus;Bathycoccus prasinos	Green algae	42.28
Chromista;Haptophyta;NA;Prymnesiales;Chrysochromulinaceae;Chrysochromulina	Haptophytes	42.28
Chromista;NA;Dinophyceae;Peridiniales;Protoperidiniaceae;Protoperidinium;Protoperidinium claudicans	Dinoflagellates	17.89
Animalia;Mollusca;Bivalvia;Cardiida;Psammobiidae;Hiatula;Hiatula diphos	Diphos sanguin	27.64
Chromista;NA;Dinophyceae;Peridiniales;Pfiesteriaceae;Pfiesteria;Pfiesteria piscicida	Phantom Dinoflagellate	30.08
Plantae;Chlorophyta;Mamiellophyceae;Dolichomastigales;Crustomastigaceae;Crustomastix;Crustomastix stigmatica	Green algae	85.37
Chromista;NA;Phaeophyceae	Brown algae	73.17
Chromista;Bacillariophyta;Coscinodiscophyceae;Thalassiosirales;Skeletonemataceae;Skeletonema	Diatoms	68.29
Plantae;Streptophyta;Magnoliopsida	Dicots	100.0
Protozoa;Euglenozoa;Kinetoplastea	""	42.28
Bacteria;Pseudomonadota;Gammaproteobacteria;Chromatiales;Wenzhouxiangellaceae;Wenzhouxiangella;Wenzhouxiangella sp.	""	2.44
Chromista;Apicomplexa;Conoidasida;Eucoccidiorida;Sarcocystidae;Sarcocystis;Sarcocystis sp.	Chromists	37.4
Bacteria;Pseudomonadota;Alphaproteobacteria;Rhodobacterales;Paracoccaceae;Amylibacter;Amylibacter ulvae	""	6.5
Chromista;Ciliophora;Spirotrichea;Euplotida;Uronychiidae	Ciliates	65.04
Chromista;NA;Synurophyceae;Synurales;Mallomonadaceae;Synura	""	30.89
Chromista;NA;Dinophyceae;Gonyaulacales;Protoceratiaceae;Protoceratium;Protoceratium reticulatum	Dinoflagellates	16.26
Animalia;Arthropoda;Thecostraca	Arthropod	39.02
Chromista;Bacillariophyta;Coscinodiscophyceae;Thalassiosirales;Thalassiosiraceae;Minidiscus	Diatoms	86.99
Chromista;Bacillariophyta;Coscinodiscophyceae;Rhizosoleniales;Rhizosoleniaceae	Diatoms	9.76
Animalia;Annelida;Polychaeta;Phyllodocida;Hesionidae	Scale Worm	17.07
Animalia;Bryozoa;Gymnolaemata;Ctenostomatida;Alcyonidiidae;Alcyonidium;Alcyonidium gelatinosum	Gelatinous bryozoan	69.92
Chromista;NA;Dinophyceae;Gymnodiniales;Kareniaceae;Karenia	Dinoflagellates	60.98
Fungi;Basidiomycota;Tremellomycetes;Tremellales;Cuniculitremaceae;Kockovaella;Kockovaella thailandica	Jelly Fungi	13.01
Plantae;Chlorophyta;Chlorophyceae;Protosiphonales;Protosiphonaceae;Spongiosarcinopsis;Spongiosarcinopsis terrestris	""	0.81
Chromista;NA;Dinophyceae;Prorocentrales;Prorocentraceae;Prorocentrum;Prorocentrum gracile	Dinoflagellates	28.46
Chromista;Ciliophora;Heterotrichea;Heterotrichida	Ciliates	69.11
Chromista;NA;Dinophyceae;Syndiniales;Amoebophryaceae;Amoebophrya;Amoebophrya sp. ex Prorocentrum minimum	Dinoflagellates	18.7
Animalia;Arthropoda;Hexanauplia;Cyclopoida;Oithonidae;Oithona;Oithona similis	Cyclopoid Copepods	59.35
Plantae;Chlorophyta	""	63.41
Plantae;Streptophyta;Magnoliopsida;Boraginales;Boraginaceae;Antiphytum;Antiphytum hintoniorum	Saucerflower	13.01
Bacteria;Planctomycetota;Planctomycetia;Planctomycetales;Planctomycetaceae;Polystyrenella;Polystyrenella longa	Bacteria	8.94
Chromista;NA;Dinophyceae;Peridiniales;Diplopsaliaceae;Gotoius;Gotoius excentricus	Dinoflagellates	14.63
Plantae;Chlorophyta;Ulvophyceae;Ulotrichales;Planophilaceae;Planophila;Planophila laetevirens	""	1.63
Chromista;Ciliophora;Spirotrichea;Urostylida	Ciliates	29.27
Animalia;Tardigrada	""	0.81
Animalia;Echinodermata	Echinoderms	6.5
Chromista;Ciliophora;Spirotrichea;Tintinnida;Tintinnidae	Tintinnids	12.2
Protozoa;NA;NA;Rotosphaerida;Nucleariidae;Nuclearia	Protozoans	46.34
Chromista;NA;Phaeophyceae;Laminariales	Brown algae	66.67
Chromista;Ciliophora	Ciliates	97.56
Chromista;Endomyxa;Phytomyxea;Plasmodiophorida;Plasmodiophoridae;Woronina;Woronina pythii	""	4.88
Fungi;Basidiomycota;Cystobasidiomycetes	""	1.63
Plantae;Chlorophyta;Chlorodendrophyceae;Chlorodendrales;Chlorodendraceae;Tetraselmis;Tetraselmis cordiformis	Green algae	68.29
Chromista;NA;Dinophyceae;Amphidiniales;Amphidiniaceae;Amphidinium;Amphidinium asymmetricum	""	8.13
Chromista;NA;Dinophyceae;Gymnodiniales;Kareniaceae;Takayama;Takayama cf. pulchellum	Dinoflagellates	60.16
Chromista;Ciliophora;Spirotrichea;Choreotrichida;Strobilidiidae	Ciliates	64.23
Chromista;Ciliophora;Nassophorea;Synhymeniida;Orthodonellidae	Ciliates	49.59
Animalia;Cnidaria;Staurozoa;Stauromedusae	Stalked jellyfish	20.33
Animalia;Chordata;Ascidiacea;Stolidobranchia;Styelidae;Styela;Styela clava	Asian tunicate	1.63
Fungi;Chytridiomycota;Chytridiomycetes;Rhizophydiales	""	19.51
Chromista;NA;Dinophyceae;Peridiniales;Diplopsaliaceae	Dinoflagellates	18.7
Chromista;NA;Bigyra;Thraustochytrida;Thraustochytriaceae;Aplanochytrium	Chromists	32.52
Plantae;Rhodophyta;Florideophyceae;Halymeniales;Halymeniaceae	Red algae	12.2
Protozoa;Euglenozoa;Euglenida;Petalomonadida;Scytomonadidae;Petalomonas	Euglenoids	21.14
Animalia;Arthropoda;Hexanauplia;Poecilostomatoida	Arthropod	19.51
Archaea;Candidatus Thermoplasmatota;Candidatus Poseidoniia;Candidatus Poseidoniales;Candidatus Thalassarchaeaceae;Candidatus Thalassarchaeum;Candidatus Thalassoarchaea mediterranii	Archaea	87.8
Chromista;Apicomplexa;Conoidasida;Eugregarinorida;Lecudinidae;Paralecudina;Paralecudina anankea	Chromists	11.38
Plantae;Streptophyta;Magnoliopsida;Asterales;Asteraceae	""	67.48
Chromista;Ciliophora;Oligohymenophorea;Philasterida;Cinetochilidae;Sathrophilus	Ciliates	65.04
Animalia;Arthropoda;Ostracoda;Podocopida;Cyprididae	""	4.88
Chromista;NA;Dinophyceae;Gymnodiniales;Gymnodiniaceae;Gyrodinium;Gyrodinium rubrum	Dinoflagellates	46.34
Chromista;NA;Chrysophyceae;NA;NA;NA;Chrysophyceae sp. I8	Golden-brown algae	43.09
Animalia;Cnidaria;Anthozoa;Ceriantharia;Cerianthidae;Pachycerianthus;Pachycerianthus fimbriatus	Anthozoans	0.81
Chromista;Oomycota;NA;Pythiales;Pythiaceae;Pythium;Pythium dissotocum	""	5.69
Protozoa;Discosea;Flabellinia	""	1.63
Chromista;NA;Polycystinea;Nassellaria;Plagiacanthidae;Lithomelissa;Lithomelissa setosa	Chromists	34.96
Chromista;NA;Dinophyceae;Peridiniales;Pfiesteriaceae;Chimonodinium;Chimonodinium lomnickii	Dinoflagellates	11.38
Chromista;Bacillariophyta;Coscinodiscophyceae	Diatoms	90.24
Chromista;Endomyxa;NA;Vampyrellida;Leptophryidae;Arachnula;Arachnula impatiens	""	15.45
Chromista;Ciliophora;Oligohymenophorea;Thigmotrichida	Ciliates	77.24
Chromista;Bacillariophyta;Coscinodiscophyceae;Thalassiosirales;Thalassiosiraceae;Thalassiosira;Thalassiosira punctigera	Diatom	32.52
Animalia;Arthropoda	Arthropod	55.28
Chromista;Bacillariophyta;Coscinodiscophyceae;Thalassiosirales;Lauderiaceae;Lauderia	Diatoms	19.51
Animalia;Mollusca;Bivalvia;Adapedonta;Hiatellidae;Panopea;Panopea generosa	Pacific geoduck	11.38
Chromista;NA;Dinophyceae;Gonyaulacales	Dinoflagellates	50.41
Plantae;Streptophyta;Magnoliopsida;Solanales;Convolvulaceae	""	0.81
Animalia;Arthropoda;Insecta;Diptera	""	5.69
Chromista;Ciliophora;Spirotrichea;Sporadotrichida;Oxytrichidae;Oxytricha;Oxytricha sp.	Ciliates	4.07
Fungi;Mucoromycota;Glomeromycetes;Glomerales;Glomeraceae;Glomus;Glomus sp. 7 SUN-2011	Fungi	8.94
Chromista;NA;Dinophyceae;Syndiniales;Eudubosquellidae;Euduboscquella;Euduboscquella cachoni	Dinoflagellates	47.97
Protozoa;NA;Ichthyosporea;Ichthyophonida;Ichthyophonidae;Ichthyophonus	Protozoans	7.32
Chromista;NA;Synurophyceae;Synurales;Mallomonadaceae;Synura;Synura sp.	""	6.5
Plantae;Streptophyta	""	71.54
Chromista;NA;Dinophyceae;Phytodiniales;Phytodiniaceae	Dinoflagellates	55.28
Chromista;NA;Cryptophyceae	Chromists	80.49
Plantae;Streptophyta;Magnoliopsida;Asterales;Asteraceae;Coreopsis;Coreopsis sp. 1154	""	2.44
Chromista;NA;Dinophyceae;Peridiniales;Protoperidiniaceae;Protoperidinium;Protoperidinium thulesense	Dinoflagellates	76.42
Fungi;Basidiomycota;Agaricomycetes;Corticiales;Corticiaceae;NA;cf. Phlebia sp. CBS 118.16	""	9.76
Chromista;Bacillariophyta;Mediophyceae;Hemiaulales;Hemiaulaceae;Eucampia	Diatoms	66.67
Chromista;Ciliophora;Oligohymenophorea;Philasterida;Uronematidae;Uronemella;Uronemella parafilificum	Ciliates	37.4
Chromista;Ciliophora;Spirotrichea;Tintinnida;Tintinnidae;Eutintinnus;Eutintinnus cf. apertus	Tintinnids	25.2
Fungi;Ascomycota;Saccharomycetes;Saccharomycetales;Metschnikowiaceae;Metschnikowia;Metschnikowia sp. JJW-2009a	Budding Yeasts	26.83
Animalia;Rotifera;Eurotatoria;Ploima;Trichocercidae;Trichocerca;Trichocerca mucosa	Rotifers	41.46
Plantae;Chlorophyta;Ulvophyceae;Cladophorales;Cladophoraceae;Cladophora	""	3.25
Chromista;Bacillariophyta;Bacillariophyceae;Thalassiophysales;Catenulaceae;Amphora;Amphora cf. proteus	Diatoms	34.15
Chromista;NA;Dinophyceae;Gymnodiniales;Kareniaceae;Karlodinium;Karlodinium veneficum	Dinoflagellates	78.86
Chromista;NA;Cryptophyceae;Cryptomonadales	Chromists	2.44
Chromista;Cercozoa;Imbricatea;Thaumatomonadida;Thaumatomastigidae;Protaspis;Protaspis sp. CC-2009a	Chromists	63.41
Bacteria;Pseudomonadota;Deltaproteobacteria;Myxococcales;Polyangiaceae;Sorangium;Sorangium cellulosum	""	1.63
Plantae;Streptophyta;Magnoliopsida;Asterales;Asteraceae;Tephroseris;Tephroseris crispa	Groundsel	65.04
Chromista;NA;Dinophyceae;Syndiniales;Syndiniaceae;Hematodinium;Hematodinium sp. ex Chionoecetes opilio	Dinoflagellates	0.81
Chromista;NA;Dinophyceae;Gonyaulacales;Pyrocystaceae;Alexandrium;Alexandrium taylorii	Dinoflagellates	4.07
Plantae;Chlorophyta;NA;NA;Pycnococcaceae;Pycnococcus;Pycnococcus provasolii	Green algae	56.91
Plantae;Chlorophyta;Mamiellophyceae;Dolichomastigales;Crustomastigaceae;Crustomastix	Green algae	75.61
Bacteria;Cyanobacteria;NA;Pseudanabaenales;Leptolyngbyaceae;Leptolyngbya;Leptolyngbya sp. 7M	""	1.63
Chromista;Ciliophora;Spirotrichea;NA;Tontoniidae;Pseudotontonia;Pseudotontonia sp. JG-2011a	Ciliates	38.21
Bacteria;Pseudomonadota;Gammaproteobacteria	""	59.35
Chromista;Bacillariophyta;Bacillariophyceae;Mastogloiales;Achnanthaceae;Achnanthes	Diatoms	10.57
Fungi;Basidiomycota;Tremellomycetes;Filobasidiales	""	14.63
Fungi;Chytridiomycota;Chytridiomycetes	""	69.92
Chromista;Ciliophora;Oligohymenophorea;Pleuronematida;Cyclidiidae;Cyclidium;Cyclidium glaucoma	""	0.81
Protozoa;NA;Ichthyosporea;NA;NA;Pirum;Pirum gemmata	Protozoans	27.64
Chromista;NA;Dinophyceae;Suessiales;Suessiaceae;Protodinium;Protodinium simplex	Dinoflagellates	52.85
Plantae;Streptophyta;Magnoliopsida;Caryophyllales;Cactaceae;Opuntia	""	0.81
Chromista;NA;Dinophyceae;Syndiniales;Duboscquellidae;Duboscquella;Duboscquella sp. Hamana/2003	Dinoflagellates	42.28
Bacteria;Planctomycetota;Phycisphaerae;Phycisphaerales	Bacteria	11.38
Animalia;Mollusca;Bivalvia;Mytilida;Mytilidae;Modiolus;Modiolus americanus	American horsemussel	40.65
Plantae;Chlorophyta;Pyramimonadophyceae;Pyramimonadales;Pyramimonadaceae;Cymbomonas;Cymbomonas tetramitiformis	Green algae	36.59
Chromista;Bacillariophyta;Coscinodiscophyceae;Chaetocerotales;Chaetocerotaceae;Chaetoceros;Chaetoceros socialis	Diatoms	64.23
Chromista;NA;Dinophyceae;Peridiniales;Peridiniaceae;Scrippsiella;Scrippsiella donghaiensis	Dinoflagellates	91.06
Plantae;Rhodophyta;Compsopogonophyceae;Erythropeltidales	Red algae	11.38
Bacteria;Pseudomonadota;Gammaproteobacteria;Alteromonadales;NA;Neiella;Neiella sp.	Γ-proteobacteria	6.5
Fungi;Ascomycota;Eurotiomycetes;Eurotiales;Aspergillaceae	""	17.07
Chromista;NA;Synurophyceae;Ochromonadales;NA;Acrispumella;Acrispumella msimbaziensis	""	33.33
Chromista;NA;Cryptophyceae;Pyrenomonadales;Geminigeraceae	Chromists	38.21
Bacteria;Planctomycetota;Planctomycetia;Pirellulales;Pirellulaceae;Mariniblastus;Mariniblastus fucicola	""	32.52
Bacteria;Pseudomonadota;Gammaproteobacteria;Enterobacterales;Pectobacteriaceae;Brenneria	""	0.81
Chromista;Ciliophora;Oligohymenophorea;Sessilida;Vorticellidae	""	27.64
Chromista;Ciliophora;Spirotrichea;Choreotrichida;Strobilidiidae;Strobilidium;Strobilidium caudatum	""	17.07
Chromista;Bacillariophyta;Coscinodiscophyceae;Chaetocerotales;Chaetocerotaceae;Chaetoceros;Chaetoceros debilis	Diatoms	63.41
Chromista;Ciliophora;Spirotrichea;Sporadotrichida;Gonostomatidae;Gonostomum;Gonostomum affine	Ciliates	67.48
Animalia;Arthropoda;Hexanauplia;Calanoida;Pseudocyclopidae;Pseudocyclops;Pseudocyclops sp. Japan-RJH-2004	""	4.07
Plantae;Streptophyta;Magnoliopsida;Sapindales;Sapindaceae;Acer;Acer buergerianum	Taiwan Trident Maple	30.89
Chromista;Haptophyta;NA;Prymnesiales;Prymnesiaceae;Prymnesium;Prymnesium sp.	""	0.81
Fungi;Ascomycota;Eurotiomycetes;Eurotiales;Aspergillaceae;Penicillium	Blue Mould Rot	55.28
Chromista;NA;Dinophyceae;Gonyaulacales;Gonyaulacaceae;Amylax;Amylax triacantha	Dinoflagellates	13.01
Chromista;NA;Cryptophyceae;NA;NA;NA;Cryptophyta sp. CR-MAL04	Cryptomonads	30.89
Chromista;NA;Cryptophyceae;Kathablepharidacea;Katablepharidaceae;Leucocryptos;Leucocryptos marina	Cryptomonads	44.72
Chromista;Bacillariophyta;Bacillariophyceae;Bacillariales;Bacillariaceae;Cylindrotheca;Cylindrotheca closterium	""	3.25
Chromista;NA;Dinophyceae;Syndiniales;Syndiniaceae;Hematodinium;Hematodinium sp. ex Crangon crangon	Dinoflagellates	24.39
Chromista;NA;Xanthophyceae;NA;NA;NA;Xanthophyceae sp. Tow 6/3 P-16w	""	3.25
Plantae;Streptophyta;Magnoliopsida;Fabales;Fabaceae;Medicago;Medicago arabica	Burclover	49.59
Bacteria;Verrucomicrobia;Opitutae;Opitutales;Opitutaceae	Bacteria	4.07
Chromista;NA;Dinophyceae;Blastodiniales;NA;Blastodinium	Dinoflagellates	87.8
Bacteria;Pseudomonadota;Betaproteobacteria;Nitrosomonadales;Sulfuricellaceae;Sulfuriferula;Sulfuriferula nivalis	""	1.63
Chromista;NA;Bigyra;Bicosoecida;Cafeteriaceae;Cafeteria;Cafeteria minima	Chromists	60.98
Chromista;Ciliophora;Oligohymenophorea;Philasterida;Philasteridae;Philaster;Philaster apodigitiformis	Ciliates	57.72
Chromista;NA;Cryptophyceae;Cryptomonadales;Cryptomonadaceae;Cryptomonas	""	78.86
Chromista;NA;Dinophyceae;Gonyaulacales;Pyrocystaceae;Alexandrium;Alexandrium pohangense	Dinoflagellates	46.34
Plantae;Rhodophyta;Florideophyceae;Gracilariales;Gracilariaceae	Red algae	18.7
Chromista;NA;Dinophyceae;Gymnodiniales;Gymnodiniaceae;Gymnodinium;Gymnodinium sp. GD1590bp57	Dinoflagellates	18.7
Chromista;Ciliophora;Oligohymenophorea;Philasterida;Uronematidae;Homalogastra;Homalogastra setosa	Ciliates	33.33
Chromista;NA;Centroplasthelida;Pterocystida;Pterocystidae;Pterocystis;Pterocystis sp.	Sun Animalcules	12.2
Chromista;Ciliophora;Litostomatea;Cyclotrichida;Mesodiniidae;Mesodinium	Ciliates	81.3
Plantae;Chlorophyta;Ulvophyceae;Ulvales;Ulvaceae;Ulva;Ulva flexuosa	""	0.81
Bacteria;Pseudomonadota;Alphaproteobacteria;Rhodobacterales;Roseobacteraceae;Pelagimonas;Pelagimonas phthalicica	Α-proteobacteria	13.82
Animalia;Annelida;Polychaeta;Sabellida;Oweniidae;Owenia;Owenia fusiformis	Tubeworm	10.57
Plantae;Chlorophyta;Pyramimonadophyceae;Pyramimonadales;Pyramimonadaceae;Pterosperma;Pterosperma cristatum	Green algae	23.58
Chromista;Bacillariophyta;Coscinodiscophyceae;Thalassiosirales;Thalassiosiraceae;Thalassiosira;Thalassiosira oceanica	Diatoms	60.16
Animalia;Cnidaria;Hydrozoa;Leptothecata;Aequoreidae;Aequorea	Hydralike animals	3.25
Animalia;Mollusca;Bivalvia;Pectinida;Pectinidae	Scallops	43.09
Fungi;Ascomycota;Leotiomycetes;Helotiales	""	14.63
Chromista;NA;Dictyochophyceae;Pedinellales;NA;NA;Pedinellales sp. CCMP2098	Brown algae	30.89
Fungi;Mucoromycota;Glomeromycetes	""	41.46
Protozoa;Endomyxa;NA;Gromiida;Gromiidae;Gromia;Gromia oviformis	Protozoans	15.45
Chromista;Ciliophora;Oligohymenophorea;Peniculida;Parameciidae;Paramecium;Paramecium caudatum	""	4.88
Protozoa;NA;Ichthyosporea;Dermocystida	Protozoans	5.69
Bacteria;Pseudomonadota;Alphaproteobacteria;Rhodospirillales;Rhodospirillaceae;Candidatus Endolissoclinum;Candidatus Endolissoclinum faulkneri	""	0.81
Plantae;Streptophyta;Magnoliopsida;Solanales;Solanaceae;Lycium;Lycium sp. YX-2018	""	12.2
Animalia;Arthropoda;Hexanauplia;Cyclopoida;Oithonidae;Oithona	Cyclopoid Copepods	36.59
Chromista;NA;Dinophyceae;Peridiniales;Heterocapsaceae;Heterocapsa;Heterocapsa rotundata	Dinoflagellates	72.36
Animalia;Cnidaria;Anthozoa;Pennatulacea;Pennatulidae;Pennatula;Pennatula aculeata	Thorny sea pen	5.69
Chromista;Ciliophora;Spirotrichea;NA;Strombidiidae;Strombidium;Strombidium sp. SBB99-1	Ciliates	27.64
Chromista;Apicomplexa;Conoidasida;Eugregarinorida;Uradiophoridae;Heliospora;Heliospora caprellae	Chromists	13.82
Bacteria;Pseudomonadota;Deltaproteobacteria;Desulfovibrionales;Desulfovibrionaceae;Desulfovibrio;Desulfovibrio biadhensis	Bacteria	36.59
Chromista;Ciliophora;Litostomatea;Haptorida;Spathidiidae;Balantidion;Balantidion foissneri	""	2.44
Protozoa;NA;Choanoflagellata;Acanthoecida;Stephanoecidae;Calliacantha	Protozoans	49.59
Chromista;Bacillariophyta;Bacillariophyceae;Naviculales;Naviculaceae;Navicula;Navicula gregaria	Diatoms	60.16
Fungi;Basidiomycota;Agaricomycetes;Polyporales;Polyporaceae	""	14.63
Chromista;Apicomplexa;Conoidasida;Eugregarinorida;Porosporidae;Thiriotia;Thiriotia pugettiae	Chromists	65.04
Protozoa;NA;Choanoflagellata;Craspedida;Salpingoecidae;Bicosta;Bicosta minor	Protozoans	49.59
Chromista;NA;Dinophyceae;Gonyaulacales;Goniodomataceae;Psammodinium;Psammodinium inclinatum	Dinoflagellates	6.5
Chromista;Ciliophora;Spirotrichea;Sporadotrichida;Oxytrichidae;Rubrioxytricha	Ciliates	0.81
Bacteria;Pseudomonadota;Gammaproteobacteria;Pseudomonadales;Pseudomonadaceae;Pseudomonas;Arctic sea ice associated bacterium ARK10142	Γ-proteobacteria	13.82
Bacteria	""	76.42
Chromista;Apicomplexa;Conoidasida;Archigregarinorida;Selenidiidae	Chromists	37.4
Bacteria;Pseudomonadota;Alphaproteobacteria;Caulobacterales;Caulobacteraceae;Brevundimonas;Brevundimonas naejangsanensis	Α-proteobacteria	19.51
Chromista;Ciliophora;Oligohymenophorea;Peniculida;Parameciidae;Paramecium	""	44.72
Chromista;NA;Dinophyceae;Syndiniales;Syndiniaceae;Hematodinium;Hematodinium sp. ex Carcinus maenas	Dinoflagellates	49.59
Plantae;Chlorophyta;NA;NA;Pycnococcaceae;Pycnococcus;Pycnococcus sp. MBIC10637	Green algae	22.76
Protozoa;NA;Ichthyosporea;Ichthyophonida;NA;Sphaeroforma;Sphaeroforma tapetis	Protozoans	30.89
Chromista;NA;Dinophyceae;NA;NA;Madanidinium;Madanidinium loirii	Dinoflagellates	40.65
Chromista;Haptophyta;NA;Phaeocystales;Phaeocystaceae;Phaeocystis	Haptophytes	64.23
Bacteria;Pseudomonadota;Gammaproteobacteria;Cellvibrionales;Cellvibrionaceae	Γ-proteobacteria	22.76
Bacteria;Pseudomonadota;Alphaproteobacteria;Sphingomonadales;Erythrobacteraceae;NA;Erythrobacteraceae bacterium	""	2.44
Bacteria;Pseudomonadota;Alphaproteobacteria;Pelagibacterales;Pelagibacteraceae;Candidatus Pelagibacter	Α-proteobacteria	21.14
Chromista;Bacillariophyta;Coscinodiscophyceae;Stephanodiscales;Stephanodiscaceae;Cyclotella;Cyclotella bodanica	Diatoms	20.33
Plantae;Chlorophyta;Mamiellophyceae;Mamiellales;Mamiellaceae;Micromonas;Micromonas pusilla	Green algae	53.66
Chromista;NA;Phaeophyceae;Ectocarpales;Chordariaceae;Halothrix;Halothrix ambigua	Brown algae	9.76
Animalia;Chordata;Mammalia;Artiodactyla;Suidae;Sus;Sus scrofa	""	5.69
Chromista;NA;Dinophyceae;Peridiniales;Kryptoperidiniaceae	Dinoflagellates	26.83
Chromista;NA;Dinophyceae;Prorocentrales;Prorocentraceae;Prorocentrum;Prorocentrum cf. balticum	Dinoflagellates	37.4
Chromista;Ciliophora;Litostomatea;Haptorida	""	20.33
Chromista;NA;Dinophyceae;Dinophysiales;Dinophysiaceae;Dinophysis;Dinophysis acuminata	Dinoflagellates	43.9
Chromista;NA;Dinophyceae;Gonyaulacales;Pyrocystaceae;Alexandrium;Alexandrium fundyense	Dinoflagellates	53.66
Protozoa;Euglenozoa;NA;Diplonemea	Euglenoids	9.76
Chromista;Apicomplexa;Conoidasida;Eugregarinorida;Cephaloidophoridae;Cephaloidophora;Cephaloidophora cf. communis	Chromists	75.61
Chromista;NA;Dinophyceae;Peridiniales;Peridiniaceae;Scrippsiella;Scrippsiella hangoei	Dinoflagellates	82.11
Animalia;Chaetognatha;Sagittoidea;Aphragmophora;Sagittidae;Sagitta;Sagitta sp. DP-2006	Arrow worms	4.07
Chromista;Apicomplexa;Marosporida	Chromists	4.07
Animalia;Arthropoda;Hexanauplia;Calanoida;Paracalanidae;Paracalanus	Calanoid Copepods	78.05
Chromista;Apicomplexa;Conoidasida;Archigregarinorida;Selenidiidae;Filipodium;Filipodium phascolosomae	Chromists	25.2
Chromista;NA;Dinophyceae;Suessiales;Suessiaceae;Pelagodinium;Pelagodinium sp. RCC6123	""	12.2
Animalia;Arthropoda;Insecta;Orthoptera	""	3.25
Chromista;Ciliophora;Prostomatea;Prorodontida;Holophryidae;Holophrya;Holophrya teres	Ciliates	19.51
Chromista;NA;Chrysophyceae;Chromulinales;Chromulinaceae;Ochromonas;Ochromonas sp. TCS-2004	Golden-brown algae	18.7
Fungi;Basidiomycota;Agaricomycetes;Corticiales;Corticiaceae;Sistotrema;Sistotrema brinkmannii	""	13.82
Fungi;Mucoromycota;Glomeromycetes;Glomerales	""	1.63
Plantae;Streptophyta;Magnoliopsida;Ericales;Sapotaceae;Planchonella;Planchonella lauracea	Sapodillas	10.57
Animalia;Arthropoda;Insecta;Neuroptera;Chrysopidae	""	0.81
Chromista;NA;Dinophyceae;Peridiniales;Heterocapsaceae;Heterocapsa;Heterocapsa sp. JD-2012	Dinoflagellates	17.89
Plantae;Rhodophyta;Florideophyceae;Ceramiales;Delesseriaceae;Phycodrys;Phycodrys rubens	Sea Oak	5.69
Animalia;Rotifera;Eurotatoria;Ploima;Trichocercidae;Trichocerca;Trichocerca elongata	Rotifers	30.08
Chromista;NA;Dinophyceae;Gymnodiniales;Gymnodiniaceae;Gyrodiniellum;Gyrodiniellum shiwhaense	Dinoflagellates	76.42
Plantae;Streptophyta;Magnoliopsida;Alismatales;Zosteraceae;Zostera	Seagrass	44.72
Fungi;Ascomycota	""	60.98
Fungi;Ascomycota;Leotiomycetes	""	25.2
Protozoa;Euglenozoa;Euglenida	""	21.95
Animalia;Orthonectida;NA;NA;Rhopaluridae;Rhopalura;Rhopalura ophiocomae	Orthonectids	32.52
Chromista;NA;Dinophyceae;Noctilucales;Noctilucaceae;Noctiluca;Noctiluca sp.	Dinoflagellates	33.33
Fungi;Chytridiomycota;Chytridiomycetes;Chytridiales	""	8.13
Chromista;Haptophyta;NA;Prymnesiales;Prymnesiaceae;Prymnesium;Prymnesium polylepis	""	1.63
Protozoa;NA;Bigyra;Nanomonadea;NA;Incisomonas;Incisomonas marina	Incisomonas marina	28.46
Fungi;Ascomycota;Dothideomycetes;Dothideales;Saccotheciaceae;Aureobasidium;Aureobasidium sp. AmEc2	""	0.81
Plantae;Chlorophyta;NA;NA;Pycnococcaceae	Green algae	76.42
Plantae;Rhodophyta;Florideophyceae;Gigartinales	Red algae	13.82
Chromista;Bacillariophyta;Coscinodiscophyceae;Chaetocerotales;Chaetocerotaceae;Chaetoceros;Chaetoceros gelidus	Diatoms	74.8
Chromista;NA;Chrysophyceae;NA;NA;Segregatospumella;Segregatospumella sp.	Golden-brown algae	17.07
Chromista;Ciliophora;Oligohymenophorea;Sessilida;Vorticellidae;Carchesium;Carchesium polypinum	""	31.71
Chromista;Ciliophora;Spirotrichea;Choreotrichida;Strobilidiidae;Strobilidium;Strobilidium sp.	Ciliates	10.57
Chromista;Ciliophora;Spirotrichea;Euplotida;Uronychiidae;Diophrys;Diophrys parappendiculata	Ciliates	78.05
Chromista;NA;Chrysophyceae;Hibberdiales;Hibberdiaceae;Hibberdia;Hibberdia magna	Golden-brown algae	39.84
Chromista;Ciliophora;Nassophorea;Nassulida;Furgasoniidae;Furgasonia;Furgasonia blochmanni	Ciliates	26.83
Bacteria;Pseudomonadota;Gammaproteobacteria;Cellvibrionales;Spongiibacteraceae;Dasania;Dasania sp.	""	1.63
Chromista;NA;Dinophyceae;Prorocentrales;Prorocentraceae;Prorocentrum;Prorocentrum minimum	Dinoflagellates	69.92
Animalia;Arthropoda;Insecta;Orthoptera;Acrididae;Podisma;Podisma pedestris	""	3.25
Chromista;Ciliophora;Spirotrichea;Tintinnida;Tintinnidae;Salpingella;Salpingella sp.	Tintinnids	41.46
Fungi;Ascomycota;Saccharomycetes;Saccharomycetales;Phaffomycetaceae;Starmera	""	13.82
Chromista;NA;Cryptophyceae;Cryptomonadales;Cryptomonadaceae;Plagioselmis	Chromists	60.16
Chromista;NA;Dinophyceae;Suessiales;Suessiaceae;Pelagodinium;Pelagodinium sp. JD-2012	Dinoflagellates	27.64
Plantae;Rhodophyta;Florideophyceae;Ceramiales;Ceramiaceae;Ceramium;Ceramium affine	Red algae	8.13
Chromista;NA;Dinophyceae;Blastodiniales;NA;Blastodinium;Blastodinium navicula	Dinoflagellates	34.15
Chromista;NA;Dinophyceae;Gymnodiniales;Gymnodiniaceae;Gymnodinium;Gymnodinium dorsalisulcum	Dinoflagellates	9.76
Chromista;Cercozoa;Thecofilosea	Chromists	39.02
Fungi;Basidiomycota;Ustilaginomycetes;Ustilaginales;Ustilaginaceae	""	1.63
Fungi;Ascomycota;Saccharomycetes;Saccharomycetales;Metschnikowiaceae;Candida/Metschnikowiaceae;[Candida] akabanensis	""	0.81
Chromista;NA;Dinophyceae;Syndiniales;Syndiniaceae;Hematodinium	Dinoflagellates	34.96
Chromista;Ciliophora;Oligohymenophorea;Philasterida;Cinetochilidae;Sathrophilus;Sathrophilus holtae	Ciliates	82.93
Chromista;NA;Chrysophyceae;NA;NA;NA;Chrysophyceae sp.	""	46.34
Protozoa;NA;Breviatea;NA;NA;Subulatomonas;Subulatomonas tetraspora	Protozoans	9.76
Plantae;Streptophyta;Lycopodiopsida;Selaginellales;Selaginellaceae;Selaginella;Selaginella vogelii	""	0.81
Chromista;NA;Phaeophyceae;Ectocarpales;Chordariaceae;Laminariocolax;Laminariocolax sp.	Brown algae	17.89
Animalia;Annelida;Polychaeta;Sabellida;Sabellariidae;Idanthyrsus;Idanthyrsus australiensis	Paddle-footed annelids	42.28
Plantae;Streptophyta;Magnoliopsida;Brassicales;Brassicaceae	""	6.5
Chromista;Ciliophora;Spirotrichea;Tintinnida;Xystonellidae	""	3.25
Plantae;Streptophyta;Magnoliopsida;Alismatales	Water Plantains And Allies	13.01
Plantae;Chlorophyta;Chlorophyceae;Sphaeropleales;Selenastraceae	""	13.01
Archaea;Candidatus Thermoplasmatota	Archaea	42.28
Chromista;NA;Dinophyceae;Peridiniales;Diplopsaliaceae;Niea;Niea acanthocysta	Dinoflagellates	17.07
Chromista;NA;Dinophyceae;Gonyaulacales;Pyrocystaceae;Alexandrium;Alexandrium andersonii	Dinoflagellates	36.59
Protozoa;Cercozoa;Thecofilosea;NA;Ebriacea;Ebria;Ebria tripartita	Protozoans	33.33
Chromista;Ciliophora;Oligohymenophorea;Philasterida	Ciliates	33.33
Protozoa;NA;Bigyra;Nanomonadea;NA;Solenicola;Solenicola setigera	Protozoans	26.02
Bacteria;Pseudomonadota;Alphaproteobacteria;Pelagibacterales;Pelagibacteraceae;NA;alpha proteobacterium HIMB59	Α-proteobacteria	12.2
Plantae;Streptophyta;Bryopsida	True Mosses	11.38
Chromista;Apicomplexa;Conoidasida;Eucoccidiorida	Chromists	25.2
Chromista;NA;Dinophyceae;Dinophysiales;Dinophysiaceae;Phalacroma;Phalacroma rotundatum	Dinoflagellates	10.57
Chromista;Bacillariophyta;Coscinodiscophyceae;Thalassiosirales;Thalassiosiraceae;Thalassiosira;Thalassiosira sp. UNC1417	Diatoms	26.02
Chromista;Bacillariophyta;Fragilariophyceae;Licmophorales;Ulnariaceae;Ulnaria;Ulnaria ulna	Diatoms	7.32
Chromista;Ciliophora;Spirotrichea;NA;Strombidiidae;Strombidium;Strombidium sp. HCB-2005	Ciliates	35.77
Bacteria;Verrucomicrobia;Verrucomicrobiae;Verrucomicrobiales;Verrucomicrobiaceae;NA;Verrucomicrobiaceae bacterium	Bacteria	36.59
Animalia;Cnidaria;Anthozoa;Actiniaria;Actiniidae	Anemones	4.88
Protozoa;Endomyxa;Ascetosporea;Haplosporida	Protozoans	13.82
Chromista;NA;Dinophyceae;Syndiniales;Amoebophryaceae;Amoebophrya;Amoebophrya sp. ex Prorocentrum micans	Dinoflagellates	11.38
Chromista;Bacillariophyta;Mediophyceae;Triceratiales;Plagiogrammaceae;Psammoneis;Psammoneis pseudojaponica	Diatoms	52.03
Protozoa;Euglenozoa;Euglenida;Petalomonadida;Scytomonadidae;Notosolenus;Notosolenus urceolatus	Euglenoids	41.46
Chromista;NA;Dinophyceae;Gonyaulacales;Goniodomataceae;Gambierdiscus;Gambierdiscus caribaeus	Dinoflagellates	36.59
Bacteria;Pseudomonadota;Alphaproteobacteria;Rhodobacterales;Roseobacteraceae;Sulfitobacter;Sulfitobacter sp. Gp-4-5.2.1-voll	Α-proteobacteria	12.2
Animalia;Annelida;Polychaeta;Phyllodocida;Goniadidae;Goniada;Goniada brunnea	Scale Worm	5.69
Chromista;Ciliophora;Oligohymenophorea;Thigmotrichida;Ancistridae;Ancistrum;Ancistrum crassum	Ciliates	24.39
Chromista;Bacillariophyta;Coscinodiscophyceae;Stephanodiscales;Stephanodiscaceae;Cyclotella;Cyclotella sp. 119	Diatoms	84.55
Animalia;Cnidaria;Hydrozoa;Anthoathecata;Hydridae;Hydra	""	2.44
Bacteria;Planctomycetota;Planctomycetia;Pirellulales;Pirellulaceae;Aureliella;Aureliella helgolandensis	Bacteria	15.45
Plantae;Streptophyta;Magnoliopsida;Gentianales;Gentianaceae;Gentiana;Gentiana rubicunda	""	5.69
Chromista;Oomycota;NA;Lagenidiales;Haliphthoraceae;Haliphthoros	Water molds	4.07
Chromista;Bacillariophyta;Bacillariophyceae;Bacillariales;Bacillariaceae;Pseudo-nitzschia;Pseudo-nitzschia delicatissima	Diatoms	43.09
Chromista;NA;Dinophyceae;Suessiales;Suessiaceae;Piscinoodinium;Piscinoodinium sp. RWL-2007	Dinoflagellates	50.41
Chromista;Ciliophora;Oligohymenophorea;Hymenostomatida;Tetrahymenidae;Tetrahymena	""	21.95
Fungi;Ascomycota;Dothideomycetes	""	47.97
Animalia;Bryozoa;Phylactolaemata;NA;Fredericellidae;Fredericella;Fredericella sultana	Freshwater Bryozoan	5.69
Animalia;Arthropoda;Malacostraca;Decapoda;Leucosiidae;Pyrhila;Pyrhila pisum	""	0.81
Fungi;Ascomycota;Dothideomycetes;Dothideales;Dothideaceae;Dothidea;Dothidea sp. RWT7	Asco's	2.44
Chromista;Bacillariophyta;Bacillariophyceae;Bacillariales;Bacillariaceae;Pseudo-nitzschia	Diatoms	56.91
Plantae;Streptophyta;Magnoliopsida;Lamiales	""	14.63
Chromista;Ciliophora;Spirotrichea;Tintinnida;Codonellidae;Codonella;Codonella sp. HCB-2005	""	0.81
Protozoa;Euglenozoa	""	22.76
Plantae;Chlorophyta;Trebouxiophyceae;NA;NA;Choricystis	Green algae	4.07
Plantae;Streptophyta;Magnoliopsida;Malvales;Dipterocarpaceae;Shorea	""	2.44
Chromista;NA;Dinophyceae;Gymnodiniales;Warnowiaceae;Nematodinium;Nematodinium sp. BSL-2009a	Dinoflagellates	12.2
Chromista;NA;Dinophyceae;Gymnodiniales;Gymnodiniaceae;Lepidodinium;Lepidodinium viride	Dinoflagellates	51.22
Animalia;Entoprocta;NA;NA;Barentsiidae;Barentsia;Barentsia hildegardae	""	1.63
Chromista;NA;Dinophyceae;Peridiniales;Peridiniaceae;Pernambugia;Pernambugia tuberosa	Dinoflagellates	30.08
Chromista;Ciliophora;Oligohymenophorea;Hymenostomatida;Tetrahymenidae	""	5.69
Chromista;Apicomplexa;Conoidasida;Archigregarinorida;Selenidiidae;Selenidium	Chromists	25.2
Fungi;Basidiomycota;Agaricomycetes;Agaricales;Marasmiaceae;Marasmius;Marasmius sp. MCA1611	""	0.81
Animalia;Chordata;Actinopteri;Uranoscopiformes;Ammodytidae	Sand-eels	4.88
Animalia;Cnidaria;Hydrozoa;Leptothecata;Sertulariidae;Symplectoscyphus;Symplectoscyphus tricuspidatus	Sessile hydrozoans	5.69
Fungi;Chytridiomycota;Chytridiomycetes;Chytridiales;Chytriomycetaceae;NA;Chytriomycetaceae sp.	""	7.32
Chromista;Ciliophora;Spirotrichea;Choreotrichida;Strobilidiidae;Rimostrombidium;Rimostrombidium veniliae	Ciliates	30.08
Chromista;Ciliophora;Litostomatea;Haptorida;Lacrymariidae	Ciliates	25.2
Chromista;Ciliophora;Spirotrichea;Tintinnida	Tintinnids	53.66
Animalia;Arthropoda;Insecta;Diptera;Chironomidae;Tanypus;Tanypus sp.	Midges	0.81
Chromista;NA;Dinophyceae;Gymnodiniales;Gymnodiniaceae;Apicoporus;Apicoporus parvidiaboli	Dinoflagellates	12.2
Plantae;Prasinodermophyta;Prasinodermophyceae;Prasinodermales;Prasinodermaceae;Prasinoderma;Prasinoderma coloniale	""	1.63
Animalia;Mollusca;Gastropoda	Gastropods	11.38
Chromista;Ciliophora;Oligohymenophorea;Hymenostomatida;NA;Ichthyophthirius;Ichthyophthirius multifiliis	Ciliates	10.57
Chromista;Ciliophora;Oligohymenophorea;Peniculida;Parameciidae;Paramecium;Paramecium putrinum	""	8.94
Chromista;NA;Synurophyceae;Synurales;Mallomonadaceae;Synura;Synura kristiansenii	""	2.44
Animalia;Nematoda;Enoplea;Enoplida;Leptosomatidae;Platonova	""	0.81
Plantae;Streptophyta;Magnoliopsida;Sapindales;Sapindaceae;Acer	Maple	44.72
Chromista;Haptophyta	Haptophytes	55.28
Plantae;Streptophyta;Magnoliopsida;Fabales;Fabaceae;Phaseolus	Bean	19.51
Plantae;Chlorophyta;Chlorophyceae;Sphaeropleales;Scenedesmaceae;Desmodesmus;Desmodesmus subspicatus	""	9.76
Chromista;NA;Dinophyceae;Gymnodiniales;Gymnodiniaceae;Polykrikos	Dinoflagellates	20.33
Chromista;NA;Dinophyceae;Gonyaulacales;Lingulodiniaceae;Lingulodinium;Lingulodinium polyedra	Dinoflagellates	25.2
Chromista;NA;Dinophyceae;Gymnodiniales;Gymnodiniaceae;Gymnodinium	Dinoflagellates	88.62
Bacteria;Pseudomonadota;Deltaproteobacteria;Myxococcales;NA;NA;Myxococcales bacterium	Myxobacteria	7.32
Bacteria;Pseudomonadota;Alphaproteobacteria;NA;NA;NA;unknown marine alpha proteobacterium JP7.1	""	0.81
Animalia;Arthropoda;Hexanauplia;Calanoida;Paracalanidae;Paracalanus;Paracalanus parvus	Calanoid Copepods	95.93
Chromista;NA;Dinophyceae;Gymnodiniales;Gymnodiniaceae;Nusuttodinium;Nusuttodinium desymbiontum	""	0.81
Chromista;Ciliophora;Spirotrichea;Choreotrichida;Strobilidiidae;Pelagostrobilidium;Pelagostrobilidium neptuni	Ciliates	38.21
Animalia;Cnidaria;Hydrozoa;Anthoathecata;Corynidae;Coryne	""	0.81
Animalia;Nemertea;Palaeonemertea;Tubulaniformes;Tubulanidae;Carinina	""	0.81
Fungi;Ascomycota;Saccharomycetes;Saccharomycetales;Debaryomycetaceae;Candida;Candida viswanathii	""	1.63
Chromista;NA;Dinophyceae;Peridiniales;Amphidiniopsidaceae;Amphidiniopsis;Amphidiniopsis sp. MH-2016	""	4.07
Chromista;Bacillariophyta	Diatoms	98.37
Chromista;NA;Dinophyceae;NA;NA;NA;Dinophyta sp. NY011	""	10.57
Fungi;Basidiomycota;Agaricomycetes;Agaricales;Tricholomataceae;Leucopaxillus	Agarics	0.81
Protozoa;Discosea;Flabellinia;NA;Vannellidae;Vannella;Vannella sp. ISOKONT	Protozoans	0.81
Animalia;Cnidaria;Hydrozoa;Trachymedusae;Geryoniidae;Liriope;Liriope tetraphylla	Hydralike animals	8.94
Chromista;NA;Dinophyceae;Peridiniales;Peridiniopsidaceae;Palatinus;Palatinus apiculatus	Dinoflagellates	29.27
Chromista;Bacillariophyta;Coscinodiscophyceae;Chaetocerotales;Chaetocerotaceae;Chaetoceros;Chaetoceros contortus	Diatoms	49.59
Chromista;Bacillariophyta;Coscinodiscophyceae;Thalassiosirales;Thalassiosiraceae;Minidiscus;Minidiscus sp. RCC4810	Diatoms	16.26
Plantae;Streptophyta;Magnoliopsida;Fabales;Fabaceae;Mimosa;Mimosa diplotricha	Giant false sensitive plant	12.2
Plantae;Streptophyta;Polypodiopsida	Leptosporangiate ferns	6.5
Chromista;NA;Cryptophyceae;Pyrenomonadales;Geminigeraceae;Teleaulax;Teleaulax amphioxeia	Cryptomonads	52.85
Plantae;Chlorophyta;Chlorophyceae;Chlamydomonadales;Chlamydomonadaceae;Chlamydomonas;Chlamydomonas parkeae	Chlorophycean Green Algae	19.51
Fungi;Ascomycota;Saccharomycetes;Saccharomycetales;Metschnikowiaceae;Metschnikowia;Metschnikowia bicuspidata	Budding Yeasts	5.69
Chromista;NA;Dinophyceae;Peridiniales;Protoperidiniaceae;Protoperidinium;Protoperidinium pallidum	Dinoflagellates	66.67
Chromista;Apicomplexa;Conoidasida;Eucoccidiorida;Sarcocystidae;Cystoisospora;Cystoisospora belli	""	1.63
Chromista;NA;Dinophyceae;Gonyaulacales;Ceratiaceae;Tripos	Dinoflagellates	21.95
Animalia;Annelida;Polychaeta;Spionida	Paddle-footed annelids	20.33
Chromista;NA;Dictyochophyceae;Dictyochales;NA;Dictyocha;Dictyocha fibula	Brown algae	7.32
Animalia;Arthropoda;Hexanauplia;Calanoida;Calanidae	Calanoid Copepods	21.95
Animalia;Chordata;Actinopteri;Cypriniformes;Leuciscidae	""	1.63
Chromista;NA;Dinophyceae;Suessiales	Dinoflagellates	28.46
Chromista;Ciliophora;Oligohymenophorea;Philasterida;Cohnilembidae;Porpostoma;Porpostoma notata	Ciliates	7.32
Chromista;Ciliophora;Phyllopharyngea;Dysteriida;Hartmannulidae;Hartmannula;Hartmannula derouxi	Ciliates	16.26
Chromista;NA;Dinophyceae;Thoracosphaerales;Thoracosphaeraceae;Stoeckeria;Stoeckeria algicida	Dinoflagellates	30.89
Chromista;Ciliophora;Litostomatea;Pleurostomatida	""	17.89
Plantae;Streptophyta;Magnoliopsida;Asparagales;Orchidaceae;Stelis;Stelis segoviensis	""	2.44
Plantae;Rhodophyta;Florideophyceae;Acrochaetiales;Acrochaetiaceae;Rhodochorton;Rhodochorton purpureum	""	1.63
Chromista;Ciliophora;Litostomatea;Haptorida;Dileptidae	""	17.07
Animalia;Porifera;Demospongiae	Demosponge	27.64
Animalia;Mollusca;Gastropoda;Nudibranchia;Dendrodorididae;Doriopsilla;Doriopsilla miniata	Nudibranchs	0.81
Chromista;NA;Eustigmatophyceae;Eustigmatales;Loboceae;Pseudotetraedriella;Pseudotetraedriella kamillae	Brown algae	38.21
Chromista;Ciliophora;Prostomatea;Prorodontida;Balanionidae;Balanion;Balanion planctonicum	Ciliates	6.5
Animalia;Annelida;Polychaeta;Terebellida;Terebellidae;Lanice;Lanice conchilega	Sand Mason	4.07
Plantae;Streptophyta;Magnoliopsida;Vitales;Vitaceae;Vitis;Vitis rotundifolia	""	12.2
Chromista;Ciliophora;Phyllopharyngea;Chlamydodontida;Chilodonellidae;Trithigmostoma;Trithigmostoma steini	Ciliates	9.76
Plantae;Chlorophyta;Trebouxiophyceae;Chlorellales;Chlorellaceae;Apatococcus;Apatococcus lobatus	""	4.88
Chromista;Cercozoa;Imbricatea;Thaumatomonadida;Thaumatomastigidae;Protaspis	Chromists	33.33
Chromista;Ciliophora;Litostomatea;Pleurostomatida;Litonotidae;Litonotus	Ciliates	4.07
Chromista;Oomycota;NA;Pythiales;Pythiaceae	Water molds	5.69
Chromista;Ciliophora;Spirotrichea;Euplotida;Euplotidae	Ciliates	91.87
Animalia;Arthropoda;Insecta;Hemiptera;Miridae;Trigonotylus;Trigonotylus uhleri	Mirid bug	6.5
Animalia;Rotifera;Eurotatoria;Ploima;Synchaetidae;Synchaeta;Synchaeta tremuloida	Rotifers	12.2
Plantae;Chlorophyta;Pyramimonadophyceae;Pyramimonadales;Pyramimonadaceae;Pyramimonas	Green algae	54.47
Protozoa;Cercozoa;NA;Cercomonadida;Cercomonadidae	""	8.13
Animalia;Annelida;Polychaeta;Eunicida	Paddle-footed annelids	28.46
Animalia;Mollusca;Bivalvia;Mytilida;Mytilidae	Mussel	23.58
Chromista;NA;Dinophyceae;Peridiniales;Protoperidiniaceae;Protoperidinium;Protoperidinium conicum	Dinoflagellates	32.52
Chromista;NA;Dinophyceae;Dinophysiales;Dinophysiaceae;Ornithocercus;Ornithocercus magnificus	Dinoflagellates	11.38
Fungi;Basidiomycota;Pucciniomycetes;Pucciniales;Pileolariaceae;Uromycladium;Uromycladium acaciae	""	0.81
Plantae;Chlorophyta;Mamiellophyceae;Mamiellales;Bathycoccaceae;Ostreococcus	""	10.57
Protozoa;Euglenozoa;Euglenida;Petalomonadida;Scytomonadidae;Petalomonas;Petalomonas cantuscygni	Euglenoids	24.39
Protozoa;NA;Choanoflagellata;Craspedida;Salpingoecidae;Sphaeroeca;Sphaeroeca volvox	""	10.57
Animalia;Mollusca;Bivalvia;Cardiida;Tellinidae;Limecola;Limecola balthica	""	2.44
Chromista;NA;Chrysophyceae;Chromulinales	Golden-brown algae	78.05
Plantae;Streptophyta;Magnoliopsida;Gentianales;Rubiaceae	Bedstraw family	14.63
Chromista;Haptophyta;NA;Prymnesiales;Chrysochromulinaceae;Chrysochromulina;Chrysochromulina sp. Hp34EHU	Haptophytes	8.94
Chromista;Apicomplexa;Conoidasida;Archigregarinorida;Selenidiidae;Selenidium;Selenidium pendula	Chromists	34.15
Bacteria;Pseudomonadota;Gammaproteobacteria;Legionellales;Legionellaceae;Legionella	Γ-proteobacteria	6.5
Chromista;Ciliophora;Spirotrichea;Choreotrichida;Strombidinopsidae;Strombidinopsis	Ciliates	8.94
Plantae;Rhodophyta;Florideophyceae;Ceramiales;Delesseriaceae	Red algae	37.4
Chromista;NA;Cryptophyceae;Pyrenomonadales;Chroomonadaceae;Chroomonas	Chromists	7.32
Animalia;Arthropoda;Hexanauplia;Calanoida;Metridinidae;Metridia;Metridia gerlachei	""	3.25
Protozoa;Endomyxa;Ascetosporea;Haplosporida;Haplosporidiidae;Haplosporidium	Protozoans	12.2
Animalia;Arthropoda;Hexanauplia;Calanoida;Calanidae;Neocalanus;Neocalanus robustior	Calanoid Copepods	13.01
Chromista;Bacillariophyta;Coscinodiscophyceae;Chaetocerotales;Chaetocerotaceae;Chaetoceros;Chaetoceros sp. UNC1414	Diatoms	40.65
Animalia;Arthropoda;Malacostraca;Decapoda;Pasiphaeidae;Leptochela;Leptochela carinata	""	0.81
Chromista;NA;Dinophyceae;Gymnodiniales;Gymnodiniaceae;Gymnodinium;Gymnodinium plasticum	""	2.44
Protozoa;NA;Choanoflagellata;Acanthoecida;Stephanoecidae;Didymoeca;Didymoeca costata	Protozoans	44.72
Chromista;NA;Bigyra;Thraustochytrida;Thraustochytriaceae;Thraustochytrium;Thraustochytrium sp. AR2-19	Chromists	2.44
Chromista;Bacillariophyta;Bacillariophyceae;Naviculales;Naviculaceae;Seminavis;Seminavis sp.	Diatoms	60.16
Animalia;Arthropoda;Hexanauplia;Harpacticoida	Arthropod	4.07
Chromista;Bacillariophyta;Coscinodiscophyceae;Thalassiosirales	Diatoms	60.16
Chromista;NA;Dinophyceae;Syndiniales;Syndiniaceae	Dinoflagellates	30.89
Chromista;Bacillariophyta;Coscinodiscophyceae;Chaetocerotales;Chaetocerotaceae;Chaetoceros;Chaetoceros sp. RCC4816	Diatoms	10.57
Chromista;Apicomplexa;Conoidasida	Chromists	31.71
Animalia;Arthropoda;Insecta;Orthoptera;Gryllidae	""	1.63
Chromista;NA;Dinophyceae;Peridiniales;Peridiniaceae;Peridinium;Peridinium willei	Dinoflagellates	69.11
Bacteria;Pseudomonadota;Alphaproteobacteria;NA;NA;Candidatus Puniceispirillum;Candidatus Puniceispirillum marinum	Α-proteobacteria	16.26
Chromista;Ciliophora;Litostomatea;Cyclotrichida;Mesodiniidae;Mesodinium;Mesodinium pulex	Ciliates	34.15
Animalia;Cnidaria;Anthozoa	Anthozoans	27.64
Animalia;Arthropoda;Hexanauplia;Calanoida;Clausocalanidae;Pseudocalanus;Pseudocalanus sp. AC-2010	Calanoid Copepods	13.82
Animalia;Cnidaria;Hydrozoa;Siphonophorae;Diphyidae;Lensia;Lensia cossack	Siphonophores	38.21
Chromista;Bacillariophyta;Fragilariophyceae;Fragilariales;Staurosiraceae;Staurosira;Staurosira cf. mutabilis	Diatoms	1.63
Chromista;Apicomplexa;Conoidasida;Eucoccidiorida;Sarcocystidae;Sarcocystis;Sarcocystis elongata	Chromists	8.94
Chromista;NA;Dinophyceae;Peridiniales;Protoperidiniaceae;Protoperidinium;Protoperidinium depressum	Dinoflagellates	39.84
Plantae;Chlorophyta;Chlorophyceae	""	29.27
Chromista;NA;Dinophyceae;Peridiniales;Heterocapsaceae	Dinoflagellates	69.11
Animalia;Rotifera;Eurotatoria;Ploima;Trichocercidae;Trichocerca	Rotifers	22.76
Chromista;Bacillariophyta;Coscinodiscophyceae;Melosirales;Stephanopyxidaceae;Stephanopyxis;Stephanopyxis turris	Diatoms	22.76
Chromista;NA;Bigyra;Opalinata;Proteromonadidae;Karotomorpha;Karotomorpha sp. RAPI1	""	1.63
Fungi;Basidiomycota;Tremellomycetes;Trichosporonales	""	7.32
Chromista;NA;Dinophyceae;Gonyaulacales;Gonyaulacaceae;Adenoides;Adenoides eludens	""	2.44
Animalia;Arthropoda;Insecta	""	10.57
Chromista;NA;Dinophyceae;Peridiniales;Heterocapsaceae;Heterocapsa	""	6.5
Chromista;NA;Raphidophyceae;Chattonellales;Chattonellaceae;Fibrocapsa;Fibrocapsa japonica	""	2.44
Plantae;Streptophyta;Magnoliopsida;Brassicales;Brassicaceae;Alyssum;Alyssum cf. montanum MdlH-2015	""	4.07
Bacteria;Pseudomonadota;Epsilonproteobacteria	Bacteria	4.07
Chromista;Haptophyta;NA;Prymnesiales;Prymnesiaceae;Prymnesium	""	4.07
Animalia;Cnidaria;Hydrozoa;Siphonophorae;Diphyidae	Siphonophores	17.07
Bacteria;Pseudomonadota;Alphaproteobacteria;Rhodobacterales;Paracoccaceae;Amaricoccus;Amaricoccus solimangrovi	""	3.25
Plantae;Chlorophyta;Mamiellophyceae;Mamiellales;Bathycoccaceae;Ostreococcus;Ostreococcus sp. 'lucimarinus'	Green algae	35.77
Plantae;Rhodophyta;Florideophyceae;Batrachospermales;NA;Balliopsis;Balliopsis prieurii	Red algae	8.13
Chromista;NA;Dinophyceae;Gonyaulacales;Pyrocystaceae;Alexandrium;Alexandrium tamarense	Dinoflagellates	29.27
Chromista;NA;Dinophyceae;Amphidiniales;Amphidiniaceae;Amphidinium;Amphidinium sp. D1-CMSTAC020	""	5.69
Bacteria;Pseudomonadota;Alphaproteobacteria;Pelagibacterales;Pelagibacteraceae;Candidatus Pelagibacter;Candidatus Pelagibacter sp. AAA795-N17	Α-proteobacteria	27.64
Bacteria;Pseudomonadota;Gammaproteobacteria;Aeromonadales;Aeromonadaceae;Aeromonas;Aeromonas hydrophila	Γ-proteobacteria	8.13
Chromista;NA;Chrysophyceae;NA;NA;NA;Spumella-like flagellate JBM18	""	3.25
Chromista;Cercozoa;Thecofilosea;Cryomonadida;Protaspidae;Cryothecomonas;Cryothecomonas longipes	Chromists	65.04
Plantae;Chlorophyta;Chlorophyceae;Sphaeropleales;Selenastraceae;Monoraphidium;Monoraphidium contortum	""	0.81
Bacteria;Pseudomonadota;Betaproteobacteria	""	6.5
Animalia;Rotifera;Eurotatoria;Ploima	Rotifers	34.15
Fungi;Ascomycota;Dothideomycetes;Cladosporiales;Cladosporiaceae;Cladosporium	""	33.33
Plantae;Chlorophyta;Trebouxiophyceae;Chlorellales;Chlorellaceae;Nannochloris;Nannochloris sp. AS 2-10	""	1.63
Plantae;Streptophyta;Magnoliopsida;Caryophyllales	Pinks, Cactuses, And Allies	26.02
Animalia;Arthropoda;Hexanauplia;Poecilostomatoida;Corycaeidae;Agetus;Agetus flaccus	Arthropod	22.76
Chromista;Bacillariophyta;Bacillariophyceae;Cocconeidales	""	3.25
Chromista;NA;Dinophyceae;Peridiniales;Podolampadaceae;Roscoffia;Roscoffia capitata	Dinoflagellates	19.51
Protozoa;NA;Choanoflagellata	""	24.39
Chromista;Ciliophora;Oligohymenophorea;Peniculida;Frontoniidae;Frontonia;Frontonia apoacuminata	""	34.15
Chromista;Bacillariophyta;Coscinodiscophyceae;Coscinodiscales;Coscinodiscaceae;Stellarima;Stellarima microtrias	Diatoms	18.7
Chromista;Ciliophora;Oligohymenophorea;Peniculida;Frontoniidae;NA;Frontoniidae sp.	""	9.76
Chromista;Ciliophora;Oligohymenophorea;Philasterida;Uronematidae	Ciliates	39.84
Plantae;Streptophyta;Magnoliopsida;Rosales;Urticaceae;Pourouma;Pourouma bicolor	""	4.88
Chromista;Bacillariophyta;Bacillariophyceae;Bacillariales;Bacillariaceae;Pseudo-nitzschia;Pseudo-nitzschia fraudulenta	Diatoms	17.07
Plantae;Rhodophyta;Florideophyceae;Ceramiales;Ceramiaceae	Red algae	13.01
Chromista;NA;Phaeophyceae;Ectocarpales	Brown algae	40.65
Animalia;Arthropoda;Thecostraca;Balanomorpha;Coronulidae	Whale barnacles	2.44
Bacteria;Pseudomonadota;Alphaproteobacteria;Rhodospirillales	""	1.63
Chromista;Bacillariophyta;Coscinodiscophyceae;Stephanodiscales;Stephanodiscaceae;Cyclotella	Diatoms	47.15
Bacteria;Nitrospirae	""	0.81
Chromista;Ciliophora;Oligohymenophorea;Hymenostomatida;Turaniellidae;Dexiostoma;Dexiostoma campyla	""	4.07
Plantae;Streptophyta;Magnoliopsida;Malpighiales;Euphorbiaceae;Tragia	Noseburn	0.81
Chromista;NA;Dinophyceae;Syndiniales;Amoebophryaceae;Amoebophrya;Amoebophrya sp. ex Akashiwo sanguineaum	Dinoflagellates	7.32
Plantae;Streptophyta;Magnoliopsida;Fabales;Fabaceae;Acacia	Acacia	16.26
Animalia;Cnidaria	Cnidarians	26.02
Chromista;Bacillariophyta;Bacillariophyceae;Naviculales;Pleurosigmataceae;Gyrosigma;Gyrosigma acuminatum	Diatoms	26.83
Chromista;Ciliophora;Spirotrichea;Sporadotrichida;Oxytrichidae	Ciliates	8.94
Chromista;NA;Chrysophyceae;Chromulinales;Chromulinaceae;Pedospumella;Pedospumella sp.	""	14.63
Chromista;Bacillariophyta;Fragilariophyceae	""	17.89
Chromista;NA;Dinophyceae;Gonyaulacales;Pyrocystaceae;Alexandrium;Alexandrium minutum	Dinoflagellates	15.45
Bacteria;Pseudomonadota;Gammaproteobacteria;Pseudomonadales;Pseudomonadaceae;Pseudomonas;Pseudomonas sp. 31sr	Γ-proteobacteria	4.07
Fungi;Basidiomycota;Agaricomycetes;Trechisporales;NA;Sistotremastrum;Sistotremastrum guttuliferum	Basidio's	3.25
Animalia;Arthropoda;Ostracoda;Podocopida;Schizocytheridae;Neomonoceratina;Neomonoceratina sp. QY-2003	Ostracods	13.01
Chromista;Ciliophora;Heterotrichea;Heterotrichida;Folliculinidae;Folliculina;Folliculina WWS-2008	Ciliates	7.32
Bacteria;Pseudomonadota;Epsilonproteobacteria;Campylobacterales;Thiovulaceae;Sulfurimonas	Bacteria	13.82
Chromista;Cercozoa;NA;Glissomonadida;Viridiraptoridae;Bodomorpha;Bodomorpha minima	""	1.63
Bacteria;Planctomycetota;Planctomycetia;Planctomycetales;Planctomycetaceae	""	21.14
Fungi;Mucoromycota;Glomeromycetes;Glomerales;Glomeraceae;Glomus;Glomus sp. 8 SUN-2011	""	7.32
Plantae;Streptophyta;Magnoliopsida;Fabales;Fabaceae;Cicer;Cicer arietinum	""	14.63
Animalia;Chordata;Ascidiacea;Stolidobranchia;Styelidae	Ascidians	10.57
Bacteria;Planctomycetota;Planctomycetia;Pirellulales;Lacipirellulaceae	Bacteria	10.57
Bacteria;Pseudomonadota;Betaproteobacteria;Neisseriales;Neisseriaceae;Aquella;Aquella oligotrophica	""	15.45
Fungi;Mucoromycota;Glomeromycetes;Glomerales;Glomeraceae;Rhizophagus;Rhizophagus irregularis	""	18.7
Chromista;Bacillariophyta;Coscinodiscophyceae;Rhizosoleniales;Rhizosoleniaceae;Rhizosolenia;Rhizosolenia setigera	Diatoms	19.51
Plantae;Streptophyta;Magnoliopsida;Brassicales	""	3.25
Plantae;Streptophyta;Magnoliopsida;Fagales;Fagaceae;Quercus	""	1.63
Animalia;Chordata;Appendicularia;Copelata;Oikopleuridae	Appendicularians	40.65
Chromista;Ciliophora;Spirotrichea;Tintinnida;Codonellopsidae;Stenosemella;Stenosemella ventricosa	""	0.81
Plantae;Streptophyta;Magnoliopsida;Rosales;Moraceae;Dorstenia;Dorstenia maris	""	3.25
Chromista;Oomycota;NA;Peronosporales;Peronosporaceae;Protobremia;Protobremia sphaerosperma	Downy Mildew	8.13
Chromista;Ciliophora;Spirotrichea;Choreotrichida;Strombidinopsidae;Strombidinopsis;Strombidinopsis sp.	""	4.07
Chromista;Bacillariophyta;Coscinodiscophyceae;Thalassiosirales;Thalassiosiraceae;Minidiscus;Minidiscus spinulatus	Diatoms	30.89
Chromista;Apicomplexa;Conoidasida;Eucoccidiorida;Sarcocystidae;Sarcocystis;Sarcocystis attenuati	""	5.69
Chromista;Ciliophora;Litostomatea	""	63.41
Plantae;Chlorophyta;Chlorophyceae;Chaetophorales	Chlorophycean Green Algae	5.69
Plantae;Streptophyta;Magnoliopsida;Asterales;Asteraceae;Pectis	""	0.81
Plantae;Streptophyta;Magnoliopsida;Fabales;Fabaceae;Crotalaria;Crotalaria lachnosema	""	4.88
Chromista;NA;Dinophyceae;Prorocentrales;Prorocentraceae;Prorocentrum;Prorocentrum micans	Dinoflagellates	8.94
Plantae;Rhodophyta;Florideophyceae;Ceramiales	Red algae	13.01
Chromista;Bacillariophyta;Coscinodiscophyceae;Thalassiosirales;Thalassiosiraceae;Thalassiosira;Thalassiosira minima	Diatoms	60.16
Chromista;Ciliophora;Heterotrichea;Heterotrichida;Condylostomatidae;Condylostoma	Ciliates	32.52
Chromista;Cercozoa;Imbricatea;Thaumatomonadida;NA;Allas;Allas sp.	Chromists	10.57
Chromista;NA;Dinophyceae;Gonyaulacales;Pyrocystaceae;Alexandrium;Alexandrium sp.	Dinoflagellates	14.63
Chromista;Ciliophora;Oligohymenophorea;Peniculida;Parameciidae;Paramecium;Paramecium multimicronucleatum	""	20.33
Chromista;Bacillariophyta;Bacillariophyceae;Thalassiophysales;Catenulaceae;Amphora	Diatoms	1.63
Fungi;Ascomycota;Xylonomycetes;Xylonales;Xylonaceae;Xylona;Xylona heveae	Asco's	2.44
Chromista;Haptophyta;NA;Coccolithales;Calcidiscaceae;Tergestiella;Tergestiella adriatica	Haptophytes	4.88
Chromista;Bacillariophyta;Bacillariophyceae;Bacillariales;Bacillariaceae;Nitzschia;Nitzschia amphibia	""	6.5
Chromista;NA;Dinophyceae;Gonyaulacales;Heterodiniaceae;Heterodinium	""	0.81
Animalia;Gastrotricha;NA;Chaetonotida;Chaetonotidae;Chaetonotus;Chaetonotus sp. 1 MK-2019	Gastrotrichs	7.32
Animalia;Arthropoda;Arachnida;Sarcoptiformes;Canestriniidae;Arrunsithiana;Arrunsithiana nr. spicantis AD764	""	0.81
Chromista;Haptophyta;NA;Isochrysidales;Noelaerhabdaceae;Emiliania;Emiliania huxleyi	Haptophytes	10.57
Chromista;Ciliophora;Oligohymenophorea;Hymenostomatida;Deltopylidae;Agolohymena;Agolohymena aspidocauda	""	29.27
Chromista;Haptophyta;NA;Phaeocystales;Phaeocystaceae;Phaeocystis;Phaeocystis globosa	Haptophytes	4.88
Bacteria;Pseudomonadota;Alphaproteobacteria;Hyphomicrobiales	""	13.01
Plantae;Streptophyta;Magnoliopsida;Sapindales;Rutaceae;Citrus	Citrus	21.95
Chromista;Bacillariophyta;Bacillariophyceae;Naviculales;Naviculaceae;Navicula;Navicula sp. AT-145.08	""	1.63
Animalia;Echinodermata;Echinoidea	Heart urchins	4.88
Animalia;Cnidaria;Hydrozoa;Leptothecata;Laodiceidae;Melicertissa;Melicertissa sp. AGC-2001	Hydralike animals	5.69
Bacteria;Planctomycetota;Planctomycetia;Planctomycetales;Planctomycetaceae;Thalassoglobus;Thalassoglobus polymorphus	Bacteria	10.57
Bacteria;Pseudomonadota;Deltaproteobacteria;Desulfuromonadales	Bacteria	8.13
Animalia;Cnidaria;Anthozoa;Pennatulacea	Anthozoans	6.5
Fungi;Ascomycota;Dothideomycetes;Pleosporales;Pleosporaceae;Alternaria;Alternaria sp. IA305	""	3.25
Plantae;Chlorophyta;Chlorophyceae;Chlamydomonadales	Chlorophycean Green Algae	23.58
Protozoa;Euglenozoa;NA;Diplonemea;Diplonemidae;Diplonema;Diplonema sp. ATCC 50232	Euglenoids	34.15
Fungi;Ascomycota;Saccharomycetes;Saccharomycetales;Phaffomycetaceae;Komagataella	""	8.13
Animalia;Cnidaria;Hydrozoa;Leptothecata;Sertulariidae;Salacia;Salacia desmoides	""	0.81
Fungi;Ascomycota;Dothideomycetes;Cladosporiales;Cladosporiaceae;Cladosporium;Cladosporium limoniforme	""	13.82
Chromista;NA;Dinophyceae;Peridiniales;Heterocapsaceae;Heterocapsa;Heterocapsa minima	Dinoflagellates	43.9
Bacteria;Pseudomonadota;Alphaproteobacteria;Rhodobacterales;Paracoccaceae;Profundibacter;Profundibacter amoris	""	0.81
Chromista;NA;Phaeophyceae;Laminariales;Agaraceae;Costaria;Costaria costata	""	1.63
Chromista;Ciliophora;Spirotrichea;Tintinnida;Tintinnidae;Eutintinnus	Tintinnids	20.33
Chromista;Ciliophora;Prostomatea;Prorodontida;Colepidae;Tiarina;Tiarina fusa	""	9.76
Chromista;Oomycota;NA;Peronosporales;Peronosporaceae;Bremia;Bremia sonchicola	""	0.81
Chromista;NA;Dinophyceae;Gymnodiniales;Warnowiaceae;Proterythropsis;Proterythropsis sp. BSL-2009a	""	6.5
Plantae;Streptophyta;Magnoliopsida;Fabales;Fabaceae;Acacia;Acacia hylonoma	Acacia	9.76
Chromista;Bacillariophyta;Coscinodiscophyceae;Thalassiosirales;Thalassiosiraceae;Thalassiosira;Thalassiosira concaviuscula	Diatoms	25.2
Chromista;Ciliophora;Phyllopharyngea;Dysteriida;Dysteriidae;Dysteria;Dysteria procera	Ciliates	22.76
Fungi;Mucoromycota;Mucoromycetes;Mucorales;Mucoraceae;Mucor;Mucor sp.	""	0.81
Chromista;NA;Dinophyceae;Peridiniales;Amphidiniopsidaceae;Archaeperidinium	Dinoflagellates	30.08
Plantae;Chlorophyta;Trebouxiophyceae;NA;NA;Elliptochloris;Elliptochloris marina	""	0.81
Protozoa;Endomyxa	Protozoans	4.88
Chromista;NA;Chrysophyceae;Chromulinales;Chromulinaceae;Ochromonas;Ochromonas danica	Golden-brown algae	4.07
Plantae;Streptophyta;Magnoliopsida;Fagales;Juglandaceae;Juglans	""	7.32
Chromista;NA;Dinophyceae;Gymnodiniales;Gymnodiniaceae;Akashiwo;Akashiwo sanguinea	Dinoflagellates	11.38
Plantae;Chlorophyta;Pyramimonadophyceae;Pyramimonadales	Green algae	18.7
Bacteria;Pseudomonadota;Betaproteobacteria;Nitrosomonadales;Nitrosomonadaceae;Nitrosospira	Β-proteobacteria	9.76
Chromista;Bacillariophyta;Fragilariophyceae;Fragilariales;Fragilariaceae;Asterionella;Asterionella ralfsii	""	1.63
Chromista;Bacillariophyta;Coscinodiscophyceae;Thalassiosirales;Skeletonemataceae;Skeletonema;Skeletonema costatum	Diatoms	5.69
Chromista;NA;Dinophyceae;Syndiniales;NA;Ichthyodinium	""	1.63
Chromista;Bacillariophyta;Coscinodiscophyceae;Leptocylindrales;Leptocylindraceae;Leptocylindrus;Leptocylindrus convexus	Diatoms	6.5
Chromista;Ciliophora;Spirotrichea;NA;Tontoniidae;Pseudotontonia;Pseudotontonia simplicidens	Ciliates	8.13
Animalia;Annelida;Polychaeta;Sabellida;Oweniidae;Owenia	Paddle-footed annelids	4.88
Protozoa;Euglenozoa;Kinetoplastea;Neobodonida;NA;Neobodo;Neobodo saliens	""	4.88
Bacteria;Verrucomicrobia;Verrucomicrobiae;Verrucomicrobiales;Verrucomicrobiaceae	""	26.83
Chromista;NA;Bigyra;Thraustochytrida;Thraustochytriaceae;Aplanochytrium;Aplanochytrium sp. SC1-1	Chromists	23.58
Chromista;NA;Dinophyceae;Dinophysiales;Dinophysiaceae;Dinophysis;Dinophysis fortii	Dinoflagellates	15.45
Chromista;NA;Cryptophyceae;Cryptomonadales;Cryptomonadaceae;Cryptomonas;Cryptomonas sp. CCAC 0109	""	3.25
Chromista;Ciliophora;Heterotrichea;Heterotrichida;Stentoridae;Condylostentor;Condylostentor auriculatus	Ciliates	11.38
Chromista;Bacillariophyta;Coscinodiscophyceae;Melosirales;Melosiraceae;Melosira;Melosira dubia	Diatoms	26.83
Chromista;Ciliophora;Spirotrichea;Tintinnida;Codonellidae	Tintinnids	26.83
Animalia;Bryozoa;Gymnolaemata;Cheilostomatida	Marine bryozoans	5.69
Chromista;Ciliophora;Spirotrichea;Tintinnida;Xystonellidae;Favella	Tintinnids	4.07
Chromista;NA;Phaeophyceae;Desmarestiales;Desmarestiaceae;Desmarestia;Desmarestia dudresnayi	Brown algae	30.89
Animalia;Chordata;Actinopteri;Salmoniformes;Salmonidae;Oncorhynchus	Pacific salmon	2.44
Chromista;NA;Polycystinea	Chromists	18.7
Bacteria;Pseudomonadota;Gammaproteobacteria;Legionellales;Coxiellaceae;Coxiella	Γ-proteobacteria	19.51
Animalia;Mollusca;Gastropoda;Lepetellida	""	1.63
Chromista;NA;Centroplasthelida;Acanthocystida;Raphidocystidae;Raphidocystis;Raphidocystis ambigua	Raphidocystis ambigua	4.07
Protozoa;NA;Ichthyosporea;Ichthyophonida;NA;Creolimax;Creolimax fragrantissima	Protozoans	23.58
Chromista;NA;Dinophyceae;Gonyaulacales;Pyrocystaceae;Alexandrium;Alexandrium affine	Dinoflagellates	5.69
Fungi;Mucoromycota;Glomeromycetes;Glomerales;Glomeraceae	""	46.34
Plantae;Chlorophyta;Chlorophyceae;Sphaeropleales;Scenedesmaceae;Desmodesmus	""	17.89
Bacteria;Pseudomonadota;Gammaproteobacteria;NA;NA;NA;Loripes lacteus gill symbiont	Γ-proteobacteria	13.82
Chromista;NA;Dinophyceae;Gymnodiniales;Warnowiaceae;Warnowia;Warnowia sp.	Dinoflagellates	38.21
Chromista;Ciliophora;Spirotrichea;Euplotida;Euplotidae;Euplotes;Euplotes orientalis	Ciliates	13.01
Chromista;NA;Dinophyceae;Peridiniales;Ostreopsidaceae	Dinoflagellates	28.46
Animalia;Cnidaria;Myxozoa;Malacovalvulida;Saccosporidae;Tetracapsuloides;Tetracapsuloides bryosalmonae	Myxozoans	1.63
Protozoa;NA;NA;Rotosphaerida;Nucleariidae;Nuclearia;Nuclearia sp. B3	Protozoans	13.01
Protozoa;Euglenozoa;Euglenida;Euglenales;Euglenaceae;Euglena;Euglena viridis	""	0.81
Fungi;Basidiomycota;Agaricomycetes;Thelephorales;Thelephoraceae;Pseudotomentella;Pseudotomentella sp.	Basidio's	1.63
Chromista;NA;Dinophyceae;Syndiniales;Eudubosquellidae;Euduboscquella;Euduboscquella sp. ex Favella arcuata	Dinoflagellates	10.57
Animalia;Rotifera;Eurotatoria;Ploima;Notommatidae;Monommata	Rotifers	4.88
Chromista;NA;Dinophyceae;Gonyaulacales;Amphidomataceae;Azadinium;Azadinium polongum	Dinoflagellates	11.38
Animalia;Annelida;Polychaeta;Sabellida;Sabellariidae;Sabellaria;Sabellaria alveolata	""	13.01
Animalia;Gastrotricha;NA;Chaetonotida;Chaetonotidae;Chaetonotus	""	1.63
Animalia;Mollusca;Bivalvia;Venerida;Veneridae;Saxidomus;Saxidomus purpurata	Butter clams	15.45
Animalia;Mollusca;Bivalvia;Mytilida;Mytilidae;Bathymodiolus;Bathymodiolus azoricus	""	1.63
Chromista;NA;Cryptophyceae;Pyrenomonadales;Chroomonadaceae;Chroomonas;Chroomonas sp.	""	13.82
Protozoa;Discosea;Flabellinia;Dactylopodida	""	2.44
Bacteria;Pseudomonadota;Gammaproteobacteria;Chromatiales;Chromatiaceae;Thiospirillum;Thiospirillum jenense	Purple Sulfur Bacteria	9.76
Bacteria;Pseudomonadota;Alphaproteobacteria;Holosporales	Α-proteobacteria	8.94
Protozoa;Euglenozoa;Kinetoplastea;Neobodonida;NA;Rhynchobodo;Rhynchobodo sp. HFCC304	""	17.07
Animalia;Chaetognatha;Sagittoidea;Aphragmophora;Sagittidae;Parasagitta;Parasagitta elegans	Arrow worm	22.76
Bacteria;Pseudomonadota;Oligoflexia;Bacteriovoracales;Halobacteriovoraceae;Halobacteriovorax	Bacteria	9.76
Chromista;Ciliophora;Heterotrichea;Heterotrichida;Spirostomidae;Spirostomum	""	8.13
Chromista;Ciliophora;Heterotrichea;Licnophorida;Licnophoridae;Licnophora;Licnophora cf. lyngbycola	""	0.81
Bacteria;Pseudomonadota;Alphaproteobacteria;Rhodobacterales;Roseobacteraceae;Actibacterium;Actibacterium sp.	Α-proteobacteria	17.07
Plantae;Chlorophyta;Chlorophyceae;Chlamydomonadales;Chlamydomonadaceae;Chlamydomonas;Chlamydomonas globosa	""	0.81
Plantae;Rhodophyta;Florideophyceae;Nemastomatales;Schizymeniaceae	Red algae	1.63
Plantae;Streptophyta;Magnoliopsida;Asparagales;Amaryllidaceae;Allium	Garlic	17.07
Bacteria;Pseudomonadota;Gammaproteobacteria;Thiotrichales;Francisellaceae;Francisella;Francisella noatunensis	""	0.81
Chromista;Bacillariophyta;Bacillariophyceae;Bacillariales;Bacillariaceae;Pseudo-nitzschia;Pseudo-nitzschia heimii	Diatoms	26.83
Fungi;Ascomycota;Dothideomycetes;Venturiales;Sympoventuriaceae;Verruconis	""	0.81
Archaea	Archaea	7.32
Animalia;Arthropoda;Arachnida	""	3.25
Plantae;Streptophyta;Magnoliopsida;Poales;Poaceae;Lolium;Lolium rigidum	""	1.63
Chromista;NA;Bigyra;Thraustochytrida;Thraustochytriaceae	Chromists	12.2
Chromista;Ciliophora;Spirotrichea;Tintinnida;Codonellidae;Tintinnopsis;Tintinnopsis subacuta	""	0.81
Chromista;Ciliophora;Oligohymenophorea;Pleuronematida	""	4.88
Plantae;Chlorophyta;Mamiellophyceae;Mamiellales;Mamiellaceae;Mantoniella;Mantoniella squamata	Green algae	4.88
Animalia;Cnidaria;Anthozoa;Scleractinia	Hard Corals	25.2
Plantae;Ciliophora;Phyllopharyngea;Endogenida;Acinetidae;Acineta	""	4.88
Animalia;Chordata;Ascidiacea;Stolidobranchia	Ascidians	14.63
Animalia;Annelida	""	17.07
Chromista;Bacillariophyta;Coscinodiscophyceae;Coscinodiscales;Coscinodiscaceae;Coscinodiscus;Coscinodiscus granii	Diatoms	13.82
Protozoa;Euglenozoa;Kinetoplastea;Neobodonida;NA;Neobodo;Neobodo designis	""	5.69
Plantae;Chlorophyta;Trebouxiophyceae;Watanabeales	Green algae	0.81
Plantae;Streptophyta;Magnoliopsida;Poales;Poaceae;Saccharum	""	3.25
Animalia;Bryozoa;Gymnolaemata;Cheilostomatida;Membraniporidae;Membranipora;Membranipora sp. BLEED1777	Marine bryozoans	11.38
Animalia;Mollusca;Gastropoda;Nudibranchia;Eubranchidae;Eubranchus;Eubranchus exiguus	""	0.81
Animalia;Porifera	""	1.63
Animalia;Ctenophora;Tentaculata;Lobata;Lobatolampeidae;Lobatolampea;Lobatolampea tetragona	""	0.81
Chromista;Ciliophora;Spirotrichea;Choreotrichida;Strombidinopsidae;Strombidinopsis;Strombidinopsis sp. JG-2011a	Ciliates	24.39
Chromista;NA;Chrysophyceae;NA;NA;Segregatospumella;Segregatospumella dracosaxi	Golden-brown algae	19.51
Chromista;Ciliophora;Spirotrichea;NA;Strombidiidae	Ciliates	52.03
Bacteria;Pseudomonadota;Gammaproteobacteria;Moraxellales;Moraxellaceae;Acinetobacter	""	4.07
Plantae;Rhodophyta;Florideophyceae;Ceramiales;Dasyaceae;Rhodoptilum;Rhodoptilum plumosum	Red algae	7.32
Chromista;Apicomplexa;Conoidasida;Eucoccidiorida;Sarcocystidae;Sarcocystis	Chromists	25.2
Plantae;Streptophyta;Magnoliopsida;Apiales;Apiaceae	Umbellifer	4.88
Fungi;Ascomycota;Leotiomycetes;Helotiales;NA;Leptodophora;Leptodophora orchidicola	""	0.81
Animalia;Arthropoda;Arachnida;Trombidiformes;Phytoptidae;Nalepella;Nalepella torreyae	Mites	0.81
Animalia;Arthropoda;Hexanauplia;Harpacticoida;Ameiridae;Nitokra;Nitokra hibernica	Copepod	1.63
Chromista;Ciliophora;Phyllopharyngea;Dysteriida	Ciliates	20.33
Plantae;Rhodophyta;Florideophyceae;Ceramiales;Callithamniaceae;Aglaothamnion;Aglaothamnion tenuissimum	Red algae	5.69
Chromista;NA;Dinophyceae;Peridiniales;Protoperidiniaceae;Protoperidinium;Protoperidinium excentricum	Dinoflagellates	25.2
Chromista;Ciliophora;Oligohymenophorea;Philasterida;Cinetochilidae;Sathrophilus;Sathrophilus planus	Ciliates	10.57
Chromista;NA;Phaeophyceae;Laminariales;Lessoniaceae;Ecklonia	Brown algae	9.76
Plantae;Rhodophyta;Florideophyceae;Corallinales;Corallinaceae;Hydrolithon;Hydrolithon sp. BISH 683179	""	0.81
Chromista;Cercozoa;Imbricatea;Euglyphida;Paulinellidae;Paulinella;Paulinella chromatophora	Chromists	20.33
Chromista;Ciliophora;Oligohymenophorea;Peniculida;Frontoniidae;Frontonia	""	7.32
Plantae;Streptophyta;Magnoliopsida;Poales;Poaceae;Milium	Millet grass	0.81
Fungi;Ascomycota;Leotiomycetes;Helotiales;NA;Mastigosporium;Mastigosporium album	Asco's	21.14
Chromista;Bacillariophyta;Coscinodiscophyceae;Stephanodiscales;Stephanodiscaceae;Cyclotella;Cyclotella distinguenda	""	20.33
Chromista;Bacillariophyta;Coscinodiscophyceae;Stephanodiscales;Stephanodiscaceae;Cyclotella;Cyclotella choctawhatcheeana	Diatoms	68.29
Chromista;NA;Dinophyceae;Coccidiniales;Chytriodiniaceae;Chytriodinium;Chytriodinium sp. Atlantic	Dinoflagellates	11.38
Chromista;Bacillariophyta;Bacillariophyceae;Cymbellales;Cymbellaceae;Brebissonia;Brebissonia lanceolata	Diatoms	10.57
Fungi;Basidiomycota;Agaricomycetes;Agaricales	""	10.57
Chromista;Bacillariophyta;Coscinodiscophyceae;Thalassiosirales;Thalassiosiraceae	Diatoms	75.61
Animalia;Arthropoda;Malacostraca;Decapoda;Portunidae;Scylla;Scylla paramamosain	Swimming crabs	0.81
Fungi;Basidiomycota;Agaricomycetes;Agaricales;Omphalotaceae;Gymnopus;Gymnopus sp.	Agarics	6.5
Fungi;Basidiomycota;Tremellomycetes;Tremellales	""	12.2
Bacteria;Pseudomonadota;Gammaproteobacteria;Thiotrichales;Francisellaceae;Francisella	Γ-proteobacteria	15.45
Protozoa;NA;NA;Apusomonadida;Apusomonadidae;Amastigomonas;Amastigomonas mutabilis	Protozoans	6.5
Animalia;Annelida;Polychaeta;Spionida;Spionidae;Dipolydora;Dipolydora quadrilobata	""	4.07
Chromista;Bacillariophyta;Bacillariophyceae;Bacillariales;Bacillariaceae;Nitzschia;Nitzschia longissima	Diatoms	36.59
Animalia;Annelida;Polychaeta;Phyllodocida;Nephtyidae	""	0.81
Chromista;Apicomplexa;Aconoidasida	""	3.25
Animalia;Mollusca;Bivalvia;Cardiida;Scrobiculariidae;Scrobicularia;Scrobicularia plana	""	1.63
Chromista;Ciliophora;Oligohymenophorea;Sessilida;Vaginicolidae;Pyxicola;Pyxicola pusilla	Ciliates	2.44
Protozoa;Cercozoa;NA;Cercomonadida;Cercomonadidae;Cercomonas	Protozoans	9.76
Plantae;Streptophyta;Magnoliopsida;Asterales;Asteraceae;Centaurea	""	0.81
Chromista;NA;Dinophyceae;Gonyaulacales;Gonyaulacaceae;Gonyaulax;Gonyaulax polygramma	Dinoflagellates	8.13
Plantae;Streptophyta;Magnoliopsida;Solanales;Solanaceae	""	3.25
Animalia;Annelida;Polychaeta;Eunicida;Dorvilleidae;Parougia	""	1.63
Fungi;Mucoromycota;Glomeromycetes;Diversisporales	""	4.07
Fungi;Basidiomycota;Malasseziomycetes;Malasseziales;Malasseziaceae;Malassezia;Malassezia globosa	""	20.33
Animalia;Annelida;Polychaeta	Paddle-footed annelids	33.33
Bacteria;Pseudomonadota;Deltaproteobacteria	""	28.46
Plantae;Streptophyta;Magnoliopsida;Sapindales;Rutaceae	Citrus family	30.08
Bacteria;Pseudomonadota;Gammaproteobacteria;Moraxellales;Moraxellaceae;Psychrobacter;Psychrobacter meningitidis	Γ-proteobacteria	5.69
Bacteria;Pseudomonadota;Alphaproteobacteria;Hyphomicrobiales;Methylocystaceae;Methylosinus;Methylosinus sp.	""	0.81
Bacteria;Pseudomonadota;Alphaproteobacteria;Rhodobacterales;Paracoccaceae	Α-proteobacteria	8.13
Animalia;Mollusca;Gastropoda;Stylommatophora;Limacidae;Weltersia;Weltersia obscura	""	1.63
Bacteria;Pseudomonadota;Alphaproteobacteria;Hyphomicrobiales;Devosiaceae	Α-proteobacteria	23.58
Fungi;Ascomycota;Saccharomycetes;Saccharomycetales;Phaffomycetaceae;Cyberlindnera;Cyberlindnera jadinii	Budding Yeasts	8.94
Chromista;Oomycota;NA;Pythiales;Pythiaceae;Pythium;Pythium aphanidermatum	""	21.14
Protozoa;Endomyxa;Ascetosporea;Haplosporida;NA;Bonamia	Lady's nightcap	10.57
Chromista;Bacillariophyta;Coscinodiscophyceae;Stephanodiscales;Stephanodiscaceae	Diatoms	11.38
Bacteria;Pseudomonadota;Alphaproteobacteria;Rhodobacterales;Paracoccaceae;Rhodobacter	Α-proteobacteria	12.2
Chromista;Ciliophora;Oligohymenophorea;Philasterida;Philasteridae;Miamiensis;Miamiensis avidus	Ciliates	3.25
Plantae;Streptophyta;Magnoliopsida;Fabales;Fabaceae;Astragalus	""	3.25
Protozoa;NA;NA;Apusomonadida;Apusomonadidae;Podomonas;Podomonas kaiyoae	Protozoans	16.26
Chromista;Ciliophora;Litostomatea;Haptorida;Pseudoholophryidae;Paraenchelys;Paraenchelys terricola	""	0.81
Protozoa;Cercozoa;NA;NA;NA;Quadricilia;Quadricilia rotundata	Protozoans	34.15
Fungi;Basidiomycota	""	64.23
Animalia;Arthropoda;Thecostraca;Balanomorpha;Chthamalidae;Chthamalus	Arthropod	4.07
Chromista;Ciliophora;Phyllopharyngea;Dysteriida;Hartmannulidae;Microxysma;Microxysma acutum	Ciliates	2.44
Animalia;Cnidaria;Anthozoa;Actiniaria;Halcampoididae;Halcampoides;Halcampoides purpureus	Purple anemone	3.25
Fungi;Ascomycota;Eurotiomycetes;Eurotiales;Aspergillaceae;Aspergillus;Aspergillus penicillioides	""	3.25
Animalia;Ctenophora;Tentaculata;Cydippida	""	3.25
Chromista;Ciliophora;Colpodea;Grossglockneriida;Grossglockneriidae;Pseudoplatyophrya;Pseudoplatyophrya nana	Ciliates	1.63
Chromista;Bacillariophyta;Coscinodiscophyceae;Leptocylindrales;Leptocylindraceae;Tenuicylindrus;Tenuicylindrus belgicus	Diatoms	19.51
Chromista;Foraminifera;NA;NA;Allogromiidae;NA;Allogromiina sp. A119	""	0.81
Plantae;Streptophyta;Magnoliopsida;Asterales;Campanulaceae	Bellflower family	30.08
Fungi;Ascomycota;Dothideomycetes;Venturiales;Sympoventuriaceae;Troposporella	""	0.81
Protozoa;NA;Choanoflagellata;Craspedida;Salpingoecidae;Salpingoeca;Salpingoeca urceolata	""	2.44
Animalia;Arthropoda;Hexanauplia;Siphonostomatoida;Ecbathyriontidae;Ecbathyrion;Ecbathyrion prolixicauda	Arthropod	4.88
Chromista;NA;Cryptophyceae;Pyrenomonadales;Pyrenomonadaceae	Chromists	6.5
Plantae;Chlorophyta;Pyramimonadophyceae;Pyramimonadales;Pyramimonadaceae;Pyramimonas;Pyramimonas tetrarhynchus	Green algae	23.58
Chromista;Ciliophora;Phyllopharyngea;Chlamydodontida;Chilodonellidae;Pseudochilodonopsis	""	5.69
Fungi;Basidiomycota;Cystobasidiomycetes;Cystobasidiales;Cystobasidiaceae;Cystobasidium	""	0.81
Plantae;Chlorophyta;Pyramimonadophyceae;Pyramimonadales;Pyramimonadaceae;Pyramimonas;Pyramimonas australis	Green algae	15.45
Animalia;Cnidaria;Anthozoa;Scleractinia;Plesiastreidae;Plesiastrea	""	2.44
Protozoa;NA;Choanoflagellata;Acanthoecida	Protozoans	18.7
Animalia;Platyhelminthes;Monogenea;Gyrodactylidea;Gyrodactylidae;Gyrodactyloides;Gyrodactyloides bychowskii	""	2.44
Plantae;Streptophyta;Magnoliopsida;Rosales;Urticaceae	""	4.07
Chromista;NA;Bigyra	Chromists	54.47
Chromista;NA;Phaeophyceae;Ectocarpales;Chordariaceae;Cladochroa;Cladochroa chnoosporiformis	Brown algae	27.64
Fungi;Chytridiomycota;Chytridiomycetes;Zygophlyctidales;Zygophlyctidaceae;Zygophlyctis;Zygophlyctis planktonica	""	8.94
Plantae;Chlorophyta;Trebouxiophyceae	""	10.57
Animalia;Cnidaria;Hydrozoa;Anthoathecata;Proboscidactylidae;Proboscidactyla;Proboscidactyla flavicirrata	Hydroid	11.38
Plantae;Streptophyta;Magnoliopsida;Solanales;Convolvulaceae;Ipomoea	""	8.94
Chromista;Ciliophora;Spirotrichea;Sporadotrichida;Halteriidae;Halteria;Halteria grandinella	""	5.69
Bacteria;Pseudomonadota;Gammaproteobacteria;Pseudomonadales;Pseudomonadaceae;Pseudomonas;Pseudomonas kilonensis	""	2.44
Protozoa;Discosea;Flabellinia;Dactylopodida;Paramoebidae;Paramoeba;Paramoeba pemaquidensis	""	0.81
Fungi;Mucoromycota;Glomeromycetes;Glomerales;Glomeraceae;Dominikia;Dominikia iranica	""	2.44
Bacteria;Pseudomonadota;Gammaproteobacteria;Oceanospirillales;Endozoicomonadaceae;Endozoicomonas;Endozoicomonas sp.	""	15.45
Chromista;NA;Cryptophyceae;Cryptomonadales;Cryptomonadaceae	""	26.83
Plantae;Streptophyta;Bryopsida;Dicranales	Fork-mosses	8.94
Protozoa;NA;Ichthyosporea;Ichthyophonida;NA;Anurofeca;Anurofeca sp. LAH-2003	Protozoans	8.94
Bacteria;Pseudomonadota;Alphaproteobacteria;Pelagibacterales;Pelagibacteraceae;NA;alpha proteobacterium HIMB5	Α-proteobacteria	28.46
Plantae;Streptophyta;Magnoliopsida;Poales;Poaceae;Avena	""	3.25
Protozoa;Endomyxa;NA;Vampyrellida;Sericomyxidae;Sericomyxa;Sericomyxa perlucida	Protozoans	4.88
Chromista;NA;Dinophyceae;Peridiniales;Peridiniaceae;Scrippsiella	Dinoflagellates	20.33
Chromista;Apicomplexa;Conoidasida;Eucoccidiorida;Sarcocystidae	Chromists	30.89
Plantae;Chlorophyta;Trebouxiophyceae;Chlorellales;Chlorellaceae	Green algae	12.2
Fungi;Chytridiomycota;Chytridiomycetes;Rhizophydiales;Alphamycetaceae;Betamyces;Betamyces sp.	""	16.26
Animalia;Chordata;Ascidiacea;Stolidobranchia;Pyuridae	Ascidians	20.33
Protozoa;NA;Choanoflagellata;Acanthoecida;Acanthoecidae;Savillea;Savillea micropora	Protozoans	5.69
Bacteria;Pseudomonadota;Gammaproteobacteria;Alteromonadales;Pseudoalteromonadaceae;Pseudoalteromonas;Pseudoalteromonas tunicata	""	0.81
Bacteria;Pseudomonadota;Alphaproteobacteria;Maricaulales;Maricaulaceae;Maricaulis	Α-proteobacteria	11.38
Plantae;Streptophyta;Magnoliopsida;Sapindales;Meliaceae	Mahogany	13.01
Chromista;NA;Centroplasthelida;Pterocystida;Pterocystidae;Chlamydaster;Chlamydaster sterni	Sun Animalcules	13.01
Chromista;Ciliophora;Spirotrichea;NA;NA;Protocruzia	Ciliates	57.72
Animalia;Annelida;Clitellata;Tubificida;Naididae	""	8.13
Animalia;Annelida;Polychaeta;Phyllodocida;Nereididae;Perinereis	Nereids	2.44
Fungi;Basidiomycota;Tremellomycetes	""	14.63
Animalia;Arthropoda;Hexanauplia;Harpacticoida;Ectinosomatidae;Microsetella	Arthropod	0.81
Chromista;Ciliophora;Litostomatea;Pleurostomatida;Litonotidae;Litonotus;Litonotus sp. LXF08110005	Ciliates	2.44
Chromista;Ciliophora;Heterotrichea;Heterotrichida;Fabreidae;Fabrea;Fabrea salina	Ciliates	7.32
Animalia;Cnidaria;Hydrozoa;Leptothecata;Plumulariidae;Plumularia;Plumularia strictocarpa	Hydralike animals	4.07
Bacteria;Pseudomonadota;Gammaproteobacteria;Oceanospirillales;Alcanivoracaceae;Marinicella	""	5.69
Bacteria;Pseudomonadota;Oligoflexia;Oligoflexales;Pseudobacteriovoracaceae;Pseudobacteriovorax;Pseudobacteriovorax antillogorgiicola	Bacteria	11.38
Animalia;Cnidaria;Hydrozoa;Siphonophorae	Siphonophores	15.45
Chromista;NA;Dinophyceae;Syndiniales;Amoebophryaceae;Amoebophrya;Amoebophrya sp. ex Gonyaulax polygramma	Dinoflagellates	41.46
Plantae;Chlorophyta;Nephroselmidophyceae;Nephroselmidales;Nephroselmidaceae;Nephroselmis;Nephroselmis pyriformis	Green algae	7.32
Chromista;NA;Chrysophyceae;NA;NA;NA;Spumella-like flagellate JBC13	""	8.13
Chromista;Apicomplexa;Conoidasida;Eucoccidiorida;Eimeriidae	Chromists	1.63
Animalia;Cnidaria;Anthozoa;Scleractinia;Merulinidae;Favites	""	0.81
Plantae;Streptophyta;Magnoliopsida;Rosales	""	4.88
Chromista;NA;Dinophyceae;Gymnodiniales;Gymnodiniaceae;Nusuttodinium;Nusuttodinium poecilochroum	Dinoflagellates	1.63
Chromista;Bacillariophyta;Coscinodiscophyceae;Stephanodiscales;Stephanodiscaceae;Cyclotella;Cyclotella litoralis	Diatoms	39.02
Chromista;Ciliophora;Litostomatea;Haptorida;Trachelophyllidae;Acaryophrya;Acaryophrya sp. PV-2014	""	4.88
Plantae;Rhodophyta;Florideophyceae;Acrosymphytales;Acrothesauraceae;Acrothesaurum;Acrothesaurum gemellifilum	""	0.81
Animalia;Cnidaria;Hydrozoa;Leptothecata;Tiaropsidae;Tiaropsidium;Tiaropsidium kelseyi	Hydralike animals	2.44
Chromista;NA;Dinophyceae;Gymnodiniales;Gymnodiniaceae;Gymnodinium;Gymnodinium sp. Dino2	Dinoflagellates	29.27
Plantae;Streptophyta;Magnoliopsida;Fabales;Fabaceae;Acacia;Acacia ligulata	""	3.25
Animalia;Mollusca;Gastropoda;NA;Pyramidellidae;Miralda;Miralda sp. EED-Phy-918	Gastropods	3.25
Bacteria;Pseudomonadota	""	39.84
Protozoa;Euglenozoa;Euglenida;Heteronematales;Peranemataceae;Anisonema;Anisonema sp. G1	""	0.81
Fungi;Basidiomycota;Tremellomycetes;Cystofilobasidiales;NA;NA;Cystofilobasidiales sp.	Basidio's	4.07
Chromista;Ciliophora;Spirotrichea;NA;Strombidiidae;Laboea;Laboea strobila	Ciliates	4.07
Chromista;Haptophyta;NA;Isochrysidales;Noelaerhabdaceae;Gephyrocapsa;Gephyrocapsa oceanica	Haptophytes	43.9
Chromista;NA;Chrysophyceae;NA;NA;NA;Chrysophyceae sp. CCCM41	""	1.63
Chromista;Ciliophora;Oligohymenophorea;Philasterida;Pseudocohnilembidae;Pseudocohnilembus;Pseudocohnilembus hargisi	Ciliates	4.07
Chromista;Haptophyta;NA;Prymnesiales;Prymnesiaceae;Imantonia	Haptophytes	12.2
Chromista;NA;Dinophyceae;Gonyaulacales;Crypthecodiniaceae;Crypthecodinium;Crypthecodinium sp. CAAE-CL2	Dinoflagellates	1.63
Chromista;Bacillariophyta;Bacillariophyceae;Bacillariales;Bacillariaceae;Nitzschia;Nitzschia palea	""	11.38
Protozoa;NA;NA;Rotosphaerida;Nucleariidae;Nuclearia;Nuclearia delicatula	Protozoans	12.2
Bacteria;Pseudomonadota;Alphaproteobacteria;Hyphomicrobiales;Parvibaculaceae;Anderseniella;Anderseniella baltica	""	0.81
Animalia;Annelida;Polychaeta;Phyllodocida	Scale Worm	12.2
Chromista;NA;Eustigmatophyceae;Eustigmatales;Chlorobotryaceae	""	1.63
Chromista;Oomycota;NA;Peronosporales;Peronosporaceae	""	19.51
Chromista;Bacillariophyta;Bacillariophyceae;Cymbellales	Diatoms	7.32
Animalia;Chordata;Actinopteri;Tetraodontiformes;Tetraodontidae;Takifugu	""	1.63
Chromista;Bacillariophyta;Bacillariophyceae;Bacillariales;Bacillariaceae	""	5.69
Protozoa;Euglenozoa;Kinetoplastea;Eubodonida;Bodonidae	""	2.44
Chromista;NA;Eustigmatophyceae;Eustigmatales;Monodopsidaceae;Nannochloropsis	Chromists	14.63
Chromista;Ciliophora;Spirotrichea;Tintinnida;Metacylididae;Helicostomella;Helicostomella subulata	Tintinnids	18.7
Protozoa;NA;Choanoflagellata;Craspedida;Salpingoecidae;Hartaetosiga;Hartaetosiga gracilis	Protozoans	8.94
Bacteria;Acidobacteria;Holophagae;Thermotomaculales;Thermotomaculaceae;Thermotomaculum;Thermotomaculum hydrothermale	""	0.81
Fungi;Ascomycota;Schizosaccharomycetes;Schizosaccharomycetales;Schizosaccharomycetaceae;Schizosaccharomyces	""	2.44
Animalia;Nemertea;Enopla;Monostilifera	Proboscis worms	4.88
Animalia;Mollusca;Bivalvia	Bivalves	21.95
Bacteria;Pseudomonadota;Gammaproteobacteria;Enterobacterales	""	12.2
Chromista;Bacillariophyta;Mediophyceae;Cymatosirales;Cymatosiraceae;Minutocellus;Minutocellus sp. CCMP1701	Diatoms	56.1
Animalia;Entoprocta;NA;NA;Loxosomatidae;Loxosomella;Loxosomella plakorticola	""	0.81
Chromista;Bacillariophyta;Fragilariophyceae;Fragilariales;NA;NA;Fragilariales sp. endosymbiont of Amphistegina gibbosa	""	0.81
Chromista;NA;Chrysophyceae;Chromulinales;Chromulinaceae;Ochromonas;Ochromonas sp.	""	3.25
Bacteria;Pseudomonadota;Alphaproteobacteria;Hyphomonadales;Hyphomonadaceae;NA;Hyphomonadaceae bacterium	""	2.44
Chromista;NA;Dinophyceae;Gymnodiniales;Gymnodiniaceae;Gymnodinium;Gymnodinium litoralis	Dinoflagellates	10.57
Chromista;NA;Bolidophyceae;Parmales;Triparmaceae;Triparma;Triparma pacifica	Bolidophytes	17.07
Plantae;Streptophyta;Magnoliopsida;Cucurbitales;Begoniaceae;Begonia	""	0.81
Chromista;NA;Synurophyceae;Synurales;Mallomonadaceae;Mallomonas;Mallomonas tonsurata	Synurids	1.63
Chromista;NA;Dinophyceae;Peridiniales;Peridiniaceae;Bysmatrum	""	8.13
Bacteria;Pseudomonadota;Alphaproteobacteria;Hyphomicrobiales;Rhizobiaceae	""	4.07
Chromista;NA;Dinophyceae;Peridiniales;Peridiniaceae	Dinoflagellates	34.96
Animalia;Arthropoda;Malacostraca;Amphipoda;Caprellidae;Caprella	""	0.81
Plantae;Chlorophyta;Trebouxiophyceae;Chlorellales;Chlorellaceae;Nannochloris	Green algae	47.15
Chromista;NA;Dinophyceae;Gonyaulacales;Gonyaulacaceae;Spiniferites;Spiniferites mirabilis	Dinoflagellates	17.89
Fungi;Basidiomycota;Agaricomycetes;Polyporales;NA;NA;Polyporales sp. 1 SR-2012	""	14.63
Fungi;Ascomycota;Dothideomycetes;Pleosporales;Didymellaceae	""	13.01
Chromista;Ciliophora;Heterotrichea;Heterotrichida;Condylostomatidae;Condylostoma;Condylostoma sp. SUAS-2014	Ciliates	12.2
Bacteria;Pseudomonadota;Alphaproteobacteria;Rhodobacterales;Roseobacteraceae;Ketogulonicigenium;Ketogulonicigenium vulgare	""	0.81
Plantae;Streptophyta;Magnoliopsida;Fagales;Juglandaceae;Carya;Carya illinoinensis	""	2.44
Plantae;Rhodophyta;Florideophyceae;Ceramiales;Rhodomelaceae	Red algae	8.94
Animalia;Arthropoda;Insecta;Orthoptera;Acrididae	""	2.44
Plantae;Rhodophyta;Florideophyceae;Rhodymeniales;Faucheaceae;Gloiocladia;Gloiocladia fruticulosa	Red algae	3.25
Chromista;Ciliophora;Spirotrichea;Tintinnida;Tintinnidae;Tintinnidium;Tintinnidium mucicola	Tintinnids	19.51
Chromista;Apicomplexa;Conoidasida;Archigregarinorida;Selenidiidae;Selenidium;Selenidium patagonica	Chromists	4.07
Chromista;Haptophyta;NA;Prymnesiales;Chrysochromulinaceae;Chrysochromulina;Chrysochromulina leadbeateri	Haptophytes	14.63
Chromista;Ciliophora;Heterotrichea;Heterotrichida;Stentoridae;Stentor;Stentor roeselii	""	3.25
Fungi;Ascomycota;Leotiomycetes;Erysiphales;Erysiphaceae;Erysiphe;Erysiphe heraclei	""	1.63
Animalia;Arthropoda;Insecta;Hemiptera;Diaspididae	""	0.81
Fungi;NA;Aphelidea;NA;Aphelidiaceae;Paraphelidium;Paraphelidium tribonematis	""	17.89
Chromista;NA;Bigyra;Opalinata;Blastocystidae	Chromists	4.88
Plantae;Streptophyta;Magnoliopsida;Cucurbitales;Cucurbitaceae;Cucumis	""	2.44
Animalia;Gastrotricha;NA;Chaetonotida;Chaetonotidae;Lepidodermella;Lepidodermella squamata	""	21.14
Chromista;Ciliophora;Prostomatea;Prorodontida;Colepidae	""	11.38
Animalia;Arthropoda;Arachnida;Trombidiformes;Phytoptidae	Mites	0.81
Chromista;Ciliophora;Spirotrichea;NA;Strombidiidae;Apostrombidium;Apostrombidium parakielum	Ciliates	43.09
Chromista;NA;Dinophyceae;Gymnodiniales;Gymnodiniaceae	Dinoflagellates	21.95
Chromista;Ciliophora;Spirotrichea;Sporadotrichida;Oxytrichidae;Rubrioxytricha;Rubrioxytricha haematoplasma	""	0.81
Chromista;NA;Dinophyceae;Peridiniales;Pfiesteriaceae;NA;Pfiesteria-like dinoflagellate Lucy	Dinoflagellates	7.32
Animalia;Brachiopoda;Rhynchonellata;Rhynchonellida;Basiliolidae;Basiliola	Articulate Brachiopods	0.81
Animalia;Rotifera;Eurotatoria;Ploima;Trichocercidae;Trichocerca;Trichocerca similis	""	0.81
Protozoa;Preaxostyla	""	3.25
Bacteria;Pseudomonadota;Alphaproteobacteria;Hyphomicrobiales;Phyllobacteriaceae;Mesorhizobium;Mesorhizobium septentrionale	""	0.81
Chromista;NA;Dinophyceae;Torodiniales;Torodiniaceae;Torodinium;Torodinium teredo	Dinoflagellates	27.64
Chromista;Apicomplexa;Conoidasida;Eucoccidiorida;Eimeriidae;Cyclospora	Chromists	3.25
Animalia;Rotifera;Eurotatoria;Ploima;Gastropidae;Ascomorpha;Ascomorpha ovalis	Rotifers	17.89
Protozoa;NA;Choanoflagellata;Craspedida;Salpingoecidae;Salpingoeca;Salpingoeca tuba	""	2.44
Chromista;Ciliophora;Spirotrichea;NA;Strombidiidae;Parallelostrombidium;Parallelostrombidium obesum	Ciliates	9.76
Animalia;Tardigrada;Eutardigrada;Parachela;Isohypsibiidae;Isohypsibius;Isohypsibius sp. Tar194	Eutardigrades	0.81
Protozoa;NA;Choanoflagellata;Craspedida;Salpingoecidae;Salpingoeca;Salpingoeca amphoridium	""	5.69
Chromista;NA;Phaeophyceae;Laminariales;Laminariaceae;Hedophyllum;Hedophyllum nigripes	Brown algae	7.32
Bacteria;Pseudomonadota;Gammaproteobacteria;Legionellales;Coxiellaceae;Coxiella;Candidatus Coxiella mudrowiae	Γ-proteobacteria	6.5
Chromista;Ciliophora;Nassophorea;Microthoracida;Discotrichidae;Lopezoterenia;Lopezoterenia paratorpens	Ciliates	4.07
Chromista;Haptophyta;NA;Prymnesiales;Chrysochromulinaceae;Chrysochromulina;Chrysochromulina simplex	Haptophytes	32.52
Plantae;Streptophyta;Magnoliopsida;Ericales;Ericaceae;Monotropa;Monotropa uniflora	Ghost Pipe	5.69
Plantae;Rhodophyta;Florideophyceae;Ceramiales;Ceramiaceae;Pterothamnion;Pterothamnion plumula	Red algae	23.58
Bacteria;Pseudomonadota;Alphaproteobacteria;Holosporales;Holosporaceae;NA;endosymbiont of Acanthamoeba sp. KA/E9	""	0.81
Bacteria;Pseudomonadota;Oligoflexia;Bdellovibrionales;Pseudobdellovibrionaceae;Bdellovibrio;Bdellovibrio sp. oral clone CA006	""	0.81
Chromista;NA;Dinophyceae;Syndiniales;Eudubosquellidae;Euduboscquella;Euduboscquella sp. ex Tintinnopsis sp. 2	Dinoflagellates	18.7
Bacteria;Cyanobacteria;NA;Chroococcidiopsidales;NA;Compactococcus;Compactococcus sarcinoides	Bacteria	6.5
Plantae;Streptophyta;Magnoliopsida;Saxifragales;Haloragaceae;Myriophyllum;Myriophyllum sibiricum	""	5.69
Chromista;Endomyxa;NA;Gromiida;Pseudodifflugiidae;Pseudodifflugia;Pseudodifflugia cf. gracilis	""	7.32
Fungi;Basidiomycota;Agaricomycetes;Boletales;Suillaceae;Suillus	Slippery Jacks	4.07
Animalia;Arthropoda;Insecta;Diptera;Simuliidae	""	0.81
Chromista;NA;Chrysophyceae;Chromulinales;Paraphysomonadaceae;Paraphysomonas;Paraphysomonas sp.	""	8.94
Protozoa;NA;Choanoflagellata;NA;NA;NA;Choanoflagellata sp.	Choanoflagellata sp.	34.96
Chromista;Bacillariophyta;Coscinodiscophyceae;Leptocylindrales;Leptocylindraceae;Leptocylindrus;Leptocylindrus hargravesii	Diatoms	21.14
Chromista;Ciliophora;Colpodea;Cyrtolophosidida;Platyophryidae;Platyophrya;Platyophrya vorax	""	3.25
Chromista;NA;Chrysophyceae;Chromulinales;Chromulinaceae;Pedospumella	""	23.58
Animalia;Annelida;Polychaeta;Phyllodocida;Syllidae;Myrianida;Myrianida pinnigera	""	1.63
Fungi;Ascomycota;Eurotiomycetes;Eurotiales;Aspergillaceae;Aspergillus;Aspergillus niger	""	3.25
Bacteria;Planctomycetota;Planctomycetia;Pirellulales;Pirellulaceae;Novipirellula;Novipirellula aureliae	Bacteria	4.88
Chromista;Ciliophora;Oligohymenophorea;Sessilida;Epistylidae;Epistylis;Epistylis hentscheli	Ciliates	8.13
Animalia;Rotifera;Eurotatoria;Ploima;Synchaetidae;Synchaeta	Rotifers	16.26
Chromista;NA;Dinophyceae;Peridiniales;Amphidiniopsidaceae;Amphidiniopsis;Amphidiniopsis dragescoi	""	3.25
Animalia;Bryozoa;Gymnolaemata;Cheilostomatida;Quadricellariidae;Nellia;Nellia tenella	""	6.5
Chromista;NA;Dictyochophyceae;Florenciellales	Chromists	17.89
Plantae;Streptophyta;Zygnemophyceae;Desmidiales;Desmidiaceae	""	3.25
Plantae;Streptophyta;Magnoliopsida;Fabales;Fabaceae;Glycine;Glycine max	""	4.07
Protozoa;Tubulinea;Elardia;Euamoebida;Hartmannellidae;Saccamoeba;Saccamoeba limax	""	0.81
Animalia;Cnidaria;Hydrozoa;Leptothecata;Eirenidae;Eutonina;Eutonina indicans	Umbrella jellyfish	3.25
Plantae;Rhodophyta;Florideophyceae;Gigartinales;Kallymeniaceae	Red algae	9.76
Fungi;Ascomycota;Eurotiomycetes;Verrucariales;Verrucariaceae;Verrucaria;Verrucaria devensis	Wart Lichens	2.44
Chromista;Apicomplexa;Conoidasida;Eugregarinorida;Cephaloidophoridae;Cephaloidophora;Cephaloidophora sp. KCW-2020b	Chromists	17.89
Chromista;Ciliophora;Spirotrichea;Tintinnida;Codonellidae;Tintinnopsis	""	5.69
Chromista;NA;Dinophyceae;Abediniales;Abediniaceae;Abedinium	Dinoflagellates	6.5
Bacteria;Pseudomonadota;Gammaproteobacteria;Thiotrichales;Piscirickettsiaceae;Methylophaga;Methylophaga lonarensis	Γ-proteobacteria	4.07
Chromista;Haptophyta;NA;Prymnesiales;NA;Chrysocampanula;Chrysocampanula spinifera	Haptophytes	25.2
Plantae;Streptophyta;Magnoliopsida;Poales;Poaceae;Imperata;Imperata contracta	""	2.44
Plantae;Chlorophyta;Trebouxiophyceae;Chlorellales;Oocystaceae;Hemichloris;Hemichloris antarctica	""	2.44
Bacteria;Pseudomonadota;Gammaproteobacteria;NA;NA;NA;Anodontia fragilis gill symbiont	Γ-proteobacteria	5.69
Chromista;Bacillariophyta;Bacillariophyceae;Cymbellales;Cymbellaceae;Cymbella;Cymbella cistuliformis	Diatoms	6.5
Animalia;Annelida;Polychaeta;Spionida;Spionidae	Spionid worms	17.89
Bacteria;Pseudomonadota;Alphaproteobacteria;Rhodobacterales;Roseobacteraceae	Α-proteobacteria	13.01
Chromista;Cercozoa;NA;NA;Massisteriidae;Massisteria	Chromists	4.88
Bacteria;Pseudomonadota;Alphaproteobacteria;Sphingomonadales;Sphingomonadaceae	""	12.2
Fungi;Ascomycota;Eurotiomycetes;Eurotiales;Aspergillaceae;Aspergillus	""	16.26
Bacteria;Planctomycetota;Planctomycetia;Planctomycetales;Planctomycetaceae;NA;planctomycete str. 567	Bacteria	6.5
Chromista;Bacillariophyta;Coscinodiscophyceae;Thalassiosirales;Skeletonemataceae;Skeletonema;Skeletonema tropicum	""	3.25
Chromista;Bacillariophyta;Bacillariophyceae;Naviculales;Stauroneidaceae;Stauroneis;Stauroneis phoenicenteron	""	0.81
Plantae;Streptophyta;Magnoliopsida;Poales;Poaceae;Lolium;Lolium perenne	""	4.07
Plantae;Streptophyta;Magnoliopsida;Alismatales;Araceae;Landoltia;Landoltia punctata	Dotted duckmeat	1.63
Chromista;Bacillariophyta;Fragilariophyceae;Fragilariales	""	1.63
Chromista;Oomycota;NA;Saprolegniales;Saprolegniaceae	""	5.69
Fungi;Basidiomycota;Agaricomycetes;Agaricales;Clitocybaceae	""	0.81
Protozoa;Evosea;Variosea;NA;Flamellidae;Telaepolella;Telaepolella tubasferens	""	1.63
Fungi;Mucoromycota;Umbelopsidomycetes;Umbelopsidales;Umbelopsidaceae;Umbelopsis	""	1.63
Animalia;Porifera;Demospongiae;Haplosclerida;Chalinidae;Haliclona;Haliclona sp. OGL2003	Demosponge	5.69
Chromista;NA;Dinophyceae;Syndiniales;Amoebophryaceae;Amoebophrya;Amoebophrya sp. ex Alexandrium affine	Dinoflagellates	7.32
Chromista;NA;Dinophyceae;Gonyaulacales;Goniodomataceae;Gambierdiscus;Gambierdiscus scabrosus	Dinoflagellates	7.32
Plantae;Streptophyta;Magnoliopsida;Malpighiales;Euphorbiaceae;Mercurialis;Mercurialis annua	""	8.13
Chromista;Bacillariophyta;Coscinodiscophyceae;Thalassiosirales;Thalassiosiraceae;Thalassiosira;Thalassiosira rotula	Diatoms	12.2
Chromista;Ciliophora;Oligohymenophorea;Apostomatida;Colliniidae;Lynnia;Lynnia grapsolytica	""	0.81
Animalia;Arthropoda;Insecta;Psocoptera;Liposcelididae	Booklouse	1.63
Chromista;Apicomplexa;Conoidasida;Eucoccidiorida;Eimeriidae;Eimeria	Chromists	1.63
Animalia;Annelida;Clitellata	""	4.88
Chromista;NA;Chrysophyceae;Chromulinales;Chromulinaceae;Pedospumella;Pedospumella sp. JBM19	Golden-brown algae	2.44
Chromista;NA;Dinophyceae;Peridiniales;Peridiniaceae;Pentapharsodinium;Pentapharsodinium tyrrhenicum	Dinoflagellates	8.13
Bacteria;Pseudomonadota;Alphaproteobacteria;Hyphomicrobiales;Nitrobacteraceae;Bradyrhizobium;Bradyrhizobium diazoefficiens	""	7.32
Protozoa;Discosea	""	0.81
Fungi;Basidiomycota;Agaricomycetes;Russulales;Auriscalpiaceae;Auriscalpium;Auriscalpium vulgare	""	1.63
Animalia;Arthropoda;Hexanauplia;Siphonostomatoida;Caligidae;Caligus;Caligus uniartus	""	1.63
Chromista;Ciliophora;Litostomatea;Pleurostomatida;Amphileptidae;Amphileptus	""	25.2
Protozoa;Cercozoa;NA;Cercomonadida;Cercomonadidae;Paracercomonas;Paracercomonas compacta	""	0.81
Chromista;Haptophyta;NA;Isochrysidales	Haptophytes	14.63
Bacteria;Pseudomonadota;Alphaproteobacteria;Maricaulales;Maricaulaceae;Maricaulis;Maricaulis maris	""	2.44
Fungi;Basidiomycota;Agaricomycetes;Polyporales;Polyporaceae;Polyporus;Polyporus gayanus	Bracket polypores	3.25
Chromista;Ciliophora;Spirotrichea;Tintinnida;Codonellidae;Codonella;Codonella aspera	""	2.44
Fungi;Ascomycota;Pezizomycetes;Pezizales	Cup Fungus	7.32
Chromista;Ciliophora;Oligohymenophorea;Sessilida	""	30.08
Fungi;Basidiomycota;Agaricomycetes;Cantharellales;Tulasnellaceae;Tulasnella;Tulasnella sp. FCUG 2668	Basidio's	1.63
Plantae;Streptophyta;Magnoliopsida;Fabales;Fabaceae;Acacia;Acacia littorea	Acacia	2.44
Fungi;Basidiomycota;Microbotryomycetes;Sporidiobolales;Sporidiobolaceae;Rhodotorula;Rhodotorula glutinis	Basidio's	0.81
Plantae;Streptophyta;Magnoliopsida;Lamiales;Scrophulariaceae	""	13.82
Animalia;Cnidaria;Hydrozoa	Hydralike animals	37.4
Bacteria;Pseudomonadota;Epsilonproteobacteria;Campylobacterales;Campylobacteraceae;Campylobacter	""	3.25
Fungi;Basidiomycota;Tremellomycetes;Tremellales;Bulleribasidiaceae;Bulleribasidium;Bulleribasidium cremeum	""	0.81
Chromista;Ciliophora;Spirotrichea;Urostylida;Holostichidae;Anteholosticha;Anteholosticha scutellum	Ciliates	0.81
Bacteria;Pseudomonadota;Alphaproteobacteria;Kordiimonadales;NA;NA;Kordiimonadales bacterium IMCC3096	""	1.63
Chromista;Bacillariophyta;Fragilariophyceae;Licmophorales;Ulnariaceae	Diatoms	5.69
Protozoa;NA;Choanoflagellata;Acanthoecida;Stephanoecidae;Stephanoeca;Stephanoeca diplocostata	""	21.95
Animalia;Arthropoda;Hexanauplia;Cyclopoida;Cyclopidae;Euryte;Euryte sp. New Caledonia-RJH-2004	""	0.81
Chromista;NA;Dinophyceae;Gonyaulacales;Ceratiaceae	Dinoflagellates	19.51
Plantae;Rhodophyta;Florideophyceae;Corallinales;Corallinaceae;Jania;Jania sp. OK239	""	2.44
Animalia;Arthropoda;Hexanauplia;Cyclopoida;Oithonidae	""	3.25
Protozoa;Cryptomycota;NA;NA;NA;Paramicrosporidium;Paramicrosporidium sp.	""	4.88
Chromista;Ciliophora;Litostomatea;Haptorida;Didiniidae	""	1.63
Animalia;Cnidaria;Anthozoa;Pennatulacea;Virgulariidae;Acanthoptilum;Acanthoptilum sp.	Anthozoans	4.88
Animalia;Nematoda	""	0.81
Animalia;Mollusca;Gastropoda;Littorinimorpha;Lacunidae;Lacuna;Lacuna vincta	""	0.81
Chromista;Ciliophora;Spirotrichea;Choreotrichida;Strombidinopsidae;Strombidinopsis;Strombidinopsis acuminata	Ciliates	4.07
Chromista;Apicomplexa;Conoidasida;Eugregarinorida;Ganymedidae;Ganymedes;Ganymedes themistos	Chromists	5.69
Animalia;Mollusca;Gastropoda;Pteropoda;Cavoliniidae;Cavolinia;Cavolinia uncinata	Long Spine Sea Butterfly	2.44
Plantae;Streptophyta;Magnoliopsida;Sapindales;Rutaceae;Melicope	""	1.63
Animalia;Nematomorpha;Gordioida;Chordodea;Chordodidae;Chordodes;Chordodes sp. BSG-2002	""	8.94
Animalia;Cnidaria;Hydrozoa;Anthoathecata;Tubulariidae;Ectopleura	Hydralike animals	9.76
Chromista;NA;Cryptophyceae;Pyrenomonadales	Chromists	5.69
Chromista;Cercozoa;Imbricatea;Thaumatomonadida;Thaumatomastigidae;Thaumatomastix;Thaumatomastix sp. 4 JMS-2012	Chromists	13.82
Chromista;Bacillariophyta;Fragilariophyceae;Licmophorales;Ulnariaceae;Catacombas;Catacombas gaillonii	Diatoms	4.88
Chromista;NA;Chrysophyceae;Chromulinales;Chromulinaceae;Ochromonas;Ochromonas sp. AC514	""	0.81
Protozoa;Euglenozoa;Euglenida;Petalomonadida;Sphenomonadidae;Sphenomonas;Sphenomonas cf. tristriata	Euglenoids	14.63
Chromista;Foraminifera;NA;Rotaliida;Globigerinidae;Globigerinita;Globigerinita uvula	""	0.81
Plantae;Rhodophyta;Florideophyceae;Gigartinales;Phyllophoraceae;Ahnfeltiopsis;Ahnfeltiopsis flabelliformis	""	0.81
Fungi;Chytridiomycota;Chytridiomycetes;Spizellomycetales	Chitridiomycetes	8.13
Protozoa;Euglenozoa;Euglenida;NA;NA;Rapaza;Rapaza viridis	Euglenoids	10.57
Animalia;Bryozoa;Stenolaemata;Tubuliporida;Tubuliporidae	""	1.63
Fungi;Basidiomycota;Cystobasidiomycetes;Cystobasidiales;Cystobasidiaceae;Cystobasidium;Cystobasidium sp.	Basidio's	2.44
Animalia;Nemertea;Pilidiophora;Heteronemertea	Proboscis worms	5.69
Chromista;NA;Dinophyceae;Peridiniales;Protoperidiniaceae;Protoperidinium;Protoperidinium pentagonum	Dinoflagellates	8.94
Bacteria;Pseudomonadota;Deltaproteobacteria;Desulfobacterales;Desulfobulbaceae;Desulfurivibrio;Desulfurivibrio alkaliphilus	Bacteria	8.94
Animalia;Mollusca;Gastropoda;NA;Lymnaeidae;Peregriana;Peregriana peregra	""	0.81
Bacteria;Planctomycetota;Planctomycetia;Planctomycetales;Planctomycetaceae;Crateriforma;Crateriforma conspicua	""	4.88
Plantae;Streptophyta;Magnoliopsida;Poales	""	6.5
Fungi;Ascomycota;Eurotiomycetes;Eurotiales;Aspergillaceae;Aspergillus;Aspergillus niveoglaucus	""	0.81
Chromista;NA;Bigyra;Labyrinthulida;Labyrinthulaceae;Labyrinthula	Chromists	25.2
Animalia;Bryozoa;Gymnolaemata;Cheilostomatida;Candidae;Tricellaria;Tricellaria monotrypa	""	1.63
Fungi;Basidiomycota;Microbotryomycetes	""	9.76
Animalia;Arthropoda;Hexanauplia;Calanoida;Centropagidae;Sinocalanus;Sinocalanus sp.	Calanoid Copepods	8.13
Chromista;NA;Dinophyceae;Syndiniales;Eudubosquellidae;Euduboscquella	""	1.63
Animalia;Arthropoda;Hexanauplia;Calanoida;Calanidae;Calanus	Calanoid Copepods	24.39
Plantae;Streptophyta;Magnoliopsida;Saxifragales;Haloragaceae;Myriophyllum	""	0.81
Plantae;Streptophyta;Magnoliopsida;Caryophyllales;Aizoaceae	""	2.44
Fungi;Basidiomycota;Agaricomycetes;Polyporales	""	17.07
Bacteria;Planctomycetota;Planctomycetia;Planctomycetales;Planctomycetaceae;Rubinisphaera;Rubinisphaera italica	""	1.63
Chromista;Bacillariophyta;Bacillariophyceae;Naviculales;Naviculaceae;Navicula;Navicula veneta	""	4.07
Fungi;Ascomycota;Dothideomycetes;Venturiales;Sympoventuriaceae	Asco's	4.07
Chromista;NA;Chrysophyceae;NA;NA;NA;Spumella-like flagellate JBM08	""	8.94
Protozoa;Euglenozoa;NA;Diplonemea;NA;NA;Diplonemida sp. 1sb RG-2016	""	1.63
Plantae;Rhodophyta;Florideophyceae;Gigartinales;Kallymeniaceae;Callophyllis;Callophyllis rangiferina	Red algae	11.38
Plantae;Streptophyta;Magnoliopsida;Solanales;Solanaceae;Physalis;Physalis heterophylla	""	0.81
Bacteria;Pseudomonadota;Alphaproteobacteria;Rhodospirillales;Rhodospirillaceae;Ferrovibrio;Ferrovibrio xuzhouensis	""	4.07
Fungi;Ascomycota;Dothideomycetes;Pleosporales;Pleosporaceae;Pyrenophora	Asco's	0.81
Chromista;NA;Centroplasthelida	Chromists	17.89
Chromista;NA;Chrysophyceae;Chromulinales;Chromulinaceae	""	5.69
Chromista;Bacillariophyta;Bacillariophyceae;Naviculales	""	4.07
Animalia;Annelida;Polychaeta;Phyllodocida;Glyceridae;Glycera;Glycera sp. DC-2019	""	1.63
Bacteria;Pseudomonadota;Gammaproteobacteria;Xanthomonadales;Xanthomonadaceae	""	0.81
Animalia;Arthropoda;Hexanauplia;Cyclopoida;Cyclopidae;Diacyclops;Diacyclops bisetosus	Copepods	7.32
Chromista;Ciliophora;Spirotrichea;Choreotrichida	Ciliates	20.33
Chromista;Apicomplexa;Conoidasida;Eucoccidiorida;Cryptosporidiidae;Cryptosporidium;Cryptosporidium baileyi	Chromists	19.51
Chromista;Apicomplexa;Conoidasida;Eugregarinorida;Lecudinidae;Lecudina;Lecudina polymorpha	Chromists	6.5
Chromista;NA;Cryptophyceae;Cyathomonadacea;Goniomonadaceae;Goniomonas;Goniomonas sp. SH-8	Cryptomonads	1.63
Animalia;Chordata;Ascidiacea;Phlebobranchia;Ascidiidae;Ascidia;Ascidia mentula	Ascidia	5.69
Chromista;NA;Bigyra;Thraustochytrida;Thraustochytriaceae;NA;Thraustochytriidae sp. thel2	Chromists	4.07
Plantae;Rhodophyta;Florideophyceae;Ceramiales;Callithamniaceae	Red algae	3.25
Chromista;NA;Bigyra;Bicosoecida	""	2.44
Animalia;Annelida;Polychaeta;NA;Scalibregmatidae;Scalibregma;Scalibregma inflatum	Paddle-footed annelids	4.88
Chromista;NA;Dinophyceae;Prorocentrales;Prorocentraceae;Prorocentrum;Prorocentrum sipadanense	Dinoflagellates	4.07
Chromista;NA;Dinophyceae;Peridiniales;Diplopsaliaceae;Niea;Niea torta	""	1.63
Animalia;Acanthocephala;Eoacanthocephala;Neoechinorhynchida;Neoechinorhynchidae	""	3.25
Fungi;Basidiomycota;Agaricomycetes;Polyporales;Polyporaceae;Polyporus;Polyporus radicatus	""	0.81
Animalia;Cnidaria;Hydrozoa;Leptothecata;Clytiidae;Clytia;Clytia hemisphaerica	Hydroid	4.07
Animalia;Rotifera;Eurotatoria;Ploima;Brachionidae;Brachionus;Brachionus angularis	""	2.44
Animalia;Ctenophora;Tentaculata;Lobata;Bolinopsidae;Bolinopsis;Bolinopsis infundibulum	Common northern comb jelly	5.69
Animalia;Arthropoda;Malacostraca;Decapoda;Palinuridae;Jasus;Jasus tristani	""	0.81
Plantae;Chlorophyta;Trebouxiophyceae;Chlorellales;Chlorellaceae;Chlorella;Chlorella sp.	""	0.81
Animalia;Mollusca;Bivalvia;Venerida	Bivalves	4.88
Chromista;NA;Dinophyceae;Syndiniales;Ellobiopsidae;Thalassomyces;Thalassomyces sp. Ello476-1c5	Dinoflagellates	9.76
Chromista;Foraminifera;NA;Rotaliida	Foraminiferans	3.25
Animalia;Platyhelminthes;Cestoda	""	1.63
Plantae;Streptophyta;Magnoliopsida;Asparagales;Orchidaceae	Orchid	9.76
Fungi;Basidiomycota;Agaricomycetes;Boletales;Suillaceae;Suillus;Suillus cavipes	Hollow Bolete	1.63
Chromista;Ciliophora;Spirotrichea;Euplotida;Euplotidae;Euplotes;Euplotes aediculatus	""	3.25
Chromista;Ciliophora;Spirotrichea;Urostylida;Urostylidae;Uroleptus;Uroleptus sp. WJC-2003	""	1.63
Chromista;NA;Dinophyceae;Peridiniales;Ostreopsidaceae;Ostreopsis;Ostreopsis cf. ovata	Dinoflagellates	5.69
Chromista;Bacillariophyta;Mediophyceae;Biddulphiales;Biddulphiaceae;Biddulphia;Biddulphia sp. CCMP147	Diatoms	16.26
Animalia;Arthropoda;Hexanauplia;Cyclopoida;Cyclopidae	""	13.82
Animalia;Brachiopoda;Rhynchonellata	""	0.81
Animalia;Mollusca;Bivalvia;Venerida;Sphaeriidae;Sphaerium;Sphaerium striatinum	Witham orb mussel	8.94
Chromista;Bacillariophyta;Coscinodiscophyceae;Chaetocerotales;Chaetocerotaceae;Chaetoceros;Chaetoceros diversus	Diatoms	10.57
Plantae;Chlorophyta;Mamiellophyceae;Dolichomastigales;Crustomastigaceae;Crustomastix;Crustomastix sp. MBIC10709	Green algae	4.88
Protozoa;Discosea;Flabellinia;Dactylopodida;Paramoebidae;Paramoeba	""	3.25
Chromista;NA;Bigyra;Oblongichytrida;NA;Oblongichytrium;Oblongichytrium sp. PBS05	Oblongichytrium sp. PBS05	11.38
Fungi;Ascomycota;Eurotiomycetes;Eurotiales;Aspergillaceae;Aspergillus;Aspergillus sp. DTO 356-D6	""	1.63
Chromista;Ciliophora;Oligohymenophorea;Philasterida;Loxocephalidae;Dexiotricha;Dexiotricha elliptica	Ciliates	4.07
Animalia;Mollusca;Polyplacophora;Chitonida	""	3.25
Plantae;Streptophyta;Magnoliopsida;Asparagales;Orchidaceae;Dichaea	""	4.88
Bacteria;Verrucomicrobia;Opitutae;Puniceicoccales;Puniceicoccaceae;Coraliomargarita;Coraliomargarita akajimensis	Bacteria	21.14
Chromista;Ciliophora;Spirotrichea;Sporadotrichida;Oxytrichidae;Protogastrostyla;Protogastrostyla pulchra	Ciliates	4.07
Plantae;Chlorophyta;Chlorophyceae;Chlamydomonadales;Chlamydomonadaceae	""	6.5
Plantae;Streptophyta;Magnoliopsida;Ericales;Primulaceae;Primula;Primula sunhangii	""	2.44
Bacteria;Pseudomonadota;Alphaproteobacteria;Rhodobacterales;Roseobacteraceae;Lentibacter;Lentibacter sp.	""	0.81
Plantae;Rhodophyta	Red algae	8.13
Chromista;Endomyxa;Phytomyxea;Plasmodiophorida;Plasmodiophoridae;Spongospora;Spongospora subterranea	""	1.63
Chromista;Ciliophora;Oligohymenophorea;Mobilida;Trichodinidae;Trichodina;Trichodina hypsilepis	""	1.63
Bacteria;Pseudomonadota;Gammaproteobacteria;Pasteurellales;Pasteurellaceae;Haemophilus;Haemophilus haemolyticus	""	4.07
Plantae;Chlorophyta;Mamiellophyceae;Mamiellales	Green algae	12.2
Bacteria;Pseudomonadota;Gammaproteobacteria;Pseudomonadales;Pseudomonadaceae;Pseudomonas	Γ-proteobacteria	9.76
Animalia;Annelida;Polychaeta;NA;Orbiniidae;Scoloplos;Scoloplos armiger	Armored bristleworm	4.07
Chromista;Ciliophora;Litostomatea;Haptorida;Trachelophyllidae;Lagynophrya;Lagynophrya acuminata	""	4.88
Bacteria;Pseudomonadota;Alphaproteobacteria;Hyphomicrobiales;Methylobacteriaceae;Methylorubrum;Methylorubrum sp. GM97	""	5.69
Animalia;Cnidaria;Hydrozoa;Leptothecata;Sertulariidae	Hydralike animals	5.69
Animalia;Cnidaria;Hydrozoa;Narcomedusae	Narcomedusas	6.5
Chromista;Ciliophora;Nassophorea;Synhymeniida;Scaphidiodontidae;Chilodontopsis;Chilodontopsis depressa	""	8.13
Animalia;Arthropoda;Arachnida;Sarcoptiformes;Acaridae	""	0.81
Animalia;Annelida;Polychaeta;NA;Nerillidae;Mesonerilla;Mesonerilla sp. A MJH-2022	""	0.81
Plantae;Rhodophyta;Florideophyceae;Rhodymeniales;Lomentariaceae	""	1.63
Plantae;Streptophyta;Magnoliopsida;Solanales;Solanaceae;Capsicum;Capsicum annuum	""	6.5
Plantae;Chlorophyta;Pyramimonadophyceae;Pyramimonadales;Polyblepharidaceae;Polyblepharides;Polyblepharides amylifera	""	0.81
Chromista;Ciliophora;Colpodea;Colpodida;Colpodidae	""	4.88
Animalia;Mollusca;Bivalvia;Venerida;Vesicomyidae;Archivesica;Archivesica marissinica	Bivalves	10.57
Plantae;Streptophyta;Magnoliopsida;Fabales;Fabaceae;Phaseolus;Phaseolus vulgaris	French Bean	27.64
Fungi;Basidiomycota;Malasseziomycetes;Malasseziales;Malasseziaceae;Malassezia;Malassezia sympodialis	""	6.5
Protozoa;Cercozoa;NA;Cercomonadida;Cercomonadidae;Cercomonas;Cercomonas braziliensis	""	1.63
Bacteria;Pseudomonadota;Epsilonproteobacteria;Campylobacterales	""	0.81
Fungi;Ascomycota;Eurotiomycetes;Eurotiales;Aspergillaceae;Aspergillus;Aspergillus sp.	""	4.88
Fungi;Basidiomycota;Tremellomycetes;Tremellales;Bulleribasidiaceae;Dioszegia;Dioszegia milinica	""	3.25
Fungi;Basidiomycota;Agaricomycetes;Boletales;Boletaceae;Imleria;Imleria badia	""	1.63
Chromista;NA;Dinophyceae;Gymnodiniales;Gymnodiniaceae;Gymnodinium;Gymnodinium fuscum	""	2.44
Fungi;Basidiomycota;Microbotryomycetes;Sporidiobolales	""	7.32
Animalia;Platyhelminthes	""	5.69
Bacteria;Pseudomonadota;Deltaproteobacteria;Myxococcales;Sandaracinaceae;Sandaracinus;Sandaracinus amylolyticus	Myxobacteria	4.88
Chromista;NA;Dinophyceae;Peridiniales;Peridiniaceae;Bysmatrum;Bysmatrum subsalsum	""	8.13
Animalia;Nemertea;Enopla;Monostilifera;Amphiporidae;Zygonemertes;Zygonemertes virescens	Proboscis worms	4.07
Chromista;NA;Cryptophyceae;Cryptomonadales;Cryptomonadaceae;Cryptomonas;Cryptomonas lundii	Cryptomonads	8.13
Chromista;NA;Chrysophyceae;Chromulinales;Chromulinaceae;Spumella;Spumella sp.	""	1.63
Plantae;Rhodophyta;Florideophyceae;Gigartinales;Kallymeniaceae;Croisettea;Croisettea tasmanica	Red algae	3.25
Bacteria;Pseudomonadota;Gammaproteobacteria;Cellvibrionales;Spongiibacteraceae;Sinobacterium;Sinobacterium caligoides	""	0.81
Animalia;Arthropoda;Hexanauplia;Cyclopoida	Cyclopoid Copepods	4.88
Plantae;Streptophyta;Magnoliopsida;Poales;Eriocaulaceae	""	1.63
Chromista;NA;Phaeophyceae;Fucales;Sargassaceae	Brown algae	12.2
Protozoa;NA;NA;Apusomonadida;Apusomonadidae	""	1.63
Chromista;Apicomplexa;Conoidasida;Eucoccidiorida;Sarcocystidae;Sarcocystis;Sarcocystis miescheriana	""	4.88
Plantae;Streptophyta;Bryopsida;Pottiales;Pottiaceae;Didymodon;Didymodon nigrescens	Black didymodon moss	0.81
Bacteria;Pseudomonadota;Gammaproteobacteria;Thiotrichales;Francisellaceae;Francisella;Francisella frigiditurris	""	2.44
Chromista;Foraminifera	Foraminiferans	6.5
Animalia;Annelida;Polychaeta;Sabellida;Sabellidae;Chone;Chone infundibuliformis	Fanworms	3.25
Plantae;Streptophyta;Magnoliopsida;Asparagales;Orchidaceae;Bulbophyllum;Bulbophyllum stenobulbon	""	3.25
Chromista;NA;Dinophyceae;Peridiniales;Peridiniaceae;Peridinium;Peridinium foliaceum	""	1.63
Plantae;Streptophyta;Magnoliopsida;Malpighiales;Hypericaceae	""	4.88
Fungi;Basidiomycota;Tremellomycetes;Trichosporonales;Trichosporonaceae;Vanrija;Vanrija nantouana	Basidio's	17.07
Animalia;Arthropoda;Hexanauplia;Calanoida;Clausocalanidae;Pseudocalanus	Calanoid Copepods	15.45
Protozoa;Discosea;Flabellinia;NA;Vannellidae	""	9.76
Animalia;Chordata;Lepidosauria;Squamata;Dactyloidae;Anolis	""	0.81
Animalia;Mollusca	""	1.63
Fungi;Basidiomycota;Microbotryomycetes;Sporidiobolales;Sporidiobolaceae;Rhodotorula	""	5.69
Chromista;NA;Dinophyceae;Peridiniales;Pyrophaceae;Pyrophacus;Pyrophacus steinii	Dinoflagellates	8.94
Chromista;Bacillariophyta;Fragilariophyceae;Rhaponeidales;Rhaphoneidaceae;Rhaphoneis	""	1.63
Bacteria;Pseudomonadota;Alphaproteobacteria;Hyphomicrobiales;Beijerinckiaceae;Rhodoblastus;Rhodoblastus sp.	""	0.81
Fungi;Mucoromycota;Glomeromycetes;Paraglomerales;Pervetustaceae;Pervetustus	""	1.63
Bacteria;Pseudomonadota;Alphaproteobacteria;Rhodobacterales;Paracoccaceae;NA;Rhodobacteraceae bacterium JAMH 0111	Α-proteobacteria	4.88
Chromista;Ciliophora;Heterotrichea;Heterotrichida;Peritromidae;Peritromus;Peritromus kahli	""	0.81
Plantae;Streptophyta;Magnoliopsida;Apiales	""	2.44
Chromista;Ciliophora;Spirotrichea;Euplotida;Euplotidae;Euplotes;Euplotes parabalteatus	""	3.25
Chromista;NA;Dinophyceae;Gonyaulacales;Amphidomataceae;Azadinium;Azadinium caudatum	Dinoflagellates	7.32
Animalia;Cnidaria;Scyphozoa;Semaeostomeae;Ulmaridae;Phacellophora;Phacellophora camtschatica	""	5.69
Bacteria;Pseudomonadota;Deltaproteobacteria;Desulfuromonadales;Geobacteraceae;Geobacter;Geobacter sp. enrichment culture clone VanCtr1	""	2.44
Chromista;Bacillariophyta;Mediophyceae;Eupodiscales;Odontellaceae;Pseudictyota;Pseudictyota dubia	""	0.81
Plantae;Streptophyta;Magnoliopsida;Asparagales;Amaryllidaceae;Leucojum;Leucojum aestivum	""	3.25
Animalia;Cnidaria;Scyphozoa;Semaeostomeae	Semaeostome Jellyfish	4.07
Chromista;Bacillariophyta;Mediophyceae;Triceratiales;Triceratiaceae;Pleurosira;Pleurosira cf. laevis	Diatoms	9.76
Bacteria;Pseudomonadota;Gammaproteobacteria;Methylococcales;Methylococcaceae;NA;Methylococcaceae bacterium	Γ-proteobacteria	2.44
Chromista;NA;Pelagophyceae	""	14.63
Chromista;NA;Dinophyceae;Peridiniales;Protoperidiniaceae;Protoperidinium;Protoperidinium crassipes	Dinoflagellates	9.76
Plantae;Streptophyta;Magnoliopsida;Fabales;Fabaceae;Marmaroxylon;Marmaroxylon magdalenae	""	9.76
Animalia;Arthropoda;Hexanauplia;Harpacticoida;Harpacticidae;Zausodes;Zausodes arenicolus	""	0.81
Chromista;NA;Dinophyceae;Syndiniales;Syndiniaceae;Syndinium;Syndinium sp. ex Corycaeus sp.	Dinoflagellates	8.13
Chromista;Apicomplexa;Conoidasida;Archigregarinorida;Selenidiidae;Selenidium;Selenidium neosabellariae	Chromists	7.32
Fungi;Ascomycota;Lecanoromycetes;Pertusariales;Ochrolechiaceae;Ochrolechia;Ochrolechia parella	Crab's Eye Lichen	1.63
Fungi;Ascomycota;Leotiomycetes;NA;Pseudeurotiaceae	""	1.63
Chromista;Ciliophora;Litostomatea;Haptorida;Dileptidae;Dileptus;Dileptus sp. FG-2015	""	0.81
Fungi;Ascomycota;Saccharomycetes;Saccharomycetales;Phaffomycetaceae;Starmera;Starmera caribaea	""	1.63
Protozoa;NA;Ichthyosporea;Dermocystida;NA;Dermocystidium;Dermocystidium salmonis	Protozoans	1.63
Chromista;Ciliophora;Prostomatea;Prorodontida;Prorodontidae;Prorodon;Prorodon ovum	""	0.81
Fungi;Mucoromycota;Glomeromycetes;Glomerales;Glomeraceae;Glomus;Glomus sp. 3 SUN-2011	""	3.25
Chromista;NA;Dinophyceae;Peridiniales;Protoperidiniaceae;Protoperidinium;Protoperidinium divergens	Dinoflagellates	9.76
Chromista;Ciliophora;Oligohymenophorea;Astomatida;Anoplophryidae;Anoplophrya;Anoplophrya marylandensis	""	0.81
Bacteria;Planctomycetota;Planctomycetia;Pirellulales;Pirellulaceae;Rubripirellula	""	4.88
Plantae;Rhodophyta;Bangiophyceae;Cyanidiales;Cyanidiaceae;Cyanidioschyzon;Cyanidioschyzon sp. Y16	""	0.81
Chromista;Bacillariophyta;Coscinodiscophyceae;Stephanodiscales;Stephanodiscaceae;Cyclotella;Cyclotella gamma	""	0.81
Chromista;NA;Xanthophyceae	""	3.25
Fungi;Ascomycota;Laboulbeniomycetes;Pyxidiophorales;Pyxidiophoraceae;Pyxidiophora;Pyxidiophora nyctalidis	Asco's	0.81
Plantae;Chlorophyta;Chlorophyceae;Chlamydomonadales;Chlamydomonadaceae;Chloromonas;Chloromonas fonticola	Chlorophycean Green Algae	0.81
Chromista;NA;Dinophyceae;Suessiales;Symbiodiniaceae;Breviolum;Breviolum minutum	Dinoflagellates	8.94
Plantae;Rhodophyta;Florideophyceae;Gigartinales;Dumontiaceae	Red algae	5.69
Fungi;Ascomycota;Dothideomycetes;Pleosporales;Didymellaceae;Neoascochyta	Asco's	0.81
Plantae;Streptophyta;Magnoliopsida;Poales;Poaceae;Gastridium;Gastridium phleoides	""	0.81
Plantae;Streptophyta;Magnoliopsida;Gentianales;Rubiaceae;Gynochthodes;Gynochthodes officinalis	""	2.44
Chromista;Foraminifera;NA;Rotaliida;Stainforthiidae;Stainforthia	""	0.81
Plantae;Streptophyta;Magnoliopsida;Ericales;Ebenaceae;Diospyros;Diospyros lotus	""	0.81
Chromista;Oomycota;NA;Pythiales;Pythiaceae;Pythium	""	17.89
Chromista;NA;Dinophyceae;Peridiniales;Peridiniaceae;Peridinium	""	8.94
Animalia;Chordata;Ascidiacea;Stolidobranchia;Styelidae;Styela	""	0.81
Animalia;Tardigrada;Eutardigrada	Eutardigrades	4.07
Chromista;NA;Dinophyceae;Suessiales;Symbiodiniaceae;Cladocopium;Cladocopium sp. clade C	""	0.81
Fungi;Ascomycota;Saccharomycetes;Saccharomycetales;Debaryomycetaceae;Yamadazyma;Yamadazyma scolyti	""	1.63
Animalia;Ctenophora;Nuda;Beroida;Beroidae;Beroe	""	4.88
Fungi;Ascomycota;Dothideomycetes;Stigmatodiscales;Stigmatodiscaceae	""	0.81
Animalia;Cnidaria;Hydrozoa;Leptothecata;Campanulariidae;Calycella;Calycella syringa	Creeping bell hydroid	4.07
Chromista;Ciliophora;Phyllopharyngea;Dysteriida;Hartmannulidae;Trichopodiella;Trichopodiella faurei	Ciliates	16.26
Animalia;Cnidaria;Hydrozoa;Leptothecata;Obeliidae;Obelia;Obelia longissima	Hydroid	5.69
Animalia;Cnidaria;Hydrozoa;Anthoathecata;Hydridae;Hydra;Hydra oligactis	""	2.44
Animalia;Chordata;Ascidiacea;Phlebobranchia;Corellidae;Corella;Corella eumyota	Orange-tipped sea squirt	7.32
Animalia;Platyhelminthes;Rhabditophora;Rhabdocoela	""	1.63
Plantae;Streptophyta;Magnoliopsida;Brassicales;Brassicaceae;Brassica;Brassica napus	""	0.81
Animalia;Porifera;Demospongiae;Clionaida;Clionaidae	""	1.63
Chromista;Bacillariophyta;Fragilariophyceae;Fragilariales;Fragilariaceae;Fragilaria;Fragilaria vaucheriae	Diatoms	2.44
Plantae;Chlorophyta;Trebouxiophyceae;Watanabeales;NA;Jaagichlorella	Green algae	3.25
Animalia;Cnidaria;Hydrozoa;Anthoathecata;Bougainvilliidae;Bougainvillia;Bougainvillia sp. AGC-2001	Hydralike animals	9.76
Chromista;NA;Chrysophyceae;Hydrurales;Hydruraceae;Hydrurus;Hydrurus sp.	""	0.81
Plantae;Streptophyta;Magnoliopsida;Zingiberales;Musaceae;Musa	""	0.81
Animalia;Mollusca;Gastropoda;Littorinimorpha;Littorinidae;Littorina;Littorina littorea	Common Periwinkle	1.63
Protozoa;Discosea;NA;Himatismenida;NA;Parvamoeba;Parvamoeba rugata	Protozoans	7.32
Bacteria;Pseudomonadota;Epsilonproteobacteria;Campylobacterales;Arcobacteraceae	Bacteria	15.45
Fungi;Basidiomycota;Agaricomycetes;Hymenochaetales;Schizoporaceae;Xylodon;Xylodon rimosissimus	""	19.51
Bacteria;Pseudomonadota;Alphaproteobacteria;Hyphomicrobiales;Methylobacteriaceae;Microvirga;Microvirga sp. R24	""	0.81
Chromista;NA;Bigyra;Thraustochytrida;Thraustochytriaceae;Thraustochytrium	Chromists	8.13
Fungi;Basidiomycota;Agaricomycetes;Cantharellales;Botryobasidiaceae;Botryobasidium;Botryobasidium subcoronatum	Basidio's	2.44
Animalia;Arthropoda;Hexanauplia;Calanoida;Ridgewayiidae;Exumella;Exumella mediterranea	""	2.44
Chromista;Haptophyta;NA;Prymnesiales;Prymnesiaceae;Prymnesium;Prymnesium calathiferum	""	3.25
Chromista;Apicomplexa;Conoidasida;Eucoccidiorida;Sarcocystidae;Sarcocystis;Sarcocystis suihominis	Chromists	7.32
Chromista;NA;Bigyra;Bicosoecida;Cafeteriaceae;Pseudobodo	Chromists	2.44
Animalia;Ctenophora	""	6.5
Chromista;Ciliophora;Oligohymenophorea;Pleuronematida;Cyclidiidae;Cyclidium;Cyclidium plouneouri	Ciliates	0.81
Animalia;Arthropoda;Ichthyostraca;Porocephalida;Sebekidae;Sebekia	""	3.25
Fungi;Basidiomycota;Agaricomycetes;Hymenochaetales	""	4.07
Plantae;Streptophyta;Magnoliopsida;Poales;Poaceae;Oryza;Oryza brachyantha	""	0.81
Protozoa;NA;NA;Ancyromonadida;Ancyromonadidae;Ancyromonas;Ancyromonas sigmoides	""	1.63
Animalia;Echinodermata;Holothuroidea	""	3.25
Chromista;Ciliophora;Oligohymenophorea;Peniculida;Parameciidae;Paramecium;Paramecium bursaria	Green slipper animalcule	13.01
Animalia;Mollusca;Bivalvia;Mytilida;Mytilidae;NA;Mytilidae gen. n. sp. c ST-2022	""	0.81
Animalia;Mollusca;Gastropoda;Littorinimorpha;Bursidae;Bursa;Bursa rhodostoma	St. Thomas frogsnail	0.81
Animalia;Bryozoa;Gymnolaemata;Cheilostomatida;Smittinidae;Parasmittina	""	1.63
Chromista;Bacillariophyta;Coscinodiscophyceae;NA;Aulacoseiraceae;Aulacoseira	""	0.81
Fungi;Basidiomycota;Microbotryomycetes;Sporidiobolales;Sporidiobolaceae;Rhodosporidiobolus;Rhodosporidiobolus poonsookiae	""	8.13
Plantae;Streptophyta;Magnoliopsida;Sapindales;Burseraceae;Bursera;Bursera instabilis	""	2.44
Plantae;Streptophyta;Magnoliopsida;Fabales;Polygalaceae;Xanthophyllum;Xanthophyllum hainanense	""	4.88
Chromista;Bacillariophyta;Fragilariophyceae;Rhabdonematales;Grammatophoraceae;Grammatophora	Diatoms	13.82
Bacteria;Pseudomonadota;Oligoflexia;Bdellovibrionales;Pseudobdellovibrionaceae;Bdellovibrio;Bdellovibrio bacteriovorus	Bacteria	4.07
Chromista;Perkinsozoa;NA;Perkinsida;Perkinsidae;Parvilucifera;Parvilucifera rostrata	Chromists	10.57
Animalia;Arthropoda;Insecta;Hymenoptera	Ant, Bee, Wasp, Sawfly	6.5
Bacteria;Pseudomonadota;Deltaproteobacteria;Desulfuromonadales;Desulfuromonadaceae;Pelobacter;Pelobacter sp. A3b3	Bacteria	13.82
Bacteria;Pseudomonadota;Alphaproteobacteria;Rhodospirillales;Acetobacteraceae	Α-proteobacteria	4.07
Chromista;Apicomplexa;Conoidasida;Archigregarinorida;Selenidiidae;Selenidium;Selenidium cf. axiferens	Chromists	5.69
Chromista;Ciliophora;Spirotrichea;Sporadotrichida;Gonostomatidae;Gonostomum	""	1.63
Protozoa;NA;Choanoflagellata;Craspedida;Salpingoecidae	""	10.57
Chromista;Bacillariophyta;Coscinodiscophyceae;Stephanodiscales;Stephanodiscaceae;Cyclotella;Cyclotella sp. MC01	""	2.44
Animalia;Arthropoda;Hexanauplia;Calanoida;Candaciidae;Candacia	""	0.81
Chromista;Ciliophora;Spirotrichea;Choreotrichida;Lynnellidae;Lynnella;Lynnella semiglobulosa	Ciliates	7.32
Chromista;NA;NA;Telonemida;NA;Telonema;Telonema rivulare	Cryptomonads	7.32
Fungi;Mucoromycota;Glomeromycetes;Glomerales;Glomeraceae;Rhizoglomus;Rhizoglomus dunense	""	0.81
Bacteria;Pseudomonadota;Alphaproteobacteria;Rhodobacterales;Roseobacteraceae;Pseudoruegeria;Pseudoruegeria sp.	Α-proteobacteria	7.32
Animalia;Arthropoda;Hexanauplia;Calanoida;Euchaetidae;Euchaeta;Euchaeta indica	Calanoid Copepods	4.07
Plantae;Chlorophyta;NA;NA;Pycnococcaceae;Pycnococcus;Pycnococcus sp. KMMCC P-54	""	2.44
Fungi;Mucoromycota;Glomeromycetes;Glomerales;Glomeraceae;Dominikia;Dominikia bernensis	""	11.38
Animalia;Cnidaria;Hydrozoa;Anthoathecata	Hydralike animals	4.88
Fungi;Basidiomycota;Pucciniomycetes;Pucciniales;Pucciniaceae;Puccinia;Puccinia hordei	Barley Leaf Rust	0.81
Fungi;Ascomycota;Saccharomycetes;Saccharomycetales;Saccharomycetaceae;Saccharomyces	""	5.69
Fungi;Ascomycota;Dothideomycetes;Pleosporales;Pleosporaceae	""	3.25
Fungi;Basidiomycota;Tremellomycetes;Trichosporonales;Trichosporonaceae	""	4.88
Fungi;Basidiomycota;Tremellomycetes;Cystofilobasidiales;Cystofilobasidiaceae;Cystofilobasidium	""	5.69
Animalia;Platyhelminthes;Catenulida;NA;Stenostomidae;Stenostomum;Stenostomum sp. 'bigmouth'	""	0.81
Plantae;Streptophyta;Magnoliopsida;Fabales;Fabaceae;Chamaecrista;Chamaecrista nictitans	""	0.81
Protozoa;Cercozoa;Imbricatea;Euglyphida;Cyphoderiidae;Cyphoderia;Cyphoderia littoralis	Protozoans	2.44
Bacteria;Planctomycetota;Planctomycetia;Planctomycetales;Planctomycetaceae;Planctomyces	""	3.25
Fungi;Ascomycota;Dothideomycetes;Pleosporales;Didymellaceae;Epicoccum	""	8.13
Bacteria;Pseudomonadota;Alphaproteobacteria;Emcibacterales;Emcibacteraceae;Paremcibacter;Paremcibacter congregatus	""	0.81
Chromista;Ciliophora;Spirotrichea;Choreotrichida;Strobilidiidae;Pelagostrobilidium;Pelagostrobilidium minutum	""	0.81
Animalia;Mollusca;Gastropoda;Nudibranchia;Cuthonidae;Cuthona;Cuthona nana	Nudibranchs	2.44
Fungi;Ascomycota;Eurotiomycetes;Chaetothyriales;Herpotrichiellaceae;Capronia;Capronia leucadendri	""	1.63
Chromista;NA;Pelagophyceae;Pelagomonadales;NA;Aureococcus;Aureococcus anophagefferens	Brown algae	7.32
Chromista;NA;Phaeophyceae;Fucales;Fucaceae	""	0.81
Bacteria;Pseudomonadota;Alphaproteobacteria;NA;NA;NA;alpha proteobacterium OM25	Α-proteobacteria	14.63
Chromista;NA;Cryptophyceae;Pyrenomonadales;Chroomonadaceae	""	2.44
Fungi;Basidiomycota;Agaricomycetes;Agaricales;Lyophyllaceae;Lyophyllum;Lyophyllum sp.	Agarics	0.81
Animalia;Cnidaria;Hydrozoa;Anthoathecata;Bougainvilliidae;Garveia;Garveia sp. CC-2005	Hydralike animals	5.69
Chromista;NA;Dinophyceae;Syndiniales;Ellobiopsidae;Thalassomyces	""	0.81
Chromista;Bacillariophyta;Coscinodiscophyceae;Melosirales;Stephanopyxidaceae;Stephanopyxis;Stephanopyxis palmeriana	Diatoms	4.07
Chromista;Ciliophora;Spirotrichea;Urostylida;Urostylidae;Paruroleptus;Paruroleptus lepisma	Ciliates	9.76
Animalia;Chordata;Ascidiacea;Stolidobranchia;Molgulidae;Molgula	Ascidians	3.25
Chromista;Ciliophora;Karyorelictea	""	5.69
Plantae;Streptophyta;Magnoliopsida;Rosales;Rosaceae;Rosa;Rosa praelucens	Rose	12.2
Chromista;NA;Dinophyceae;Thoracosphaerales;Thoracosphaeraceae;Ensiculifera	""	4.07
Plantae;Rhodophyta;Florideophyceae;Ceramiales;Rhodomelaceae;Polysiphonia	Red algae	1.63
Bacteria;Pseudomonadota;Epsilonproteobacteria;Campylobacterales;Arcobacteraceae;Arcobacter;Arcobacter sp. CECT 8985	""	0.81
Animalia;Mollusca;Gastropoda;Trochida;Margaritidae;Margarites;Margarites helicinus	Helicina margarite	1.63
Fungi;Mucoromycota;Mortierellomycetes;Mortierellales;Mortierellaceae;Mortierella;Mortierella sp. 1 ZHNL-2013	""	1.63
Bacteria;Acidobacteria;Holophagae;Holophagales;Holophagaceae;Holophaga;Holophaga sp. oral clone CA002	Bacteria	7.32
Animalia;Arthropoda;Thecostraca;Balanomorpha;Balanidae;Balanus;Balanus nubilus	Giant acorn barnacle	16.26
Animalia;Chaetognatha;Sagittoidea;Aphragmophora;Sagittidae;Parasagitta;Parasagitta megalophthalma	Arrow worms	11.38
Chromista;Apicomplexa;Aconoidasida;Piroplasmida	""	3.25
Fungi;Ascomycota;Eurotiomycetes;Chaetothyriales;Herpotrichiellaceae	""	13.01
Chromista;Oomycota;NA;Saprolegniales;Saprolegniaceae;Aphanomyces;Aphanomyces invadans	""	2.44
Chromista;Ciliophora;Phyllopharyngea;Exogenida;Ephelotidae;Ephelota	Ciliates	11.38
Chromista;Haptophyta;NA;Prymnesiales;Prymnesiaceae;Haptolina;Haptolina ericina	Haptophytes	13.01
Protozoa;Cercozoa;NA;Cercomonadida;Cercomonadidae;Cavernomonas	""	1.63
Chromista;Ciliophora;Spirotrichea;Tintinnida;Tintinnidae;Eutintinnus;Eutintinnus pectinis	Tintinnids	4.07
Bacteria;Pseudomonadota;Alphaproteobacteria;Sphingomonadales	""	12.2
Plantae;Streptophyta;Magnoliopsida;Rosales;Rosaceae	""	4.88
Animalia;Arthropoda;Hexanauplia;Cyclopoida;Cyclopidae;Acanthocyclops;Acanthocyclops americanus	Copepods	3.25
Animalia;Tardigrada;Heterotardigrada;Echiniscoidea;Echiniscidae;Cornechiniscus	""	1.63
Animalia;Annelida;Polychaeta;Terebellida	Paddle-footed annelids	11.38
Plantae;Chlorophyta;Trebouxiophyceae;Chlorellales;Chlorellaceae;Dictyosphaerium	""	1.63
Plantae;Streptophyta;Magnoliopsida;Asterales;Asteraceae;Doronicum;Doronicum stiriacum	""	1.63
Plantae;Streptophyta;Magnoliopsida;Poales;Poaceae;Zea;Zea mays	""	5.69
Animalia;Cnidaria;Hydrozoa;Leptothecata;Campanulariidae;Orthopyxis;Orthopyxis crenata	Hydralike animals	4.88
Animalia;Arthropoda;Insecta;Hemiptera	""	3.25
Animalia;Arthropoda;Hexanauplia;Calanoida;Calanidae;Calanus;Calanus sinicus	""	1.63
Chromista;Apicomplexa;Aconoidasida;Nephromycida;NA;Cardiosporidium;Cardiosporidium cionae	Chromists	3.25
Plantae;Streptophyta;Magnoliopsida;Aquifoliales;Aquifoliaceae;Ilex	""	0.81
Animalia;Annelida;Polychaeta;NA;Parergodrilidae;Stygocapitella;Stygocapitella josemariobrancoi	""	0.81
Animalia;Arthropoda;Insecta;Lepidoptera	""	2.44
Chromista;NA;Dinophyceae;Blastodiniales;NA;Blastodinium;Blastodinium contortum	Dinoflagellates	6.5
Plantae;Streptophyta;Magnoliopsida;Sapindales;Sapindaceae;Acer;Acer monspessulanum	Montpellier maple	11.38
Plantae;Chlorophyta;Chlorophyceae;Chlamydomonadales;Chlamydomonadaceae;Chlamydomonas	""	8.94
Chromista;NA;Cryptophyceae;Cryptomonadales;Cryptomonadaceae;Cryptomonas;Cryptomonas curvata	""	2.44
Animalia;Arthropoda;Insecta;Thysanoptera;Thripidae;Australothrips;Australothrips bicolor	Common thrips	1.63
Bacteria;Planctomycetota;Planctomycetia;Pirellulales;Thermoguttaceae;Thermogutta	Bacteria	9.76
Animalia;Arthropoda;Insecta;Coleoptera;Melyridae;Collops;Collops nigriceps	""	1.63
Chromista;Bacillariophyta;Fragilariophyceae;Licmophorales;Ulnariaceae;Tabularia	Diatoms	13.01
Plantae;Streptophyta;Magnoliopsida;Poales;Cyperaceae;Carex	Sedge	16.26
Fungi;Ascomycota;Saccharomycetes;Saccharomycetales;Phaffomycetaceae;Komagataella;Komagataella pastoris	""	1.63
Chromista;Apicomplexa;Conoidasida;Archigregarinorida;Selenidiidae;Selenidium;Selenidium fallax	Chromists	4.07
Chromista;Bacillariophyta;Bacillariophyceae;Naviculales;Naviculaceae;Navicula;Navicula cryptocephala	Diatoms	13.01
Chromista;NA;Dinophyceae;Gymnodiniales;Warnowiaceae	Dinoflagellates	4.88
Fungi;Mucoromycota;Glomeromycetes;Glomerales;Glomeraceae;Rhizophagus;Rhizophagus intraradices	""	1.63
Chromista;NA;Dinophyceae;Blastodiniales;NA;Blastodinium;Blastodinium mangini	Dinoflagellates	23.58
Plantae;Streptophyta;Magnoliopsida;Asparagales;Orchidaceae;Trichosalpinx;Trichosalpinx ringens	""	0.81
Fungi;Ascomycota;Dothideomycetes;NA;Micropeltidaceae;Stomiopeltis;Stomiopeltis sp. RS3.3	""	0.81
Animalia;Cnidaria;Anthozoa;Alcyonacea;Primnoidae	Anthozoans	5.69
Fungi;Basidiomycota;Pucciniomycetes;Pucciniales;Melampsoraceae;Melampsora;Melampsora albertensis	Rust Fungi	0.81
Chromista;Bacillariophyta;Mediophyceae;Lithodesmiales;Lithodesmiaceae;Helicotheca;Helicotheca tamesis	""	2.44
Protozoa;NA;Choanoflagellata;Acanthoecida;Stephanoecidae;Diaphanoeca;Diaphanoeca grandis	Protozoans	8.94
Animalia;Arthropoda;Insecta;Hemiptera;Aphididae	""	3.25
NA;NA;NA;NA;Colpodellaceae;Voromonas;Voromonas pontica	""	3.25
Chromista;Bacillariophyta;Bacillariophyceae;Cymbellales;Gomphonemataceae;Gomphonema	""	0.81
Fungi;Basidiomycota;Agaricomycetes;Agaricales;Lyophyllaceae;Lyophyllum;Lyophyllum aff. decastes PBM3069	Domecaps	0.81
Animalia;Porifera;Demospongiae;Dictyoceratida;Dysideidae;Dysidea;Dysidea sp. QMG318930	""	0.81
Animalia;Arthropoda;Arachnida;Ixodida	""	0.81
Bacteria;Planctomycetota;Planctomycetia;Pirellulales;Pirellulaceae;Novipirellula;Novipirellula artificiosorum	""	0.81
Animalia;Chordata;Actinopteri;Uranoscopiformes;Ammodytidae;Hyperoplus;Hyperoplus immaculatus	Corbin's sand eel	4.07
Bacteria;Pseudomonadota;Alphaproteobacteria;Rhodospirillales;NA;NA;Rhodospirillales bacterium	Α-proteobacteria	4.88
Plantae;Streptophyta;Magnoliopsida;Fabales;Fabaceae;Bauhinia;Bauhinia acuminata	""	1.63
Chromista;NA;Chrysophyceae;Chromulinales;Chromulinaceae;Spumella;Spumella lacusvadosi	""	6.5
Plantae;Streptophyta;Magnoliopsida;Poales;Poaceae;Poa	""	0.81
Animalia;Arthropoda;Malacostraca;Decapoda	Crabs	4.88
Plantae;Streptophyta;Magnoliopsida;Asparagales;Orchidaceae;Apostasia;Apostasia nuda	Orchid	5.69
Chromista;Oomycota;NA;Saprolegniales;Saprolegniaceae;Saprolegnia;Saprolegnia diclina	""	8.13
Animalia;Porifera;Demospongiae;Suberitida;Halichondriidae;Halichondria;Halichondria okadai	Demosponge	4.88
Fungi;Basidiomycota;Malasseziomycetes;Malasseziales;Malasseziaceae;Malassezia;Malassezia restricta	""	7.32
Plantae;Streptophyta;Magnoliopsida;Caryophyllales;Polygonaceae;Polygonum	""	1.63
Plantae;Chlorophyta;Ulvophyceae;Oltmannsiellopsidales;Oltmannsiellopsidaceae;Oltmannsiellopsis;Oltmannsiellopsis viridis	Sea Lettuces And Single-celled Algae	6.5
Fungi;Ascomycota;Saccharomycetes;Saccharomycetales;Debaryomycetaceae;Candida;Candida tropicalis	""	0.81
Fungi;Ascomycota;Dothideomycetes;Mycosphaerellales;Teratosphaeriaceae	""	0.81
Plantae;Rhodophyta;Florideophyceae;Ceramiales;Delesseriaceae;Cumathamnion;Cumathamnion serrulatum	""	0.81
Animalia;Ctenophora;Tentaculata;Cydippida;Pleurobrachiidae;Hormiphora;Hormiphora sp.	""	9.76
Bacteria;Planctomycetota;Planctomycetia;Pirellulales;Thermoguttaceae;Thermogutta;Thermogutta terrifontis	Bacteria	0.81
Chromista;Oomycota;NA;Lagenidiales;NA;Paralagenidium;Paralagenidium karlingii	""	0.81
Chromista;NA;NA;Telonemida;NA;Telonema;Telonema subtile	Cryptomonads	4.88
Protozoa;Evosea	""	2.44
Chromista;Ciliophora;Oligohymenophorea;Sessilida;Zoothamniidae	""	0.81
Animalia;Chordata;Ascidiacea;Aplousobranchia;Clavelinidae;Clavelina;Clavelina lepadiformis	""	1.63
Chromista;Ciliophora;Spirotrichea;Tintinnida;Dictyocystidae;Dictyocysta;Dictyocysta reticulata	""	0.81
Fungi;Chytridiomycota;Chytridiomycetes;Spizellomycetales;Powellomycetaceae	""	0.81
Bacteria;Pseudomonadota;Epsilonproteobacteria;Campylobacterales;Thiovulaceae;Sulfurimonas;Sulfurimonas xiamenensis	Bacteria	6.5
Animalia;Mollusca;Polyplacophora;Chitonida;Ischnochitonidae;Lepidozona;Lepidozona mertensii	""	2.44
Fungi;Basidiomycota;Agaricomycetes;Thelephorales	""	0.81
Chromista;Oomycota;NA;Peronosporales;Peronosporaceae;Phytophthora	""	2.44
Chromista;Bacillariophyta;Bacillariophyceae;Naviculales;Naviculaceae;Navicula;Navicula brockmannii	""	2.44
Plantae;Streptophyta;Pinopsida;Cupressales;Cupressaceae	""	13.01
Chromista;Ciliophora;Litostomatea;Cyclotrichida;Mesodiniidae;Mesodinium;Mesodinium sp. WWS-2009a	Ciliates	11.38
Animalia;Mollusca;Bivalvia;Pectinida;Pectinidae;Mizuhopecten;Mizuhopecten yessoensis	Ezo giant scallop	4.07
Animalia;Platyhelminthes;Rhabditophora;Macrostomida;Microstomidae;Microstomum	Flatworms	4.88
Fungi;Basidiomycota;Microbotryomycetes;Sporidiobolales;Sporidiobolaceae	""	0.81
Chromista;NA;Phaeothamniophyceae;Phaeothamniales;Phaeothamniaceae;Nematochrysis;Nematochrysis sessilis	""	0.81
Fungi;Mucoromycota;Mortierellomycetes;Mortierellales;Mortierellaceae;Mortierella;Mortierella sp. MS-6	Fungi	0.81
Chromista;Ciliophora;Spirotrichea;Kiitrichida;Kiitrichidae;Kiitricha;Kiitricha marina	""	4.07
Animalia;Porifera;Demospongiae;Spongillida	""	2.44
Chromista;NA;Dinophyceae;Syndiniales;Ellobiopsidae;Thalassomyces;Thalassomyces fagei	""	1.63
Bacteria;Planctomycetota;Planctomycetia;Planctomycetales;Planctomycetaceae;NA;Planctomycetaceae bacterium	Bacteria	6.5
Protozoa;Euglenozoa;Euglenida;Eutreptiales;NA;Eutreptiella;Eutreptiella eupharyngea	Euglenoids	7.32
Plantae;Streptophyta;Marchantiopsida;Marchantiales	Complex Thallose Liverworts	7.32
Plantae;Streptophyta;Magnoliopsida;Gentianales;Rubiaceae;Paracarphalea;Paracarphalea pervilleana	""	0.81
Chromista;NA;Bigyra;NA;NA;NA;labyrinthulid quahog parasite QPX	""	1.63
Chromista;NA;Phaeophyceae;Dictyotales;Dictyotaceae;Dictyopteris;Dictyopteris pacifica	""	0.81
Fungi;Ascomycota;Dothideomycetes;Pleosporales;Didymellaceae;Didymella;Didymella aeria	Asco's	1.63
Plantae;Chlorophyta;Ulvophyceae;Ulvales	Sea Lettuces And Single-celled Algae	4.07
Animalia;Brachiopoda;Rhynchonellata;Rhynchonellida	""	2.44
Protozoa;NA;NA;Ancyromonadida;Planomonadidae;Planomonas;Planomonas micra	""	0.81
Protozoa;NA;Bigyra;Bicosoecida;Bicosoecidae;Bicosoeca;Bicosoeca vacillans	Protozoans	2.44
Plantae;Streptophyta;Magnoliopsida;Brassicales;Brassicaceae;Raphanus;Raphanus sativus	""	0.81
Bacteria;Pseudomonadota;Alphaproteobacteria;Hyphomicrobiales;Nitrobacteraceae;Bradyrhizobium	""	2.44
Chromista;NA;Dictyochophyceae;Pedinellales;NA;Pteridomonas;Pteridomonas danica	Brown algae	10.57
Chromista;Ciliophora;Spirotrichea;Choreotrichida;Leegaardiellidae;Leegaardiella;Leegaardiella sp.	""	0.81
Chromista;Foraminifera;NA;Rotaliida;Elphidiidae;Elphidiella;Elphidiella hannai	Foraminiferans	4.07
Bacteria;Pseudomonadota;Deltaproteobacteria;Syntrophales;Syntrophaceae	Bacteria	8.94
Fungi;Basidiomycota;Microbotryomycetes;Sporidiobolales;Sporidiobolaceae;Sporobolomyces	""	3.25
Fungi;Ascomycota;Saccharomycetes;Saccharomycetales;NA;Candida/Saccharomycetales;[Candida] anutae	""	0.81
Plantae;Streptophyta;Magnoliopsida;Solanales;Solanaceae;Solanum	""	0.81
Chromista;NA;Cryptophyceae;Cryptomonadales;Cryptomonadaceae;Cryptomonas;Cryptomonas parmana	""	0.81
Chromista;Apicomplexa;Conoidasida;Archigregarinorida;Selenidiidae;Selenidium;Selenidium idanthyrsae	Chromists	2.44
Animalia;Cnidaria;Hydrozoa;Anthoathecata;Pandeidae;Leuckartiara;Leuckartiara octona	""	2.44
Plantae;Streptophyta;Bryopsida;Dicranales;Calymperaceae	""	4.88
Chromista;Bacillariophyta;Mediophyceae	""	3.25
Chromista;Ciliophora;Oligohymenophorea;Sessilida;Vorticellidae;Pseudovorticella;Pseudovorticella sinensis	Ciliates	2.44
Animalia;Arthropoda;Hexanauplia;Calanoida;Euchaetidae;Euchaeta;Euchaeta media	Calanoid Copepods	2.44
Chromista;Ciliophora;Spirotrichea;Tintinnida;Xystonellidae;Favella;Favella campanula	""	1.63
Animalia;Porifera;Demospongiae;Poecilosclerida;Mycalidae;Mycale	Demosponge	2.44
Animalia;Cnidaria;Myxozoa;Bivalvulida;Sphaeromyxidae;Sphaeromyxa;Sphaeromyxa longa	Myxozoans	0.81
Fungi;Ascomycota;Dothideomycetes;Pleosporales;Phaeosphaeriaceae	Asco's	4.07
Chromista;Ciliophora;Spirotrichea;Tintinnida;Codonellidae;Tintinnopsis;Tintinnopsis parvula	Tintinnids	8.13
Fungi;Basidiomycota;Tremellomycetes;Cystofilobasidiales;Cystofilobasidiaceae;Cystofilobasidium;Cystofilobasidium infirmominiatum	Basidio's	4.07
Chromista;Ciliophora;Oligohymenophorea;Philasterida;Uronematidae;Uronema;Uronema sp. WS-2012	Ciliates	8.13
Chromista;NA;Dinophyceae;Peridiniales;Kryptoperidiniaceae;Durinskia;Durinskia capensis	""	4.88
Animalia;Arthropoda;Hexanauplia;Calanoida;Acartiidae;Acartia;Acartia bifilosa	Calanoid Copepods	8.94
Bacteria;Pseudomonadota;Alphaproteobacteria;Hyphomicrobiales;Methylobacteriaceae	""	2.44
Chromista;NA;Dinophyceae;Gymnodiniales;Gymnodiniaceae;Polykrikos;Polykrikos geminatum	""	0.81
Chromista;Apicomplexa;Conoidasida;Eugregarinorida;Monocystidae;Monocystis;Monocystis agilis	""	0.81
Chromista;NA;Dinophyceae;Gymnodiniales;Gymnodiniaceae;Nusuttodinium;Nusuttodinium amphidinioides	Dinoflagellates	7.32
Animalia;Mollusca;Polyplacophora;Chitonida;Acanthochitonidae;Acanthochitona;Acanthochitona ferreirai	""	0.81
Animalia;Annelida;Polychaeta;Phyllodocida;Syllidae	Scale Worm	3.25
Plantae;Streptophyta;Magnoliopsida;Malpighiales;Podostemaceae;Dalzellia	""	0.81
Animalia;Annelida;Sipuncula;Phascolosomatiformes;Phascolosomatidae;Phascolosoma	Phascolosomatids	4.07
Bacteria;Pseudomonadota;Gammaproteobacteria;Oceanospirillales;Alcanivoracaceae;Alcanivorax;Alcanivorax sp.	""	1.63
Plantae;Streptophyta;Magnoliopsida;Poales;Cyperaceae;Carex;Carex subnigricans	""	1.63
Fungi;Basidiomycota;Agaricomycetes;Polyporales;Polyporaceae;Donkioporia;Donkioporia expansa	""	0.81
Chromista;NA;Chrysophyceae;Chromulinales;Chromulinaceae;Chrysonephele;Chrysonephele palustris	""	3.25
Protozoa;Euglenozoa;Euglenida;Euglenales;Euglenaceae;Trachelomonas;Trachelomonas sp.	Euglenoids	0.81
Plantae;Streptophyta;Magnoliopsida;Fabales;Fabaceae;Lathyrus;Lathyrus ledebourii	""	0.81
Plantae;Streptophyta;Magnoliopsida;Asparagales;Amaryllidaceae;Allium;Allium sativum	""	0.81
Bacteria;Planctomycetota;Planctomycetia;Planctomycetales;Planctomycetaceae;Planctomyces;Planctomyces sp. 599	""	0.81
Chromista;Ciliophora;Spirotrichea;NA;Strombidiidae;Omegastrombidium;Omegastrombidium elegans	""	1.63
Animalia;Annelida;Polychaeta;NA;Chaetopteridae	Chaetopterid worms	5.69
Animalia;Mollusca;Gastropoda;Neogastropoda;Buccinidae;Japelion;Japelion latus	Buccinum whelks	0.81
Plantae;Streptophyta;Magnoliopsida;Caryophyllales;Aizoaceae;Acrosanthes	""	1.63
Bacteria;Pseudomonadota;Gammaproteobacteria;NA;NA;Candidatus Kentron	""	0.81
Chromista;NA;Dinophyceae;Gymnodiniales;Gymnodiniaceae;Polykrikos;Polykrikos sp. GD1590bp2	Dinoflagellates	1.63
Plantae;Streptophyta;Magnoliopsida;Sapindales;Rutaceae;Comptonella	""	3.25
Bacteria;Pseudomonadota;Gammaproteobacteria;Pseudomonadales;Pseudomonadaceae;Pseudomonas;Pseudomonas sp. LB17	""	1.63
Plantae;Streptophyta;Magnoliopsida;Malpighiales;Hypericaceae;Psorospermum	""	8.13
Chromista;Oomycota;NA;NA;NA;Haptoglossa	""	3.25
Chromista;Ciliophora;Spirotrichea;Euplotida;Euplotidae;Euplotes;Euplotes daidaleos	""	8.94
Fungi;Ascomycota;Sordariomycetes;Hypocreales;Bionectriaceae;Clonostachys;Clonostachys rosea	""	0.81
Chromista;Bacillariophyta;Bacillariophyceae;Cocconeidales;Cocconeidaceae;Cocconeis	""	1.63
Fungi;Ascomycota;Dothideomycetes;Pleosporales;Sporormiaceae;Preussia;Preussia sp. 'pseudominima'	""	2.44
Chromista;NA;Chrysophyceae;Chromulinales;Paraphysomonadaceae;Paraphysomonas;Paraphysomonas sp. GflagA	Golden-brown algae	1.63
Animalia;Annelida;Polychaeta;Terebellida;Terebellidae;Amphitrite	Spaghetti Worms	4.07
Protozoa;Euglenozoa;Euglenida;Petalomonadida;Scytomonadidae;Petalomonas;Petalomonas plana	Euglenoids	4.88
Animalia;Mollusca;Bivalvia;Nuculida;Nuculidae;Nucula	""	1.63
Chromista;Apicomplexa;Conoidasida;Eucoccidiorida;Cryptosporidiidae;Cryptosporidium	""	2.44
Chromista;Ciliophora;Phyllopharyngea;Chlamydodontida;Lynchellidae;Lynchella	""	0.81
Chromista;Bacillariophyta;Bacillariophyceae;Thalassiophysales;Catenulaceae;Amphora;Amphora normanii	""	1.63
Plantae;Chlorophyta;Mamiellophyceae;Mamiellales;Mamiellaceae;Micromonas;Micromonas sp. KM10	""	0.81
Fungi;Ascomycota;Saccharomycetes;Saccharomycetales;Dipodascaceae;Yarrowia;Yarrowia lipolytica	Budding Yeasts	2.44
Animalia;Arthropoda;Insecta;Coleoptera	""	3.25
Fungi;Ascomycota;Eurotiomycetes;Eurotiales;Aspergillaceae;Aspergillus;Aspergillus amstelodami	""	8.94
Bacteria;Pseudomonadota;Alphaproteobacteria;Hyphomicrobiales;Parvibaculaceae	Α-proteobacteria	2.44
Plantae;Streptophyta;Magnoliopsida;Ranunculales;Menispermaceae;Nephroia;Nephroia orbiculata	""	0.81
Animalia;Arthropoda;Malacostraca;Amphipoda;Hyperiidae;Themisto	Hyperiids	4.88
Fungi;Basidiomycota;Tritirachiomycetes;Tritirachiales;Tritirachiaceae;Tritirachium	Basidio's	0.81
Animalia;Annelida;Polychaeta;Eunicida;Onuphidae;Nothria;Nothria conchylega	Beachworms	0.81
Animalia;Porifera;Demospongiae;Poecilosclerida;Mycalidae;Mycale;Mycale fibrexilis	""	8.13
Chromista;NA;Dinophyceae;Gymnodiniales;Gymnodiniaceae;Gyrodinium;Gyrodinium jinhaense	""	4.07
Chromista;Ciliophora;Oligohymenophorea;Apostomatida	Ciliates	9.76
Plantae;Chlorophyta;Trebouxiophyceae;Trebouxiales;Trebouxiaceae;Trebouxia	""	1.63
Plantae;Chlorophyta;Chlorophyceae;Sphaeropleales	""	1.63
Plantae;Streptophyta;Magnoliopsida;Poales;Poaceae;Triticum;Triticum dicoccoides	""	1.63
Fungi;Ascomycota;Dothideomycetes;Pleosporales;Didymosphaeriaceae;Paraphaeosphaeria;Paraphaeosphaeria burbidgeae	""	1.63
Plantae;Chlorophyta;Chlorophyceae;Chlamydomonadales;Chlamydomonadaceae;Chlamydomonas;Chlamydomonas asymmetrica	Chlorophycean Green Algae	2.44
Fungi;Basidiomycota;Agaricomycetes;Auriculariales;Exidiaceae;Exidia;Exidia uvapassa	""	0.81
Fungi;Ascomycota;Eurotiomycetes;Eurotiales	""	7.32
Chromista;Ciliophora;Spirotrichea;Euplotida;Uronychiidae;Diophrys;Diophrys oligothrix	""	4.88
Chromista;Apicomplexa	Chromists	11.38
Bacteria;Pseudomonadota;Deltaproteobacteria;Desulfobacterales;Desulfocapsaceae;Desulfotalea;Desulfotalea psychrophila	""	1.63
Plantae;Streptophyta;Pinopsida;Pinales;Pinaceae	""	1.63
Fungi;Ascomycota;Leotiomycetes;Erysiphales;Erysiphaceae;Erysiphe	""	1.63
Fungi;Ascomycota;Leotiomycetes;Erysiphales;Erysiphaceae;Blumeria;Blumeria americana	""	1.63
Plantae;Streptophyta;Magnoliopsida;Zingiberales	""	0.81
Chromista;Ciliophora;Prostomatea;Prorodontida;Colepidae;Nolandia;Nolandia sp. WYG07050702	""	1.63
Animalia;Arthropoda;Hexanauplia;Calanoida;Centropagidae;Isias;Isias clavipes	""	1.63
Chromista;NA;Dinophyceae;Gonyaulacales;Pyrophacaceae;Fragilidium;Fragilidium sp. CCMP1920	""	1.63
Animalia;Mollusca;Bivalvia;Ostreida;Ostreidae;Crassostrea;Crassostrea ariakensis	Suminoe oyster	2.44
Chromista;NA;Centroplasthelida;Pterocystida;Pterocystidae	""	11.38
Chromista;Ciliophora;Spirotrichea;Euplotida;Euplotidae;Euplotes;Euplotes harpa	""	1.63
Bacteria;Verrucomicrobia;Opitutae;Opitutales;Opitutaceae;Nibricoccus;Nibricoccus aquaticus	""	0.81
Chromista;NA;Raphidophyceae;NA;NA;Haramonas;Haramonas dimorpha	""	0.81
Chromista;Bacillariophyta;Coscinodiscophyceae;Thalassiosirales;Thalassiosiraceae;Shionodiscus;Shionodiscus ritscheri	""	2.44
Plantae;Streptophyta;Magnoliopsida;Rosales;Moraceae;Ficus	""	0.81
Protozoa;Euglenozoa;Kinetoplastea;Neobodonida;NA;Neobodo	""	1.63
Animalia;Arthropoda;Arachnida;Trombidiformes;Tydeidae;NA;Tydeidae gen. sp. AD864	""	0.81
Chromista;Ciliophora;Spirotrichea;Pseudoamphisiellida	""	2.44
Animalia;Nematoda;Chromadorea;Monhysterida	""	0.81
Plantae;Streptophyta;Magnoliopsida;Solanales;Convolvulaceae;Convolvulus;Convolvulus arvensis	""	2.44
Plantae;Streptophyta;Magnoliopsida;Oxalidales;Oxalidaceae	""	1.63
Plantae;Chlorophyta;Chlorophyceae;Chlamydomonadales;Chlamydomonadaceae;Chlamydomonas;Chlamydomonas fasciata	""	0.81
Animalia;Bryozoa;Stenolaemata;Cyclostomatida;Crisiidae;Crisia;Crisia sp. YJP-2003	Narrow Throat Bryozoans	2.44
Animalia;Annelida;Polychaeta;NA;Chaetopteridae;Chaetopterus	""	0.81
Animalia;Xenacoelomorpha;NA;Nemertodermatida;Nemertodermatidae;Sterreria	""	0.81
Chromista;NA;Bigyra;Bicosoecida;Siluaniidae;Adriamonas;Adriamonas sp.	""	3.25
Fungi;Ascomycota;Dothideomycetes;Pleosporales;Phaeosphaeriaceae;Sclerostagonospora;Sclerostagonospora elegiae	""	0.81
Chromista;Apicomplexa;Conoidasida;Eugregarinorida;Cephaloidophoridae;Cephaloidophora	Chromists	3.25
Animalia;Platyhelminthes;Rhabditophora;Polycladida	Flatworms	4.07
Animalia;Arthropoda;Insecta;Diptera;Culicidae;Anopheles	""	0.81
Animalia;Cnidaria;Anthozoa;Scleractinia;Caryophylliidae;Ceratotrochus;Ceratotrochus magnaghii	""	0.81
Animalia;Cnidaria;Anthozoa;Scleractinia;Merulinidae;Favites;Favites abdita	""	0.81
Plantae;Chlorophyta;Ulvophyceae;Ulvales;Ulvaceae;Ulva;Ulva lactuca	""	0.81
Animalia;Arthropoda;Malacostraca;Amphipoda	Amphipods	3.25
Animalia;Brachiopoda;Lingulata;Lingulida;Lingulidae;Glottidia;Glottidia pyramidata	Lingulate Brachiopods	2.44
Chromista;NA;Phaeophyceae;Fucales;Fucaceae;Fucus;Fucus gardneri	Fucoids	6.5
Chromista;NA;Phaeophyceae;Ectocarpales;Ectocarpaceae;Ectocarpus	""	0.81
Bacteria;Atribacterota;Atribacteria;Atribacterales;Atribacteraceae;Atribacter;Atribacter laminatus	""	1.63
Animalia;Echinodermata;Ophiuroidea;Amphilepidida;Amphiuridae;Amphipholis;Amphipholis squamata	Dwarf brittle star, Long-armed brittle star, Scale brittle star, Small brittle star, Tiny brittle star	5.69
Chromista;Cercozoa;NA;NA;NA;Gymnophrys	Chromists	0.81
Bacteria;Lentisphaerae;Lentisphaeria;Lentisphaerales;Lentisphaeraceae;Lentisphaera;Lentisphaera araneosa	""	2.44
Plantae;Streptophyta;Magnoliopsida;Fabales;Fabaceae;Dalbergia;Dalbergia lanceolaria	""	2.44
Animalia;Arthropoda;Insecta;Orthoptera;Acrididae;Schistocerca;Schistocerca serialis	""	0.81
Plantae;Streptophyta;Magnoliopsida;Rosales;Moraceae;Artocarpus	""	1.63
Plantae;Streptophyta;Magnoliopsida;Myrtales;Onagraceae;Epilobium;Epilobium palustre	Marsh Willow-herb	2.44
Chromista;Ciliophora;Heterotrichea;Heterotrichida;Folliculinidae;Eufolliculina;Eufolliculina uhligi	""	1.63
Plantae;Streptophyta;Magnoliopsida;Asparagales;Orchidaceae;Rodriguezia;Rodriguezia satipoana	""	1.63
Chromista;Ciliophora;Spirotrichea;NA;Strombidiidae;Novistrombidium;Novistrombidium sinicum	""	2.44
Animalia;Arthropoda;Malacostraca;Decapoda;Thaumastochelidae;Thaumastocheles;Thaumastocheles massonktenos	Crabs	0.81
Plantae;Streptophyta;Magnoliopsida;Boraginales;Cordiaceae	""	4.07
Plantae;Streptophyta;Magnoliopsida;Poales;Poaceae;Saccharum;Saccharum spontaneum	""	2.44
Fungi;Ascomycota;Taphrinomycetes;Taphrinales	Asco's	2.44
Chromista;Bacillariophyta;Bacillariophyceae;Naviculales;Stauroneidaceae	""	3.25
Chromista;NA;Phaeophyceae;Ectocarpales;Scytosiphonaceae	""	0.81
Fungi;Basidiomycota;Agaricomycetes;Hymenochaetales;Hymenochaetaceae;Fuscoporia;Fuscoporia gilva	""	0.81
Plantae;Rhodophyta;Bangiophyceae;Cyanidiales;Cyanidiaceae;Cyanidium;Cyanidium caldarium	""	0.81
Fungi;Ascomycota;Pezizomycetes;Pezizales;Tuberaceae	Cup Fungus	0.81
Animalia;Mollusca;Bivalvia;Mytilida;Mytilidae;Mytella;Mytella brasiliensis	""	0.81
Chromista;Ciliophora;Oligohymenophorea;Mobilida;Trichodinidae	Ciliates	8.13
Plantae;Streptophyta;Magnoliopsida;Fabales;Fabaceae;Schizolobium;Schizolobium parahyba	""	2.44
Bacteria;Pseudomonadota;Acidithiobacillia;Acidithiobacillales;Acidithiobacillaceae;Acidithiobacillus	""	0.81
Bacteria;Bacillota;Clostridia;Eubacteriales;Clostridiaceae	""	3.25
Protozoa;Endomyxa;Ascetosporea;Haplosporida;Haplosporidiidae;Haplosporidium;Haplosporidium tuxtlensis	Protozoans	1.63
Plantae;Streptophyta;Magnoliopsida;Malpighiales;Euphorbiaceae	""	7.32
Plantae;Streptophyta;Magnoliopsida;Sapindales;Sapindaceae;Acer;Acer pseudoplatanus	Maple	7.32
Plantae;Chlorophyta;Chlorophyceae;Chlamydomonadales;Chlamydomonadaceae;Chlamydomonas;Chlamydomonas sp. MBIC10468	""	0.81
Animalia;Chordata;Actinopteri;Gadiformes	Cods	4.07
Bacteria;Pseudomonadota;Gammaproteobacteria;Oceanospirillales;Oceanospirillaceae;Marinobacterium	Γ-proteobacteria	5.69
Chromista;NA;Phaeophyceae;Ectocarpales;Ectocarpaceae	Brown algae	21.14
Bacteria;Pseudomonadota;Gammaproteobacteria;Oceanospirillales	""	2.44
Protozoa;Discosea;Flabellinia;Dactylopodida;Paramoebidae;Paramoeba;Paramoeba karteshi	Protozoans	5.69
Protozoa;Cercozoa;NA;Cercomonadida;Cercomonadidae;Eocercomonas;Eocercomonas sp. HFCC 907	Protozoans	2.44
Plantae;Rhodophyta;Bangiophyceae;Bangiales;Bangiaceae;Porphyra;Porphyra sp. PK-49	""	0.81
Bacteria;Pseudomonadota;Alphaproteobacteria;NA;NA;NA;Alphaproteobacteria bacterium	""	0.81
Plantae;Streptophyta;Magnoliopsida;Poales;Poaceae;Phleum;Phleum pratense	Meadow Cat's-tail	2.44
Protozoa;Tubulinea;Elardia;Arcellinida;Cryptodifflugiidae;Cryptodifflugia	""	1.63
Bacteria;Planctomycetota;Planctomycetia;Pirellulales;Pirellulaceae	Bacteria	8.94
Plantae;Streptophyta;Magnoliopsida;Malvales;Malvaceae;Corchorus	Jute	3.25
Chromista;Ciliophora;Spirotrichea;Kiitrichida;Kiitrichidae;Caryotricha;Caryotricha rariseta	""	1.63
Chromista;Bacillariophyta;Coscinodiscophyceae;Thalassiosirales;Thalassiosiraceae;Thalassiosira;Thalassiosira tumida	""	1.63
Fungi;Basidiomycota;Agaricomycetes;Agaricales;Cyphellaceae;Chondrostereum;Chondrostereum purpureum	""	0.81
Chromista;Bacillariophyta;Fragilariophyceae;Rhaponeidales;Rhaphoneidaceae;Rhaphoneis;Rhaphoneis belgicae	""	0.81
Fungi;Zoopagomycota;Entomophthoromycetes;Entomophthorales	""	7.32
Plantae;Rhodophyta;Florideophyceae;Rhodymeniales;Faucheaceae;Webervanbossea;Webervanbossea splachnoides	""	0.81
Fungi;Ascomycota;Eurotiomycetes;Phaeomoniellales;Phaeomoniellaceae;Neophaeomoniella;Neophaeomoniella niveniae	""	0.81
Animalia;Arthropoda;Malacostraca;Euphausiacea;Euphausiidae	Euphausiids	4.88
Plantae;Streptophyta;Klebsormidiophyceae;Klebsormidiales;Klebsormidiaceae;Klebsormidium	""	1.63
Plantae;Streptophyta;Bryopsida;Funariales;Funariaceae	Cord-moss Family	4.07
Plantae;Streptophyta;Magnoliopsida;Asterales	""	5.69
Animalia;Gastrotricha;NA;Chaetonotida;Chaetonotidae	Gastrotrichs	2.44
Fungi;Basidiomycota;Pucciniomycetes;Pucciniales	""	2.44
Chromista;Apicomplexa;Conoidasida;Eugregarinorida;Lecudinidae;Ancora;Ancora cf. sagittata	Chromists	2.44
Animalia;Arthropoda;Ostracoda;Podocopida	""	10.57
Chromista;NA;Cryptophyceae;Pyrenomonadales;Geminigeraceae;Teleaulax	""	6.5
Fungi;Ascomycota;Leotiomycetes;Erysiphales;Erysiphaceae;Erysiphe;Erysiphe aquilegiae	""	0.81
Bacteria;Pseudomonadota;Gammaproteobacteria;NA;NA;NA;gamma proteobacterium endosymbiont of Solemya velum	""	6.5
Plantae;Chlorophyta;Pyramimonadophyceae;Pyramimonadales;Pyramimonadaceae;Prasinopapilla (nom. inval.);Prasinopapilla vacuolata (nom. inval.)	""	0.81
Fungi;Basidiomycota;Agaricomycetes;Hymenochaetales;NA;Resinicium;Resinicium mutabile	Basidio's	0.81
Plantae;Rhodophyta;Bangiophyceae;Porphyridiales;Porphyridiaceae;Chroodactylon;Chroodactylon ornatum	""	0.81
Animalia;Arthropoda;Hexanauplia;Harpacticoida;Harpacticidae;Zaus;Zaus caeruleus	""	0.81
Plantae;Chlorophyta;Chlorophyceae;Sphaeropleales;Scenedesmaceae;Tetradesmus;Tetradesmus bajacalifornicus	""	7.32
Plantae;Streptophyta;Magnoliopsida;Gentianales	""	0.81
Animalia;Annelida;Polychaeta;NA;Maldanidae	Bamboo worms	11.38
Fungi;Ascomycota;Schizosaccharomycetes;Schizosaccharomycetales;Schizosaccharomycetaceae;Schizosaccharomyces;Schizosaccharomyces pombe	""	0.81
Bacteria;Lentisphaerae;Lentisphaeria;Victivallales;NA;NA;Victivallales bacterium CCUG 44730	""	0.81
Fungi;Ascomycota;Saccharomycetes;Saccharomycetales;Alloascoideaceae;Alloascoidea;Alloascoidea hylecoeti	Budding Yeasts	8.13
Animalia;Annelida;Polychaeta;Spionida;Spionidae;Prionospio;Prionospio sp. DC-2019	""	1.63
Plantae;Streptophyta;Magnoliopsida;Malvales;Malvaceae	""	5.69
Chromista;Apicomplexa;Conoidasida;Eugregarinorida;Stylocephalidae;Xiphocephalus	""	0.81
Animalia;Cnidaria;Myxozoa;Multivalvulida;Trilosporidae;Unicapsula;Unicapsula muscularis	""	0.81
Chromista;Ciliophora;Spirotrichea;Sporadotrichida;Trachelostylidae;Cotterillia;Cotterillia bromelicola	""	0.81
Bacteria;Pseudomonadota;Gammaproteobacteria;Legionellales;Legionellaceae;Legionella;Legionella oakridgensis	""	0.81
Chromista;NA;Pelagophyceae;Pelagomonadales;NA;Chromopallida;Chromopallida australis	Brown algae	9.76
Animalia;Arthropoda;Branchiopoda;Diplostraca;Chydoridae;Pleuroxus;Pleuroxus truncatus	""	4.07
Chromista;Cercozoa;Imbricatea;Thaumatomonadida;Thaumatomastigidae;Protaspis;Protaspis oviformis	""	0.81
Bacteria;Pseudomonadota;Alphaproteobacteria;Rhodospirillales;Azospirillaceae;Niveispirillum;Niveispirillum fermenti	Α-proteobacteria	19.51
Chromista;NA;Dinophyceae;Peridiniales;Glenodiniaceae;Glenodiniopsis;Glenodiniopsis steinii	""	2.44
Fungi;Ascomycota;Dothideomycetes;Pleosporales;NA;NA;Pleosporales sp.	""	3.25
Plantae;Streptophyta;Pinopsida	""	1.63
Animalia;Annelida;Polychaeta;Sabellida;Serpulidae;Pseudochitinopoma;Pseudochitinopoma occidentalis	""	0.81
Fungi;Basidiomycota;Agaricomycetes;Cantharellales;Tulasnellaceae;Tulasnella;Tulasnella asymmetrica	""	0.81
Chromista;NA;Dinophyceae;Peridiniales;Diplopsaliaceae;Qia;Qia lebouriae	""	4.88
Fungi;Basidiomycota;Tremellomycetes;Cystofilobasidiales;Mrakiaceae;Tausonia;Tausonia pullulans	""	4.88
Animalia;Arthropoda;Ostracoda;Myodocopida;Philomedidae;Euphilomedes;Euphilomedes cacharodonta	""	1.63
Fungi;Ascomycota;Leotiomycetes;Erysiphales;Erysiphaceae;Blumeria	""	2.44
Chromista;Ciliophora;Karyorelictea;Protostomatida;Kentrophoridae;Kentrophoros;Kentrophoros gracilis	""	1.63
Animalia;Nematoda;Chromadorea	""	1.63
Animalia;Bryozoa;Phylactolaemata;NA;Plumatellidae	""	6.5
Plantae;Streptophyta;Magnoliopsida;Asterales;Asteraceae;Doronicum	""	0.81
Chromista;Apicomplexa;Conoidasida;Eucoccidiorida;Eimeriidae;Eimeria;Eimeria maxima	Chromists	2.44
Chromista;Ciliophora;Oligohymenophorea;Sessilida;Vorticellidae;Epicarchesium	""	0.81
Animalia;Cnidaria;Anthozoa;Scleractinia;Merulinidae;Dipsastraea;Dipsastraea favus	""	1.63
Fungi;Basidiomycota;Tremellomycetes;Tremellales;Bulleraceae;Bullera;Bullera alba	Jelly Fungi	2.44
Animalia;Arthropoda;Hexanauplia;Harpacticoida;Cancrincolidae;Cancrincola;Cancrincola plumipes	Arthropod	4.07
Plantae;Rhodophyta;Florideophyceae;Gigartinales;Kallymeniaceae;Erythrophyllum;Erythrophyllum delesserioides	Red algae	6.5
Fungi;Ascomycota;Eurotiomycetes;Eurotiales;Aspergillaceae;Penicillium;Penicillium laeve	""	0.81
Chromista;Ciliophora;Oligohymenophorea;Peniculida;Frontoniidae;Frontonia;Frontonia atra	""	8.13
Chromista;Oomycota;NA;Saprolegniales;Saprolegniaceae;Pythiopsis;Pythiopsis cymosa	Water molds	4.88
Bacteria;Pseudomonadota;Gammaproteobacteria;Chromatiales;Granulosicoccaceae;Granulosicoccus;Granulosicoccus sp. SS10.26	""	4.88
Bacteria;Pseudomonadota;Alphaproteobacteria;Sphingomonadales;Sphingomonadaceae;Novosphingobium;Novosphingobium silvae	""	3.25
Animalia;Cnidaria;Hydrozoa;Anthoathecata;Hydridae;Hydra;Hydra vulgaris	""	1.63
Fungi;Ascomycota;Dothideomycetes;Cladosporiales;Cladosporiaceae;Cladosporium;Cladosporium oxysporum	""	0.81
Animalia;Rotifera;Eurotatoria;Ploima;Brachionidae;Brachionus	""	8.94
Chromista;NA;Dinophyceae;Peridiniales;Kryptoperidiniaceae;Durinskia	""	7.32
Animalia;Annelida;Polychaeta;Spionida;Trochochaetidae;Trochochaeta;Trochochaeta sp. THS-2006	""	0.81
Bacteria;Pseudomonadota;Oligoflexia;NA;NA;NA;Oligoflexia bacterium	""	3.25
Animalia;Mollusca;Bivalvia;Carditida;Carditidae	Cardita clams	1.63
Plantae;Streptophyta;Magnoliopsida;Poales;Poaceae;Trisetum;Trisetum preslii	Cereal	2.44
Chromista;NA;Cryptophyceae;Cryptomonadales;Cryptomonadaceae;Cryptomonas;Cryptomonas erosa	""	0.81
Animalia;Arthropoda;Hexanauplia;Siphonostomatoida	Arthropod	1.63
Chromista;NA;Synurophyceae;Synurales;Mallomonadaceae;Synura;Synura sphagnicola	""	4.88
Plantae;Rhodophyta;Florideophyceae;Rhodymeniales;Lomentariaceae;Semnocarpa;Semnocarpa minuta	""	0.81
Fungi;Ascomycota;Eurotiomycetes	""	6.5
Animalia;Rotifera;Eurotatoria;Ploima;Brachionidae;Brachionus;Brachionus plicatilis complex sp. COL07	""	0.81
Animalia;Porifera;Demospongiae;Poecilosclerida;Desmacididae;Desmapsamma;Desmapsamma anchorata	Lumpy Overgrowing Sponge	4.88
Plantae;Streptophyta;Magnoliopsida;Aquifoliales;Aquifoliaceae;Ilex;Ilex chinensis	""	0.81
Chromista;NA;Dinophyceae;Gymnodiniales;Warnowiaceae;Warnowia;Warnowia sp. BSL-2009a	""	2.44
Animalia;Mollusca;Gastropoda;NA;Planorbidae;Biomphalaria;Biomphalaria kuhniana	Clessin Ramshorn	1.63
Chromista;NA;Dinophyceae;Peridiniales;Endodiniaceae;Brandtodinium;Brandtodinium nutricula	Dinoflagellates	5.69
Bacteria;Planctomycetota;Planctomycetia;Pirellulales;Lacipirellulaceae;Bythopirellula;Bythopirellula goksoeyrii	Bacteria	8.13
Chromista;Bacillariophyta;Fragilariophyceae;Fragilariales;Fragilariaceae;Asteroplanus;Asteroplanus karianus	Diatoms	7.32
Fungi;Ascomycota;Leotiomycetes;Helotiales;Discinellaceae;Lemonniera;Lemonniera terrestris	""	0.81
Fungi;Basidiomycota;Tremellomycetes;Tremellales;Bulleribasidiaceae;Hannaella	""	1.63
Bacteria;Pseudomonadota;Alphaproteobacteria;Sphingomonadales;Sphingomonadaceae;Sphingomonas	""	7.32
Chromista;Haptophyta;NA;Prymnesiales;Chrysochromulinaceae;Chrysochromulina;Chrysochromulina sp. MBIC10513	""	1.63
Chromista;Bacillariophyta;Bacillariophyceae;Cymbellales;Gomphonemataceae;Didymosphenia;Didymosphenia geminata	""	1.63
Fungi;Ascomycota;Leotiomycetes;Erysiphales;Erysiphaceae	""	6.5
Chromista;NA;Bigyra;Thraustochytrida;Thraustochytriaceae;Thraustochytrium;Thraustochytrium sp. LLF1b	Chromists	8.13
Chromista;Oomycota;NA;Pythiales;Pythiaceae;Pythium;Pythium sp.	""	0.81
Chromista;Ciliophora;Oligohymenophorea;Hymenostomatida;Tetrahymenidae;Tetrahymena;Tetrahymena sp. SPE01	""	0.81
Chromista;NA;Xanthophyceae;Mischococcales;Pleurochloridaceae;Pleurochloris;Pleurochloris meiringensis	""	1.63
Chromista;NA;Chrysophyceae;Chrysosphaerales;Chrysosaccaceae;Chrysosaccus;Chrysosaccus sp. CCMP368	""	5.69
Bacteria;Pseudomonadota;Alphaproteobacteria;Rhodobacterales;Roseobacteraceae;Celeribacter;Celeribacter arenosi	""	4.07
Chromista;Ciliophora;Litostomatea;Haptorida;Enchelyidae;Enchelys;Enchelys polynucleata	""	1.63
Plantae;Rhodophyta;Florideophyceae;Peyssonneliales;Peyssonneliaceae;Ramicrusta;Ramicrusta textilis	Red algae	4.07
Chromista;Ciliophora;Spirotrichea;Tintinnida;Codonellidae;Tintinnopsis;Tintinnopsis sp. JG-2011a	""	7.32
Chromista;NA;Dinophyceae;NA;NA;Pellucidodinium;Pellucidodinium psammophilum	""	1.63
Bacteria;Pseudomonadota;Gammaproteobacteria;Legionellales;Coxiellaceae	Γ-proteobacteria	0.81
Animalia;Annelida;Polychaeta;NA;Maldanidae;Metasychis	Bamboo worms	3.25
Bacteria;Pseudomonadota;Oligoflexia;Bdellovibrionales;Pseudobdellovibrionaceae;Bdellovibrio;Bdellovibrio sp.	""	0.81
Bacteria;Pseudomonadota;Alphaproteobacteria;Hyphomicrobiales;Parvibaculaceae;Anderseniella;Anderseniella sp. Alg231-50	""	0.81
Bacteria;Pseudomonadota;Gammaproteobacteria;Thiotrichales;Thiotrichaceae	""	0.81
Plantae;Rhodophyta;Florideophyceae;Rhodymeniales;Faucheaceae;Gloiocladia;Gloiocladia repens	""	2.44
Chromista;Ciliophora;Spirotrichea;Stichotrichida;Amphisiellidae;Amphisiella;Amphisiella aff. milnei FG-2016	""	0.81
Bacteria;Pseudomonadota;Gammaproteobacteria;Candidatus Comchoanobacterales;Candidatus Comchoanobacteraceae;Candidatus Comchoanobacter;Candidatus Comchoanobacter bicostacola	Γ-proteobacteria	4.07
Fungi;Ascomycota;Saccharomycetes;Saccharomycetales;Saccharomycodaceae;Hanseniaspora;Hanseniaspora lindneri	""	0.81
Protozoa;Cercozoa;Imbricatea;Euglyphida;Cyphoderiidae;Cyphoderia;Cyphoderia ampulla	Protozoans	0.81
Chromista;Apicomplexa;Conoidasida;Eucoccidiorida;Sarcocystidae;Sarcocystis;Sarcocystis tarandi	""	1.63
Fungi;Mucoromycota;Glomeromycetes;Glomerales;Glomeraceae;Glomus;Glomus sp. 6 ZHNL-2013d	""	0.81
Animalia;Platyhelminthes;Rhabditophora;Polycladida;Notoplanidae;Notoplana;Notoplana australis	""	0.81
Fungi;Basidiomycota;Exobasidiomycetes;Exobasidiales;Brachybasidiaceae;Meira	""	0.81
Chromista;Cercozoa;Chlorarachniophyceae	Chromists	8.13
Chromista;Oomycota;NA;Peronosporales;Peronosporaceae;Bremia;Bremia lactucae	""	4.07
Bacteria;Planctomycetota;Planctomycetia;Planctomycetales;Planctomycetaceae;Symmachiella;Symmachiella dynata	Bacteria	4.07
Animalia;Arthropoda;Malacostraca;Decapoda;Lithodidae;Lithodes;Lithodes sp.	""	0.81
Chromista;NA;Dinophyceae;Blastodiniales;NA;Haplozoon;Haplozoon gracile	Dinoflagellates	2.44
Bacteria;Pseudomonadota;Deltaproteobacteria;NA;NA;NA;sulfate-reducing bacterium mXyS1	Bacteria	6.5
Fungi;Chytridiomycota;Chytridiomycetes;Chytridiales;Chytridiaceae;NA;Chytridiaceae sp.	""	0.81
Chromista;NA;Dinophyceae;Peridiniales;Peridiniaceae;Scrippsiella;Scrippsiella sp. JD-2012	""	4.88
Plantae;Rhodophyta;Florideophyceae;Plocamiales;Plocamiaceae;Plocamium	""	1.63
Animalia;Arthropoda;Malacostraca;Mysida;Mysidae	""	3.25
Animalia;Hemichordata;Pterobranchia;Rhabdopleurida;Rhabdopleuridae;Rhabdopleura;Rhabdopleura normani	""	0.81
Animalia;Cnidaria;Hydrozoa;Narcomedusae;Cuninidae;Cunina;Cunina frugifera	""	0.81
Animalia;Cnidaria;Anthozoa;Actiniaria	""	2.44
Chromista;Ciliophora;NA;NA;NA;Cryptocaryon;Cryptocaryon irritans	""	3.25
Fungi;Mucoromycota;Glomeromycetes;Glomerales;Glomeraceae;Funneliformis;Funneliformis mosseae	""	4.88
Bacteria;Pseudomonadota;Alphaproteobacteria;Rhodospirillales;Azospirillaceae;Azospirillum;Azospirillum brasilense	""	0.81
Fungi;Ascomycota;Dothideomycetes;Venturiales	""	0.81
Fungi;Basidiomycota;Agaricomycetes;Agaricales;Inocybaceae;Inocybe;Inocybe sp. 6 RT-2012	""	0.81
Animalia;Arthropoda;Insecta;Orthoptera;Acrididae;Schistocerca;Schistocerca gregaria	""	1.63
Fungi;Mucoromycota;Glomeromycetes;Glomerales;Glomeraceae;Glomus;Glomus microcarpum	""	3.25
Chromista;Apicomplexa;Conoidasida;Eugregarinorida;Uradiophoridae;Heliospora;Heliospora cf. longissima	""	1.63
Plantae;Streptophyta;Magnoliopsida;Fabales;Polygalaceae	""	1.63
Chromista;Ciliophora;Spirotrichea;Euplotida;Uronychiidae;Diophrys;Diophrys cf. oligothrix	""	4.07
Plantae;Streptophyta;Zygnemophyceae;Zygnematales;Zygnemataceae;Spirogyra	""	0.81
Chromista;Apicomplexa;Conoidasida;Eugregarinorida;Cephaloidophoridae;Cephaloidophora;Cephaloidophora bipinnatae	""	0.81
Plantae;Streptophyta;Magnoliopsida;Santalales;Balanophoraceae;Balanophora;Balanophora harlandii	""	4.07
Animalia;Chaetognatha;Sagittoidea;Phragmophora;Spadellidae;Spadella	""	0.81
Bacteria;Pseudomonadota;Epsilonproteobacteria;Campylobacterales;Arcobacteraceae;Arcobacter	Bacteria	0.81
Chromista;NA;Chrysophyceae;NA;Apoikiaceae;Apoikiospumella;Apoikiospumella mondseeiensis	""	5.69
Chromista;NA;Dinophyceae;Dinophysiales;Dinophysiaceae;Sinophysis;Sinophysis ebriola	""	5.69
Plantae;Rhodophyta;Florideophyceae;Peyssonneliales;Peyssonneliaceae	Red algae	5.69
Animalia;Cnidaria;Anthozoa;Scleractinia;Dendrophylliidae	""	0.81
Bacteria;Pseudomonadota;Gammaproteobacteria;Pseudomonadales;Pseudomonadaceae;Pseudomonas;Pseudomonas poae	""	1.63
Fungi;Ascomycota;Dothideomycetes;Dothideales	""	1.63
Bacteria;Pseudomonadota;Alphaproteobacteria;Sphingomonadales;Erythrobacteraceae	""	0.81
Chromista;NA;Bigyra;Opalinata;Blastocystidae;Blastocystis	Chromists	5.69
Chromista;Ciliophora;Prostomatea;Prorodontida;Colepidae;Coleps;Coleps amphacanthus	""	6.5
Chromista;NA;Phaeophyceae;Ectocarpales;Scytosiphonaceae;Scytosiphon;Scytosiphon lomentaria	Beanweed	4.88
Plantae;Chlorophyta;Trebouxiophyceae;Watanabeales;NA;Watanabea	""	1.63
Bacteria;Pseudomonadota;Alphaproteobacteria;Hyphomicrobiales;Nitrobacteraceae	""	1.63
Chromista;NA;Dinophyceae;Suessiales;Symbiodiniaceae;NA;Symbiodiniaceae sp.	""	1.63
Plantae;Chlorophyta;Ulvophyceae;Ulvales;Ulvaceae;Blidingia;Blidingia sp. YSB-2019	""	0.81
Plantae;Streptophyta;Magnoliopsida;Caryophyllales;Caryophyllaceae;Silene;Silene repens	""	0.81
Chromista;Cercozoa;Thecofilosea;Cryomonadida;Rhogostomidae;NA;Rhogostomidae sp.	Chromists	17.89
Animalia;Arthropoda;Insecta;Diptera;Tachinidae;Belvosia;Belvosia sp. Woodley04A	""	0.81
Plantae;Rhodophyta;Florideophyceae;Gigartinales;Phyllophoraceae	Red algae	4.07
Bacteria;Pseudomonadota;Alphaproteobacteria;Rhodobacterales;Paracoccaceae;NA;Paracoccaceae bacterium	""	1.63
Animalia;Arthropoda;Hexanauplia;Calanoida;Pseudocyclopidae;Pseudocyclops	""	0.81
Chromista;Apicomplexa;Marosporida;Agamococcidiorida;Rhytidocystidae;Rhytidocystis;Rhytidocystis dobrovolskiji	Chromists	8.94
Chromista;Bacillariophyta;Bacillariophyceae;Bacillariales;Bacillariaceae;Fragilariopsis;Fragilariopsis cylindrus	""	1.63
Animalia;Arthropoda;Thecostraca;Pollicipedomorpha;Pollicipedidae;Pollicipes;Pollicipes elegans	""	4.07
Chromista;NA;Dinophyceae;Gonyaulacales;Protoceratiaceae	Dinoflagellates	8.94
Chromista;NA;Dinophyceae;Gonyaulacales;Gonyaulacaceae	""	1.63
Chromista;NA;Dinophyceae;Peridiniales;Amphidiniopsidaceae;Amphidiniopsis;Amphidiniopsis rotundata	""	1.63
Plantae;Chlorophyta;Trebouxiophyceae;Trebouxiales;Trebouxiaceae;Myrmecia	""	0.81
Fungi;Mucoromycota;Mucoromycetes;Mucorales	""	1.63
Plantae;Rhodophyta;Florideophyceae;Colaconematales;Colaconemataceae;Colaconema	Red algae	11.38
Fungi;Basidiomycota;Agaricomycetes;Amylocorticiales;Amylocorticiaceae;Plicaturopsis;Plicaturopsis crispa	Crimped Gill	4.07
Plantae;Chlorophyta;Chlorophyceae;NA;NA;NA;Chlorophyceae sp. WJT24VFNP48	""	0.81
Fungi;Chytridiomycota;Neocallimastigomycetes;Neocallimastigales;Neocallimastigaceae	""	5.69
Plantae;Chlorophyta;Pyramimonadophyceae;Pyramimonadales;Pyramimonadaceae;Pyramimonas;Pyramimonas propulsa	""	4.07
Animalia;Arthropoda;Insecta;Psocoptera	Bark lice	2.44
Animalia;Cnidaria;Hydrozoa;Anthoathecata;Proboscidactylidae;Proboscidactyla	Hydralike animals	4.88
Chromista;Haptophyta;NA;Pavlovales;Pavlovaceae;Diacronema;Diacronema ennorea	""	3.25
Animalia;Platyhelminthes;Catenulida	""	10.57
Chromista;Cercozoa;Thecofilosea;Phaeoconchia;Coelodendridae;Coelodendrum;Coelodendrum ramosissimum	Chromists	10.57
Bacteria;Acidobacteria;Acidobacteriia;Bryobacterales	""	1.63
Plantae;Streptophyta;Klebsormidiophyceae;Klebsormidiales;Klebsormidiaceae;Klebsormidium;Klebsormidium flaccidum	""	1.63
Bacteria;Pseudomonadota;Alphaproteobacteria;Hyphomicrobiales;NA;NA;Hyphomicrobiales bacterium	Α-proteobacteria	4.07
Fungi;Ascomycota;Leotiomycetes;Erysiphales;Erysiphaceae;Golovinomyces;Golovinomyces cichoracearum	""	0.81
Chromista;Ciliophora;Litostomatea;Pleurostomatida;Litonotidae	""	8.13
Animalia;Arthropoda;Hexanauplia;Harpacticoida;Cletodidae;NA;Cletodidae sp. DZMB535	""	0.81
Chromista;Ciliophora;Colpodea	""	4.07
Animalia;Nemertea;Enopla	Proboscis worms	3.25
Fungi;Basidiomycota;Tremellomycetes;Cystofilobasidiales;Mrakiaceae;Phaffia;Phaffia rhodozyma	""	1.63
Animalia;Porifera;Demospongiae;Spongillida;Spongillidae	Freshwater Sponges	3.25
Animalia;Platyhelminthes;Monogenea	""	5.69
Bacteria;Pseudomonadota;Alphaproteobacteria;Hyphomicrobiales;Devosiaceae;Devosia;Devosia sp. VBW339	""	1.63
Chromista;Oomycota;NA;Pythiales;Pythiaceae;Phytopythium;Phytopythium vexans	""	4.07
Protozoa;Euglenozoa;Kinetoplastea;Neobodonida;NA;Rhynchobodo;Rhynchobodo sp. Hamilton Lake	""	0.81
Bacteria;Pseudomonadota;Deltaproteobacteria;Desulfuromonadales;Desulfuromonadaceae;Pelobacter;Pelobacter sp.	""	0.81
Animalia;Arthropoda;Arachnida;Ixodida;Ixodidae;Rhipicephalus;Rhipicephalus haemaphysaloides	""	0.81
Fungi;Ascomycota;Dothideomycetes;Mycosphaerellales;Teratosphaeriaceae;Acrodontium;Acrodontium crateriforme	""	1.63
Bacteria;Pseudomonadota;Gammaproteobacteria;NA;NA;Thiolapillus;Thiolapillus brandeum	Purple Sulfur Bacteria	5.69
Chromista;Cercozoa;Chlorarachniophyceae;NA;NA;Minorisa;Minorisa minuta	Chromists	3.25
Animalia;Mollusca;Polyplacophora	""	1.63
Chromista;NA;Dinophyceae;Peridiniales;Podolampadaceae;Podolampas;Podolampas bipes	""	1.63
Bacteria;Pseudomonadota;Betaproteobacteria;Ferritrophicales;Ferritrophicaceae;Ferritrophicum;Ferritrophicum radicicola	Β-proteobacteria	0.81
Plantae;Prasinodermophyta;Prasinodermophyceae;Prasinodermales;Prasinodermaceae;Prasinoderma	""	0.81
Fungi;Ascomycota;Eurotiomycetes;Chaetothyriales	""	2.44
Animalia;Entoprocta;NA;NA;Loxosomatidae;Loxosomella;Loxosomella cyatiformis	""	1.63
Fungi;Chytridiomycota;Chytridiomycetes;Cladochytriales;Nowakowskiellaceae;Nowakowskiella;Nowakowskiella elegans	""	1.63
Protozoa;NA;NA;Apusomonadida;Apusomonadidae;Amastigomonas;Amastigomonas sp. HFCC180	Protozoans	1.63
Plantae;Chlorophyta;Chlorophyceae;Oedogoniales;Oedogoniaceae;Oedogonium;Oedogonium angustistomum	Chlorophycean Green Algae	2.44
Fungi;Mucoromycota;Glomeromycetes;Glomerales;Glomeraceae;NA;Glomeraceae sp.	""	2.44
Animalia;Porifera;Demospongiae;Verongiida;Aplysinidae;Aplysina	""	0.81
Chromista;Apicomplexa;Conoidasida;Archigregarinorida;Selenidiidae;Platyproteum;Platyproteum vivax	""	0.81
Plantae;Streptophyta;Magnoliopsida;Asterales;Asteraceae;Senecio;Senecio doria	""	1.63
Chromista;Haptophyta;NA;Prymnesiales;Prymnesiaceae;Prymnesium;Prymnesium parvum	""	2.44
Chromista;Apicomplexa;Conoidasida;Archigregarinorida;Selenidiidae;Selenidium;Selenidium cf. mesnili	Chromists	5.69
Plantae;Chlorophyta;Ulvophyceae;Ulvales;Ulvaceae;Ulva;Ulva proliferoides	""	0.81
Plantae;Streptophyta;Magnoliopsida;Fabales;Fabaceae;Trifolium;Trifolium repens	""	0.81
Animalia;Arthropoda;Hexanauplia;Poecilostomatoida;Oncaeidae	""	0.81
Animalia;Mollusca;Gastropoda;Architaenioglossa;Diplommatinidae;Plectostoma	""	2.44
Animalia;Arthropoda;Arachnida;Araneae	""	3.25
Plantae;Streptophyta;Bryopsida;Bryales;Bryaceae;Ptychostomum;Ptychostomum cellulare	""	1.63
Animalia;Arthropoda;Insecta;Hemiptera;Anthocoridae;Orius;Orius laevigatus	""	0.81
Animalia;Arthropoda;Hexanauplia;Cyclopoida;Cyclopidae;Eucyclops	Copepods	0.81
Bacteria;Pseudomonadota;Alphaproteobacteria;Rhodospirillales;Elioraeaceae;Elioraea;Elioraea rosea	""	3.25
Plantae;Streptophyta;Magnoliopsida;Brassicales;Brassicaceae;Brassica	Cabbage	1.63
Chromista;NA;Dinophyceae;Gonyaulacales;Goniodomataceae;Gambierdiscus;Gambierdiscus sp. type 3	""	0.81
Chromista;Apicomplexa;Conoidasida;Archigregarinorida;Selenidiidae;Selenidium;Selenidium validusae	""	0.81
Protozoa;Discosea;Flabellinia;NA;Vannellidae;Platyamoeba	""	2.44
Plantae;Streptophyta;Magnoliopsida;Poales;Poaceae;Deschampsia	""	1.63
Fungi;Basidiomycota;Malasseziomycetes	""	4.07
Chromista;Apicomplexa;Aconoidasida;Piroplasmida;Theileriidae;Theileria;Theileria parva	Chromists	1.63
Chromista;Ciliophora;Spirotrichea;Sporadotrichida;Oxytrichidae;Oxytricha;Oxytricha saltans	""	2.44
Animalia;Arthropoda;Insecta;Diptera;Chironomidae;Diamesa;Diamesa japonica	""	0.81
Chromista;Ciliophora;Nassophorea;Nassulida;Colpodidiidae;NA;Colpodidiidae sp. HWB-2007	Ciliates	3.25
Bacteria;Pseudomonadota;Gammaproteobacteria;Orbales;Orbaceae;Gilliamella;Gilliamella apicola	Γ-proteobacteria	7.32
Protozoa;Tubulinea;Elardia;Leptomyxida;Flabellulidae;Paraflabellula;Paraflabellula hoguae	Protozoans	4.07
Fungi;Ascomycota;Saccharomycetes;Saccharomycetales;NA;Candida/Saccharomycetales;[Candida] saopauloensis	""	2.44
Chromista;Apicomplexa;Conoidasida;Archigregarinorida;Selenidiidae;Selenidium;Selenidium cf. echinatum	Chromists	3.25
Bacteria;Pseudomonadota;Alphaproteobacteria;Hyphomicrobiales;Brucellaceae;Brucella;Brucella lupini	""	0.81
Fungi;Ascomycota;Dothideomycetes;Pleosporales;Pleosporaceae;Decorospora;Decorospora gaudefroyi	""	2.44
Bacteria;Pseudomonadota;Gammaproteobacteria;Oceanospirillales;Oceanospirillaceae;Oleibacter;Oleibacter marinus	""	4.88
Animalia;Arthropoda;Malacostraca;Decapoda;Polybiidae;Liocarcinus;Liocarcinus depurator	Harbour Crab	0.81
Bacteria;Pseudomonadota;Gammaproteobacteria;Alteromonadales;Pseudoalteromonadaceae;Pseudoalteromonas	""	0.81
Animalia;Arthropoda;Hexanauplia;Poecilostomatoida;Sapphirinidae;Sapphirina;Sapphirina darwinii	""	1.63
Animalia;Arthropoda;Insecta;Hemiptera;Aphididae;Megoura	Aphid	0.81
Animalia;Arthropoda;Ostracoda;Podocopida;Candonidae;Paracypria;Paracypria inujimensis	""	4.07
Fungi;NA;Centroplasthelida;Pterocystida;NA;Oxnerella;Oxnerella micra	""	0.81
Animalia;Porifera;Hexactinellida;Lyssacinosida	""	0.81
Bacteria;Pseudomonadota;Alphaproteobacteria;Hyphomicrobiales;Rhodobiaceae;NA;Rhodobiaceae bacterium	""	2.44
Chromista;NA;Pelagophyceae;Pelagomonadales	Chromists	1.63
Animalia;Nemertea;Pilidiophora;Heteronemertea;NA;NA;Heteronemertea sp. MCZ IZ 45556	""	2.44
Chromista;Ciliophora;Litostomatea;Haptorida;Spathidiidae	Ciliates	7.32
Chromista;Cercozoa;Imbricatea;Thaumatomonadida;Thaumatomastigidae;Peregrinia;Peregrinia clavideferens	""	8.94
Chromista;NA;Dinophyceae;Gonyaulacales;Ceratiaceae;Ceratium;Ceratium sp. HCB-2005	""	0.81
Chromista;NA;Cryptophyceae;Cryptomonadales;Hemiselmidaceae;Hemiselmis;Hemiselmis rufescens	Cryptomonads	6.5
Protozoa;Cercozoa;NA;Cercomonadida;Cercomonadidae;Paracercomonas	Protozoans	2.44
Chromista;Bacillariophyta;Bacillariophyceae;Cymbellales;Gomphonemataceae;Gomphonema;Gomphonema parvulum	Diatoms	5.69
Fungi;Ascomycota;Leotiomycetes;Helotiales;Sclerotiniaceae	""	0.81
Animalia;Arthropoda;Arachnida;Sarcoptiformes	Mites	3.25
Animalia;Platyhelminthes;Rhabditophora;Tricladida	""	2.44
Chromista;NA;Dinophyceae;Peridiniales;Kryptoperidiniaceae;Kryptoperidinium;Kryptoperidinium sp. KryCA_Uniss	""	0.81
Chromista;Bacillariophyta;Coscinodiscophyceae;Thalassiosirales;Thalassiosiraceae;Thalassiosira;Thalassiosira pseudonana	Diatoms	4.07
Plantae;Streptophyta;Magnoliopsida;Poales;Poaceae;Panicum;Panicum virgatum	""	0.81
Chromista;NA;Bigyra;Opalinata;Blastocystidae;Blastocystis;Blastocystis sp.	""	0.81
Plantae;Chlorophyta;Trebouxiophyceae;NA;NA;Botryococcus;Botryococcus sp. Tow 9/21 P-16w	""	0.81
Fungi;Ascomycota;Sordariomycetes;Coniochaetales;NA;NA;Coniochaetales sp. GMG_C4	""	0.81
Chromista;Endomyxa;Phytomyxea;Phagomyxida;NA;Maullinia;Maullinia braseltonii	""	0.81
Fungi;Basidiomycota;Geminibasidiomycetes;Geminibasidiales;Geminibasidiaceae	""	1.63
Animalia;Cnidaria;Hydrozoa;Trachymedusae;Rhopalonematidae;Pantachogon;Pantachogon haeckeli	""	2.44
Plantae;Chlorophyta;Chloropicophyceae;Chloropicales;Chloropicaceae;Chloroparvula;Chloroparvula pacifica	""	2.44
Animalia;Platyhelminthes;Catenulida;NA;Stenostomidae;Stenostomum;Stenostomum sp. 'Aguinaldo, 1997'	""	1.63
Chromista;Ciliophora;Heterotrichea;Licnophorida;Licnophoridae;Licnophora;Licnophora lyngbycola	""	0.81
Animalia;Annelida;Polychaeta;Sabellida;Sabellidae;Parasabella;Parasabella cf. aulaconota AL-2018	""	1.63
Bacteria;Pseudomonadota;Alphaproteobacteria;Rhodobacterales;Roseobacteraceae;Roseovarius;Roseovarius aquimarinus	""	0.81
Plantae;Streptophyta;Magnoliopsida;Boraginales;Boraginaceae	""	1.63
Chromista;NA;Dinophyceae;Thoracosphaerales;Thoracosphaeraceae;Thoracosphaera;Thoracosphaera heimii	""	3.25
Chromista;Apicomplexa;Conoidasida;Eugregarinorida;Lecudinidae;Ancora	""	0.81
Animalia;Brachiopoda;Rhynchonellata;Rhynchonellida;Cryptoporidae;Cryptopora;Cryptopora gnomon	""	0.81
Fungi;Ascomycota;Leotiomycetes;Helotiales;Discinellaceae;Articulospora;Articulospora proliferata	Asco's	2.44
Protozoa;Discosea;Flabellinia;Dactylopodida;Paramoebidae	""	2.44
Chromista;NA;Dinophyceae;Gonyaulacales;Pyrocystaceae;Alexandrium;Alexandrium pseudogonyaulax	""	0.81
Fungi;Blastocladiomycota;Blastocladiomycetes;Blastocladiales;Blastocladiaceae	""	1.63
Animalia;Platyhelminthes;Rhabditophora;Rhabdocoela;Graffillidae;Bresslauilla;Bresslauilla relicta	Flatworms	2.44
Bacteria;Pseudomonadota;Alphaproteobacteria;Hyphomicrobiales;Reyranellaceae;Reyranella;Reyranella sp.	""	0.81
Chromista;Perkinsozoa;NA;Perkinsida;Perkinsidae;Perkinsus	""	1.63
Chromista;NA;Dinophyceae;NA;NA;Pseudadenoides;Pseudadenoides kofoidii	""	1.63
Bacteria;Pseudomonadota;Alphaproteobacteria;Rhodobacterales;Paracoccaceae;Albimonas;Albimonas sp.	""	1.63
Fungi;Ascomycota;Saccharomycetes;Saccharomycetales;NA;Candida/Saccharomycetales;[Candida] tunisiensis	""	0.81
Fungi;Basidiomycota;Agaricomycetes;Trechisporales;Hydnodontaceae;Trechispora	""	0.81
Chromista;Bacillariophyta;Coscinodiscophyceae;Thalassiosirales;Thalassiosiraceae;Thalassiosira;Thalassiosira sp. DDZ-2010a	""	1.63
Animalia;Cnidaria;Anthozoa;Alcyonacea;Primnoidae;Plumarella;Plumarella cf. delicatissima N05	""	0.81
Animalia;Cnidaria;Anthozoa;Alcyonacea;Primnoidae;Narella;Narella bowersi	""	2.44
Chromista;NA;Dinophyceae;Prorocentrales;Prorocentraceae;Prorocentrum;Prorocentrum arenarium	""	2.44
Plantae;Streptophyta;Magnoliopsida;Brassicales;Brassicaceae;Sinapis;Sinapis alba	""	0.81
Protozoa;NA;Ichthyosporea;Ichthyophonida;Amoebidiaceae;Paramoebidium	""	0.81
Chromista;NA;Chrysophyceae;Chromulinales;Chrysoamoebidaceae;Chrysamoeba	""	1.63
Chromista;Oomycota;NA;Pythiales;Pythiaceae;Globisporangium;Globisporangium viniferum	""	0.81
Chromista;Ciliophora;Phyllopharyngea;Chlamydodontida;Chilodonellidae;Pseudochilodonopsis;Pseudochilodonopsis sp. 2 WS-2013	Ciliates	4.88
Bacteria;Pseudomonadota;Epsilonproteobacteria;Campylobacterales;Arcobacteraceae;Halarcobacter;Halarcobacter bivalviorum	""	0.81
Protozoa;Fornicata;NA;NA;NA;Kipferlia;Kipferlia bialata	Kipferlia bialata	2.44
Fungi;Mucoromycota;Glomeromycetes;Glomerales;Glomeraceae;Glomus	""	5.69
Plantae;Rhodophyta;Florideophyceae;Ceramiales;Rhodomelaceae;Rhodomela;Rhodomela confervoides	Red algae	0.81
Chromista;Apicomplexa;Conoidasida;Eucoccidiorida;Sarcocystidae;Hammondia;Hammondia triffittae	""	1.63
Fungi;Basidiomycota;Agaricostilbomycetes;Agaricostilbales;Agaricostilbaceae;Sterigmatomyces;Sterigmatomyces halophilus	""	1.63
Plantae;Rhodophyta;Florideophyceae;Ceramiales;Rhodomelaceae;Bostrychia;Bostrychia radicans	""	0.81
Plantae;Streptophyta;Magnoliopsida;Asparagales;Asparagaceae;Asparagus;Asparagus falcatus	""	0.81
Plantae;Streptophyta;Magnoliopsida;Asterales;Asteraceae;Chrysophthalmum;Chrysophthalmum montanum	""	0.81
Animalia;Arthropoda;Malacostraca;Decapoda;Eriphiidae;NA;Eriphiidae sp. BPX-2007	Crabs	0.81
Protozoa;NA;NA;Rigifilida;NA;Micronuclearia;Micronuclearia podoventralis	""	1.63
Chromista;NA;Pelagophyceae;Pelagomonadales;NA;Aureoumbra;Aureoumbra lagunensis	""	1.63
Bacteria;Pseudomonadota;Gammaproteobacteria;Alteromonadales;Pseudoalteromonadaceae;Pseudoalteromonas;Pseudoalteromonas sp. 520P1	Γ-proteobacteria	7.32
Plantae;Chlorophyta;Ulvophyceae	""	0.81
Chromista;NA;Xanthophyceae;Mischococcales;Botryochloridaceae;Chlorellidium;Chlorellidium tetrabotrys	Yellow-green Algae	2.44
Plantae;Streptophyta;Jungermanniopsida;Porellales;Porellaceae;Porella;Porella cordaeana	""	0.81
Fungi;Mucoromycota;Glomeromycetes;Glomerales;Glomeraceae;NA;Glomeraceae sp. 1 RS-2018	""	5.69
Plantae;Chlorophyta;Ulvophyceae;Chlorocystidales;Chlorocystidaceae;Desmochloris;Desmochloris mollenhaueri	""	0.81
Animalia;Mollusca;Gastropoda;Nudibranchia;Dendrodorididae	Nudibranchs	1.63
Plantae;Rhodophyta;Florideophyceae;Gracilariales;Pterocladiophilaceae;Holmsella	""	5.69
Chromista;Ciliophora;Oligohymenophorea;NA;NA;NA;Uncultured marine oligohymenophorean ciliate 148-5-EKD6	""	0.81
Chromista;NA;Dinophyceae;Suessiales;Symbiodiniaceae;Symbiodinium;Symbiodinium sp. clade F	""	2.44
Plantae;Rhodophyta;Florideophyceae;Ceramiales;Ceramiaceae;Anotrichium;Anotrichium furcellatum	""	0.81
Fungi;Ascomycota;Leotiomycetes;Helotiales;Rutstroemiaceae;Clarireedia;Clarireedia homoeocarpa	Asco's	2.44
Plantae;Streptophyta;Magnoliopsida;Rosales;Urticaceae;Leucosyke;Leucosyke puya	""	0.81
Bacteria;Pseudomonadota;Gammaproteobacteria;Moraxellales;Moraxellaceae;Psychrobacter	""	0.81
Animalia;Annelida;Polychaeta;Eunicida;Eunicidae;Marphysa	""	0.81
Animalia;Cnidaria;Hydrozoa;Leptothecata;Plumulariidae;Plumularia	""	0.81
Bacteria;Nitrospirae;Nitrospira;Nitrospirales;Nitrospiraceae;Nitrospira	""	0.81
Animalia;Arthropoda;Hexanauplia;Polyarthra;Longipediidae;Longipedia;Longipedia koreana	Arthropod	3.25
Bacteria;Pseudomonadota;Epsilonproteobacteria;Campylobacterales;Campylobacteraceae;Campylobacter;Campylobacter concisus	""	4.07
Plantae;Chlorophyta;Trebouxiophyceae;NA;NA;Choricystis;Choricystis parasitica	""	3.25
Animalia;Chordata;Ascidiacea;Aplousobranchia;Clavelinidae;Distaplia;Distaplia dubia	Ascidians	2.44
Animalia;Rotifera;Eurotatoria;Ploima;Notommatidae;Cephalodella;Cephalodella gibba	""	3.25
Fungi;Chytridiomycota;Chytridiomycetes;Rhizophydiales;Globomycetaceae	""	5.69
Animalia;Rotifera;Eurotatoria;Ploima;Synchaetidae;Synchaeta;Synchaeta vorax	Rotifers	10.57
Fungi;Basidiomycota;Agaricomycetes;Polyporales;Meruliaceae;Phlebia;Phlebia radiata	""	5.69
Plantae;Streptophyta;Polypodiopsida;Polypodiales;Aspleniaceae;Asplenium	""	0.81
Plantae;Rhodophyta;Florideophyceae;Corallinales;Corallinaceae;Pneophyllum	""	0.81
Chromista;NA;Eustigmatophyceae	Chromists	1.63
Animalia;Nemertea;Pilidiophora;Heteronemertea;Lineidae;Kulikovia;Kulikovia cf. montgomeryi	Proboscis worms	1.63
Animalia;Arthropoda;Diplopoda	""	2.44
Chromista;Ciliophora;Spirotrichea;Euplotida;Uronychiidae;Paradiophrys;Paradiophrys irmgard	""	1.63
Protozoa;Tubulinea;Echinamoebida;NA;NA;Vermamoeba;Vermamoeba vermiformis	""	0.81
Bacteria;Pseudomonadota;Alphaproteobacteria;Pelagibacterales;Pelagibacteraceae;Candidatus Pelagibacter;Candidatus Pelagibacter sp. AAA795-J21	Α-proteobacteria	5.69
Fungi;Mucoromycota;Glomeromycetes;Diversisporales;Gigasporaceae	""	0.81
Chromista;NA;Dinophyceae;Gymnodiniales;Amphilothaceae;Achradina;Achradina pulchra	""	1.63
Plantae;Streptophyta;Magnoliopsida;Brassicales;Brassicaceae;Alyssum	Alyssum	1.63
Fungi;Blastocladiomycota;Blastocladiomycetes;Blastocladiales;Catenariaceae	""	5.69
Chromista;NA;Synurophyceae;Synurales;Mallomonadaceae;Synura;Synura petersenii	""	0.81
Chromista;Ciliophora;Oligohymenophorea;Sessilida;Epistylidae;Epistylis	""	3.25
Fungi;Basidiomycota;Agaricostilbomycetes;Agaricostilbales;Kondoaceae;Kondoa	Basidio's	3.25
Chromista;Ciliophora;Spirotrichea;Urostylida;Holostichidae;Neourostylopsis	""	1.63
Animalia;Arthropoda;Ostracoda;Podocopida;Cyprididae;Dolerocypris;Dolerocypris sinensis	""	0.81
Bacteria;Planctomycetota;Planctomycetia;Planctomycetales;Planctomycetaceae;NA;planctomycete str. 292	""	2.44
Bacteria;Planctomycetota;Planctomycetia;Planctomycetales;Planctomycetaceae;Gimesia	""	1.63
Chromista;Ciliophora;Oligohymenophorea;Peniculida	""	4.07
Bacteria;Cyanobacteria;NA;Synechococcales;Synechococcaceae;Synechococcus	""	0.81
Chromista;Apicomplexa;Conoidasida;NA;NA;NA;Coccidia sp.	Chromists	7.32
Plantae;Streptophyta;Magnoliopsida;Gentianales;Rubiaceae;Morinda;Morinda sp. 8 SGR-2009	""	1.63
Fungi;Basidiomycota;Agaricomycetes;Cantharellales;NA;NA;Cantharellales sp.	""	0.81
Plantae;Streptophyta;Pinopsida;Pinales;Pinaceae;Pinus	""	5.69
Bacteria;Bacillota;Bacilli;Bacillales;Bacillaceae;Bacillus;Bacillus subtilis	""	0.81
Chromista;Perkinsozoa;NA;Perkinsida;Perkinsidae;Parvilucifera;Parvilucifera infectans	Chromists	3.25
Animalia;Arthropoda;Malacostraca;Decapoda;Orithyiidae;Orithyia;Orithyia sinica	Crabs	0.81
Animalia;Annelida;Polychaeta;Phyllodocida;Sigalionidae;Sthenelanella;Sthenelanella uniformis	""	1.63
Fungi;Basidiomycota;Agaricomycetes;Boletales;Suillaceae;Suillus;Suillus sp. RT-2012	""	0.81
Chromista;Ciliophora;Nassophorea;Nassulida;Nassulidae;Obertrumia;Obertrumia georgiana	Ciliates	2.44
Fungi;Basidiomycota;Microbotryomycetes;Sporidiobolales;NA;NA;Sporidiobolales sp. LM531	""	4.07
Fungi;Zoopagomycota;Zoopagomycetes;Zoopagales;Piptocephalidaceae;Piptocephalis;Piptocephalis cylindrospora	""	0.81
Plantae;Streptophyta;Magnoliopsida;Malpighiales	Nances, Willows, And Allies	2.44
Bacteria;Pseudomonadota;Alphaproteobacteria;Holosporales;Candidatus Paracaedibacteraceae;Candidatus Paracaedibacter;Candidatus Paracaedibacter acanthamoebae	""	2.44
Animalia;Arthropoda;Hexanauplia;Calanoida;Eucalanidae;Subeucalanus;Subeucalanus pileatus	Calanoid Copepods	4.88
Plantae;Chlorophyta;Trebouxiophyceae;Chlorellales;Chlorellaceae;Nannochloris;Nannochloris sp. MI37	Green algae	3.25
Fungi;Basidiomycota;Agaricomycetes;Polyporales;Polyporaceae;Trametes;Trametes versicolor	""	0.81
Fungi;Ascomycota;Dothideomycetes;Capnodiales	""	0.81
Animalia;Arthropoda;Malacostraca;Decapoda;Varunidae	Crabs	0.81
Animalia;Arthropoda;Hexanauplia;Calanoida;Tortanidae;Tortanus;Tortanus sp. New Caledonia-RJH-2004	Calanoid Copepods	1.63
Chromista;Bacillariophyta;Bacillariophyceae;Naviculales;Sellaphoraceae;Sellaphora	""	3.25
Plantae;Streptophyta;Magnoliopsida;Poales;Poaceae;Oryza;Oryza sativa	""	5.69
Fungi;Basidiomycota;Agaricomycetes;Agaricales;Crepidotaceae;Crepidotus;Crepidotus sp. PBM3237	""	0.81
Animalia;Chordata;Mammalia;Artiodactyla;Cervidae;Cervus;Cervus canadensis	""	3.25
Plantae;Streptophyta;Magnoliopsida;Poales;Poaceae;Triticum;Triticum aestivum	""	3.25
Protozoa;Cercozoa;NA;Cercomonadida	""	0.81
Chromista;NA;Dinophyceae;Gymnodiniales;Gymnodiniaceae;Ankistrodinium;Ankistrodinium semilunatum	""	0.81
Fungi;Mucoromycota;Glomeromycetes;Glomerales;Glomeraceae;Septoglomus	Fungi	4.88
Plantae;Rhodophyta;Compsopogonophyceae;Compsopogonales;Compsopogonaceae	Red algae	0.81
Animalia;Mollusca;Bivalvia;Cardiida;Donacidae;Donax;Donax variabilis	Butterfly shell	0.81
Chromista;NA;Xanthophyceae;Mischococcales;Botrydiopsidaceae;Botrydiopsis;Botrydiopsis intercedens	Yellow-green Algae	0.81
Animalia;Arthropoda;Malacostraca;Decapoda;Calappidae;Hepatus;Hepatus epheliticus	Calico box crab	0.81
Animalia;Annelida;Clitellata;Crassiclitellata;Aeolosomatidae;Rheomorpha;Rheomorpha neiswestonovae	""	0.81
Plantae;Streptophyta;Magnoliopsida;Poales;Poaceae;Hordeum;Hordeum vulgare	""	4.07
Chromista;NA;Dinophyceae;Thoracosphaerales;Thoracosphaeraceae;Amyloodinium;Amyloodinium ocellatum	""	0.81
Chromista;Ciliophora;Litostomatea;Haptorida;Dileptidae;Dileptus;Dileptus sp. HCB-2005	""	1.63
Animalia;Chaetognatha;Sagittoidea;Aphragmophora;Sagittidae;Parasagitta	Arrow worms	2.44
Chromista;NA;Dinophyceae;Gonyaulacales;Heterodiniaceae;Heterodinium;Heterodinium milneri	""	0.81
Plantae;Chlorophyta;Chlorophyceae;Chaetophorales;Aphanochaetaceae;Aphanochaete;Aphanochaete magnum	""	0.81
Bacteria;Planctomycetota;Planctomycetia;NA;NA;NA;Planctomycetia bacterium	""	4.07
Chromista;Cercozoa;Imbricatea;Thaumatomonadida	""	0.81
Animalia;Arthropoda;Insecta;Orthoptera;Acrididae;Schistocerca	""	2.44
Fungi;Mucoromycota;Glomeromycetes;Glomerales;Glomeraceae;Rhizophagus;Rhizophagus clarus	""	0.81
Plantae;Streptophyta;Magnoliopsida;Fagales;Juglandaceae;Juglans;Juglans microcarpa x Juglans regia	Walnut family	1.63
Bacteria;Acidobacteria;Blastocatellia;Blastocatellales;Blastocatellaceae;Stenotrophobacter	""	0.81
Protozoa;Heterolobosea;NA;NA;Percolomonadidae;Percolomonas;Percolomonas cosmopolitus	""	0.81
Animalia;Mollusca;Bivalvia;Ostreida;Ostreidae;Saccostrea;Saccostrea commercialis	""	0.81
Animalia;Arthropoda;Hexanauplia;Poecilostomatoida;Oncaeidae;Triconia;Triconia borealis	""	2.44
Plantae;Streptophyta;Magnoliopsida;Poales;Juncaceae	""	1.63
Animalia;Porifera;Calcarea;Leucosolenida;Heteropiidae;Grantessa;Grantessa sp. OV-2012	""	0.81
Fungi;Ascomycota;Dothideomycetes;Mycosphaerellales;Mycosphaerellaceae;Mycovellosiella;Mycovellosiella phaseoli	""	0.81
Fungi;Ascomycota;Eurotiomycetes;Chaetothyriales;Herpotrichiellaceae;Rhinocladiella;Rhinocladiella sp.	""	1.63
Animalia;Arthropoda;Collembola;Entomobryomorpha	Collembolans	1.63
Plantae;Rhodophyta;Florideophyceae;Corallinales;Corallinaceae	Coralline crusts	4.88
Animalia;Arthropoda;Malacostraca;Euphausiacea;Euphausiidae;Thysanopoda	Euphausiids	0.81
Plantae;Streptophyta;Magnoliopsida;Rosales;Rosaceae;Rosa	""	5.69
Protozoa;Evosea;NA;Mastigamoebida;Mastigamoebidae;Mastigamoeba;Mastigamoeba sp. IC-2012f	""	1.63
Plantae;Streptophyta;Jungermanniopsida;Porellales;Frullaniaceae;Frullania;Frullania sp. B BlS-2016	""	0.81
Bacteria;Pseudomonadota;Gammaproteobacteria;Oceanospirillales;Oceanospirillaceae	""	1.63
Protozoa;NA;Ichthyosporea;Ichthyophonida	""	0.81
Bacteria;Pseudomonadota;Deltaproteobacteria;Bradymonadales;Lujinxingiaceae;Lujinxingia	Bacteria	5.69
Fungi;Ascomycota;Pezizomycetes;Pezizales;Morchellaceae;Morchella;Morchella elata	""	0.81
Animalia;Arthropoda;Insecta;Hymenoptera;Mutillidae;Odontophotopsis;Odontophotopsis erebus	""	0.81
Animalia;Chordata;Actinopteri	""	2.44
Animalia;Annelida;Polychaeta;Terebellida;Terebellidae	""	0.81
Chromista;Bacillariophyta;Coscinodiscophyceae;Leptocylindrales;Leptocylindraceae;Leptocylindrus	""	2.44
Chromista;Ciliophora;Oligohymenophorea;Peniculida;Lembadionidae;Lembadion	""	6.5
Fungi;Ascomycota;Saccharomycetes;Saccharomycetales;NA;Starmerella	Budding Yeasts	0.81
Animalia;Arthropoda;Malacostraca;Decapoda;Alpheidae;Alpheus	""	0.81
Animalia;Mollusca;Bivalvia;Mytilida;Mytilidae;Mytilus;Mytilus edulis	Bay mussel	1.63
Animalia;Chordata;Lepidosauria;Squamata;Dactyloidae;Anolis;Anolis isthmicus	""	0.81
Plantae;Streptophyta;Magnoliopsida;Solanales;Solanaceae;Solanum;Solanum lycopersicum	""	3.25
Plantae;Streptophyta;Magnoliopsida;Asparagales;Amaryllidaceae;Narcissus	""	0.81
Plantae;Rhodophyta;Florideophyceae;Ceramiales;Rhodomelaceae;Leptosiphonia	""	1.63
Protozoa;Euglenozoa;Kinetoplastea;Neobodonida	""	1.63
Chromista;NA;Cryptophyceae;Pyrenomonadales;Chroomonadaceae;Falcomonas;Falcomonas daucoides	""	3.25
Fungi;Ascomycota;Pezizomycetes;Pezizales;Pyronemataceae;Densocarpa;Densocarpa shanorii	Cup Fungus	2.44
Fungi;Basidiomycota;Tremellomycetes;Filobasidiales;NA;NA;Filobasidiales sp. LM390	Basidio's	0.81
Protozoa;Euglenozoa;NA;Diplonemea;Diplonemidae;Diplonema;Diplonema ambulator	""	0.81
Animalia;Cnidaria;Hydrozoa;Leptothecata;Phialellidae;Phialella;Phialella quadrata	Hydralike animals	1.63
Plantae;Streptophyta;Magnoliopsida;Ericales	""	4.88
Animalia;Chordata;Ascidiacea;Aplousobranchia	""	2.44
Animalia;Rotifera;Eurotatoria;Flosculariaceae	Rotifers	1.63
Fungi;Ascomycota;Arthoniomycetes	Asco's	1.63
Animalia;Mollusca;Gastropoda;Neogastropoda	Neogastropod Snails	0.81
Plantae;Streptophyta;Magnoliopsida;Gentianales;Rubiaceae;Mycetia;Mycetia mindanaensis	""	6.5
Fungi;Mucoromycota;Glomeromycetes;Glomerales;Claroideoglomeraceae;Claroideoglomus;Claroideoglomus drummondii	""	0.81
Chromista;Ciliophora;Oligohymenophorea;Sessilida;Vorticellidae;Pseudovorticella;Pseudovorticella dalianensis	""	4.88
Chromista;NA;Bigyra;Thraustochytrida;Thraustochytriaceae;Schizochytrium;Schizochytrium sp. SEK 345	""	1.63
Chromista;Ciliophora;Litostomatea;Pleurostomatida;Litonotidae;Loxophyllum;Loxophyllum sp. SZ08110101-FW	Ciliates	1.63
Bacteria;Pseudomonadota;Alphaproteobacteria;Rickettsiales;Rickettsiaceae;Rickettsia;Rickettsia akari	""	0.81
Fungi;Basidiomycota;Microbotryomycetes;NA;NA;Curvibasidium;Curvibasidium cygneicollum	""	0.81
Plantae;Streptophyta;Magnoliopsida;Myrtales;Combretaceae;Combretum;Combretum indicum	""	0.81
Fungi;Ascomycota;Saccharomycetes;Saccharomycetales;Debaryomycetaceae	""	1.63
Chromista;Apicomplexa;Marosporida;Agamococcidiorida;Rhytidocystidae;Rhytidocystis;Rhytidocystis pertsovi	""	0.81
Chromista;Apicomplexa;Conoidasida;Eugregarinorida;Gregarinidae;NA;Gregarinidae sp. from Tubulanus polymorphus SR-2009b	""	0.81
Plantae;Rhodophyta;Florideophyceae;Gracilariales;Gracilariaceae;Crassiphycus;Crassiphycus corneus	""	2.44
Fungi;Ascomycota;Leotiomycetes;Thelebolales;Thelebolaceae	Asco's	2.44
Chromista;Bacillariophyta;Bacillariophyceae;Bacillariales;Bacillariaceae;Pseudo-nitzschia;Pseudo-nitzschia pungens	""	0.81
Animalia;Arthropoda;Hexanauplia;Poecilostomatoida;Oncaeidae;Oncaea;Oncaea sp. MVZ-2013	Arthropod	3.25
Animalia;Mollusca;Gastropoda;NA;Lottiidae;Lottia;Lottia gigantea	Owl limpet	2.44
Chromista;Oomycota;NA;Peronosporales;Peronosporaceae;Bremia;Bremia cf. cirsii	""	2.44
Chromista;Bacillariophyta;Fragilariophyceae;Fragilariales;Staurosiraceae	""	1.63
Plantae;Rhodophyta;Bangiophyceae;Cyanidiales;Cyanidiaceae;Galdieria;Galdieria sulphuraria	""	0.81
Protozoa;Discosea;Flabellinia;NA;Vannellidae;Vannella	""	2.44
Fungi;Basidiomycota;Agaricomycetes;Boletales	""	0.81
Protozoa;Endomyxa;Ascetosporea;Haplosporida;Haplosporidiidae;Haplosporidium;Haplosporidium patagon	Protozoans	0.81
Animalia;Platyhelminthes;Monogenea;Mazocraeidea	""	0.81
Animalia;Cnidaria;Hydrozoa;Leptothecata;Obeliidae;Obelia;Obelia dichotoma	Sea thread hydroid	1.63
Animalia;Arthropoda;Thecostraca;NA;Poecilasmatidae;Octolasmis;Octolasmis sp. KACb00064	""	1.63
Bacteria;Planctomycetota	""	0.81
Animalia;Porifera;Calcarea;Leucosolenida	""	0.81
Fungi;Basidiomycota;Agaricomycetes;Agaricales;NA;Tricholomopsis;Tricholomopsis flammula	Agarics	0.81
Plantae;Chlorophyta;Chlorophyceae;Chlamydomonadales;Chlamydomonadaceae;Heterochlamydomonas	Chlorophycean Green Algae	2.44
Plantae;Streptophyta;Magnoliopsida;Lamiales;Calceolariaceae;Calceolaria;Calceolaria andina	""	0.81
Bacteria;Pseudomonadota;Gammaproteobacteria;Alteromonadales;Shewanellaceae;Shewanella;Shewanella sp. MEBiC05420T	""	0.81
Chromista;Ciliophora;Armophorea;Metopida;Metopidae	Ciliates	0.81
Bacteria;Pseudomonadota;Gammaproteobacteria;NA;NA;Candidatus Ovatusbacter;Candidatus Ovatusbacter abovo	""	0.81
Animalia;Arthropoda;Insecta;Hemiptera;Aphididae;Melanaphis;Melanaphis sacchari	""	0.81
Chromista;NA;Chrysophyceae;Chromulinales;Chromulinaceae;Spumella	""	3.25
Animalia;Arthropoda;Ichthyostraca;Porocephalida	""	0.81
Fungi;Ascomycota;Lecanoromycetes;Caliciales	""	0.81
Plantae;Chlorophyta;Mamiellophyceae;Dolichomastigales;Crustomastigaceae;Crustomastix;Crustomastix sp. BH41_108	Green algae	2.44
Plantae;Streptophyta;Magnoliopsida;Poales;Poaceae;Avena;Avena eriantha	""	0.81
Animalia;Platyhelminthes;Monogenea;Dactylogyridea;Ancyrocephalidae	""	0.81
Fungi;Mucoromycota;Glomeromycetes;Glomerales;Glomeraceae;Glomus;Glomus sp. 8 ZHNL-2013s	""	0.81
Chromista;NA;Phaeophyceae;Ectocarpales;Chordariaceae;Laminariocolax;Laminariocolax tomentosoides	""	4.88
Fungi;Basidiomycota;Agaricomycetes;Russulales;Hericiaceae;Hericium;Hericium abietis	""	0.81
Chromista;NA;Synurophyceae;Synurales;Mallomonadaceae;Mallomonas;Mallomonas sp.	Synurids	1.63
Fungi;Basidiomycota;Agaricomycetes;Agaricales;Entolomataceae;Clitopilus;Clitopilus brunnescens	""	0.81
Bacteria;Pseudomonadota;Deltaproteobacteria;Desulfobacterales;Desulfobacteraceae;Desulfoluna;Desulfoluna spongiiphila	""	2.44
Chromista;NA;Bigyra;Oblongichytrida;NA;Oblongichytrium;Oblongichytrium sp. AR2-23	""	0.81
Fungi;Mucoromycota;Mortierellomycetes;Mortierellales;Mortierellaceae	Fungi	1.63
Animalia;Cnidaria;Hydrozoa;Anthoathecata;Corymorphidae;Corymorpha;Corymorpha pendula	""	0.81
Fungi;Basidiomycota;Tremellomycetes;Filobasidiales;Piskurozymaceae;Piskurozyma;Piskurozyma silvicola	""	0.81
Chromista;Ciliophora;Prostomatea;Prorodontida;Colepidae;Apocoleps	""	5.69
Fungi;Ascomycota;Dothideomycetes;Mycosphaerellales;Teratosphaeriaceae;Capnobotryella;Capnobotryella renispora	""	0.81
Chromista;NA;Cryptophyceae;Cryptomonadales;Cryptomonadaceae;Cryptomonas;Cryptomonas obovoidea	""	1.63
Chromista;Haptophyta;NA;Prymnesiales;Prymnesiaceae;Prymnesium;Prymnesium pigrum	""	0.81
Fungi;Basidiomycota;Tremellomycetes;Cystofilobasidiales;Mrakiaceae;Krasilnikovozyma	Basidio's	0.81
Plantae;Streptophyta;Jungermanniopsida;Porellales;Lejeuneaceae	""	0.81
Plantae;Rhodophyta;Florideophyceae;Ceramiales;Rhodomelaceae;Polysiphonia;Polysiphonia pacifica	Red algae	1.63
Protozoa;NA;Choanoflagellata;Acanthoecida;Stephanoecidae;Acanthocorbis;Acanthocorbis unguiculata	""	0.81
Protozoa;Discosea;NA;Longamoebia	Protozoans	5.69
Chromista;Ciliophora;Litostomatea;Pleurostomatida;Protolitonotidae;Protolitonotus;Protolitonotus magnus	""	0.81
Animalia;Chordata;Actinopteri;Cypriniformes;Cyprinidae;Tor	""	0.81
Animalia;Arthropoda;Hexanauplia;Calanoida;Acartiidae;Acartia;Acartia hudsonica	Calanoid Copepods	2.44
Bacteria;Bacillota	""	0.81
Animalia;Porifera;Demospongiae;Poecilosclerida	""	2.44
Bacteria;Pseudomonadota;Alphaproteobacteria;Rhodobacterales;Roseobacteraceae;Celeribacter	""	1.63
Plantae;Streptophyta;Magnoliopsida;Sapindales;Simaroubaceae;Ailanthus;Ailanthus altissimus	""	1.63
Bacteria;Pseudomonadota;Gammaproteobacteria;Immundisolibacterales;Immundisolibacteraceae;Immundisolibacter;Immundisolibacter cernigliae	""	1.63
Chromista;Ciliophora;Spirotrichea;Kiitrichida;Kiitrichidae;Caryotricha;Caryotricha minuta	Ciliates	11.38
Plantae;Streptophyta;Magnoliopsida;Caryophyllales;Chenopodiaceae;Salicornia	""	0.81
Chromista;Ciliophora;Heterotrichea;Heterotrichida;Spirostomidae;Spirostomum;Spirostomum caudatum	Ciliates	1.63
Animalia;Mollusca;Gastropoda;Littorinimorpha;Tateidae;Tatea;Tatea huonensis	""	0.81
Fungi;Basidiomycota;Malasseziomycetes;Malasseziales;Malasseziaceae;Malassezia;Malassezia furfur	Basidio's	0.81
Protozoa;Endomyxa;Ascetosporea;Haplosporida;Haplosporidiidae;Minchinia;Minchinia tapetis	Protozoans	0.81
Chromista;NA;Chrysophyceae;Chromulinales;Chromulinaceae;Ochromonas;Ochromonas sp. CCMP1149	""	0.81
Plantae;Streptophyta;Magnoliopsida;Fagales;Fagaceae	""	6.5
Animalia;Chordata;Ascidiacea;Stolidobranchia;Pyuridae;Pyura;Pyura dura	""	1.63
Chromista;Ciliophora;Spirotrichea;Choreotrichida;Strombidinopsidae;Parastrombidinopsis;Parastrombidinopsis minima	Ciliates	2.44
Bacteria;Pseudomonadota;Alphaproteobacteria;Hyphomicrobiales;Phyllobacteriaceae;Mesorhizobium	""	1.63
Protozoa;Cercozoa;NA;Cercomonadida;Cercomonadidae;Neocercomonas	""	4.07
Animalia;Mollusca;Gastropoda;Trochida	""	1.63
Protozoa;Endomyxa;NA;Vampyrellida;Vampyrellidae;NA;Vampyrellidae sp.	Protozoans	7.32
Animalia;Annelida;Polychaeta;Terebellida;Cirratulidae;NA;unclassified cirratulid	""	2.44
Animalia;Annelida;Polychaeta;Sabellida;Serpulidae	""	0.81
Plantae;Streptophyta;Magnoliopsida;Fabales;Polygalaceae;Polygala	""	0.81
Fungi;Ascomycota;Sordariomycetes;Hypocreales	""	0.81
Chromista;NA;Chrysophyceae;Chromulinales;Chromulinaceae;Spumella;Spumella sp. 37G	""	1.63
Fungi;Basidiomycota;Agaricomycetes;Gomphales;Gomphaceae;Ramaria;Ramaria rubella	Coral Fungi	2.44
Plantae;Rhodophyta;Florideophyceae;Ceramiales;Callithamniaceae;Diapse;Diapse ptilota	""	0.81
Animalia;Arthropoda;Malacostraca;Decapoda;Ocypodidae;Ocypode;Ocypode quadrata	""	0.81
Bacteria;Pseudomonadota;Alphaproteobacteria;Sphingomonadales;Erythrobacteraceae;Altererythrobacter;Altererythrobacter sp. TH136	""	0.81
Animalia;Chaetognatha;Sagittoidea	""	0.81
Protozoa;Euglenozoa;Kinetoplastea;Neobodonida;NA;Neobodo;Neobodo sp. KL	""	1.63
Protozoa;Euglenozoa;Kinetoplastea;Eubodonida;Bodonidae;NA;Bodonidae sp. HFCC654	""	0.81
Fungi;Basidiomycota;Exobasidiomycetes;Microstromatales	""	0.81
Animalia;Annelida;Polychaeta;Eunicida;Eunicidae	Paddle-footed annelids	4.88
Fungi;Chytridiomycota;Chytridiomycetes;Cladochytriales	""	0.81
Protozoa;Cercozoa;NA;Cercomonadida;Cercomonadidae;Eocercomonas	""	0.81
Protozoa;Euglenozoa;Kinetoplastea;NA;Ichthyobodonidae;Ichthyobodo	""	3.25
Chromista;Haptophyta;NA;Prymnesiales;Chrysochromulinaceae;Chrysochromulina;Chrysochromulina sp.	""	2.44
Bacteria;Pseudomonadota;Alphaproteobacteria;Sphingomonadales;Sphingomonadaceae;Hankyongella;Hankyongella ginsenosidimutans	""	3.25
Chromista;NA;Dinophyceae;Suessiales;Symbiodiniaceae;Symbiodinium;Symbiodinium sp. 1305	Dinoflagellates	3.25
Bacteria;Pseudomonadota;Alphaproteobacteria;NA;NA;NA;alpha proteobacterium W-2027	""	0.81
Animalia;Arthropoda;Malacostraca;Amphipoda;Gammaridae;Gammarus	""	0.81
Animalia;Porifera;Calcarea;Clathrinida;Leucettidae;Leucetta;Leucetta microraphis	""	0.81
Fungi;Ascomycota;Dothideomycetes;Venturiales;Venturiaceae;Tyrannosorus;Tyrannosorus pinicola	Asco's	0.81
Bacteria;Pseudomonadota;Gammaproteobacteria;Kangiellales;Kangiellaceae;Kangiella	""	0.81
Plantae;Streptophyta;Magnoliopsida;Brassicales;Brassicaceae;Goldbachia;Goldbachia laevigata	""	0.81
Plantae;Chlorophyta;Chlorophyceae;Protosiphonales;Protosiphonaceae;Protosiphon	Chlorophycean Green Algae	1.63
Fungi;Ascomycota;Lecanoromycetes	""	2.44
Animalia;Arthropoda;Pycnogonida;Pantopoda;Pycnogonidae	""	0.81
Chromista;Ciliophora;Phyllopharyngea;Exogenida;Ephelotidae;Ephelota;Ephelota mammillata	Ciliates	2.44
Chromista;Oomycota;NA;Saprolegniales;Saprolegniaceae;Aphanomyces;Aphanomyces sp.	""	2.44
Bacteria;Pseudomonadota;Alphaproteobacteria;Rhodobacterales;Roseobacteraceae;Sulfitobacter;Sulfitobacter sp.	""	2.44
Plantae;Streptophyta;Magnoliopsida;Solanales;Convolvulaceae;Ipomoea;Ipomoea hederacea	""	0.81
Bacteria;Pseudomonadota;Deltaproteobacteria;Desulfobacterales	""	1.63
Plantae;Chlorophyta;Chlorophyceae;Sphaeropleales;Hydrodictyaceae;Hydrodictyon;Hydrodictyon reticulatum	""	2.44
Animalia;Heterolobosea;NA;NA;Vahlkampfiidae;Naegleria;Naegleria koreanum	""	0.81
Animalia;Nematoda;Chromadorea;Chromadorida;Chromadoridae;Chromadorita;Chromadorita leuckarti	Nematodes	0.81
Fungi;Chytridiomycota;Chytridiomycetes;Synchytriales;Synchytriaceae;Synchytrium;Synchytrium taraxaci	""	1.63
Fungi;Zoopagomycota;Harpellomycetes;Harpellales;Legeriomycetaceae;Smittium;Smittium angustum	""	0.81
Animalia;Cnidaria;Anthozoa;Alcyonacea;Chrysogorgiidae;Metallogorgia;Metallogorgia melanotrichos	""	0.81
Chromista;Bacillariophyta;Bacillariophyceae;Bacillariales;Bacillariaceae;Nitzschia	""	1.63
Chromista;Cercozoa;NA;Glissomonadida;Allapsidae;Allantion;Allantion sp.	""	2.44
Chromista;Cercozoa;Imbricatea;Euglyphida;Trinematidae;Trinema;Trinema lineare	""	0.81
Protozoa;Heterolobosea;NA;NA;Vahlkampfiidae;Naegleria	Protozoans	3.25
Fungi;Ascomycota;Eurotiomycetes;Chaetothyriales;Trichomeriaceae;Bacillicladium;Bacillicladium lobatum	Asco's	0.81
Plantae;Chlorophyta;Nephroselmidophyceae;Nephroselmidales;Nephroselmidaceae;Nephroselmis	""	4.07
Chromista;Ciliophora;Spirotrichea;Urostylida;Holostichidae;Holosticha	Ciliates	3.25
Chromista;NA;Dictyochophyceae;Dictyochales;NA;Dictyocha;Dictyocha speculum	Brown algae	2.44
Animalia;Arthropoda;Malacostraca;Decapoda;Varunidae;Platyeriocheir;Platyeriocheir formosa	Crabs	0.81
Protozoa;Tubulinea;Elardia;Euamoebida;Hartmannellidae;Polychaos;Polychaos annulatum	Protozoans	0.81
Protozoa;Discosea;NA;Stygamoebida;NA;Vermistella;Vermistella sp. TT-2015b	""	1.63
Chromista;NA;Bigyra;Bicosoecida;Siluaniidae	""	2.44
Fungi;Ascomycota;Archaeorhizomycetes;Archaeorhizomycetales;Archaeorhizomycetaceae;Archaeorhizomyces;Archaeorhizomyces finlayi	""	0.81
Plantae;Streptophyta;Magnoliopsida;Gentianales;Gentianaceae;Swertia;Swertia chirayita	""	0.81
Animalia;Cnidaria;Scyphozoa;Semaeostomeae;Ulmaridae;Aurelia	Moon jellies	0.81
Chromista;Foraminifera;NA;Rotaliida;Glabratellidae;Glabratella;Glabratella milletti	Foraminiferans	0.81
Animalia;Nemertea;Pilidiophora;Heteronemertea;Lineidae	Proboscis worms	6.5
Protozoa;Euglenozoa;Kinetoplastea;Eubodonida;Bodonidae;Bodo;Bodo saltans	""	0.81
Animalia;Arthropoda;Malacostraca;Isopoda;Bopyridae;Probopyrus;Probopyrus pandalicola	Isopods	0.81
Animalia;Cnidaria;Scyphozoa;Semaeostomeae;Pelagiidae;Chrysaora	""	1.63
Fungi;Basidiomycota;Agaricomycetes;Russulales;Russulaceae;Lactarius;Lactarius southworthiae	""	0.81
Chromista;Bacillariophyta;Coscinodiscophyceae;Thalassiosirales;Thalassiosiraceae;Conticribra;Conticribra weissflogiopsis	""	3.25
Animalia;Cnidaria;Myxozoa;Bivalvulida;Parvicapsulidae;Parvicapsula;Parvicapsula irregularis	""	0.81
Bacteria;Pseudomonadota;Deltaproteobacteria;Desulfovibrionales;Desulfovibrionaceae	""	0.81
Animalia;Arthropoda;Malacostraca;Decapoda;Parastacidae	""	0.81
Plantae;Streptophyta;Magnoliopsida;Lamiales;Scrophulariaceae;Scrophularia;Scrophularia villosa	""	0.81
Chromista;NA;Bigyra;Amphifilida;NA;Sorodiplophrys;Sorodiplophrys sp.	Sorodiplophrys sp.	5.69
Chromista;Ciliophora;Oligohymenophorea;Sessilida;Vorticellidae;Pseudovorticella;Pseudovorticella annulata	""	0.81
Chromista;Apicomplexa;Conoidasida;Eucoccidiorida;NA;NA;Eucoccidiorida sp. Okushiri-2009	Chromists	2.44
Plantae;Streptophyta;Magnoliopsida;Caryophyllales;Polygonaceae;Rumex;Rumex sp. YX-2018	""	1.63
Bacteria;Pseudomonadota;Alphaproteobacteria;Rhodospirillales;Acetobacteraceae;NA;Acetobacteraceae bacterium	""	0.81
Fungi;Ascomycota;Saccharomycetes;Saccharomycetales;Saccharomycodaceae;Hanseniaspora	Budding Yeasts	0.81
Chromista;NA;Polycystinea;Collodaria;Sphaerozoidae;Collozoum;Collozoum sp.	""	0.81
Animalia;Annelida;Polychaeta;Phyllodocida;Syllidae;Exogone;Exogone africana	""	0.81
Chromista;NA;Cryptophyceae;Cryptomonadales;Hemiselmidaceae;Hemiselmis;Hemiselmis andersenii	""	1.63
Chromista;Bacillariophyta;Coscinodiscophyceae;Stephanodiscales;Stephanodiscaceae;Discostella;Discostella woltereckii	Diatoms	4.07
Fungi;Mucoromycota;Glomeromycetes;Paraglomerales;Paraglomeraceae;NA;Paraglomeraceae sp.	""	0.81
Fungi;Basidiomycota;Agaricomycetes;Hymenochaetales;NA;Resinicium;Resinicium bicolor	""	3.25
Fungi;Basidiomycota;Malasseziomycetes;Malasseziales;Malasseziaceae;Malassezia;Malassezia dermatis	""	0.81
Bacteria;Acidobacteria;Holophagae;Holophagales;Holophagaceae;Geothrix	""	0.81
Animalia;Arthropoda;Arachnida;Araneae;Telemidae	""	0.81
Animalia;Arthropoda;Collembola	""	0.81
Animalia;Arthropoda;Hexanauplia;Calanoida;Pontellidae	""	0.81
Bacteria;Pseudomonadota;Betaproteobacteria;Nitrosomonadales;Nitrosomonadaceae	""	0.81
Fungi;Basidiomycota;Agaricomycetes;Hymenochaetales;Hymenochaetaceae;Tropicoporus;Tropicoporus linteus	""	2.44
Chromista;Oomycota;NA;Lagenidiales;Lagenidiaceae;Lagenidium	""	2.44
Chromista;Ciliophora;Oligohymenophorea;Peniculida;Urocentridae;Urocentrum	""	0.81
Protozoa;Cercozoa;NA;NA;Guttulinopsidae;Guttulinopsis;Guttulinopsis rogosa	""	0.81
Fungi;Basidiomycota;Pucciniomycetes;Pucciniales;Pucciniaceae;Puccinia	""	1.63
Chromista;NA;Polycystinea;Collodaria	""	0.81
Plantae;Chlorophyta;Mamiellophyceae	""	0.81
Fungi;Ascomycota;Leotiomycetes;Helotiales;NA;Crocicreas;Crocicreas sp. QY-2018a	Asco's	1.63
Chromista;Ciliophora;Oligohymenophorea;Apostomatida;Foettingeriidae;Synophrya;Synophrya sp.	""	2.44
Animalia;Arthropoda;Malacostraca;Amphipoda;Melphidippidae;Melphidippa;Melphidippa borealis	""	0.81
Plantae;Streptophyta;Magnoliopsida;Caryophyllales;Caryophyllaceae;Silene;Silene reinholdii	Campion	5.69
Chromista;NA;Dinophyceae;Gymnodiniales;Gymnodiniaceae;Gymnodinium;Gymnodinium catenatum	Dinoflagellates	3.25
Plantae;Streptophyta;Magnoliopsida;Fabales;Fabaceae;Mucuna	""	0.81
Plantae;Rhodophyta;Florideophyceae;Batrachospermales;Batrachospermaceae;Nothocladus;Nothocladus nodosus	""	3.25
Plantae;Streptophyta;Magnoliopsida;Fabales;Fabaceae;Zornia	""	0.81
Chromista;NA;Dinophyceae;Lophodiniales;Lophodiniaceae;Woloszynskia;Woloszynskia leopoliensis	""	0.81
Plantae;Streptophyta;Jungermanniopsida;Metzgeriales;Aneuraceae;Verdoornia;Verdoornia succulenta	""	0.81
Chromista;Ciliophora;Oligohymenophorea;Mobilida;Trichodinidae;Trichodina;Trichodina ruditapicis	""	2.44
Animalia;Arthropoda;Malacostraca;Decapoda;Munididae	""	0.81
Fungi;Ascomycota;Dothideomycetes;NA;Micropeltidaceae;Stomiopeltis;Stomiopeltis sp. RS3.4	""	0.81
Plantae;Streptophyta;Coleochaetophyceae;Coleochaetales;Chaetosphaeridiaceae;Chaetosphaeridium	""	0.81
Chromista;NA;Dinophyceae;Gonyaulacales;Amphidomataceae;Azadinium;Azadinium sp. JD-2012	""	3.25
Protozoa;Endomyxa;Ascetosporea;Haplosporida;Haplosporidiidae;Haplosporidium;Haplosporidium diporeiae	""	0.81
Fungi;Ascomycota;Orbiliomycetes;Orbiliales;Orbiliaceae;Orbilia;Orbilia beltraniae	""	0.81
Fungi;Ascomycota;Eurotiomycetes;Eurotiales;Aspergillaceae;Penicillium;Penicillium citrinum	""	0.81
Plantae;Chlorophyta;Chlorophyceae;Chlamydomonadales;Chlorococcaceae;Characium	""	2.44
Plantae;Streptophyta;Bryopsida;Dicranales;Fissidentaceae;Fissidens;Fissidens taxifolius	""	0.81
Protozoa;Discosea;NA;Stygamoebida;NA;Vermistella;Vermistella antarctica	""	0.81
Bacteria;Bacteroidota;Cytophagia;Cytophagales;Cytophagaceae;Cytophaga;Cytophaga sp. BHI60-57B	""	0.81
Chromista;NA;Centroplasthelida;Acanthocystida;Raphidocystidae;Raphidocystis	""	0.81
Chromista;NA;Synurophyceae;Synurales;Mallomonadaceae;Mallomonas;Mallomonas asmundae	Synurids	1.63
Fungi;Ascomycota;Eurotiomycetes;Eurotiales;Aspergillaceae;Aspergillus;Aspergillus brasiliensis	""	0.81
Plantae;Streptophyta;Magnoliopsida;Fabales;Fabaceae;Flemingia	""	0.81
Plantae;Chlorophyta;Ulvophyceae;Ulotrichales	Sea Lettuces And Single-celled Algae	2.44
Fungi;Zoopagomycota;Zoopagomycetes;Zoopagales;Piptocephalidaceae;Piptocephalis	""	0.81
Fungi;Basidiomycota;Agaricomycetes;Agaricales;Fistulinaceae;Fistulina;Fistulina hepatica	Beef-Steak Fungus	0.81
Fungi;Basidiomycota;Pucciniomycetes;Pucciniales;Pucciniastraceae	Rust Fungi	3.25
Chromista;NA;Dinophyceae;Gonyaulacales;Gonyaulacaceae;Gonyaulax;Gonyaulax amoyensis	""	0.81
Fungi;Basidiomycota;Agaricomycetes;Gomphales;Gomphaceae;Ramaria;Ramaria acris	Coral Fungi	2.44
Fungi;Ascomycota;Leotiomycetes;Erysiphales;Erysiphaceae;Erysiphe;Erysiphe betae	Asco's	0.81
Plantae;Chlorophyta;Chlorophyceae;Chlamydomonadales;Chlamydomonadaceae;Carteria;Carteria incisa	""	0.81
Chromista;Foraminifera;NA;Textulariida;Textulariidae;Textularia;Textularia agglutinans	""	0.81
Bacteria;Pseudomonadota;Gammaproteobacteria;Pseudomonadales;Marinobacteraceae;Marinobacter	""	0.81
Plantae;Rhodophyta;Florideophyceae;Ceramiales;Ceramiaceae;Ceramium	""	0.81
Fungi;Ascomycota;Leotiomycetes;Erysiphales;Erysiphaceae;Erysiphe;Erysiphe corylacearum	""	0.81
Plantae;Rhodophyta;Florideophyceae;Entwisleiales;Entwisleiaceae;Entwisleia;Entwisleia bella	""	0.81
Plantae;Streptophyta;Bryopsida;Funariales;Funariaceae;Physcomitrium;Physcomitrium patens	""	0.81
Fungi;Mucoromycota;Glomeromycetes;Glomerales;Glomeraceae;Rhizophagus	""	3.25
Plantae;Streptophyta;Magnoliopsida;Asterales;Goodeniaceae;Goodenia	""	2.44
Protozoa;Euglenozoa;Kinetoplastea;Trypanosomatida;Trypanosomatidae	""	0.81
Chromista;Apicomplexa;Conoidasida;Archigregarinorida;Selenidiidae;Selenidium;Selenidium terebellae	Chromists	1.63
Plantae;Streptophyta;Magnoliopsida;Asparagales;Orchidaceae;Aerides	Orchid	3.25
Animalia;Arthropoda;Hexanauplia;Poecilostomatoida;Lichomolgidae;Lichomolgus;Lichomolgus marginatus	""	0.81
Bacteria;Pseudomonadota;Alphaproteobacteria;Rhodobacterales;NA;NA;Rhodobacterales bacterium	""	0.81
Chromista;Ciliophora;Oligohymenophorea;Pleuronematida;Cyclidiidae;Cyclidium;Cyclidium marinum	""	0.81
Bacteria;Bacillota;Bacilli;Lactobacillales;Lactobacillaceae;Lactobacillus	""	0.81
Fungi;Chytridiomycota;Monoblepharidomycetes;Monoblepharidales	""	1.63
Chromista;Oomycota;NA;Albuginales;Albuginaceae;Albugo;Albugo lepidii	""	0.81
Fungi;Basidiomycota;Tremellomycetes;Tremellales;Tremellaceae;Tremella;Tremella flava	""	0.81
Animalia;Cnidaria;Hydrozoa;Leptothecata;Clytiidae;Clytia;Clytia noliformis	""	0.81
Plantae;Streptophyta;Magnoliopsida;Malvales;Malvaceae;Gossypium;Gossypium bickii	""	0.81
Animalia;Arthropoda;Insecta;Hemiptera;Cicadellidae;Draeculacephala;Draeculacephala portola	""	0.81
Fungi;Mucoromycota;Glomeromycetes;Diversisporales;Diversisporaceae;Desertispora;Desertispora omanana	""	0.81
Chromista;Apicomplexa;Aconoidasida;Piroplasmida;Babesiidae;Babesia	""	0.81
Bacteria;Pseudomonadota;Deltaproteobacteria;Myxococcales;Anaeromyxobacteraceae;Anaeromyxobacter	""	0.81
Animalia;Echinodermata;Holothuroidea;Dendrochirotida	Sea cucumbers	4.07
Plantae;Chlorophyta;Chlorophyceae;Chlamydomonadales;Sphaerocystidaceae;Sphaerocystis;cf. Sphaerocystis sp. CCCryo 133-01	Chlorophycean Green Algae	1.63
Fungi;Ascomycota;Saccharomycetes;Saccharomycetales;Phaffomycetaceae	""	1.63
Animalia;Annelida;Polychaeta;NA;Parergodrilidae;Stygocapitella	""	8.13
Animalia;Nemertea;Palaeonemertea;Tubulaniformes;Tubulanidae	Proboscis worms	0.81
Animalia;Arthropoda;Arachnida;Sarcoptiformes;Acaridae;Rhizoglyphus	Acarid mites	1.63
Animalia;Mollusca;Bivalvia;Mytilida;Mytilidae;Byssogerdius;Byssogerdius subsulcatus	Mussel	0.81
Animalia;Porifera;Demospongiae;Spongillida;Spongillidae;Ephydatia	""	0.81
Animalia;Cnidaria;Anthozoa;Pennatulacea;Virgulariidae;Virgularia;Virgularia sp.	Anthozoans	1.63
Bacteria;Pseudomonadota;Gammaproteobacteria;Aeromonadales;Aeromonadaceae	""	3.25
Bacteria;Pseudomonadota;Deltaproteobacteria;Desulfobacterales;Desulfobacteraceae;Desulfoluna	""	0.81
Plantae;Streptophyta;Magnoliopsida;Sapindales;Anacardiaceae;Anacardium;Anacardium occidentale	""	0.81
Plantae;Streptophyta;Magnoliopsida;Chloranthales;Chloranthaceae;Hedyosmum;Hedyosmum arborescens	""	0.81
Chromista;Ciliophora;Litostomatea;Haptorida;Trachelophyllidae;Chaenea	Ciliates	3.25
Animalia;Platyhelminthes;Trematoda;Plagiorchiida	""	0.81
Chromista;Ciliophora;Colpodea;NA;NA;NA;Uncultured marine colpodean ciliate DH147-EKD23	""	0.81
Plantae;Chlorophyta;Chlorophyceae;Chlamydomonadales;NA;Edaphochlamys;Edaphochlamys debaryana	""	0.81
Animalia;Arthropoda;Hexanauplia;Cyclopoida;Cyclopidae;Ectocyclops;Ectocyclops polyspinosus	""	0.81
Plantae;Streptophyta;Magnoliopsida;Lamiales;Oleaceae;Noronhia;Noronhia oblanceolata	""	0.81
Chromista;Bacillariophyta;Bacillariophyceae;Bacillariales;Bacillariaceae;Pseudo-nitzschia;Pseudo-nitzschia pseudodelicatissima	""	1.63
Plantae;Streptophyta;Magnoliopsida;Malpighiales;Podostemaceae;Dalzellia;Dalzellia pseudoangustissima	""	0.81
Bacteria;Pseudomonadota;Gammaproteobacteria;Aeromonadales;Aeromonadaceae;Aeromonas	""	0.81
Bacteria;Pseudomonadota;Alphaproteobacteria;Rhodospirillales;Azospirillaceae	""	1.63
Animalia;Arthropoda;Hexanauplia;Cyclopoida;Cyclopidae;Macrocyclops;Macrocyclops albidus	Copepods	0.81
Animalia;Arthropoda;Malacostraca;Decapoda;Atyidae	""	0.81
Animalia;Mollusca;Polyplacophora;Chitonida;Mopaliidae;Plaxiphora;Plaxiphora aurata	""	0.81
Animalia;Platyhelminthes;Trematoda;Opisthorchiida;Cryptogonimidae;Timoniella	""	0.81
Plantae;Chlorophyta;Chlorophyceae;Chlamydomonadales;Chlamydomonadaceae;Chloromonas	""	0.81
Plantae;Rhodophyta;Florideophyceae;Ceramiales;Delesseriaceae;Platysiphonia;Platysiphonia victoriae	Red algae	2.44
Chromista;Ciliophora;Litostomatea;Haptorida;Trachelophyllidae;Foissnerides;Foissnerides sp.	Ciliates	3.25
Animalia;Cnidaria;Hydrozoa;Leptothecata;Aglaopheniidae;Gymnangium;Gymnangium hians	""	0.81
Chromista;NA;Dinophyceae;Prorocentrales;Prorocentraceae;Prorocentrum;Prorocentrum sp. FL3	""	0.81
Animalia;Cnidaria;Anthozoa;Alcyonacea;Xeniidae	""	0.81
Animalia;Arthropoda;Insecta;Neuroptera;Chrysopidae;Chrysoperla;Chrysoperla carnea	Common green lacewing	0.81
Animalia;Annelida;Polychaeta;NA;Maldanidae;Praxillella;Praxillella cf. gracilis 3 GK-2017	""	0.81
Plantae;Streptophyta;Magnoliopsida;Fabales;Fabaceae;Lespedeza	""	0.81
Plantae;Streptophyta;Magnoliopsida;Cucurbitales;Cucurbitaceae;Luffa;Luffa acutangula	""	1.63
Chromista;Apicomplexa;Marosporida;Agamococcidiorida;Rhytidocystidae;Rhytidocystis	Chromists	1.63
Animalia;Arthropoda;Malacostraca;Isopoda;Cirolanidae;Eurydice;Eurydice pulchra	""	0.81
Fungi;Basidiomycota;Agaricomycetes;Agaricales;Pleurotaceae;Pleurotus;Pleurotus citrinopileatus	""	0.81
Plantae;Streptophyta;Magnoliopsida;Malpighiales;Phyllanthaceae	""	0.81
Plantae;Streptophyta;Magnoliopsida;Malvales;Thymelaeaceae;Aquilaria;Aquilaria malaccensis	""	0.81
Chromista;NA;Dinophyceae;Peridiniales;Diplopsaliaceae;Diplopsalis;Diplopsalis lenticula	""	0.81
Animalia;Annelida;Polychaeta;Sabellida;Serpulidae;Semivermilia;Semivermilia elliptica	""	0.81
Fungi;Basidiomycota;Cystobasidiomycetes;NA;NA;Sakaguchia;Sakaguchia dacryoidea	""	0.81
Chromista;Ciliophora;Heterotrichea;Heterotrichida;Stentoridae;Stentor;Stentor sp. FG-2015	""	0.81
Chromista;NA;Chrysophyceae;Chromulinales;Chromulinaceae;Spumella;Spumella sp. TGS4	""	1.63
Animalia;Nematoda;Chromadorea;Rhabditida	Nematodes	5.69
Bacteria;Pseudomonadota;Gammaproteobacteria;Thiotrichales;Francisellaceae	""	0.81
Plantae;Streptophyta;Magnoliopsida;Rosales;Ulmaceae	""	0.81
Bacteria;Pseudomonadota;Alphaproteobacteria;Rhodobacterales;Paracoccaceae;Limimaricola;Limimaricola hongkongensis	""	0.81
Chromista;Ciliophora;Heterotrichea;Heterotrichida;Condylostomatidae;Condylostoma;Condylostoma spatiosum	""	0.81
Plantae;Chlorophyta;Trebouxiophyceae;NA;NA;Choricystis;Choricystis sp. NIES-4292	Green algae	0.81
Chromista;Ciliophora;Colpodea;Colpodida	""	0.81
Animalia;Rotifera;Eurotatoria;Flosculariaceae;Flosculariidae;Ptygura;Ptygura libera	Rotifers	0.81
Fungi;Mucoromycota;Glomeromycetes;Archaeosporales	""	2.44
Bacteria;Cyanobacteria;NA;Oscillatoriales	""	0.81
Fungi;Basidiomycota;Agaricomycetes;Boletales;Truncocolumellaceae;Truncocolumella;Truncocolumella citrina	""	0.81
Plantae;Streptophyta;Magnoliopsida;Sapindales;Rutaceae;Melicope;Melicope pteleifolia	""	2.44
Plantae;Streptophyta;Jungermanniopsida;Porellales;Lejeuneaceae;Microlejeunea	""	0.81
Fungi;Basidiomycota;Agaricomycetes;Hymenochaetales;NA;Resinicium	""	1.63
Chromista;Haptophyta;NA;Prymnesiales;Chrysochromulinaceae;Chrysochromulina;Chrysochromulina sp. NIES-1333	""	1.63
Fungi;Basidiomycota;Agaricomycetes;Russulales;Auriscalpiaceae;Artomyces;Artomyces pyxidatus	""	2.44
Fungi;Mucoromycota;Glomeromycetes;Diversisporales;Sacculosporaceae;Sacculospora	""	0.81
Animalia;Chordata;Amphibia;Anura;Pipidae;Xenopus;Xenopus borealis	""	0.81
Fungi;Mucoromycota;Glomeromycetes;Diversisporales;Gigasporaceae;Scutellospora	""	1.63
Plantae;Streptophyta;Magnoliopsida;Fabales;Fabaceae;Acacia;Acacia brachybotrya	""	1.63
Chromista;NA;Dinophyceae;Suessiales;Symbiodiniaceae;Symbiodinium;Symbiodinium sp. clade A	""	1.63
Chromista;NA;Dinophyceae;Syndiniales;Syndiniaceae;Hematodinium;Hematodinium sp. ex Cancer pagurus	""	1.63
Fungi;Basidiomycota;Agaricomycetes;Boletales;Serpulaceae;Serpula	""	0.81
Chromista;Oomycota;NA;Peronosporales;Peronosporaceae;Pseudoperonospora;Pseudoperonospora cubensis	""	1.63
Plantae;Streptophyta;Magnoliopsida;Ericales;Ericaceae	""	1.63
Chromista;Bacillariophyta;Bacillariophyceae;Naviculales;Naviculaceae;Caloneis;Caloneis amphisbaena	""	0.81
Protozoa;Tubulinea;Elardia;Euamoebida;Hartmannellidae;Nolandella	""	3.25
Protozoa;NA;Choanoflagellata;NA;NA;NA;Choanoflagellida sp. SL117#1	""	1.63
Bacteria;Pseudomonadota;Deltaproteobacteria;Myxococcales;NA;NA;myxobacterium AT3-01	""	0.81
Fungi;Ascomycota;Eurotiomycetes;Onygenales;Arthrodermataceae	""	0.81
Fungi;Basidiomycota;Agaricomycetes;Corticiales;Corticiaceae;Sistotrema;Sistotrema athelioides	Basidio's	1.63
Animalia;Nemertea;Pilidiophora;Heteronemertea;Lineidae;Cerebratulus	""	0.81
Bacteria;Pseudomonadota;Deltaproteobacteria;Desulfuromonadales;Desulfuromonadaceae;Desulfuromonas	""	3.25
Fungi;Ascomycota;Leotiomycetes;Helotiales;Chlorociboriaceae;Chlorociboria;Chlorociboria aeruginosa	""	0.81
Animalia;Cnidaria;Anthozoa;Alcyonacea	""	3.25
Animalia;Rotifera;Eurotatoria;Ploima;Gastropodidae;Gastropus;Gastropus stylifer	""	0.81
Fungi;Ascomycota;Saccharomycetes;Saccharomycetales;NA;NA;[Candida] sp. (in: Saccharomycetales)	Budding Yeasts	1.63
Animalia;Mollusca;Gastropoda;Nudibranchia;Tritoniidae;Tritonia;Tritonia festiva	Diamondback tritonia	1.63
Chromista;NA;Eustigmatophyceae;Eustigmatales;Chlorobotryaceae;Vischeria;Vischeria magna	""	2.44
Chromista;Cercozoa;Thecofilosea;Phaeoconchia;Concharidae;Conchellium;Conchellium capsula	""	0.81
Animalia;Arthropoda;Insecta;Hymenoptera;Formicidae	""	1.63
Chromista;NA;Dinophyceae;Peridiniales;Ostreopsidaceae;Coolia;Coolia canariensis	Dinoflagellates	2.44
Bacteria;Pseudomonadota;Gammaproteobacteria;Xanthomonadales;Xanthomonadaceae;Arenimonas	""	1.63
Animalia;Arthropoda;Hexanauplia;Calanoida;Metridinidae	""	0.81
Plantae;Streptophyta;Magnoliopsida;Chloranthales;Chloranthaceae	""	0.81
Fungi;Ascomycota;Lecanoromycetes;Lecanorales;Parmeliaceae;Usnea;Usnea nipparensis	""	0.81
Fungi;Ascomycota;Leotiomycetes;Helotiales;Bryoglossaceae;Neocudoniella;Neocudoniella radicella	""	0.81
Fungi;Basidiomycota;Tremellomycetes;Tremellales;Bulleribasidiaceae;Dioszegia;Dioszegia crocea	Jelly Fungi	0.81
Fungi;Zoopagomycota;Entomophthoromycetes;Entomophthorales;Entomophthoraceae;Zoophthora;Zoophthora radicans	Insect Destroyers	0.81
Chromista;NA;Dinophyceae;Phytodiniales;Phytodiniaceae;Spiniferodinium;Spiniferodinium palustre	""	3.25
Chromista;Ciliophora;Spirotrichea;Sporadotrichida;Oxytrichidae;Neokeronopsis;Neokeronopsis aurea	""	0.81
Fungi;Ascomycota;Dothideomycetes;Tubeufiales;NA;NA;Tubeufiales sp.	Asco's	1.63
Fungi;Chytridiomycota;Chytridiomycetes;Synchytriales;Synchytriaceae;Synchytrium;Synchytrium microbalum	""	0.81
Animalia;Nematoda;Chromadorea;Monhysterida;Monhysteridae;Tridentulus;Tridentulus sp. PDL-2005	""	0.81
Animalia;Cnidaria;Anthozoa;Alcyonacea;Xeniidae;Xenia;Xenia sp. 2 TK-2019	""	0.81
Fungi;Mucoromycota;Glomeromycetes;Glomerales;Glomeraceae;Glomus;Glomus sp. 11 ZHNL-2013l	""	0.81
Fungi;Ascomycota;Saccharomycetes;Saccharomycetales;Debaryomycetaceae;Kurtzmaniella;[Candida] zeylanoides	Budding Yeasts	0.81
Plantae;Streptophyta;Jungermanniopsida;Porellales;Lejeuneaceae;Lepidolejeunea	""	0.81
Chromista;NA;Phaeophyceae;Ectocarpales;Acinetosporaceae;Pylaiella;Pylaiella littoralis	""	0.81
Chromista;Apicomplexa;Conoidasida;Archigregarinorida;Selenidiidae;Selenidium;Selenidium serpulae	""	0.81
Chromista;Ciliophora;Spirotrichea;Sporadotrichida;Trachelostylidae;Spirotrachelostyla;Spirotrachelostyla tani	Ciliates	3.25
Animalia;Arthropoda;Malacostraca;Decapoda;Penaeidae;Penaeus	""	2.44
Fungi;Ascomycota;Saccharomycetes;Saccharomycetales;Metschnikowiaceae	""	0.81
Chromista;NA;Dinophyceae;Gymnodiniales;Gymnodiniaceae;Polykrikos;Polykrikos kofoidii	""	0.81
Chromista;NA;Xanthophyceae;Mischococcales;Centritractaceae;Bumilleriopsis;Bumilleriopsis filiformis	""	1.63
Chromista;NA;Xanthophyceae;Mischococcales	Yellow-green Algae	4.88
Fungi;Ascomycota;Saccharomycetes;Saccharomycetales;Metschnikowiaceae;Candida/Metschnikowiaceae;[Candida] pseudointermedia	Budding Yeasts	0.81
Chromista;Ciliophora;Phyllopharyngea;Dysteriida;Dysteriidae;Dysteria;Dysteria brasiliensis	""	1.63
Protozoa;NA;Choanoflagellata;Acanthoecida;Acanthoecidae	""	0.81
Fungi;Basidiomycota;Agaricomycetes;Polyporales;Panaceae;Panus;Panus rudis	""	2.44
Chromista;Bacillariophyta;Bacillariophyceae;Surirellales;Surirellaceae;Campylodiscus	""	4.07
Fungi;Basidiomycota;Agaricomycetes;Russulales	""	2.44
Fungi;Ascomycota;Saccharomycetes;Saccharomycetales;Saccharomycetaceae	""	0.81
Fungi;Ascomycota;Lecanoromycetes;Peltigerales;Pannariaceae;Parmeliella	""	0.81
Chromista;NA;Pelagophyceae;Sarcinochrysidales	""	0.81
Fungi;Mucoromycota;Glomeromycetes;Diversisporales;Sacculosporaceae;Sacculospora;Sacculospora felinovii	""	0.81
Fungi;Ascomycota;Saccharomycetes;Saccharomycetales;NA;Starmerella;Starmerella bombi	""	0.81
Animalia;Platyhelminthes;Trematoda;Diplostomida;Strigeidae;Cotylurus	Flukes	0.81
Plantae;Chlorophyta;Chlorophyceae;Sphaeropleales;Scenedesmaceae;Coelastrella	""	0.81
Plantae;Rhodophyta;Florideophyceae;Gigartinales;Solieriaceae;Sarcodiotheca;Sarcodiotheca gaudichaudii	""	1.63
Chromista;Ciliophora;Litostomatea;Haptorida;Lacrymariidae;Phialina;Phialina pupula	""	2.44
Fungi;Mucoromycota;Endogonomycetes;Endogonales;Endogonaceae;Endogone;Endogone pisiformis	Hairy Pea Truffle	0.81
Fungi;Basidiomycota;Agaricomycetes;Trechisporales;Hydnodontaceae;Trechispora;Trechispora sp. PBM418	Basidio's	0.81
Chromista;Bacillariophyta;Bacillariophyceae;Naviculales;Diploneidaceae;Diploneis;Diploneis cf. smithii	""	0.81
Chromista;Ciliophora;Spirotrichea;Pseudoamphisiellida;NA;Pseudoamphisiella;Pseudoamphisiella alveolata	""	0.81
Plantae;Rhodophyta;Bangiophyceae;Bangiales;Bangiaceae;Pyropia;Pyropia acanthophora	""	0.81
Animalia;Platyhelminthes;Rhabditophora;Polycladida;Euryleptidae;Prostheceraeus;Prostheceraeus vittatus	""	0.81
Fungi;Ascomycota;Eurotiomycetes;Verrucariales;Verrucariaceae;Verrucaria;Verrucaria tectorum	Wart Lichens	0.81
Fungi;Ascomycota;Eurotiomycetes;Chaetothyriales;Herpotrichiellaceae;Phialophora;Phialophora verrucosa	""	0.81
Plantae;Streptophyta;Magnoliopsida;Fabales;Fabaceae;Macrolobium	""	1.63
Fungi;Basidiomycota;Agaricomycetes;Atheliales;Atheliaceae;Piloderma	Basidio's	0.81
Plantae;Streptophyta;Magnoliopsida;Solanales;Solanaceae;Capsicum	""	0.81
Fungi;Basidiomycota;Pucciniomycetes	""	0.81
Animalia;Cnidaria;Myxozoa;Bivalvulida;Sphaeromyxidae;Sphaeromyxa;Sphaeromyxa balbianii	""	0.81
Animalia;Cnidaria;Hydrozoa;Narcomedusae;Cuninidae;Solmissus;Solmissus sp. AGC-2022	""	1.63
Chromista;Cercozoa;NA;Glissomonadida;Pansomonadidae;Aurigamonas;Aurigamonas solis	""	0.81
Chromista;Bacillariophyta;Bacillariophyceae;Bacillariales;Bacillariaceae;Cylindrotheca	""	0.81
Chromista;Ciliophora;Spirotrichea;Stichotrichida;Amphisiellidae;Orthoamphisiella;Orthoamphisiella sp. MD-2012	""	0.81
Bacteria;Pseudomonadota;Gammaproteobacteria;Chromatiales	""	0.81
Plantae;Streptophyta;Magnoliopsida;Cucurbitales;Cucurbitaceae	""	2.44
Animalia;Annelida;Polychaeta;Phyllodocida;Syllidae;Odontosyllis	""	0.81
Animalia;Arthropoda;Insecta;Odonata	""	0.81
Fungi;Basidiomycota;Agaricomycetes;Agaricales;Clitocybaceae;Clitocybe	""	0.81
Chromista;Bacillariophyta;Bacillariophyceae;NA;NA;NA;Bacillariophyceae sp. YS-2016a	""	1.63
Bacteria;Pseudomonadota;Alphaproteobacteria;Hyphomicrobiales;Rhizobiaceae;Rhizobium;Rhizobium sp.	""	1.63
Animalia;Nemertea;Enopla;Monostilifera;Tetrastemmatidae;Prostoma;Prostoma eilhardi	""	0.81
Animalia;Tardigrada;Eutardigrada;Parachela;Hypsibiidae;Hypsibius;Hypsibius convergens	Eutardigrades	0.81
Animalia;Arthropoda;Hexanauplia;Calanoida;Pontellidae;Anomalocera;Anomalocera patersoni	Calanoid Copepods	1.63
Protozoa;Discosea;NA;Longamoebia;NA;Mayorella;Mayorella sp.	""	2.44
Fungi;Ascomycota;Leotiomycetes;Erysiphales;Erysiphaceae;Neoerysiphe;Neoerysiphe galeopsidis	""	0.81
Fungi;Ascomycota;Eurotiomycetes;Eurotiales;Aspergillaceae;Penicillium;Penicillium sacculum	""	0.81
Plantae;Streptophyta;Magnoliopsida;Poales;Poaceae;Calamagrostis;Calamagrostis pickeringii	""	3.25
Chromista;NA;Bigyra;Labyrinthulida;NA;Stellarchytrium;Stellarchytrium dubum	""	0.81
Chromista;Ciliophora;Spirotrichea;Euplotida;Euplotidae;Euplotes;Euplotes vanleeuwenhoeki	""	0.81
Fungi;Ascomycota;Eurotiomycetes;Eurotiales;Aspergillaceae;Penicillium;Penicillium chrysogenum	""	1.63
Animalia;Annelida;Polychaeta;NA;Orbiniidae;Leitoscoloplos;Leitoscoloplos pugettensis	""	0.81
Animalia;Arthropoda;Arachnida;Araneae;Oecobiidae;Oecobius;Oecobius sp. TAB-2009	Flatmesh weavers	0.81
Bacteria;Pseudomonadota;Gammaproteobacteria;Legionellales;Coxiellaceae;Coxiella;Coxiella endosymbiont of Dermacentor marginatus	Γ-proteobacteria	3.25
Animalia;Annelida;Polychaeta;Sabellida;Sabellidae;Bispira;Bispira serrata	""	0.81
Protozoa;Cercozoa;Imbricatea;Euglyphida	""	0.81
Animalia;Dicyemida;NA;NA;Dicyemidae;Dicyemennea;Dicyemennea eledones	""	0.81
Chromista;Ciliophora;Oligohymenophorea;Pleuronematida;Cyclidiidae;Cyclidium;Cyclidium sp.	""	2.44
Plantae;Streptophyta;Magnoliopsida;Caryophyllales;Caryophyllaceae;Bolanthus;Bolanthus mevlanae	""	0.81
Animalia;Arthropoda;Arachnida;Trombidiformes	Mites	1.63
Fungi;Chytridiomycota;Chytridiomycetes;Chytridiales;Chytridiaceae	""	1.63
Animalia;Arthropoda;Hexanauplia;Cyclopoida;Rhynchomolgidae;Critomolgus;Critomolgus sp. 1 New Caledonia-RJH-2004	""	1.63
Plantae;Streptophyta;Magnoliopsida;Caryophyllales;Polygonaceae;Rumex	""	1.63
Plantae;Rhodophyta;Florideophyceae;Peyssonneliales;Peyssonneliaceae;Metapeyssonnelia;Metapeyssonnelia milleporoides	Red algae	5.69
Chromista;Bacillariophyta;Coscinodiscophyceae;Thalassiosirales;Skeletonemataceae;Skeletonema;Skeletonema sp.	""	0.81
Plantae;Chlorophyta;Chlorophyceae;Chlamydomonadales;Chlamydomonadaceae;Desmotetra	Chlorophycean Green Algae	0.81
Animalia;Mollusca;Gastropoda;Neogastropoda;Buccinidae;Buccinum;Buccinum pemphigus	Buccinum whelks	0.81
Plantae;Streptophyta;Magnoliopsida;Caryophyllales;Cactaceae	""	0.81
Chromista;Ciliophora;Litostomatea;Pleurostomatida;Litonotidae;Litonotus;Litonotus sp. SZ08112701	""	1.63
Animalia;Chordata;Chondrichthyes;Chimaeriformes;Callorhinchidae;Callorhinchus;Callorhinchus milii	""	0.81
NA;Nibbleridia;Nibbleridea;Nibbleridida;Nibbleridae;Nibbleromonas;Nibbleromonas curacaus	""	0.81
Chromista;Ciliophora;Oligohymenophorea;Sessilida;Vaginicolidae;Hastatella;Hastatella aesculacantha	Ciliates	2.44
Plantae;Streptophyta;Magnoliopsida;Boraginales	""	1.63
Chromista;Apicomplexa;Conoidasida;Eucoccidiorida;Sarcocystidae;Toxoplasma;Toxoplasma gondii	""	0.81
Plantae;Streptophyta;Magnoliopsida;Poales;Poaceae;Coix;Coix lacryma-jobi	""	2.44
Fungi;Basidiomycota;Tremellomycetes;Holtermanniales	Basidio's	1.63
Animalia;Mollusca;Bivalvia;Venerida;Mactridae;Mactra	""	3.25
Animalia;Echinodermata;Echinoidea;Cassiduloida;Echinolampadidae;Conolampas;Conolampas sigsbei	""	0.81
Bacteria;Kiritimatiellaeota;Tichowtungiia;Tichowtungiales;Tichowtungiaceae;Tichowtungia;Tichowtungia aerotolerans	""	0.81
Bacteria;NA;Candidatus Babeliae;Candidatus Babeliales;Candidatus Chromulinivoraceae;Candidatus Chromulinivorax;Candidatus Chromulinivorax destructor	""	0.81
Chromista;Ciliophora;Oligohymenophorea;Philasterida;Cohnilembidae;Cohnilembus;Cohnilembus verminus	""	1.63
Protozoa;NA;Choanoflagellata;Acanthoecida;Acanthoecidae;Acanthoeca;Acanthoeca sp. SIOpierAcanth1	""	0.81
Plantae;Streptophyta;Magnoliopsida;Caryophyllales;Caryophyllaceae;Silene;Silene vulgaris	""	0.81
Plantae;Streptophyta;Magnoliopsida;Solanales;Solanaceae;Brugmansia	""	0.81
Fungi;Basidiomycota;Agaricomycetes;Cantharellales;Tulasnellaceae	""	0.81
Animalia;Mollusca;Gastropoda;Pteropoda	Pteropods	1.63
Fungi;Chytridiomycota;Chytridiomycetes;Cladochytriales;Nowakowskiellaceae;Nowakowskiella	""	0.81
Fungi;Chytridiomycota;Chytridiomycetes;Spizellomycetales;Spizellomycetaceae;Brevicalcar	""	0.81
Plantae;Chlorophyta;Trebouxiophyceae;NA;NA;Picochlorum;Picochlorum sp. MI09	""	1.63
Animalia;Cnidaria;Anthozoa;Pennatulacea;Virgulariidae;Stylatula;Stylatula sp.	""	0.81
Fungi;Basidiomycota;Agaricomycetes;Agaricales;Lyophyllaceae;Termitomyces;Termitomyces bulborhizus	""	0.81
Chromista;Oomycota;NA;Pythiales;Pythiaceae;Globisporangium;Globisporangium selbyi	""	0.81
Plantae;Streptophyta;Magnoliopsida;Myrtales;Melastomataceae;Tibouchina;Tibouchina cf. decora Michelangeli 1985	""	0.81
Animalia;Cnidaria;Hydrozoa;Leptothecata;Campanulariidae;Gonothyraea;Gonothyraea loveni	""	2.44
Fungi;Ascomycota;Saccharomycetes;Saccharomycetales;Phaffomycetaceae;Starmera;Starmera stellimalicola	""	0.81
Protozoa;Euglenozoa;NA;Diplonemea;NA;NA;Diplonemida sp. 9sb RG-2016	""	1.63
Bacteria;Verrucomicrobia;Verrucomicrobiae;Verrucomicrobiales;Verrucomicrobiaceae;Prosthecobacter;Prosthecobacter debontii	""	0.81
Plantae;Streptophyta;Magnoliopsida;Poales;Eriocaulaceae;Comanthera;Comanthera paepalophylla	""	1.63
Fungi;Basidiomycota;Agaricomycetes;Polyporales;Polyporaceae;Neofavolus;Neofavolus mikawae	""	0.81
Plantae;Rhodophyta;Florideophyceae;Acrochaetiales;Acrochaetiaceae;Audouinella;Audouinella hermannii	Red algae	0.81
Animalia;Nemertea;Palaeonemertea;Archinemertea;Cephalotrichidae;Cephalothrix;Cephalothrix filiformis	""	0.81
Plantae;Chlorophyta;Chlorophyceae;Chlamydomonadales;Tetracystaceae;Tetracystis;Tetracystis sarcinalis	Chlorophycean Green Algae	0.81
Animalia;Chordata;Mammalia;Primates;Hominidae;Homo;Homo sapiens	""	2.44
Chromista;NA;Chrysophyceae;Hydrurales;Hydruraceae;Hydrurus;Hydrurus foetidus	Golden-brown algae	0.81
Plantae;Streptophyta;Jungermanniopsida	""	1.63
Chromista;Apicomplexa;Aconoidasida;Piroplasmida;Babesiidae;Babesia;Babesia bovis	""	0.81
Fungi;Basidiomycota;Tremellomycetes;Tremellales;Bulleribasidiaceae;Hannaella;Hannaella pagnoccae	""	0.81
Chromista;NA;Dinophyceae;Gonyaulacales;Goniodomataceae;Gambierdiscus;Gambierdiscus sp.	""	0.81
Chromista;NA;Dinophyceae;Dinophysiales;Dinophysiaceae;Dinophysis;Dinophysis acuta	""	0.81
Chromista;NA;Chrysophyceae;NA;Apoikiaceae	""	2.44
Plantae;Streptophyta;Magnoliopsida;Apiales;Apiaceae;Chamaesium	""	0.81
Fungi;Basidiomycota;Agaricomycetes;Agaricales;Clitocybaceae;Clitocybe;Clitocybe sp. 1 PA-2015	""	0.81
Chromista;Ciliophora;Phyllopharyngea;Chlamydodontida	""	2.44
Fungi;Basidiomycota;Agaricomycetes;Hymenochaetales;NA;NA;Hymenochaetales sp.	Basidio's	1.63
Bacteria;Pseudomonadota;Gammaproteobacteria;Thiotrichales;Thiotrichaceae;Thiothrix;Thiothrix sp. ectosymbiont of Niphargus ictus	""	0.81
Bacteria;Pseudomonadota;Alphaproteobacteria;Rhodobacterales;Paracoccaceae;Oceaniglobus;Oceaniglobus trochenteri	""	0.81
Chromista;Apicomplexa;Conoidasida;Eucoccidiorida;Cryptosporidiidae;Cryptosporidium;Cryptosporidium andersoni	""	0.81
Plantae;Streptophyta;Magnoliopsida;Fabales;Fabaceae;Acacia;Acacia cheelii	""	0.81
Bacteria;Pseudomonadota;Alphaproteobacteria;Parvularculales;Parvularculaceae;Parvularcula;Parvularcula sp. P33	""	1.63
Protozoa;Cercozoa;NA;Cercomonadida;Cercomonadidae;Cercomonas;Cercomonas directa	""	0.81
Animalia;Cnidaria;Anthozoa;Alcyonacea;Paragorgiidae;Paragorgia;Paragorgia arborea	""	1.63
Animalia;Arthropoda;Hexanauplia;Poecilostomatoida;Lichomolgidae;Lichomolgus;Lichomolgus canui	""	1.63
Chromista;Bacillariophyta;Bacillariophyceae;Bacillariales;Bacillariaceae;Pseudo-nitzschia;Pseudo-nitzschia lineola	""	1.63
Bacteria;Pseudomonadota;Alphaproteobacteria;Hyphomicrobiales;Hyphomicrobiaceae;Hyphomicrobium;Hyphomicrobium sp.	""	2.44
Fungi;Basidiomycota;Agaricomycetes;Polyporales;Fomitopsidaceae;Antrodia;Antrodia albobrunnea	""	0.81
Fungi;Ascomycota;Saccharomycetes;Saccharomycetales;Metschnikowiaceae;Candida/Metschnikowiaceae	Budding Yeasts	0.81
Animalia;Annelida;Clitellata;Tubificida;Naididae;Ainudrilus;Ainudrilus sp. EKEH-2002	""	0.81
Plantae;Chlorophyta;Chlorophyceae;Sphaeropleales;Scenedesmaceae;Scenedesmus;Scenedesmus sp. II11	""	0.81
Chromista;NA;Dinophyceae;Syndiniales;Syndiniaceae;Syndinium;Syndinium turbo	""	1.63
Animalia;Cnidaria;Myxozoa;Bivalvulida;Ceratomyxidae;Ceratomyxa;Ceratomyxa verudensis	Myxozoans	0.81
Chromista;NA;Cryptophyceae;Cyathomonadacea;Goniomonadaceae;Goniomonas;Goniomonas truncata	""	1.63
Chromista;Bacillariophyta;Bacillariophyceae;Bacillariales;Bacillariaceae;Tryblionella;Tryblionella apiculata	""	1.63
Fungi;Basidiomycota;Agaricomycetes;Polyporales;Steccherinaceae;Antrodiella;Antrodiella formosana	""	0.81
Fungi;Zoopagomycota;Entomophthoromycetes;Entomophthorales;Entomophthoraceae;Pandora;Pandora neoaphidis	Insect Destroyers	1.63
Animalia;Annelida;Polychaeta;Terebellida;Terebellidae;Nicolea;Nicolea zostericola	Spaghetti Worms	1.63
Bacteria;Nitrospirae;Nitrospira;Nitrospirales;Nitrospiraceae	""	0.81
Protozoa;Euglenozoa;Euglenida;Euglenales;Euglenaceae;Euglena;Euglena tristella	""	0.81
Bacteria;Pseudomonadota;Gammaproteobacteria;Thiotrichales;Thiotrichaceae;Thiomargarita;Candidatus Thiomargarita nelsonii	""	0.81
Bacteria;Pseudomonadota;Betaproteobacteria;Neisseriales;Chromobacteriaceae	""	0.81
Chromista;Ciliophora;Spirotrichea;Choreotrichida;Strobilidiidae;Pelagostrobilidium;Pelagostrobilidium sp.	""	4.07
Chromista;NA;Dinophyceae;Peridiniales;Pfiesteriaceae;Cryptoperidiniopsis;Cryptoperidiniopsis brodyi	Dinoflagellates	2.44
Fungi;Zoopagomycota;Entomophthoromycetes;Entomophthorales;Entomophthoraceae	""	4.07
Animalia;Arthropoda;Insecta;Diptera;Tachinidae	""	0.81
Chromista;NA;Hyphochytriomycetes;NA;Rhizidiomycetaceae;Rhizidiomyces;Rhizidiomyces apophysatus	""	0.81
Chromista;NA;Dinophyceae;Gonyaulacales;Pyrocystaceae;Alexandrium;Alexandrium hiranoi	""	1.63
Animalia;Arthropoda;Malacostraca;Euphausiacea;Euphausiidae;Thysanopoda;Thysanopoda aequalis	""	0.81
Chromista;Ciliophora;Phyllopharyngea;Chlamydodontida;Gastronautidae;Gastronauta;Gastronauta aloisi	""	0.81
Animalia;Arthropoda;Hexanauplia;Poecilostomatoida;Oncaeidae;Oncaea;Oncaea mediterranea	""	1.63
Fungi;Ascomycota;Dothideomycetes;Dothideales;Dothioraceae;Dothiora;Dothiora maculans	""	0.81
Chromista;Ciliophora;Litostomatea;Haptorida;Lacrymariidae;Phialina;Phialina salinarum	""	0.81
Plantae;Streptophyta;Magnoliopsida;Poales;Poaceae;Cinnagrostis	""	1.63
Bacteria;Pseudomonadota;Gammaproteobacteria;Cellvibrionales;Cellvibrionaceae;Cellvibrio	""	0.81
Animalia;Arthropoda;Malacostraca;Decapoda;Nephropidae;Homarus;Homarus americanus	""	0.81
Bacteria;Pseudomonadota;Alphaproteobacteria;Hyphomicrobiales;Devosiaceae;Devosia	""	0.81
Fungi;Ascomycota;Leotiomycetes;Helotiales;Discinellaceae;Varicosporium;Varicosporium elodeae	""	0.81
Animalia;Rotifera;Eurotatoria;Ploima;Notommatidae;Pleurotrocha;Pleurotrocha sigmoidea	Rotifers	2.44
Bacteria;Acidobacteria;Thermoanaerobaculia;Thermoanaerobaculales;Thermoanaerobaculaceae;Thermoanaerobaculum;Thermoanaerobaculum sp.	""	1.63
Bacteria;Acidobacteria;Holophagae;Holophagales;NA;NA;Holophagales bacterium	""	0.81
Protozoa;Euglenozoa;NA;Diplonemea;NA;NA;Diplonemida sp. 13 RG-2016	""	0.81
Fungi;Basidiomycota;Agaricomycetes;Thelephorales;Thelephoraceae;Pseudotomentella	""	0.81
Chromista;Ciliophora;Oligohymenophorea;Sessilida;Zoothamniidae;Zoothamnium;Zoothamnium duplicatum	Ciliates	2.44
Plantae;Rhodophyta;Florideophyceae;Peyssonneliales;Peyssonneliaceae;Peyssonnelia;Peyssonnelia sp.	""	1.63
Plantae;Streptophyta;Magnoliopsida;Lamiales;Bignoniaceae;Dolichandrone;Dolichandrone spathacea	""	0.81
Protozoa;Heterolobosea;NA;NA;Acrasidae	""	2.44
Animalia;Platyhelminthes;Monogenea;Mazocraeidea;Mazocraeidae;Probursata;Probursata brasiliensis	""	0.81
Chromista;NA;Eustigmatophyceae;Eustigmatales	""	1.63
Protozoa;Heterolobosea;NA;NA;Acrasidae;Allovahlkampfia;Allovahlkampfia sp. strain SO/1P	""	0.81
Animalia;Arthropoda;Hexanauplia;Cyclopoida;Cyclopidae;Eucyclops;Eucyclops dumonti	Copepods	0.81
Animalia;Mollusca;Bivalvia;Mytilida;Mytilidae;Brachidontes;Brachidontes mutabilis	""	1.63
Chromista;NA;Phaeophyceae;Ectocarpales;Ectocarpaceae;Ectocarpus;Ectocarpus fasciculatus	""	0.81
Plantae;Chlorophyta;Chlorophyceae;Oedogoniales;Oedogoniaceae;Oedogonium;Oedogonium sp. WIS-A-0000001	""	0.81
Chromista;Ciliophora;Litostomatea;Haptorida;Dileptidae;Dileptus;Dileptus sp.	""	1.63
Animalia;Arthropoda;Ostracoda;Podocopida;Psammocytheridae;Psammocythere;Psammocythere oviformis	""	0.81
Fungi;Basidiomycota;Tremellomycetes;Tremellales;Cryptococcaceae;Teunia;Teunia helanensis	""	0.81
Plantae;Streptophyta;Jungermanniopsida;Pallaviciniales;Hymenophytaceae;Hymenophyton	""	0.81
Chromista;Ciliophora;Spirotrichea;Urostylida;Urostylidae;Arcuseries	""	1.63
Animalia;Platyhelminthes;Catenulida;NA;Catenulidae;Catenula;Catenula lemnae	""	1.63
Bacteria;Pseudomonadota;Gammaproteobacteria;Alteromonadales;Idiomarinaceae;Idiomarina;Idiomarina xiamenensis	""	0.81
Bacteria;Pseudomonadota;Deltaproteobacteria;Desulfuromonadales;Syntrophotaleaceae;Syntrophotalea	""	0.81
Plantae;Streptophyta;Bryopsida;Pottiales;Pottiaceae;Didymodon;Didymodon subandreaeoides	Pottia Family	1.63
Plantae;Streptophyta;Magnoliopsida;Cucurbitales;Cucurbitaceae;Luffa	""	1.63
Chromista;Ciliophora;Spirotrichea;Euplotida;Euplotidae;Euplotes;Euplotes warreni	""	3.25
Protozoa;Euglenozoa;Kinetoplastea;NA;NA;NA;Kinetoplastida sp. FV18-8TS	""	1.63
Animalia;Porifera;Demospongiae;Dictyoceratida	""	0.81
Chromista;Bacillariophyta;Fragilariophyceae;Fragilariales;Fragilariaceae;Fragilaria;Fragilaria construens	""	0.81
Animalia;Arthropoda;Insecta;Orthoptera;Pyrgomorphidae;Pyrgomorpha;Pyrgomorpha conica	""	0.81
Chromista;NA;Bigyra;NA;Pseudophyllomitidae;Pseudophyllomitus;Pseudophyllomitus vesiculosus	""	1.63
Protozoa;Evosea;NA;Mastigamoebida;Mastigamoebidae;Mastigamoeba	""	1.63
Protozoa;Euglenozoa;Euglenida;Euglenales	""	1.63
Chromista;Oomycota;NA;Peronosporales;Peronosporaceae;Bremia	""	1.63
Bacteria;Pseudomonadota;Gammaproteobacteria;Enterobacterales;Enterobacteriaceae;Escherichia;Escherichia coli	""	0.81
Animalia;Entoprocta;NA;NA;Pedicellinidae;Pedicellina;Pedicellina cernua	""	0.81
Animalia;Mollusca;Bivalvia;Mytilida;Mytilidae;Adula;Adula aff. californiensis MO-2010	Datemussel	0.81
Plantae;Streptophyta;Magnoliopsida;Asterales;Campanulaceae;Campanula;Campanula goulimyi	""	1.63
Chromista;Ciliophora;Spirotrichea;Euplotida;Aspidiscidae;Aspidisca;Aspidisca aculeata	""	0.81
Plantae;Chlorophyta;Chlorophyceae;Sphaeropleales;Neochloridaceae;Neochloris;Neochloris vigensis	""	0.81
Plantae;Streptophyta;Polypodiopsida;Polypodiales;Aspleniaceae;Asplenium;Asplenium trichomanes	Maidenhair Spleenwort	0.81
Fungi;Basidiomycota;Agaricomycetes;Russulales;Hericiaceae	""	1.63
Animalia;Arthropoda;Malacostraca;Decapoda;Alpheidae;Alpheus;Alpheus dentipes	""	0.81
Chromista;Bacillariophyta;Bacillariophyceae;Naviculales;Phaeodactylaceae;Phaeodactylum;Phaeodactylum tricornutum	""	0.81
Bacteria;Planctomycetota;Planctomycetia;Planctomycetales;Planctomycetaceae;Planctomyces;Planctomyces sp.	""	0.81
Fungi;Basidiomycota;Pucciniomycetes;Pucciniales;Pucciniaceae	""	1.63
Chromista;Bacillariophyta;Bacillariophyceae;Naviculales;Pinnulariaceae;Pinnularia;Pinnularia cf. gibba	""	0.81
Fungi;Ascomycota;Saccharomycetes;Saccharomycetales;Saccharomycodaceae;Hanseniaspora;Hanseniaspora occidentalis	Budding Yeasts	0.81
Plantae;Rhodophyta;Florideophyceae;Ceramiales;Rhodomelaceae;Odonthalia	Red algae	2.44
Chromista;Bacillariophyta;Bacillariophyceae;Naviculales;Naviculaceae;Navicula;Navicula phyllepta	""	3.25
Fungi;Ascomycota;Dothideomycetes;Mycosphaerellales;Teratosphaeriaceae;Hortaea;Hortaea werneckii	""	0.81
Animalia;Ctenophora;Nuda;Beroida;Beroidae;Beroe;Beroe ovata	""	2.44
Chromista;Ciliophora;Armophorea;Metopida;Metopidae;Metopus;Metopus sp. VS-2017b	""	0.81
Plantae;Chlorophyta;Chlorophyceae;Chlamydomonadales;Dunaliellaceae;Hafniomonas;Hafniomonas reticulata	Chlorophycean Green Algae	0.81
Chromista;NA;Dinophyceae;Blastodiniales;NA;Haplozoon	""	0.81
Chromista;NA;Dinophyceae;Gonyaulacales;Pyrophacaceae;Fragilidium;Fragilidium subglobosum	Dinoflagellates	1.63
Chromista;Apicomplexa;Conoidasida;Eugregarinorida;Lecudinidae	""	0.81
Fungi;Chytridiomycota;Chytridiomycetes;Lobulomycetales;Lobulomycetaceae;Clydaea;Clydaea vesicula	""	0.81
Chromista;NA;Dinophyceae;NA;NA;NA;Dinophyceae sp. ex Thalassicolla nucleata	""	0.81
Chromista;NA;Dinophyceae;Dinophysiales;Dinophysiaceae;Sinophysis;Sinophysis stenosoma	""	1.63
Plantae;Rhodophyta;Florideophyceae;Ceramiales;Rhodomelaceae;Polysiphonia;Polysiphonia sp.	""	0.81
Plantae;Streptophyta;Magnoliopsida;Gentianales;Loganiaceae;Strychnos	""	0.81
Animalia;Echinodermata;Ophiuroidea;Amphilepidida	""	1.63
Fungi;Ascomycota;Taphrinomycetes;Taphrinales;Taphrinaceae;Taphrina	""	0.81
Fungi;Mucoromycota;Glomeromycetes;Glomerales;Glomeraceae;Septoglomus;Septoglomus sp. ZS-2014	""	0.81
Chromista;NA;Phaeophyceae;Fucales;Sargassaceae;Sargassum	""	1.63
Chromista;Ciliophora;Heterotrichea;Heterotrichida;Stentoridae	""	0.81
Plantae;Streptophyta;Magnoliopsida;Asterales;Asteraceae;Doronicum;Doronicum falconeri	""	1.63
Animalia;Arthropoda;Malacostraca;Isopoda;Gnathiidae;Paragnathia;Paragnathia formica	""	0.81
Animalia;Bryozoa	""	0.81
Plantae;Rhodophyta;Florideophyceae;Rhodymeniales;Fryeellaceae;Fryeella;Fryeella gardneri	""	0.81
Plantae;Chlorophyta;Ulvophyceae;Ulotrichales;Sarcinofilaceae;Sarcinofilum;Sarcinofilum mucosum	""	0.81
Plantae;Streptophyta;Magnoliopsida;Malvales;Malvaceae;Malvastrum;Malvastrum coromandelianum	""	1.63
Animalia;Arthropoda;Arachnida;Sarcoptiformes;Heterocoptidae;NA;Heterocoptidae gen. n. sp. AD552	""	0.81
Chromista;Ciliophora;Nassophorea;Microthoracida;Pseudomicrothoracidae;Pseudomicrothorax;Pseudomicrothorax dubius	""	0.81
Bacteria;Pseudomonadota;Alphaproteobacteria;Sphingomonadales;Erythrobacteraceae;Erythrobacter;Erythrobacter sp. JL1017	""	0.81
Protozoa;Evosea;NA;Mastigamoebida;Mastigamoebidae;Mastigamoeba;Mastigamoeba balamuthi	""	0.81
Bacteria;Planctomycetota;Planctomycetia;Pirellulales	""	0.81
Animalia;Arthropoda;Hexanauplia;Harpacticoida;Nannopodidae;Nannopus;Nannopus dimorphicus	""	1.63
Fungi;Basidiomycota;Agaricomycetes;Cantharellales;Hydnaceae;Hydnum	""	0.81
Fungi;Ascomycota;Pezizomycetes;Pezizales;Tuberaceae;Tuber;Tuber brumale	""	0.81
Chromista;Ciliophora;Oligohymenophorea;Astomatida;Haptophryidae;Haptophrya;Haptophrya planariarum	""	0.81
Plantae;Chlorophyta;Mamiellophyceae;Monomastigales;Monomastigaceae;Monomastix	""	0.81
Animalia;Arthropoda;Arachnida;Opiliones	""	0.81
Chromista;Apicomplexa;Conoidasida;Eucoccidiorida;Cryptosporidiidae;Cryptosporidium;Cryptosporidium parvum	""	0.81
Animalia;Cnidaria;Myxozoa;Bivalvulida;Myxobolidae;Myxobolus;Myxobolus sp. KLT-2014	""	0.81
Fungi;Ascomycota;Saccharomycetes;Saccharomycetales;Debaryomycetaceae;Yamadazyma;[Candida] germanica	""	0.81
Chromista;Haptophyta;NA;Prymnesiales;Chrysochromulinaceae;Chrysochromulina;Chrysochromulina parva	""	2.44
Fungi;Basidiomycota;Agaricomycetes;Russulales;Stereaceae;Stereum;Stereum ostrea	""	0.81
Bacteria;Pseudomonadota;Oligoflexia;Bdellovibrionales;Pseudobdellovibrionaceae;Bdellovibrio	""	0.81
Fungi;Basidiomycota;Agaricomycetes;Cantharellales;Tulasnellaceae;Tulasnella;Tulasnella violea	""	0.81
Bacteria;Pseudomonadota;Gammaproteobacteria;Legionellales;Coxiellaceae;Candidatus Berkiella;Candidatus Berkiella cookevillensis	""	0.81
Fungi;Ascomycota;Saccharomycetes;Saccharomycetales;Debaryomycetaceae;Yamadazyma	""	1.63
Chromista;Ciliophora;Prostomatea;Prorodontida;Holophryidae;Pelagothrix;Pelagothrix alveolata	""	0.81
Plantae;Rhodophyta;Rhodellophyceae;Rhodellales;Rhodellaceae;Neorhodella;Neorhodella cyanea	""	0.81
Plantae;Streptophyta;Magnoliopsida;Cucurbitales;Anisophylleaceae;Combretocarpus;Combretocarpus rotundatus	""	0.81
Animalia;Annelida;Polychaeta;NA;Capitellidae	""	0.81
Fungi;Ascomycota;Dothideomycetes;Mycosphaerellales	""	2.44
Animalia;Mollusca;Bivalvia;Galeommatida;Galeommatidae;Chlamydoconcha;Chlamydoconcha orcutti	""	0.81
Plantae;Streptophyta;Magnoliopsida;Boraginales;Cordiaceae;Cordia;Cordia curassavica	""	0.81
Chromista;Ciliophora;Oligohymenophorea;Sessilida;Epistylidae;Rhabdostyla;Rhabdostyla sp. 5 PPS-2010	""	0.81
Bacteria;Pseudomonadota;Alphaproteobacteria;Hyphomicrobiales;Nitrobacteraceae;Bradyrhizobium;Bradyrhizobium sp.	""	1.63
Plantae;Streptophyta;Magnoliopsida;Myrtales	""	1.63
Chromista;Apicomplexa;Conoidasida;Eucoccidiorida;Eimeriidae;Goussia;Goussia sp.	""	0.81
Plantae;Streptophyta;Magnoliopsida;Apiales;Apiaceae;Anethum;Anethum graveolens	""	0.81
Animalia;Mollusca;Gastropoda;Nudibranchia;Eubranchidae;Eubranchus;Eubranchus sanjuanensis	""	0.81
Fungi;Ascomycota;Dothideomycetes;Dothideales;Saccotheciaceae	""	0.81
Fungi;Ascomycota;Eurotiomycetes;Eurotiales;Aspergillaceae;Aspergillus;Aspergillus fumigatus	""	0.81
Protozoa;Discosea;Flabellinia;NA;Vannellidae;NA;Vannellidae sp.	""	0.81
Plantae;Chlorophyta;Ulvophyceae;Ulotrichales;Planophilaceae;Planophila	Sea Lettuces And Single-celled Algae	0.81
Plantae;Chlorophyta;Chlorophyceae;Sphaeropleales;Mychonastaceae;Mychonastes;Mychonastes sp. DB6-29	""	0.81
Animalia;Cnidaria;Anthozoa;Scleractinia;Merulinidae;Goniastrea	Closed brain coral	3.25
Bacteria;Pseudomonadota;Gammaproteobacteria;Pseudomonadales;Pseudomonadaceae;Pseudomonas;Pseudomonas sp. WJ14	""	0.81
Bacteria;Pseudomonadota;Alphaproteobacteria;Sphingomonadales;Sphingomonadaceae;Parasphingorhabdus;Parasphingorhabdus flavimaris	""	0.81
Bacteria;Pseudomonadota;Alphaproteobacteria;Hyphomicrobiales;Aurantimonadaceae	""	0.81
Plantae;Streptophyta;Magnoliopsida;Sapindales;Rutaceae;Citrus;Citrus obovoidea	""	0.81
Plantae;Streptophyta;Magnoliopsida;Fabales;Fabaceae;Acacia;Acacia aff. deltoidea x Acacia aff. stigmatophylla R5710	""	0.81
Fungi;Ascomycota;Saccharomycetes;Saccharomycetales;Metschnikowiaceae;Metschnikowia;Metschnikowia kunwiensis	""	0.81
Protozoa;Cercozoa;NA;Cercomonadida;Cercomonadidae;Cercomonas;Cercomonas sp.	""	1.63
Chromista;Ciliophora;Colpodea;Colpodida;Colpodidae;Colpoda;Colpoda sp.	Ciliates	0.81
Fungi;Ascomycota;Dothideomycetes;Pleosporales;Pleosporaceae;Pyrenophora;Pyrenophora tritici-repentis	""	0.81
Chromista;Ciliophora;Oligohymenophorea;Mobilida;Trichodinidae;Trichodina;Trichodina reticulata	""	0.81
Protozoa;NA;Choanoflagellata;Craspedida;Salpingoecidae;Salpingoeca;Salpingoeca kvevrii	""	0.81
Animalia;Cnidaria;Anthozoa;Scleractinia;Merulinidae;Orbicella	""	0.81
Plantae;Streptophyta;Magnoliopsida;Proteales;Proteaceae	""	0.81
Chromista;Bacillariophyta;Coscinodiscophyceae;Thalassiosirales;Skeletonemataceae;Skeletonema;Skeletonema sp. NIES-16	""	0.81
Chromista;Cercozoa;NA;Glissomonadida	""	0.81
Fungi;Basidiomycota;Agaricomycetes;Agaricales;Inocybaceae;Auritella	Agarics	0.81
Animalia;Cnidaria;Anthozoa;Scleractinia;Merulinidae;Coelastrea;Coelastrea palauensis	""	0.81
Animalia;Arthropoda;Malacostraca;Decapoda;Varunidae;Eriocheir;Eriocheir sinensis	Chinese freshwater edible crab	0.81
Chromista;Ciliophora;Litostomatea;Haptorida;Paraspathidiidae;Paraspathidium;Paraspathidium apofuscum	""	1.63
Chromista;Oomycota;NA;Pythiales;Pythiaceae;Globisporangium;Globisporangium iwayamae	""	0.81
Chromista;Cercozoa;Chlorarachniophyceae;NA;NA;Norrisiella;Norrisiella sphaerica	""	0.81
Chromista;NA;Dinophyceae;Phytodiniales;Phytodiniaceae;Spiniferodinium	""	0.81
Chromista;Endomyxa;Phytomyxea;Plasmodiophorida;Plasmodiophoridae;Polymyxa;Polymyxa graminis	""	2.44
Chromista;NA;Chrysophyceae;NA;NA;NA;Spumella-like flagellate JBNZ40	""	0.81
Animalia;Mollusca;Gastropoda;Neogastropoda;Nassariidae;Nassarius;Nassarius succinctus	Dog whelks	0.81
Fungi;Basidiomycota;Agaricomycetes;Boletales;Suillaceae;Suillus;Suillus luteus	""	0.81
Chromista;Haptophyta;NA;Pavlovales;Pavlovaceae;Diacronema	""	0.81
Plantae;Chlorophyta;Trebouxiophyceae;Chlorellales;Chlorellaceae;Prototheca	""	0.81
Animalia;Rotifera;Eurotatoria;Ploima;Brachionidae;Notholca	Rotifers	0.81
Chromista;Ciliophora;Heterotrichea;Licnophorida;Licnophoridae;Licnophora	""	1.63
Fungi;Basidiomycota;Tremellomycetes;Tremellales;NA;NA;Tremellales sp. LM477	""	1.63
Animalia;Cnidaria;Anthozoa;Scleractinia;Merulinidae;Oulophyllia;Oulophyllia bennettae	""	1.63
Protozoa;Euglenozoa;Kinetoplastea;Neobodonida;Rhynchomonadidae;Rhynchomonas;Rhynchomonas nasuta	""	0.81
Plantae;Streptophyta;Magnoliopsida;Fabales;Fabaceae;Pisum;Pisum sativum	""	0.81
Chromista;Foraminifera;NA;Rotaliida;Stainforthiidae;Stainforthia;Stainforthia sp.	""	0.81
Fungi;Mucoromycota;Glomeromycetes;Glomerales;Glomeraceae;Glomus;Glomus sp. BHICB-J-Glo1	Fungi	1.63
Bacteria;Pseudomonadota;Deltaproteobacteria;NA;NA;NA;Olavius ilvae associated proteobacterium Delta 7	""	1.63
Fungi;Basidiomycota;Agaricomycetes;Polyporales;Polyporaceae;Ganoderma;Ganoderma tsugae	""	0.81
Chromista;Cercozoa;NA;Glissomonadida;Viridiraptoridae;Bodomorpha;Bodomorpha sp. HFCC 92	""	0.81
Chromista;NA;Bigyra;Thraustochytrida;Thraustochytriaceae;Aplanochytrium;Aplanochytrium blankum	""	0.81
Chromista;NA;Eustigmatophyceae;Eustigmatales;Monodopsidaceae;Monodopsis;Monodopsis subterranea	""	1.63
Bacteria;Pseudomonadota;Oligoflexia;Bacteriovoracales;Halobacteriovoraceae;Halobacteriovorax;Halobacteriovorax vibrionivorans	""	1.63
Plantae;Streptophyta;Magnoliopsida;Poales;Poaceae;Calamagrostis	""	0.81
Animalia;Rotifera;Eurotatoria;Flosculariaceae;Testudinellidae;Pompholyx;Pompholyx sulcata	""	0.81
Chromista;Ciliophora;Spirotrichea;Euplotida;Aspidiscidae;Aspidisca	""	0.81
Fungi;Ascomycota;Eurotiomycetes;Eurotiales;Aspergillaceae;Monascus;Monascus sp. (in: ascomycete fungi)	""	0.81
Animalia;Platyhelminthes;Rhabditophora;Macrostomida	""	1.63
Plantae;Chlorophyta;Chlorophyceae;Protosiphonales;Protosiphonaceae;Protosiphon;Protosiphon botryoides	""	0.81
Bacteria;Nitrospirae;Nitrospira;Nitrospirales;Nitrospiraceae;Nitrospira;Nitrospira sp. enrichment culture clone Aa01	""	0.81
Plantae;Streptophyta;Magnoliopsida;Liliales;Liliaceae	""	0.81
Chromista;Bacillariophyta;Bacillariophyceae;Thalassiophysales;Catenulaceae;Amphora;Amphora sp. 35	""	0.81
Bacteria;Pseudomonadota;Gammaproteobacteria;Pasteurellales;Pasteurellaceae	""	0.81
Chromista;Bacillariophyta;Bacillariophyceae;Surirellales;Surirellaceae;Cymatopleura;Cymatopleura elliptica	Diatoms	0.81
Chromista;NA;Cryptophyceae;Pyrenomonadales;Pyrenomonadaceae;Rhodomonas;Rhodomonas sp. M1480	""	0.81
Fungi;Basidiomycota;Agaricomycetes;Agaricales;Inocybaceae;Inocybe	""	0.81
Animalia;Annelida;Polychaeta;Spionida;Spionidae;Spiophanes	Spionid worms	1.63
Fungi;Ascomycota;Dothideomycetes;Pleosporales;Morosphaeriaceae;Acrocalymma;Acrocalymma cycadis	""	0.81
Chromista;NA;Bigyra;Thraustochytrida;Thraustochytriaceae;Thraustochytrium;Thraustochytrium sp. HK1	""	0.81
Chromista;Bacillariophyta;Bacillariophyceae;Eunotiales;Eunotiaceae;Eunotia;Eunotia monodon	""	0.81
Plantae;Streptophyta;Magnoliopsida;Poales;Cyperaceae;Carex;Carex annectens	""	0.81
Fungi;Basidiomycota;Tremellomycetes;Tremellales;Bulleribasidiaceae;Vishniacozyma;Vishniacozyma tephrensis	""	1.63
Animalia;Bryozoa;Gymnolaemata	""	0.81
Plantae;Streptophyta;Magnoliopsida;Sapindales;Meliaceae;Aglaia	""	0.81
Plantae;Streptophyta;Magnoliopsida;Gentianales;Gentianaceae	""	0.81
Animalia;Cnidaria;Anthozoa;Pennatulacea;Renillidae;Renilla;Renilla reniformis	""	0.81
Fungi;Zoopagomycota;Entomophthoromycetes;Entomophthorales;Entomophthoraceae;Entomophthora;Entomophthora schizophorae	""	0.81
Bacteria;Pseudomonadota;Gammaproteobacteria;Alteromonadales;Pseudoalteromonadaceae;Pseudoalteromonas;Pseudoalteromonas sp. Gp-4-15.2.1	""	0.81
Protozoa;NA;NA;NA;Collodictyonidae;Diphylleia;Diphylleia rotans	""	1.63
Animalia;Mollusca;Bivalvia;Ostreida;Ostreidae;Crassostrea	Cupped oysters	0.81
Animalia;Arthropoda;Symphyla;NA;Scutigerellidae	""	0.81
Animalia;Bryozoa;Gymnolaemata;Cheilostomatida;Romancheinidae;Haplopoma;Haplopoma graniferum	Marine bryozoans	2.44
Fungi;Basidiomycota;Pucciniomycetes;Pucciniales;Melampsoraceae;Melampsora	Rust Fungi	1.63
Plantae;Streptophyta;Magnoliopsida;Solanales;Convolvulaceae;Calystegia;Calystegia pulchra	""	0.81
Chromista;Ciliophora;Heterotrichea;Heterotrichida;Climacostomidae;Climacostomum;Climacostomum virens	""	0.81
Plantae;Streptophyta;Magnoliopsida;Fabales;Fabaceae;Gilbertiodendron;Gilbertiodendron sp. ME-2015	""	1.63
Bacteria;Pseudomonadota;Gammaproteobacteria;Xanthomonadales;Xanthomonadaceae;Xylella;Xylella fastidiosa	""	0.81
Fungi;Ascomycota;Saccharomycetes;Saccharomycetales;Trichomonascaceae;Wickerhamiella;Wickerhamiella pararugosa	""	0.81
Fungi;Zoopagomycota	""	2.44
Chromista;Ciliophora;Phyllopharyngea;Exogenida;Ephelotidae;Ephelota;Ephelota gemmipara	""	1.63
Plantae;Streptophyta;Magnoliopsida;Arecales;Arecaceae;Calamus;Calamus hollrungii	""	0.81
Chromista;NA;Dinophyceae;Suessiales;Symbiodiniaceae;Symbiodinium	Dinoflagellates	0.81
Animalia;Cnidaria;Hydrozoa;Anthoathecata;Corymorphidae;Hataia;Hataia parva	""	3.25
Chromista;NA;Polycystinea;Nassellaria;Plagiacanthidae;Lithomelissa;Lithomelissa sp. 8012	""	0.81
Plantae;Streptophyta;Magnoliopsida;Malpighiales;Salicaceae	""	0.81
Chromista;Ciliophora;Spirotrichea;Sporadotrichida;Oxytrichidae;Stylonychia;Stylonychia pustulata	""	0.81
Plantae;Streptophyta;Magnoliopsida;Caryophyllales;Polygonaceae	""	1.63
Plantae;Streptophyta;Charophyceae;Charales;Characeae;Nitella;Nitella rigida	""	0.81
Bacteria;Pseudomonadota;Alphaproteobacteria;Hyphomicrobiales;Rhizobiaceae;Sinorhizobium;Sinorhizobium sp. 1085	""	0.81
Plantae;Chlorophyta;Chlorophyceae;Oedogoniales;Oedogoniaceae;Oedogonium	Chlorophycean Green Algae	1.63
Animalia;Chordata;Ascidiacea;Stolidobranchia;Pyuridae;Pyura;Pyura haustor	""	0.81
Animalia;Arthropoda;Arachnida;Sarcoptiformes;Oribatulidae;Oribatula;Oribatula sakamorii	Mites	1.63
Animalia;Cnidaria;Hydrozoa;Siphonophorae;Prayidae;Gilia;Gilia reticulata	""	0.81
Fungi;Ascomycota;Saccharomycetes;Saccharomycetales;NA;NA;[Candida] sp. RWT23	""	0.81
Chromista;Ciliophora;Oligohymenophorea;Peniculida;Parameciidae;Paramecium;Paramecium sp. HB2	""	0.81
Plantae;Chlorophyta;Mamiellophyceae;Mamiellales;Mamiellaceae;Micromonas;Micromonas sp. RCC831	Green algae	2.44
Chromista;NA;Phaeophyceae;Ectocarpales;Chordariaceae	""	0.81
Fungi;Ascomycota;Eurotiomycetes;Eurotiales;Trichocomaceae;Talaromyces;Talaromyces sp.	""	1.63
Chromista;NA;Bigyra;Bicosoecida;Siluaniidae;Filos;Filos agilis	""	0.81
Plantae;Chlorophyta;Ulvophyceae;Ulvales;Bolbocoleonaceae;Bolbocoleon;Bolbocoleon piliferum	""	1.63
Bacteria;Pseudomonadota;Alphaproteobacteria;Maricaulales;Robiginitomaculaceae;Algimonas;Algimonas arctica	""	1.63
Fungi;Basidiomycota;Agaricomycetes;Agaricales;Pterulaceae;Pterula;Pterula gracilis	""	0.81
Plantae;Rhodophyta;Florideophyceae;Gigartinales;Kallymeniaceae;Pugetia;Pugetia fragilissima	Red algae	2.44
Bacteria;Pseudomonadota;Alphaproteobacteria;Rhodobacterales;Roseobacteraceae;Palleronia;Palleronia sediminis	""	2.44
Animalia;Arthropoda;Malacostraca;Decapoda;Portunidae;Scylla;Scylla serrata	""	0.81
Animalia;Echinodermata;Holothuroidea;Apodida;Synaptidae	""	2.44
Plantae;Streptophyta;Magnoliopsida;Fabales;Fabaceae;Lablab;Lablab purpureus	""	0.81
Chromista;Ciliophora;Litostomatea;Pleurostomatida;Litonotidae;Litonotus;Litonotus sp. WS-2014b	""	1.63
Animalia;Mollusca;Bivalvia;Nuculida;Nuculidae;Ennucula;Ennucula tenuis	Little nut clam	1.63
Animalia;Porifera;Calcarea	""	0.81
Chromista;Endomyxa;Phytomyxea;Plasmodiophorida;Plasmodiophoridae	""	0.81
Plantae;Streptophyta;Magnoliopsida;Cucurbitales;Anisophylleaceae	""	0.81
Plantae;Chlorophyta;Trebouxiophyceae;NA;NA;Choricystis;Choricystis sp. AS-29	""	2.44
Fungi;Basidiomycota;Exobasidiomycetes;Exobasidiales	""	0.81
Animalia;Mollusca;Bivalvia;Cardiida;Cardiidae;Vasticardium;Vasticardium flavum	""	0.81
Plantae;Streptophyta;Magnoliopsida;Asparagales;Amaryllidaceae	""	0.81
Animalia;Chordata;Ascidiacea;Aplousobranchia;Polyclinidae;Aplidium;Aplidium pliciferum	""	0.81
Bacteria;Pseudomonadota;Gammaproteobacteria;Pseudomonadales;Pseudomonadaceae;Pseudomonas;Pseudomonas sp. CRF3-Ps-2	""	0.81
Plantae;Streptophyta;Polypodiopsida;Polypodiales;Aspleniaceae;Asplenium;Asplenium monanthes	""	0.81
Fungi;Ascomycota;Dothideomycetes;Pleosporales;Massarinaceae;Neottiosporina;Neottiosporina cylindrica	""	0.81
Fungi;Ascomycota;Dothideomycetes;Pleosporales;Didymosphaeriaceae	""	0.81
Bacteria;Pseudomonadota;Deltaproteobacteria;Myxococcales;NA;NA;Sorangiineae bacterium HB-1	""	1.63
Fungi;Basidiomycota;Agaricomycetes;Cantharellales;Ceratobasidiaceae;NA;Ceratobasidiaceae sp. CBS 501.93	Basidio's	0.81
Plantae;Chlorophyta;Trebouxiophyceae;Chlorellales;Chlorellaceae;Marvania;Marvania geminata	""	0.81
Chromista;Ciliophora;Armophorea	""	1.63
Fungi;Mucoromycota;Glomeromycetes;Glomerales;Glomeraceae;Glomus;Glomus heterosporum	""	0.81
Animalia;Arthropoda;Arachnida;Scorpiones;Buthidae;Buthus;Buthus occitanus	""	0.81
Chromista;Ciliophora;Litostomatea;Vestibuliferida;Pycnotrichidae;Buxtonella;Buxtonella sulcata	""	0.81
Animalia;Porifera;Demospongiae;Poecilosclerida;Microcionidae;Clathria;Clathria prolifera	""	1.63
Plantae;Streptophyta;Magnoliopsida;Sapindales;Meliaceae;Carapa;Carapa sp. 27 DK-2009	""	1.63
Chromista;Ciliophora;Spirotrichea;Euplotida;Uronychiidae;Diophryopsis;Diophryopsis hystrix	""	0.81
Chromista;Bacillariophyta;Bacillariophyceae;Cymbellales;Anomoeoneidaceae;Anomoeoneis;Anomoeoneis sphaerophora	""	0.81
Chromista;Haptophyta;NA;Isochrysidales;Isochrysidaceae;Isochrysis	""	0.81
Fungi;Mucoromycota;Glomeromycetes;Glomerales;Glomeraceae;Glomus;Glomus sp. 23 ZHNL-2013	Fungi	3.25
Animalia;Arthropoda;Hexanauplia;Harpacticoida;Harpacticidae;Tigriopus	""	1.63
Plantae;Streptophyta;Magnoliopsida;Malpighiales;Rhizophoraceae;Rhizophora;Rhizophora mucronata	""	1.63
Plantae;Chlorophyta;Chlorophyceae;Sphaeropleales;Neochloridaceae;Characiopodium	""	1.63
Plantae;Chlorophyta;Trebouxiophyceae;Chlorellales	Green algae	2.44
Bacteria;Pseudomonadota;Alphaproteobacteria;Rhodospirillales;Azospirillaceae;Skermanella	""	1.63
Chromista;NA;Dinophyceae;Peridiniales;Protoperidiniaceae;Protoperidinium;Protoperidinium elegans	""	1.63
Fungi;Ascomycota;Eurotiomycetes;Eurotiales;Aspergillaceae;Aspergillus;Aspergillus terreus	""	0.81
Bacteria;Pseudomonadota;Alphaproteobacteria;Rhodospirillales;Azospirillaceae;Skermanella;Skermanella sp. TT6	""	0.81
Animalia;Arthropoda;Malacostraca;Decapoda;Nephropidae	""	0.81
Animalia;Arthropoda;Arachnida;Sarcoptiformes;Lardoglyphidae;Lardoglyphus;Lardoglyphus sp. AD983	Mites	0.81
Fungi;Basidiomycota;NA;NA;NA;Jaculispora;Jaculispora submersa	Basidio's	0.81
Animalia;Arthropoda;Ostracoda;Podocopida;Candonidae	Ostracods	0.81
Chromista;Oomycota;NA;Peronosporales;Peronosporaceae;Peronospora;Peronospora belbahrii	""	0.81
Bacteria;Pseudomonadota;Gammaproteobacteria;Nevskiales;Sinobacteraceae;Hydrocarboniphaga;Hydrocarboniphaga effusa	""	0.81
Chromista;NA;Centroplasthelida;Pterocystida;Pterocystidae;Pterocystis;Pterocystis sp. JJP-2003	""	0.81
Chromista;Ciliophora;Spirotrichea;Euplotida;Uronychiidae;Diophrys;Diophrys blakeneyensis	""	0.81
Fungi;Ascomycota;Orbiliomycetes;Orbiliales;Orbiliaceae;Hyalorbilia;Hyalorbilia rotifera	""	0.81
Plantae;Streptophyta;Bryopsida;Hypnales;Fontinalaceae;Fontinalis;Fontinalis sp. SRC-2010	""	0.81
Chromista;Ciliophora;Heterotrichea;Heterotrichida;Blepharismidae;Blepharisma	""	0.81
Chromista;Bacillariophyta;Fragilariophyceae;Rhabdonematales;Grammatophoraceae;Grammatophora;Grammatophora marina	""	0.81
Protozoa;Heterolobosea;NA;NA;Vahlkampfiidae;Tetramitus;Tetramitus thorntoni	Amoebas	0.81
Plantae;Rhodophyta;Compsopogonophyceae;Compsopogonales;Compsopogonaceae;Compsopogonopsis;Compsopogonopsis leptoclados	""	1.63
Plantae;Streptophyta;Magnoliopsida;Fabales;Fabaceae;Acacia;Acacia polystachya	""	0.81
Plantae;Rhodophyta;Florideophyceae;Halymeniales;Halymeniaceae;Isabbottia;Isabbottia ovalifolia	""	0.81
Plantae;Streptophyta;Magnoliopsida;Rosales;Rosaceae;Rosa;Rosa pendulina	""	0.81
Plantae;Streptophyta;Jungermanniopsida;Porellales;Frullaniaceae;Frullania;Frullania chevalieri	""	0.81
Plantae;Rhodophyta;Florideophyceae;Ceramiales;Rhodomelaceae;Leptosiphonia;Leptosiphonia brodiei	""	1.63
Plantae;NA;Glaucocystophyceae;Gloeochaetales;Gloeochaetaceae;Gloeochaete;Gloeochaete wittrockiana	""	0.81
Protozoa;Endomyxa;NA;Vampyrellida	""	0.81
Animalia;Chordata;Aves;Passeriformes;Motacillidae;Motacilla;Motacilla alba	""	0.81
Bacteria;Pseudomonadota;Gammaproteobacteria;NA;Candidatus Competibacteraceae;Candidatus Competibacter;Candidatus Competibacter phosphatis	""	0.81
Bacteria;Pseudomonadota;Gammaproteobacteria;Aeromonadales;Succinivibrionaceae;Succinivibrio;Succinivibrio faecicola	""	1.63
Fungi;Basidiomycota;Tremellomycetes;Tremellales;Trimorphomycetaceae;Saitozyma	Jelly Fungi	0.81
Chromista;NA;Bigyra;Bicosoecida;Cafeteriaceae;Cafeteria	""	0.81
Animalia;Arthropoda;Arachnida;Araneae;Thomisidae	""	0.81
Animalia;Rotifera;Eurotatoria;Ploima;Brachionidae;Brachionus;Brachionus calyciflorus	""	0.81
Animalia;Rotifera;Eurotatoria;Ploima;Lepadellidae;Squatinella;Squatinella lamellaris	Rotifers	0.81
Plantae;Streptophyta;Magnoliopsida;Fagales;Fagaceae;Quercus;Quercus ilex	""	0.81
Chromista;NA;Polycystinea;Nassellaria	""	0.81
Animalia;Echinodermata;Holothuroidea;Apodida;Synaptidae;Leptosynapta;Leptosynapta clarki	""	0.81
Chromista;Apicomplexa;Conoidasida;Eucoccidiorida;Adeleidae;Adelina;Adelina dimidiata	""	0.81
Plantae;Streptophyta;Magnoliopsida;Caryophyllales;Caryophyllaceae;Silene;Silene baccifera	""	0.81
Chromista;Ciliophora;Oligohymenophorea;Hymenostomatida;Turaniellidae;Colpidium	""	0.81
Chromista;NA;Chrysophyceae;Chromulinales;Oikomonadaceae;Oikomonas;Oikomonas mutabilis	""	0.81
Animalia;Nemertea;Palaeonemertea;Tubulaniformes;Tubulanidae;Callinera	""	0.81
Animalia;Arthropoda;Malacostraca;Decapoda;Polybiidae;Liocarcinus;Liocarcinus maculatus	Swimming crabs	0.81
Fungi;Ascomycota;Sordariomycetes;Hypocreales;Bionectriaceae;Nectriopsis;Nectriopsis exigua	""	0.81
Animalia;Platyhelminthes;Rhabditophora;Macrostomida;Microstomidae;Microstomum;Microstomum lineare	Flatworms	2.44
Bacteria;Pseudomonadota;Alphaproteobacteria;Rhodospirillales;Rhodospirillaceae;Marivibrio;Marivibrio halodurans	""	0.81
Chromista;Ciliophora;Colpodea;Colpodida;Colpodidae;Bresslaua;Bresslaua sp.	""	0.81
Chromista;NA;Chrysophyceae;NA;NA;NA;Spumella-like flagellate JBAF35	""	0.81
Protozoa;NA;NA;Apusomonadida;Apusomonadidae;Apusomonas;Apusomonas proboscidea	Protozoans	0.81
Chromista;Bacillariophyta;Bacillariophyceae;Naviculales;Plagiotropidaceae;Plagiolemma;Plagiolemma distortum	""	0.81
Plantae;Streptophyta;Magnoliopsida;Apiales;Araliaceae;Panax;Panax ginseng	""	0.81
Animalia;Platyhelminthes;Monogenea;Dactylogyridea;Dactylogyridae	""	0.81
Animalia;Rotifera	""	0.81
Animalia;Arthropoda;Insecta;Lepidoptera;Bombycidae;Bombyx;Bombyx mori	""	0.81
Animalia;Arthropoda;Malacostraca	Malacostracans	1.63
Chromista;Ciliophora;Litostomatea;Haptorida;Spathidiidae;Apobryophyllum;Apobryophyllum schmidingeri	""	0.81
Fungi;Ascomycota;Leotiomycetes;Helotiales;NA;NA;Helotiales sp.	Asco's	1.63
Chromista;Bacillariophyta;Fragilariophyceae;Licmophorales;Ulnariaceae;Hyalosynedra;Hyalosynedra cf. laevigata	""	1.63
Animalia;Nematoda;Enoplea;Dorylaimida	""	0.81
Plantae;Streptophyta;Magnoliopsida;Cucurbitales;Cucurbitaceae;Cucumis;Cucumis melo	""	0.81
Animalia;Cnidaria;Anthozoa;Pennatulacea;Umbellulidae;Umbellula;Umbellula sp. NMS.Z.2019.25.13	""	0.81
Animalia;Annelida;Polychaeta;Sabellida;Sabellidae;Amphicorina;Amphicorina ascidicola	""	0.81
Chromista;Ciliophora;Oligohymenophorea;Hymenostomatida;Tetrahymenidae;Lambornella;Lambornella trichoglossa	""	0.81
Animalia;Arthropoda;Thecostraca;NA;Lernaeodiscidae;Lernaeodiscus;Lernaeodiscus porcellanae	""	0.81
Bacteria;Pseudomonadota;Alphaproteobacteria;Hyphomicrobiales;Rhizobiaceae;Liberibacter	""	0.81
Fungi;Ascomycota;Saccharomycetes;Saccharomycetales;NA;Candida/Saccharomycetales;[Candida] melibiosica	""	0.81
Fungi;Mucoromycota;Mortierellomycetes;Mortierellales;Mortierellaceae;Mortierella;Mortierella sp.	""	0.81
Chromista;NA;Cryptophyceae;Cryptomonadales;Cryptomonadaceae;Cryptomonas;Cryptomonas tetrapyrenoidosa	Cryptomonads	0.81
Animalia;Platyhelminthes;Rhabditophora;Rhabdocoela;Polycystididae;Gyratrix;Gyratrix hermaphroditus	Flatworms	0.81
Plantae;Chlorophyta;Chlorophyceae;Chlamydomonadales;Chlorococcaceae;Heterotetracystis;Heterotetracystis akinetos	""	0.81
Plantae;Rhodophyta;Florideophyceae;Gracilariales;Gracilariaceae;Gracilariopsis	""	0.81
Bacteria;Planctomycetota;Phycisphaerae;Phycisphaerales;NA;NA;Phycisphaerales bacterium	""	0.81
Animalia;Arthropoda;Malacostraca;Euphausiacea;Euphausiidae;Stylocheiron	Euphausiids	0.81
Fungi;Ascomycota;Eurotiomycetes;Chaetothyriales;Herpotrichiellaceae;Phialophora;Phialophora sp. NH1-1	""	0.81
Animalia;Porifera;Demospongiae;Clionaida;Spirastrellidae	""	0.81
Animalia;Mollusca;Gastropoda;Littorinimorpha	Littorinimorph Snails	1.63
Plantae;Streptophyta;Magnoliopsida;Fabales;Fabaceae;Acacia;Acacia mangium	""	0.81
Chromista;Bacillariophyta;Coscinodiscophyceae;Thalassiosirales;Thalassiosiraceae;Conticribra;Conticribra weissflogii	""	0.81
Protozoa;Tubulinea;Elardia;Arcellinida;Difflugiidae;Difflugia;Difflugia sp.	""	0.81
Chromista;Ciliophora;Phyllopharyngea;Chlamydodontida;Chilodonellidae;Chilodonella	Ciliates	0.81
Plantae;Streptophyta;Magnoliopsida;Lamiales;Oleaceae;Noronhia	""	0.81
Chromista;Ciliophora;Oligohymenophorea;Hymenostomatida;Tetrahymenidae;Tetrahymena;Tetrahymena elliotti	""	0.81
Plantae;Rhodophyta;Florideophyceae;Gracilariales;Gracilariaceae;Gracilariophila;Gracilariophila oryzoides	""	0.81
Bacteria;Acidobacteria;Acidobacteriia;Bryobacterales;NA;NA;Bryobacterales bacterium F-183	""	0.81
Animalia;Annelida;Polychaeta;NA;Maldanidae;Maldane	""	0.81
Fungi;Zoopagomycota;Entomophthoromycetes;Entomophthorales;Entomophthoraceae;Entomophthora;Entomophthora muscae	""	1.63
Chromista;Ciliophora;Heterotrichea;Licnophorida;Licnophoridae;Licnophora;Licnophora macfarlandi	""	0.81
Animalia;Arthropoda;Malacostraca;Decapoda;Macrophthalmidae;Macrophthalmus;Macrophthalmus japonicus	Crabs	0.81
Plantae;Streptophyta;Magnoliopsida;Caryophyllales;Caryophyllaceae	""	0.81
Animalia;Cnidaria;Hydrozoa;Siphonophorae;Physaliidae;Physalia;Physalia sp. DRP-2009	""	0.81
Fungi;Ascomycota;Lecanoromycetes;Lecanorales	""	0.81
Animalia;Chordata;Actinopteri;Pleuronectiformes;Pleuronectidae;Limanda;Limanda limanda	""	0.81
Plantae;Streptophyta;Magnoliopsida;Asparagales;Hyacinthaceae	""	0.81
Fungi;Mucoromycota;Glomeromycetes;Paraglomerales;Pervetustaceae;Pervetustus;Pervetustus simplex	""	0.81
Bacteria;Pseudomonadota;Deltaproteobacteria;NA;NA;Dissulfurimicrobium;Dissulfurimicrobium hydrothermale	""	0.81
Chromista;Ciliophora;Spirotrichea;Sporadotrichida;Gonostomatidae;Gonostomum;Gonostomum sp. JS-2012	""	0.81
Animalia;Annelida;Clitellata;Crassiclitellata;Lumbricidae;Octolasion;Octolasion lacteum	""	0.81
Plantae;Chlorophyta;Chlorophyceae;NA;NA;NA;Chlorophyceae sp. VPL9-5	""	1.63
Fungi;Ascomycota;NA;NA;NA;Hymenella;[Hymenula] cerealis	""	0.81
Animalia;Nematoda;Chromadorea;Plectida;Leptolaimidae;Camacolaimus;Camacolaimus sp. CamaSp1	""	0.81
Plantae;Rhodophyta;Florideophyceae;Ceramiales;Dasyaceae	""	0.81
Animalia;Xenacoelomorpha;NA;Acoela;Actinoposthiidae;Acoelopelophila;Acoelopelophila lutheri	""	0.81
Chromista;NA;Dinophyceae;Amphidiniales;Amphidiniaceae;Amphidinium	""	1.63
Chromista;Ciliophora;Spirotrichea;Tintinnida;Codonellidae;Codonaria;Codonaria sp. CB-2012	""	0.81
Chromista;Ciliophora;Spirotrichea;Sporadotrichida;Oxytrichidae;Oxytricha;Oxytricha ferruginea	Ciliates	0.81
Bacteria;Pseudomonadota;Betaproteobacteria;Neisseriales;Neisseriaceae	""	1.63
Fungi;Ascomycota;Taphrinomycetes;Taphrinales;Protomycetaceae;Protomyces;Protomyces lactucae-debilis	""	0.81
Animalia;Platyhelminthes;Monogenea;Mazocraeidea;Diplozoidae;Eudiplozoon;Eudiplozoon nipponicum	""	0.81
Chromista;NA;Phaeophyceae;Asterocladales;Asterocladaceae;Asterocladon;Asterocladon rhodochortonoides	""	0.81
Animalia;Cnidaria;Hydrozoa;Anthoathecata;Proboscidactylidae	""	1.63
Bacteria;Pseudomonadota;Alphaproteobacteria;Hyphomicrobiales;Nitrobacteraceae;Rhodopseudomonas;Rhodopseudomonas palustris	""	0.81
Bacteria;Pseudomonadota;Alphaproteobacteria;Hyphomicrobiales;Reyranellaceae;Reyranella	""	0.81
Animalia;Rotifera;Eurotatoria;Ploima;Brachionidae;Brachionus;Brachionus rubens	""	0.81
Chromista;NA;Bigyra;Thraustochytrida;Thraustochytriaceae;Ulkenia;Ulkenia sp. HUBOL-2	""	0.81
Bacteria;Bacillota;Clostridia;Eubacteriales	""	0.81
Animalia;Mollusca;Bivalvia;Ostreida;Ostreidae;Crassostrea;Crassostrea rivularis	Cupped oysters	0.81
Plantae;Streptophyta;Chlorokybophyceae;Chlorokybales;Chlorokybaceae;Chlorokybus;Chlorokybus atmophyticus	""	0.81
Animalia;Annelida;Polychaeta;NA;Protodrilidae;Protodrilus	""	0.81
Bacteria;Pseudomonadota;Alphaproteobacteria;NA;NA;NA;alpha proteobacterium STF-07	""	0.81
Fungi;Ascomycota;Saccharomycetes;Saccharomycetales;Lipomycetaceae;Lipomyces;Lipomyces anomalus	Budding Yeasts	0.81
Fungi;Basidiomycota;Tritirachiomycetes;Tritirachiales;Tritirachiaceae;Tritirachium;Tritirachium oryzae	Basidio's	0.81
Bacteria;Pseudomonadota;Deltaproteobacteria;Desulfuromonadales;Desulfuromonadaceae;Desulfuromonas;Desulfuromonas svalbardensis	""	0.81
Fungi;Ascomycota;Dothideomycetes;Mycosphaerellales;Mycosphaerellaceae;Ramularia;Ramularia endophylla	""	0.81
Animalia;Bryozoa;Stenolaemata;Cyclostomatida	""	0.81
Plantae;Rhodophyta;Florideophyceae;Ceramiales;Delesseriaceae;Membranoptera	""	0.81
Animalia;Arthropoda;Malacostraca;Decapoda;Varunidae;Paragrapsus;Paragrapsus laevis	""	0.81
Bacteria;Pseudomonadota;Deltaproteobacteria;NA;NA;NA;delta proteobacterium enrichment culture clone VNABa05	""	0.81
Bacteria;Pseudomonadota;Alphaproteobacteria;Hyphomicrobiales;Hyphomicrobiaceae;Hyphomicrobium	""	0.81
Fungi;Ascomycota;Eurotiomycetes;Eurotiales;Aspergillaceae;Penicillium;Penicillium sp. 7 BRO-2013	""	0.81
Plantae;Rhodophyta;Florideophyceae;Corallinales;Lithophyllaceae	""	1.63
Bacteria;Pseudomonadota;Alphaproteobacteria;Rhodospirillales;Rhodospirillaceae;Rhodospirillum;Rhodospirillum rubrum	""	3.25
Protozoa;Tubulinea;Elardia;Euamoebida;Hartmannellidae;Nolandella;Nolandella hibernica	""	0.81
Bacteria;Acidobacteria	""	0.81
Animalia;Mollusca;Gastropoda;Architaenioglossa;Cyclophoridae;Cyclophorus;Cyclophorus abditus	""	0.81
Animalia;Arthropoda;Hexanauplia;Poecilostomatoida;Taeniacanthidae	""	0.81
Animalia;Annelida;Polychaeta;NA;Chaetopteridae;Phyllochaetopterus	""	0.81
Bacteria;Pseudomonadota;Alphaproteobacteria;Rhodobacterales;Paracoccaceae;NA;Rhodobacteraceae bacterium F9	""	0.81
Animalia;Arthropoda;Arachnida;Sarcoptiformes;Acaridae;Aleuroglyphus;Aleuroglyphus ovatus	Acarid mites	0.81
Plantae;Rhodophyta;Florideophyceae;Halymeniales;Halymeniaceae;Norrissia;Norrissia setchellii	""	0.81
Bacteria;Pseudomonadota;Alphaproteobacteria;Hyphomicrobiales;Devosiaceae;Devosia;Devosia salina	""	0.81
Plantae;Streptophyta;Magnoliopsida;Cucurbitales;Cucurbitaceae;Cucurbita	""	1.63
Chromista;Apicomplexa;Conoidasida;Eugregarinorida;Lecudinidae;Polyrhabdina;Polyrhabdina sp.	Chromists	1.63
Chromista;NA;Cryptophyceae;Kathablepharidacea;Katablepharidaceae;Katablepharis;Katablepharis sp. POVA-MDc39	""	0.81
Bacteria;Pseudomonadota;Alphaproteobacteria;Rickettsiales;Rickettsiaceae;Rickettsia;Candidatus Rickettsia Torix (Bemisia tabaci)	""	2.44
Animalia;Mollusca;Gastropoda;Nudibranchia	Nudibranchs	0.81
Plantae;Streptophyta;Magnoliopsida;Zingiberales;Marantaceae	""	0.81
Fungi;Mucoromycota;Glomeromycetes;Archaeosporales;Archaeosporaceae;Archaeospora;Archaeospora ecuadoriana	Fungi	0.81
Plantae;Streptophyta;Magnoliopsida;Asparagales;Orchidaceae;Polystachya	""	0.81
Plantae;Chlorophyta;Ulvophyceae;Chlorocystidales;Chlorocystidaceae;Chlorocystis;Chlorocystis john-westii	""	0.81
Chromista;Ciliophora;Oligohymenophorea;Philasterida;Philasteridae;Dexiotrichides;Dexiotrichides pangi	""	2.44
Animalia;Porifera;Demospongiae;Poecilosclerida;Coelosphaeridae;Lissodendoryx;Lissodendoryx hawaiiana	""	0.81
Animalia;Arthropoda;Hexanauplia;Cyclopoida;Oithonidae;Oithona;Oithona tenuis	""	1.63
Animalia;Arthropoda;Hexanauplia;Calanoida;Clausocalanidae;Clausocalanus	""	0.81
Animalia;Annelida;Polychaeta;NA;Maldanidae;Metasychis;Metasychis disparidentata	""	0.81
Chromista;NA;Dinophyceae;Amphidiniales;Amphidiniaceae;Amphidinium;Amphidinium longum	""	0.81
Chromista;NA;Xanthophyceae;Tribonematales;Heteropediaceae;Heterococcus;Heterococcus caespitosus	Yellow-green Algae	0.81
Bacteria;Pseudomonadota;Alphaproteobacteria;Rhodobacterales;Roseobacteraceae;Phaeobacter;Phaeobacter sp. CAU 1190	""	0.81
Plantae;Streptophyta;Magnoliopsida;Dioscoreales;Burmanniaceae;Gymnosiphon;Gymnosiphon breviflorus	""	0.81
Chromista;NA;Phaeophyceae;Laminariales;Lessoniaceae;Lessonia;Lessonia trabeculata	""	1.63
Chromista;Ciliophora;Oligohymenophorea;Sessilida;Vorticellidae;Apocarchesium;Apocarchesium rosettum	""	0.81
Chromista;NA;Dinophyceae;Peridiniales;Heterocapsaceae;Heterocapsa;Heterocapsa pygmaea	""	0.81
Fungi;Ascomycota;Pezizomycetes;Pezizales;Pezizaceae;Terfezia;Terfezia claveryi	Pezizas, Desert Truffles, And Allies	0.81
Plantae;Streptophyta;Magnoliopsida;Sapindales;Sapindaceae;Aesculus;Aesculus assamica	""	1.63
Animalia;Annelida;Polychaeta;Terebellida;Flabelligeridae;Pherusa;Pherusa plumosa	""	0.81
Fungi;Basidiomycota;Agaricostilbomycetes;Agaricostilbales	""	0.81
Fungi;Ascomycota;Saccharomycetes;Saccharomycetales;Metschnikowiaceae;Candida/Metschnikowiaceae;[Candida] intermedia	Budding Yeasts	0.81
Animalia;Tardigrada;Eutardigrada;Parachela;Hypsibiidae;Hypsibius;Hypsibius sp. CJS-2008	Eutardigrades	0.81
Fungi;Basidiomycota;Exobasidiomycetes;Exobasidiales;Brachybasidiaceae;Meira;Meira sp.	""	0.81
Animalia;Annelida;Polychaeta;Sabellida;Oweniidae;Myriochele;Myriochele sp. BC-2003	""	0.81
Chromista;Bacillariophyta;Mediophyceae;Lithodesmiales;Lithodesmiaceae;Lithodesmioides;Lithodesmioides sp. mgcode 4	""	0.81
Plantae;Streptophyta;Magnoliopsida;Gentianales;Rubiaceae;Oldenlandia;Oldenlandia corymbosa	""	0.81
Fungi;Mucoromycota;Glomeromycetes;Diversisporales;Gigasporaceae;Dentiscutata;Dentiscutata sp.	""	0.81
Plantae;Streptophyta;Magnoliopsida;Asterales;Asteraceae;Galinsoga;Galinsoga parviflora	""	0.81
Bacteria;Pseudomonadota;Deltaproteobacteria;NA;NA;NA;Deltaproteobacteria bacterium canine oral taxon 266	""	0.81
Animalia;Arthropoda;Malacostraca;Decapoda;Paguridae;Pagurus;Pagurus filholi	""	0.81
Animalia;Arthropoda;Arachnida;Araneae;Pholcidae;Metagonia	""	0.81
Plantae;Streptophyta;Magnoliopsida;Santalales;Loranthaceae	""	0.81
Chromista;Apicomplexa;Conoidasida;Eucoccidiorida;Cryptosporidiidae;Cryptosporidium;Cryptosporidium fragile	""	1.63
Plantae;Streptophyta;Magnoliopsida;Lamiales;Calceolariaceae;Calceolaria	""	0.81
Bacteria;Pseudomonadota;Gammaproteobacteria;Thiotrichales;Thiotrichaceae;Beggiatoa;Beggiatoa sp. LPN	""	0.81
Animalia;Arthropoda;Malacostraca;Amphipoda;Gammaridae;Gammarus;Gammarus cf. pulex Greece	""	0.81
Chromista;Ciliophora;Oligohymenophorea;Sessilida;Vorticellidae;Planeticovorticella;Planeticovorticella sp. HN Z2	""	0.81
Chromista;Ciliophora;Prostomatea;Prorodontida;Colepidae;Levicoleps;Levicoleps biwae	""	0.81
Plantae;Streptophyta;Magnoliopsida;Ranunculales;Ranunculaceae;Clematis;Clematis sp. 2 YX-2018	""	0.81
Animalia;Porifera;Demospongiae;Suberitida	""	0.81
Plantae;Streptophyta;Magnoliopsida;Poales;Poaceae;Phyllostachys;Phyllostachys nigra	""	0.81
Animalia;Cnidaria;Anthozoa;Pennatulacea;Veretillidae;Cavernularia;Cavernularia habereri	""	0.81
Bacteria;Pseudomonadota;Betaproteobacteria;Neisseriales	""	0.81
Fungi;Chytridiomycota;Chytridiomycetes;Rhizophydiales;Terramycetaceae;Terramyces;Terramyces sp.	""	0.81
Plantae;Chlorophyta;Chlorophyceae;Chlamydomonadales;Chlamydomonadaceae;Chlamydomonas;Chlamydomonas pumilio	""	0.81
Animalia;Arthropoda;Thecostraca;Balanomorpha;Chthamalidae	Arthropod	1.63
Fungi;Ascomycota;NA;NA;NA;Kendrickiella;Kendrickiella phycomyces	""	0.81
Protozoa;Parabasalia	""	0.81
Plantae;Chlorophyta;Picocystophyceae;Picocystales;Picocystaceae;Picocystis;Picocystis salinarum	""	0.81
Animalia;Porifera;Demospongiae;Poecilosclerida;Mycalidae;Mycale;Mycale grandis	""	0.81
Chromista;Bacillariophyta;Bacillariophyceae;Bacillariales;Bacillariaceae;Nitzschia;Nitzschia vitrea	""	0.81
Fungi;Basidiomycota;Pucciniomycetes;Pucciniales;Pucciniaceae;Puccinia;Puccinia sp.	Rust Fungi	0.81
Animalia;Arthropoda;Hexanauplia;Siphonostomatoida;Entomolepidae;NA;Entomolepidae sp. New Caledonia-RJH-2004	""	0.81
Bacteria;Pseudomonadota;Gammaproteobacteria;Pasteurellales;Pasteurellaceae;Histophilus;Histophilus somni	""	0.81
Chromista;NA;Cryptophyceae;Cryptomonadales;Cryptomonadaceae;Cryptomonas;Cryptomonas gyropyrenoidosa	""	0.81
Chromista;Bacillariophyta;Bacillariophyceae;Thalassiophysales;Catenulaceae;Amphora;Amphora sp. NTDMN02	""	0.81
Animalia;Mollusca;Bivalvia;Cardiida	""	0.81
Protozoa;Discosea;NA;Longamoebia;Balamuthiidae;Balamuthia;Balamuthia spinosa	""	0.81
Bacteria;Bacillota;Bacilli;Lactobacillales;Lactobacillaceae	""	0.81
Animalia;Arthropoda;Hexanauplia;Calanoida;Calocalanidae;Calocalanus	""	0.81
Protozoa;Discosea;NA;Longamoebia;NA;Paradermamoeba;Paradermamoeba levis	""	0.81
Bacteria;Bacillota;Bacilli;Lactobacillales	""	0.81
Plantae;Streptophyta;Magnoliopsida;Asparagales;Asparagaceae;Asparagus	""	0.81
Bacteria;Pseudomonadota;Gammaproteobacteria;Pseudomonadales;Pseudomonadaceae;Pseudomonas;Pseudomonas sp.	""	0.81
Plantae;Streptophyta;Magnoliopsida;Poales;Poaceae;Cinnagrostis;Cinnagrostis vicunarum	Cereal	1.63
Chromista;Ciliophora;Oligohymenophorea;Astomatida	""	0.81
Fungi;Mucoromycota;Glomeromycetes;Glomerales;Glomeraceae;Glomus;Glomus sp. 8 ZHNL-2013o	""	0.81
Animalia;Platyhelminthes;Monogenea;Gyrodactylidea;Gyrodactylidae	""	0.81
Animalia;Chordata;Thaliacea;Salpida;Salpidae;Cyclosalpa	""	0.81
Protozoa;Evosea;Variosea;Fractovitellida;Schizoplasmodiidae;Schizoplasmodium;Schizoplasmodium cavostelioides	""	1.63
Plantae;Streptophyta;Magnoliopsida;Oxalidales;Oxalidaceae;Oxalis	False shamrock	2.44
Bacteria;Pseudomonadota;Alphaproteobacteria;Hyphomicrobiales;Phyllobacteriaceae;Tianweitania;Tianweitania sediminis	""	0.81
Animalia;Mollusca;Gastropoda;Cephalaspidea	""	0.81
Bacteria;Pseudomonadota;Alphaproteobacteria;Hyphomicrobiales;Phyllobacteriaceae;Mesorhizobium;Mesorhizobium sp.	""	0.81
Plantae;Streptophyta;Magnoliopsida;Fabales;Fabaceae;Acacia;Acacia calcicola	""	1.63
Fungi;Mucoromycota;Glomeromycetes;Diversisporales;Gigasporaceae;Racocetra;Racocetra verrucosa	""	0.81
Plantae;Rhodophyta;Florideophyceae;Peyssonneliales;Peyssonneliaceae;Sonderophycus;Sonderophycus fervens	""	0.81
Plantae;Streptophyta;Magnoliopsida;Poales;Poaceae;Coleanthus;Coleanthus subtilis	""	0.81
Plantae;Rhodophyta;Florideophyceae;Gigartinales;Corynomorphaceae;Corynomorpha;Corynomorpha clavata	""	0.81
Chromista;Nebulidia;Nebulidea;Nebulidida;Nebulidae;Ancoracysta;Ancoracysta twista	""	0.81
Animalia;Arthropoda;Hexanauplia;Cyclopoida;Xarifiidae;Xarifia;Xarifia sp. New Caledonia-RJH-2004	""	1.63
Chromista;Bacillariophyta;Coscinodiscophyceae;Melosirales;Stephanopyxidaceae;Stephanopyxis;Stephanopyxis nipponica	Diatoms	1.63
Chromista;Ciliophora;Spirotrichea;Urostylida;Holostichidae;Anteholosticha;Anteholosticha monilata	""	1.63
Fungi;Ascomycota;Eurotiomycetes;Eurotiales;Aspergillaceae;Monascus	""	0.81
Fungi;Ascomycota;Dothideomycetes;Pleosporales;Cucurbitariaceae	""	0.81
Chromista;Haptophyta;NA;Isochrysidales;Isochrysidaceae;Chrysotila;Chrysotila carterae	""	0.81
Chromista;Apicomplexa;Conoidasida;Eugregarinorida;Gregarinidae;Gregarina;Gregarina caledia	""	0.81
Plantae;Streptophyta;Magnoliopsida;Malvales;Malvaceae;Schoutenia;Schoutenia accrescens	""	0.81
Plantae;Streptophyta;Pinopsida;Pinales;Pinaceae;Abies;Abies balsamea	""	0.81
Fungi;Ascomycota;Leotiomycetes;Helotiales;Pezizellaceae;Pezizella;Pezizella epithallina	""	1.63
Animalia;Arthropoda;Arachnida;Sarcoptiformes;Oppiidae;Medioppia;Medioppia subpectinata	""	0.81
Animalia;Arthropoda;Hexanauplia;Calanoida;Eucalanidae;Subeucalanus;Subeucalanus crassus	""	0.81
Plantae;Chlorophyta;Trebouxiophyceae;Chlorellales;Chlorellaceae;Chlorella;Chlorella sp. Yanaqocha RA1	""	0.81
Bacteria;Pseudomonadota;Gammaproteobacteria;Legionellales;Coxiellaceae;Aquicella;Aquicella siphonis	""	0.81
Animalia;Arthropoda;Thecostraca;Balanomorpha	Arthropod	0.81
Fungi;Ascomycota;Saccharomycetes;Saccharomycetales;Trichomonascaceae;Wickerhamiella	""	0.81
Plantae;Streptophyta;Magnoliopsida;Brassicales;Brassicaceae;Brassica;Brassica rapa	""	0.81
Fungi;Basidiomycota;Pucciniomycetes;Pucciniales;Pucciniastraceae;Calyptospora;Calyptospora goeppertiana	""	0.81
Fungi;Ascomycota;Saccharomycetes;Saccharomycetales;Phaffomycetaceae;Cyberlindnera;Cyberlindnera fabianii	Budding Yeasts	0.81
Plantae;Streptophyta;Magnoliopsida;Lamiales;Bignoniaceae	""	0.81
Plantae;Rhodophyta;Florideophyceae;Ceramiales;Wrangeliaceae;Plumaria;Plumaria plumosa	""	0.81
Chromista;Ciliophora;Spirotrichea;NA;Strombidiidae;Sinistrostrombidium;Sinistrostrombidium cupiformum	""	0.81
Animalia;Echinodermata;Crinoidea;Bourgueticrinida;Bathycrinidae;Bathycrinus;Bathycrinus sp. D1425	""	0.81
Animalia;Chordata;Actinopteri;Cypriniformes	""	0.81
Plantae;Chlorophyta;Chlorophyceae;Chlamydomonadales;Chlamydomonadaceae;Carteria;Carteria sp. KMMCC FC-98	""	0.81
Plantae;Streptophyta;Magnoliopsida;Lamiales;Lamiaceae;Clerodendrum	""	0.81
Plantae;Streptophyta;Magnoliopsida;Cucurbitales;Begoniaceae;Begonia;Begonia longifolia	""	0.81
Animalia;Arthropoda;Arachnida;Trombidiformes;Cocceupodidae;Filieupodes	Mites	0.81
Fungi;Basidiomycota;Agaricomycetes;Cantharellales;Ceratobasidiaceae;NA;Ceratobasidiaceae sp. UAMH 6098	""	0.81
Animalia;Mollusca;Bivalvia;Mytilida;Mytilidae;Mytilisepta;Mytilisepta virgata	""	0.81
Animalia;Cnidaria;Hydrozoa;Anthoathecata;Corynidae;Stauridiosarsia	""	0.81
Plantae;Streptophyta;Magnoliopsida;Poales;Cyperaceae;Carex;Carex anisostachys	""	0.81
Fungi;Basidiomycota;Agaricomycetes;Hymenochaetales;Hymenochaetaceae;Coltricia;Coltricia perennis	Tiger's Eye	0.81
Animalia;Chordata;Mammalia;Primates;Hominidae	""	0.81
Fungi;Ascomycota;Dothideomycetes;Mytilinidiales;Mytilinidiaceae;Lophium;Lophium mytilinum	""	0.81
Chromista;Ciliophora;Spirotrichea;Choreotrichida;Strombidinopsidae;Parastrombidinopsis;Parastrombidinopsis sp.	Ciliates	0.81
Chromista;Apicomplexa;Marosporida;Agamococcidiorida;Rhytidocystidae;Rhytidocystis;Rhytidocystis nekhoroshkovae	""	0.81
Plantae;Rhodophyta;Florideophyceae;Ceramiales;Ceramiaceae;Spongoclonium;Spongoclonium conspicuum	""	1.63
Animalia;Arthropoda;Malacostraca;Euphausiacea;Euphausiidae;Euphausia;Euphausia lucens	""	0.81
Animalia;Arthropoda;Malacostraca;Mysida;Mysidae;Neomysis;Neomysis integer	""	0.81
Animalia;Mollusca;Gastropoda;Nudibranchia;Dotidae;Doto;Doto koenneckeri	""	0.81
Animalia;Platyhelminthes;Catenulida;NA;Stenostomidae;Stenostomum;Stenostomum leucops	""	0.81
Fungi;Ascomycota;Saccharomycetes;Saccharomycetales;Saccharomycetaceae;Grigorovia;Grigorovia yakushimaensis	""	0.81
Animalia;Arthropoda;Hexanauplia;Cyclopoida;Oithonidae;Oithona;Oithona pulla	""	0.81
Fungi;Basidiomycota;Agaricomycetes;Corticiales;Corticiaceae;Fibricium;Fibricium rude	Basidio's	0.81
Bacteria;Pseudomonadota;Alphaproteobacteria;Hyphomicrobiales;Hyphomicrobiaceae;Rhodoplanes;Rhodoplanes sp. Z2-YC6860	""	0.81
Plantae;Rhodophyta;Florideophyceae;Corallinales;Corallinaceae;Jania	""	0.81
Plantae;Chlorophyta;Ulvophyceae;Cladophorales;Cladophoraceae	""	0.81
Bacteria;Pseudomonadota;Gammaproteobacteria;Pseudomonadales;Marinobacteraceae;Marinobacter;Marinobacter sp.	""	0.81
Chromista;Haptophyta;NA;Isochrysidales;Isochrysidaceae	""	0.81
Chromista;NA;Dinophyceae;Blastodiniales	""	0.81
Chromista;Bacillariophyta;Bacillariophyceae;Thalassiophysales;Catenulaceae;Amphora;Amphora sp. PP-2011	""	0.81
Plantae;Streptophyta;Magnoliopsida;Fabales;Fabaceae;Acacia;Acacia caleyi	""	0.81
Chromista;Foraminifera;NA;NA;NA;Flexammina;Flexammina islandica	""	0.81
Plantae;Streptophyta;Magnoliopsida;Gentianales;Rubiaceae;Lasianthus	""	0.81
Chromista;NA;Dinophyceae;Dinophysiales;Dinophysiaceae	""	0.81
Chromista;Nebulidia;Nebulidea;Nebulidida;Nebulidae	""	0.81
Bacteria;Pseudomonadota;Alphaproteobacteria;Sphingomonadales;Sphingomonadaceae;Sphingobium	""	0.81
Plantae;Streptophyta;Magnoliopsida;Ericales;Ericaceae;Monotropa	""	0.81
Chromista;Ciliophora;Heterotrichea;Heterotrichida;Spirostomidae;Spirostomum;Spirostomum subtilis	""	0.81
Animalia;Arthropoda;Insecta;Diptera;Ulidiidae;Chaetopsis	""	0.81
Animalia;Arthropoda;Malacostraca;Decapoda;Varunidae;Gaetice;Gaetice depressus	""	0.81
Chromista;Bacillariophyta;Coscinodiscophyceae;Melosirales;Melosiraceae;Melosira;Melosira varians	""	0.81
Plantae;Rhodophyta;Florideophyceae;Gigartinales;Dumontiaceae;Weeksia;Weeksia coccinea	""	0.81
Animalia;Cnidaria;Scyphozoa;Coronatae	""	0.81
Plantae;Chlorophyta;Trebouxiophyceae;NA;NA;Picochlorum;Picochlorum sp. RCC115	""	0.81
Animalia;Mollusca;Gastropoda;Neogastropoda;Muricidae;Rapana;Rapana rapiformis	""	0.81
Chromista;Ciliophora;Oligohymenophorea;Peniculida;Parameciidae;Paramecium;Paramecium duboscqui	""	0.81
Plantae;Streptophyta;Magnoliopsida;Fabales;Fabaceae;Senegalia	""	0.81
Chromista;Ciliophora;Spirotrichea;NA;NA;Protocruzia;Protocruzia sp. 106177	""	1.63
Chromista;NA;Dinophyceae;Peridiniales;Glenodiniaceae;Hemidinium;Hemidinium ochraceum	""	0.81
Fungi;Mucoromycota;Mucoromycetes;Mucorales;Rhizopodaceae;Rhizopus	""	0.81
Plantae;Streptophyta;Magnoliopsida;Fabales;Fabaceae;Acacia;Acacia dermatophylla	""	0.81
Plantae;Streptophyta;Magnoliopsida;Sapindales;Anacardiaceae;NA;Anacardiaceae sp. MP 538	""	0.81
Fungi;Basidiomycota;Microbotryomycetes;Sporidiobolales;Sporidiobolaceae;Rhodotorula;Rhodotorula mucilaginosa	""	0.81
Animalia;Arthropoda;Arachnida;Pseudoscorpiones;Garypidae;Synsphyronus;Synsphyronus apimelus	""	0.81
Chromista;NA;Dinophyceae;Suessiales;Symbiodiniaceae;Durusdinium;Durusdinium trenchii	""	0.81
Plantae;Streptophyta;Magnoliopsida;Poales;Poaceae;Apera;Apera interrupta	""	0.81
Plantae;Streptophyta;Magnoliopsida;Asparagales;Amaryllidaceae;Galanthus;Galanthus ikariae	""	0.81
Plantae;Streptophyta;Magnoliopsida;Solanales;Solanaceae;Physalis;Physalis angulata	""	0.81
Bacteria;Acidobacteria;Acidobacteriia	""	1.63
Chromista;Foraminifera;NA;Rotaliida;Glabratellidae	""	0.81
Bacteria;Pseudomonadota;Alphaproteobacteria;Sphingomonadales;Sphingomonadaceae;Sphingorhabdus;Sphingorhabdus sp.	""	0.81
Animalia;Platyhelminthes;Trematoda;Azygiida;Hemiuridae	""	0.81
Fungi;Mucoromycota	""	0.81
Animalia;Annelida;Clitellata;Crassiclitellata;Megascolecidae	""	0.81
Animalia;Echinodermata;Echinoidea;Camarodonta;Echinometridae;Colobocentrotus;Colobocentrotus atratus	""	0.81
Bacteria;Pseudomonadota;Deltaproteobacteria;Myxococcales;Vulgatibacteraceae;Vulgatibacter;Vulgatibacter incomptus	""	0.81
Protozoa;Endomyxa;Ascetosporea;Haplosporida;Haplosporidiidae	Protozoans	0.81
Plantae;Streptophyta;Magnoliopsida;Poales;Poaceae;Pariana;Pariana nervata	""	0.81
Animalia;Bryozoa;Phylactolaemata	""	0.81
Chromista;NA;Cryptophyceae;Cryptomonadales;Cryptomonadaceae;Cryptomonas;Cryptomonas pyrenoidifera	""	0.81
Chromista;NA;Synurophyceae;Synurales;Mallomonadaceae;Synura;Synura sp. CNU52	""	0.81
Fungi;Ascomycota;Saccharomycetes;Saccharomycetales;Debaryomycetaceae;Meyerozyma;Meyerozyma caribbica	""	0.81
Plantae;Streptophyta;Magnoliopsida;Santalales;Santalaceae;Lepidoceras;Lepidoceras chilense	""	0.81
Fungi;Ascomycota;Orbiliomycetes;Orbiliales	""	0.81
Chromista;NA;Cryptophyceae;Pyrenomonadales;Chroomonadaceae;Chroomonas;Chroomonas sp. M0874	""	0.81
Chromista;NA;Cryptophyceae;Cyathomonadacea;Goniomonadaceae;Goniomonas	""	0.81
Animalia;Nemertea;Pilidiophora;Heteronemertea;Lineidae;Maculaura;Maculaura alaskensis	""	0.81
Chromista;Ciliophora;Heterotrichea;Heterotrichida;Condylostomatidae;Condylostoma;Condylostoma sp.	""	0.81
Bacteria;Pseudomonadota;Gammaproteobacteria;Thiotrichales;NA;NA;Thiotrichales bacterium	""	0.81
Bacteria;Pseudomonadota;Alphaproteobacteria;Hyphomicrobiales;Devosiaceae;Devosia;Devosia sp.	""	0.81
Animalia;Arthropoda;Arachnida;Trombidiformes;Tetranychidae;Tetranychus;Tetranychus urticae	""	0.81
Plantae;Chlorophyta;Chlorophyceae;Chaetopeltidales;Chaetopeltidaceae;Pseudulvella;Pseudulvella consociata	""	0.81
Plantae;Streptophyta;Magnoliopsida;Celastrales;Celastraceae;Euonymus;Euonymus schensianus	""	0.81
Chromista;Endomyxa;NA;Vampyrellida;Leptophryidae;Theratromyxa;Theratromyxa weberi	""	0.81
Animalia;Arthropoda;Malacostraca;Amphipoda;Gammaridae;Gammarus;Gammarus cf. pulex Peloponnese	Freshwater Shrimp (Gammarus)	0.81
Chromista;Ciliophora;Litostomatea;Haptorida;Spathidiidae;Spathidium;Spathidium papilliferum	""	1.63
Animalia;Mollusca;Bivalvia;Mytilida;Mytilidae;NA;Mytilidae gen. n. sp. a ST-2022	""	0.81
Chromista;Bacillariophyta;Coscinodiscophyceae;Thalassiosirales;Skeletonemataceae;Skeletonema;Skeletonema ardens	""	0.81
Chromista;NA;Bigyra;Thraustochytrida;Thraustochytriaceae;Thraustochytrium;Thraustochytrium sp. HK5	""	0.81
Plantae;Streptophyta;Magnoliopsida;Asparagales	""	0.81
Animalia;Mollusca;Gastropoda;Nudibranchia;Eubranchidae;Eubranchus;Eubranchus sp.	""	0.81
Fungi;Mucoromycota;Glomeromycetes;Diversisporales;Acaulosporaceae;Acaulospora;Acaulospora viridis	""	0.81
Plantae;Rhodophyta;Florideophyceae;Acrochaetiales;Acrochaetiaceae	""	0.81
Animalia;Mollusca;Bivalvia;Arcoida;Glycymerididae;Glycymeris;Glycymeris sp.	""	0.81
Chromista;Bacillariophyta;Bacillariophyceae;Naviculales;Diadesmidaceae;Luticola;Luticola goeppertiana	""	0.81
Fungi;Blastocladiomycota;Blastocladiomycetes;Blastocladiales;Catenariaceae;Catenaria;Catenaria anguillulae	""	0.81
Fungi;Ascomycota;Eurotiomycetes;Onygenales;Onygenaceae;Ophidiomyces;Ophidiomyces ophidiicola	""	0.81
Protozoa;Discosea;Flabellinia;NA;Vannellidae;Lingulamoeba;Lingulamoeba leei	""	0.81
Chromista;Apicomplexa;Conoidasida;Eucoccidiorida;Eimeriidae;Eimeria;Eimeria canadensis	Chromists	0.81
Fungi;Ascomycota;Eurotiomycetes;Eurotiales;Aspergillaceae;Penicillium;Penicillium sp. MU-2009-1	""	0.81
Chromista;NA;Phaeophyceae;Laminariales;Lessoniaceae;Lessonia;Lessonia flavicans	""	0.81
Protozoa;NA;Ichthyosporea;Ichthyophonida;NA;Psorospermium;Psorospermium haeckeli	""	0.81
Plantae;Streptophyta;Magnoliopsida;Rosales;Rosaceae;Rubus;Rubus crataegifolius	""	0.81
Chromista;NA;Cryptophyceae;Pyrenomonadales;Geminigeraceae;Proteomonas;Proteomonas sulcata	""	0.81
Bacteria;Pseudomonadota;Gammaproteobacteria;Oceanospirillales;Alcanivoracaceae;Alcanivorax;Alcanivorax sp. B-5	""	0.81
Animalia;Chordata;Mammalia;Artiodactyla;Bovidae;Bos	""	0.81
Plantae;Streptophyta;Magnoliopsida;Poales;Cyperaceae	""	0.81
Animalia;Arthropoda;Malacostraca;Euphausiacea;Euphausiidae;Stylocheiron;Stylocheiron abbreviatum	Euphausiids	0.81
Animalia;Mollusca;Bivalvia;Venerida;Veneridae;Chione;Chione elevata	""	0.81
Plantae;Chlorophyta;Chlorophyceae;Chlamydomonadales;Chlamydomonadaceae;Chlamydomonas;Chlamydomonas sphaeroides	""	0.81
Protozoa;Evosea;Variosea;Protosteliida;Protosteliaceae;Protostelium	""	0.81
Fungi;Basidiomycota;Agaricomycetes;Cantharellales;Hydnaceae;Clavulina;Clavulina sp. PMI_390	""	0.81
Animalia;Arthropoda;Hexanauplia;Harpacticoida;Parastenocarididae	Arthropod	0.81
Chromista;Ciliophora;Phyllopharyngea;Chlamydodontida;Chilodonellidae;Chilodonella;Chilodonella acuta	""	0.81
Animalia;Rotifera;Eurotatoria;Flosculariaceae;Conochilidae;Conochilus;Conochilus hippocrepis	Rotifers	0.81
Animalia;Nematoda;Enoplea;Dorylaimida;Dorylaimidae;Mesodorylaimus;Mesodorylaimus sp. 1 WJW-2018	Nematodes	0.81
Chromista;Ciliophora;Litostomatea;Haptorida;Lacrymariidae;Phialina	""	0.81
Animalia;Rotifera;Eurotatoria;Flosculariaceae;Flosculariidae;Ptygura;Ptygura mucicola	""	0.81
Chromista;NA;Xanthophyceae;Mischococcales;Botrydiopsidaceae	""	0.81
Fungi;Mucoromycota;Glomeromycetes;Glomerales;Glomeraceae;Microdominikia;Microdominikia litorea	""	0.81
Animalia;Arthropoda;Hexanauplia;Poecilostomatoida;Oncaeidae;Oncaea	""	0.81
Chromista;Ciliophora;Colpodea;Cyrtolophosidida;Cyrtolophosididae;Aristerostoma	""	0.81
Fungi;Ascomycota;Dothideomycetes;Dothideales;Saccotheciaceae;Aureobasidium;Aureobasidium melanogenum	""	0.81
Protozoa;Euglenozoa;Kinetoplastea;NA;Ichthyobodonidae;Ichthyobodo;Ichthyobodo cf. necator	""	0.81
Chromista;NA;Cryptophyceae;NA;NA;NA;Cryptophyta sp. CR-MAL03	""	0.81
Plantae;Chlorophyta;Ulvophyceae;Cladophorales;Cladophoraceae;Cladophora;Cladophora glomerata	""	0.81
Animalia;Arthropoda;Hexanauplia;Harpacticoida;Laophontidae	""	0.81
Fungi;Ascomycota;Lecanoromycetes;Lecanorales;Parmeliaceae;Usnea	""	0.81
Animalia;Arthropoda;Malacostraca;Decapoda;Atyidae;Xiphocaris;Xiphocaris elongata	Cricket shrimp, Yellow nose shrimp	0.81
Plantae;Rhodophyta;Florideophyceae;Gracilariales	""	0.81
Bacteria;Pseudomonadota;Alphaproteobacteria;NA;NA;NA;alpha proteobacterium SAORIC-651	""	0.81
Plantae;Streptophyta;Marchantiopsida;Marchantiales;Marchantiaceae;Marchantia;Marchantia polymorpha	Common Liverwort	0.81
Plantae;Streptophyta;Pinopsida;Cupressales;Cupressaceae;Juniperus;Juniperus navicularis	Sea-sands juniper	0.81
Bacteria;Pseudomonadota;Epsilonproteobacteria;NA;NA;NA;unidentified epsilon proteobacterium	""	0.81
Bacteria;Pseudomonadota;Alphaproteobacteria;Parvularculales;Parvularculaceae;Parvularcula;Parvularcula bermudensis	""	0.81
Fungi;Ascomycota;Saccharomycetes;Saccharomycetales;NA;Starmerella;Starmerella etchellsii	""	0.81
Animalia;Mollusca;Bivalvia;Venerida;Vesicomyidae	""	0.81
Fungi;Ascomycota;Pezizomycetes;Pezizales;Helvellaceae;Helvella;Helvella sulcata	""	0.81
Animalia;Cnidaria;Scyphozoa;Rhizostomeae	""	0.81
Protozoa;Cercozoa;NA;Cercomonadida;Cercomonadidae;Paracercomonas;Paracercomonas sp.	""	0.81
Animalia;Rotifera;Eurotatoria;Ploima;Lecanidae;Monostyla;Monostyla sp. MPN-2013	""	0.81
