sampleId,sampleDate,latitude,longitude,mean_annual_chlor_a,mean_annual_poc,protected_area_iucn_cat,protected_area_name,mean_annual_precip_rate_mm_hr_1y,mean_annual_precip_rate_mm_hr_10y,mean_annual_sea_ice_concentration_pct_1y,max_annual_sea_ice_concentration_pct_1y,mean_annual_sea_ice_concentration_pct_10y,max_annual_sea_ice_concentration_pct_10y,mean_annual_sea_ice_concentration_pct_30y,max_annual_sea_ice_concentration_pct_30y,mean_annual_sst_c_1y,max_annual_sst_c_1y,sst_annual_range_c_1y,mean_annual_sst_anomaly_c_1y,mean_annual_sst_c_10y,max_annual_sst_c_10y,sst_annual_range_c_10y,mean_annual_sst_anomaly_c_10y,mean_annual_sst_c_30y,max_annual_sst_c_30y,sst_annual_range_c_30y,mean_annual_sst_anomaly_c_30y,mean_annual_nightlights_nw_cm2_sr_1y,max_annual_nightlights_nw_cm2_sr_1y,mean_persistent_nightlights_1y,mean_ephemeral_nightlights_1y,mean_annual_nightlights_nw_cm2_sr_3y,max_annual_nightlights_nw_cm2_sr_3y,mean_persistent_nightlights_3y,mean_ephemeral_nightlights_3y,mode_urbanization_class_5y,urban_pixel_fraction_5y,mode_urbanization_class_10y,urban_pixel_fraction_10y,mode_urbanization_class_20y,urban_pixel_fraction_20y,peak_season_surface_temp_c,annual_fapar,aspect_deg,elevation_m,slope_deg,topo_heterogeneity_stddev,land_cover_fractional_change,water_probability_1y,trees_probability_1y,grass_probability_1y,flooded_vegetation_probability_1y,crops_probability_1y,shrub_and_scrub_probability_1y,built_probability_1y,bare_probability_1y,snow_and_ice_probability_1y,dominant_land_cover_class_1y,water_probability_3y,trees_probability_3y,grass_probability_3y,flooded_vegetation_probability_3y,crops_probability_3y,shrub_and_scrub_probability_3y,built_probability_3y,bare_probability_3y,snow_and_ice_probability_3y,dominant_land_cover_class_3y,mean_soil_temp_0_7cm_c_10y,mean_soil_temp_7_28cm_c_10y,mean_soil_moisture_0_7cm_10y,min_soil_moisture_0_7cm_10y,mean_soil_moisture_7_28cm_10y,mean_lai_low_vegetation_10y,max_lai_low_vegetation_10y,mean_lai_high_vegetation_10y,max_lai_high_vegetation_10y,mean_net_solar_radiation_w_m2_10y,total_evaporation_mm_10y,total_transpiration_mm_10y,total_surface_runoff_mm_10y,total_runoff_mm_10y,mean_soil_temp_0_7cm_c_30y,mean_soil_temp_7_28cm_c_30y,mean_soil_moisture_0_7cm_30y,min_soil_moisture_0_7cm_30y,mean_soil_moisture_7_28cm_30y,mean_lai_low_vegetation_30y,max_lai_low_vegetation_30y,mean_lai_high_vegetation_30y,max_lai_high_vegetation_30y,mean_net_solar_radiation_w_m2_30y,total_evaporation_mm_30y,total_transpiration_mm_30y,total_surface_runoff_mm_30y,total_runoff_mm_30y,mean_canopy_top_height_m_3y,max_canopy_top_height_m_3y,mean_canopy_median_height_m_3y,mean_lower_canopy_height_m_3y,mean_upper_canopy_height_m_3y,canopy_cover_height_m_3y,mean_landsat_treecover_pct_3y,mean_canopy_top_height_m_1y,max_canopy_top_height_m_1y,mean_canopy_median_height_m_1y,mean_lower_canopy_height_m_1y,mean_upper_canopy_height_m_1y,canopy_cover_height_m_1y,mean_landsat_treecover_pct_1y,forest_cover_2000_percent,forest_loss_rate_pct,forest_loss_binary_2001_2024,water_occurrence_percent,water_change_absolute_percent,water_change_normalized_percent,water_recurrence_percent,max_water_extent_binary,water_seasonality_months,water_transition_class,ndvi_annual_amplitude_1y,growing_season_days_1y,evi_seasonality_cv_1y,peak_greenness_doy_1y,senescence_doy_1y,ndvi_annual_amplitude_3y,growing_season_days_3y,evi_seasonality_cv_3y,peak_greenness_doy_3y,senescence_doy_3y,ndvi_annual_amplitude_10y,growing_season_days_10y,evi_seasonality_cv_10y,peak_greenness_doy_10y,senescence_doy_10y,ndvi_glcm_contrast_3y,ndvi_glcm_dissimilarity_3y,ndvi_glcm_entropy_3y,ndvi_glcm_variance_3y,ndvi_glcm_homogeneity_3y,ndvi_glcm_correlation_3y,ndvi_glcm_asm_3y,ndvi_temporal_cv_3y,ndvi_glcm_contrast_10y,ndvi_glcm_dissimilarity_10y,ndvi_glcm_entropy_10y,ndvi_glcm_variance_10y,ndvi_glcm_homogeneity_10y,ndvi_glcm_correlation_10y,ndvi_glcm_asm_10y,ndvi_temporal_cv_10y,b2_1y,b3_1y,b4_1y,b5_1y,b6_1y,b7_1y,b8_1y,b8a_1y,b11_1y,b12_1y,ndvi_1y,evi_1y,savi_1y,ndmi_1y,nbr_1y,b2_3y,b3_3y,b4_3y,b5_3y,b6_3y,b7_3y,b8_3y,b8a_3y,b11_3y,b12_3y,ndvi_3y,evi_3y,savi_3y,ndmi_3y,nbr_3y,annual_mean_temp_10y,mean_diurnal_range_10y,isothermality_10y,temp_seasonality_10y,max_temp_warmest_month_10y,min_temp_coldest_month_10y,temp_annual_range_10y,mean_temp_wettest_quarter_10y,mean_temp_driest_quarter_10y,mean_temp_warmest_quarter_10y,mean_temp_coldest_quarter_10y,annual_precip_10y,precip_wettest_month_10y,precip_driest_month_10y,precip_seasonality_10y,precip_wettest_quarter_10y,precip_driest_quarter_10y,precip_warmest_quarter_10y,precip_coldest_quarter_10y,annual_mean_temp_30y,mean_diurnal_range_30y,isothermality_30y,temp_seasonality_30y,max_temp_warmest_month_30y,min_temp_coldest_month_30y,temp_annual_range_30y,mean_temp_wettest_quarter_30y,mean_temp_driest_quarter_30y,mean_temp_warmest_quarter_30y,mean_temp_coldest_quarter_30y,annual_precip_30y,precip_wettest_month_30y,precip_driest_month_30y,precip_seasonality_30y,precip_wettest_quarter_30y,precip_driest_quarter_30y,precip_warmest_quarter_30y,precip_coldest_quarter_30y,gdd_5c_10y,gdd_10c_10y,growing_season_length_5c_10y,growing_season_length_10c_10y,aridity_index_10y,soil_moisture_seasonality_cv_10y,gdd_5c_30y,gdd_10c_30y,growing_season_length_5c_30y,growing_season_length_10c_30y,aridity_index_30y,soil_moisture_seasonality_cv_30y,actual_evapotranspiration_mm_10y,climate_water_deficit_mm_10y,palmer_drought_severity_index_10y,potential_evapotranspiration_mm_10y,precipitation_accumulation_mm_10y,runoff_mm_10y,soil_moisture_mm_10y,downward_surface_shortwave_radiation_w_m2_10y,snow_water_equivalent_mm_10y,min_temp_c_10y,max_temp_c_10y,vapor_pressure_kpa_10y,vapor_pressure_deficit_kpa_10y,wind_speed_m_s_10y,actual_evapotranspiration_mm_30y,climate_water_deficit_mm_30y,palmer_drought_severity_index_30y,potential_evapotranspiration_mm_30y,precipitation_accumulation_mm_30y,runoff_mm_30y,soil_moisture_mm_30y,downward_surface_shortwave_radiation_w_m2_30y,snow_water_equivalent_mm_30y,min_temp_c_30y,max_temp_c_30y,vapor_pressure_kpa_30y,vapor_pressure_deficit_kpa_30y,wind_speed_m_s_30y,precip_annual_cv_10y,driest_year_precip_mm_10y,hottest_year_mean_temp_c_10y,severe_drought_month_count_10y,precip_annual_cv_30y,driest_year_precip_mm_30y,hottest_year_mean_temp_c_30y,severe_drought_month_count_30y
JDFB_01_062425,2025-06-24T00:00:00,48.258661,-122.845483,3.3464,854.9655,IV,Marine Protected Area,0.0,0.0,0.0,0.0,0.0,0.0,0.0,0.0,973.228,1341.0,600.0,-110.995,979.473,1383.7,621.3,-103.826,973.656,1372.8,634.1,-109.606,0.12,1.13,0.33,,0.11,4.43,0.41,0.05,10.0,0.0,10.0,0.0,10.0,0.0,11.228,-32768.0,0.0,0.0,0.0,0.0,0.0,0.725,0.049,0.025,0.049,0.028,0.032,0.021,0.04,0.032,0,0.725,0.049,0.025,0.049,0.027,0.032,0.021,0.039,0.031,0,,,,,,,,,,0.0,,,,,,,,,,,,,,0.0,,,,,1.9,1.9,0.0,-0.7,0.8,3.5,0.0,,,,,,,,0.0,0.0,0.0,97.0,0.0,0.0,100.0,1.0,12.0,1,,,,,,,,,,,,,,,,,,,,,,,,,,,,,,,,0.023,0.0177,0.0074,0.0063,0.0054,0.0054,0.0052,0.0048,0.002,0.0015,-0.1696,-0.0061,-0.0062,0.4476,0.5511,0.0228,0.0177,0.0072,0.0061,0.0049,0.005,0.0042,0.004,0.0013,0.0013,-0.2694,-0.0087,-0.0089,0.5103,0.5171,,,,,,,,,,,,,,,,,,,,,,,,,,,,,,,,,,,,,,,,,,,,,,,,,,,,,,,,,,,,,,,,,,,,,,,,,,,,,,,,,,,,,,
JDFB_02_062425,2025-06-24T00:00:00,48.265969,-122.840792,3.3464,854.9655,IV,Marine Protected Area,0.0,0.0,0.0,0.0,0.0,0.0,0.0,0.0,973.228,1341.0,600.0,-110.995,979.473,1383.7,621.3,-103.826,973.656,1372.8,634.1,-109.606,0.13,1.08,0.34,0.22,0.12,0.92,0.28,0.15,10.0,0.0,10.0,0.0,10.0,0.0,11.597,-32768.0,0.0,0.0,0.0,0.0,0.0,0.733,0.047,0.025,0.048,0.028,0.031,0.021,0.038,0.03,0,0.731,0.048,0.025,0.049,0.027,0.031,0.021,0.038,0.03,0,,,,,,,,,,0.0,,,,,,,,,,,,,,0.0,,,,,,,,,,,,,,,,,,,0.0,0.0,0.0,97.0,0.0,0.0,100.0,1.0,12.0,1,,,,,,,,,,,,,,,,,,,,,,,,,,,,,,,,0.0236,0.0181,0.0084,0.0066,0.0066,0.0064,0.0056,0.0056,0.0018,0.0018,-0.1967,-0.0079,-0.0081,0.5093,0.5137,0.0226,0.0173,0.0072,0.0056,0.0043,0.0047,0.0041,0.0038,0.0015,0.0014,-0.2792,-0.0089,-0.0092,0.4474,0.4805,,,,,,,,,,,,,,,,,,,,,,,,,,,,,,,,,,,,,,,,,,,,,,,,,,,,,,,,,,,,,,,,,,,,,,,,,,,,,,,,,,,,,,
JDFB_03_062525,2025-06-25T00:00:00,48.265969,-122.840792,3.3464,854.9655,IV,Marine Protected Area,0.0,0.0,0.0,0.0,0.0,0.0,0.0,0.0,973.228,1341.0,600.0,-110.995,979.473,1383.7,621.3,-103.826,973.656,1372.8,634.1,-109.606,0.13,1.08,0.34,0.22,0.12,0.92,0.28,0.15,10.0,0.0,10.0,0.0,10.0,0.0,11.597,-32768.0,0.0,0.0,0.0,0.0,0.0,0.733,0.047,0.025,0.048,0.028,0.031,0.021,0.038,0.03,0,0.731,0.048,0.025,0.049,0.027,0.031,0.021,0.038,0.03,0,,,,,,,,,,0.0,,,,,,,,,,,,,,0.0,,,,,,,,,,,,,,,,,,,0.0,0.0,0.0,97.0,0.0,0.0,100.0,1.0,12.0,1,,,,,,,,,,,,,,,,,,,,,,,,,,,,,,,,0.0236,0.0181,0.0084,0.0066,0.0066,0.0064,0.0056,0.0056,0.0018,0.0018,-0.1967,-0.0079,-0.0081,0.5093,0.5137,0.0227,0.0176,0.0073,0.0058,0.0043,0.0048,0.0042,0.0039,0.0016,0.0014,-0.2744,-0.009,-0.0092,0.4555,0.4942,,,,,,,,,,,,,,,,,,,,,,,,,,,,,,,,,,,,,,,,,,,,,,,,,,,,,,,,,,,,,,,,,,,,,,,,,,,,,,,,,,,,,,
JDFB_04_062525,2025-06-25T00:00:00,48.265969,-122.840792,3.3464,854.9655,IV,Marine Protected Area,0.0,0.0,0.0,0.0,0.0,0.0,0.0,0.0,973.228,1341.0,600.0,-110.995,979.473,1383.7,621.3,-103.826,973.656,1372.8,634.1,-109.606,0.13,1.08,0.34,0.22,0.12,0.92,0.28,0.15,10.0,0.0,10.0,0.0,10.0,0.0,11.597,-32768.0,0.0,0.0,0.0,0.0,0.0,0.733,0.047,0.025,0.048,0.028,0.031,0.021,0.038,0.03,0,0.731,0.048,0.025,0.049,0.027,0.031,0.021,0.038,0.03,0,,,,,,,,,,0.0,,,,,,,,,,,,,,0.0,,,,,,,,,,,,,,,,,,,0.0,0.0,0.0,97.0,0.0,0.0,100.0,1.0,12.0,1,,,,,,,,,,,,,,,,,,,,,,,,,,,,,,,,0.0236,0.0181,0.0084,0.0066,0.0066,0.0064,0.0056,0.0056,0.0018,0.0018,-0.1967,-0.0079,-0.0081,0.5093,0.5137,0.0227,0.0176,0.0073,0.0058,0.0043,0.0048,0.0042,0.0039,0.0016,0.0014,-0.2744,-0.009,-0.0092,0.4555,0.4942,,,,,,,,,,,,,,,,,,,,,,,,,,,,,,,,,,,,,,,,,,,,,,,,,,,,,,,,,,,,,,,,,,,,,,,,,,,,,,,,,,,,,,
JDFB_05_062525,2025-06-25T00:00:00,48.265969,-122.840792,3.3464,854.9655,IV,Marine Protected Area,0.0,0.0,0.0,0.0,0.0,0.0,0.0,0.0,973.228,1341.0,600.0,-110.995,979.473,1383.7,621.3,-103.826,973.656,1372.8,634.1,-109.606,0.13,1.08,0.34,0.22,0.12,0.92,0.28,0.15,10.0,0.0,10.0,0.0,10.0,0.0,11.597,-32768.0,0.0,0.0,0.0,0.0,0.0,0.733,0.047,0.025,0.048,0.028,0.031,0.021,0.038,0.03,0,0.731,0.048,0.025,0.049,0.027,0.031,0.021,0.038,0.03,0,,,,,,,,,,0.0,,,,,,,,,,,,,,0.0,,,,,,,,,,,,,,,,,,,0.0,0.0,0.0,97.0,0.0,0.0,100.0,1.0,12.0,1,,,,,,,,,,,,,,,,,,,,,,,,,,,,,,,,0.0236,0.0181,0.0084,0.0066,0.0066,0.0064,0.0056,0.0056,0.0018,0.0018,-0.1967,-0.0079,-0.0081,0.5093,0.5137,0.0227,0.0176,0.0073,0.0058,0.0043,0.0048,0.0042,0.0039,0.0016,0.0014,-0.2744,-0.009,-0.0092,0.4555,0.4942,,,,,,,,,,,,,,,,,,,,,,,,,,,,,,,,,,,,,,,,,,,,,,,,,,,,,,,,,,,,,,,,,,,,,,,,,,,,,,,,,,,,,,
JDFB_06_062525,2025-06-25T00:00:00,48.265969,-122.840792,3.3464,854.9655,IV,Marine Protected Area,0.0,0.0,0.0,0.0,0.0,0.0,0.0,0.0,973.228,1341.0,600.0,-110.995,979.473,1383.7,621.3,-103.826,973.656,1372.8,634.1,-109.606,0.13,1.08,0.34,0.22,0.12,0.92,0.28,0.15,10.0,0.0,10.0,0.0,10.0,0.0,11.597,-32768.0,0.0,0.0,0.0,0.0,0.0,0.733,0.047,0.025,0.048,0.028,0.031,0.021,0.038,0.03,0,0.731,0.048,0.025,0.049,0.027,0.031,0.021,0.038,0.03,0,,,,,,,,,,0.0,,,,,,,,,,,,,,0.0,,,,,,,,,,,,,,,,,,,0.0,0.0,0.0,97.0,0.0,0.0,100.0,1.0,12.0,1,,,,,,,,,,,,,,,,,,,,,,,,,,,,,,,,0.0236,0.0181,0.0084,0.0066,0.0066,0.0064,0.0056,0.0056,0.0018,0.0018,-0.1967,-0.0079,-0.0081,0.5093,0.5137,0.0227,0.0176,0.0073,0.0058,0.0043,0.0048,0.0042,0.0039,0.0016,0.0014,-0.2744,-0.009,-0.0092,0.4555,0.4942,,,,,,,,,,,,,,,,,,,,,,,,,,,,,,,,,,,,,,,,,,,,,,,,,,,,,,,,,,,,,,,,,,,,,,,,,,,,,,,,,,,,,,
JDFB_07_062525,2025-06-25T00:00:00,48.265969,-122.840792,3.3464,854.9655,IV,Marine Protected Area,0.0,0.0,0.0,0.0,0.0,0.0,0.0,0.0,973.228,1341.0,600.0,-110.995,979.473,1383.7,621.3,-103.826,973.656,1372.8,634.1,-109.606,0.13,1.08,0.34,0.22,0.12,0.92,0.28,0.15,10.0,0.0,10.0,0.0,10.0,0.0,11.597,-32768.0,0.0,0.0,0.0,0.0,0.0,0.733,0.047,0.025,0.048,0.028,0.031,0.021,0.038,0.03,0,0.731,0.048,0.025,0.049,0.027,0.031,0.021,0.038,0.03,0,,,,,,,,,,0.0,,,,,,,,,,,,,,0.0,,,,,,,,,,,,,,,,,,,0.0,0.0,0.0,97.0,0.0,0.0,100.0,1.0,12.0,1,,,,,,,,,,,,,,,,,,,,,,,,,,,,,,,,0.0236,0.0181,0.0084,0.0066,0.0066,0.0064,0.0056,0.0056,0.0018,0.0018,-0.1967,-0.0079,-0.0081,0.5093,0.5137,0.0227,0.0176,0.0073,0.0058,0.0043,0.0048,0.0042,0.0039,0.0016,0.0014,-0.2744,-0.009,-0.0092,0.4555,0.4942,,,,,,,,,,,,,,,,,,,,,,,,,,,,,,,,,,,,,,,,,,,,,,,,,,,,,,,,,,,,,,,,,,,,,,,,,,,,,,,,,,,,,,
JDFB_08_062525,2025-06-25T00:00:00,48.265969,-122.840792,3.3464,854.9655,IV,Marine Protected Area,0.0,0.0,0.0,0.0,0.0,0.0,0.0,0.0,973.228,1341.0,600.0,-110.995,979.473,1383.7,621.3,-103.826,973.656,1372.8,634.1,-109.606,0.13,1.08,0.34,0.22,0.12,0.92,0.28,0.15,10.0,0.0,10.0,0.0,10.0,0.0,11.597,-32768.0,0.0,0.0,0.0,0.0,0.0,0.733,0.047,0.025,0.048,0.028,0.031,0.021,0.038,0.03,0,0.731,0.048,0.025,0.049,0.027,0.031,0.021,0.038,0.03,0,,,,,,,,,,0.0,,,,,,,,,,,,,,0.0,,,,,,,,,,,,,,,,,,,0.0,0.0,0.0,97.0,0.0,0.0,100.0,1.0,12.0,1,,,,,,,,,,,,,,,,,,,,,,,,,,,,,,,,0.0236,0.0181,0.0084,0.0066,0.0066,0.0064,0.0056,0.0056,0.0018,0.0018,-0.1967,-0.0079,-0.0081,0.5093,0.5137,0.0227,0.0176,0.0073,0.0058,0.0043,0.0048,0.0042,0.0039,0.0016,0.0014,-0.2744,-0.009,-0.0092,0.4555,0.4942,,,,,,,,,,,,,,,,,,,,,,,,,,,,,,,,,,,,,,,,,,,,,,,,,,,,,,,,,,,,,,,,,,,,,,,,,,,,,,,,,,,,,,
JDFB_09_062525,2025-06-25T00:00:00,48.290067,-122.840278,3.3464,854.9655,IV,Marine Protected Area,0.0,0.0,0.0,0.0,0.0,0.0,0.0,0.0,973.228,1341.0,600.0,-110.995,979.473,1383.7,621.3,-103.826,973.656,1372.8,634.1,-109.606,0.23,1.13,0.33,,0.14,0.81,0.31,0.04,10.0,0.0,10.0,0.0,10.0,0.0,12.385,-32768.0,0.0,0.0,0.0,0.0,0.0,0.733,0.047,0.025,0.049,0.027,0.031,0.021,0.037,0.03,0,0.733,0.047,0.025,0.049,0.027,0.031,0.021,0.037,0.03,0,,,,,,,,,,0.0,,,,,,,,,,,,,,0.0,,,,,,,,,,,,,,,,,,,0.0,0.0,0.0,98.0,0.0,0.0,100.0,1.0,12.0,1,,,,,,,,,,,,,,,,,,,,,,,,,,,,,,,,0.0246,0.0197,0.0086,0.0072,0.0065,0.0066,0.0055,0.0057,0.0023,0.0023,-0.2201,-0.0089,-0.0091,0.4145,0.4082,0.0247,0.0198,0.0083,0.007,0.0057,0.0059,0.005,0.0049,0.0021,0.0017,-0.2544,-0.0097,-0.0099,0.4059,0.4784,,,,,,,,,,,,,,,,,,,,,,,,,,,,,,,,,,,,,,,,,,,,,,,,,,,,,,,,,,,,,,,,,,,,,,,,,,,,,,,,,,,,,,
JDFB_10_062525,2025-06-25T00:00:00,48.290067,-122.840278,3.3464,854.9655,IV,Marine Protected Area,0.0,0.0,0.0,0.0,0.0,0.0,0.0,0.0,973.228,1341.0,600.0,-110.995,979.473,1383.7,621.3,-103.826,973.656,1372.8,634.1,-109.606,0.23,1.13,0.33,,0.14,0.81,0.31,0.04,10.0,0.0,10.0,0.0,10.0,0.0,12.385,-32768.0,0.0,0.0,0.0,0.0,0.0,0.733,0.047,0.025,0.049,0.027,0.031,0.021,0.037,0.03,0,0.733,0.047,0.025,0.049,0.027,0.031,0.021,0.037,0.03,0,,,,,,,,,,0.0,,,,,,,,,,,,,,0.0,,,,,,,,,,,,,,,,,,,0.0,0.0,0.0,98.0,0.0,0.0,100.0,1.0,12.0,1,,,,,,,,,,,,,,,,,,,,,,,,,,,,,,,,0.0246,0.0197,0.0086,0.0072,0.0065,0.0066,0.0055,0.0057,0.0023,0.0023,-0.2201,-0.0089,-0.0091,0.4145,0.4082,0.0247,0.0198,0.0083,0.007,0.0057,0.0059,0.005,0.0049,0.0021,0.0017,-0.2544,-0.0097,-0.0099,0.4059,0.4784,,,,,,,,,,,,,,,,,,,,,,,,,,,,,,,,,,,,,,,,,,,,,,,,,,,,,,,,,,,,,,,,,,,,,,,,,,,,,,,,,,,,,,
JDFB_11_062525,2025-06-25T00:00:00,48.290067,-122.840278,3.3464,854.9655,IV,Marine Protected Area,0.0,0.0,0.0,0.0,0.0,0.0,0.0,0.0,973.228,1341.0,600.0,-110.995,979.473,1383.7,621.3,-103.826,973.656,1372.8,634.1,-109.606,0.23,1.13,0.33,,0.14,0.81,0.31,0.04,10.0,0.0,10.0,0.0,10.0,0.0,12.385,-32768.0,0.0,0.0,0.0,0.0,0.0,0.733,0.047,0.025,0.049,0.027,0.031,0.021,0.037,0.03,0,0.733,0.047,0.025,0.049,0.027,0.031,0.021,0.037,0.03,0,,,,,,,,,,0.0,,,,,,,,,,,,,,0.0,,,,,,,,,,,,,,,,,,,0.0,0.0,0.0,98.0,0.0,0.0,100.0,1.0,12.0,1,,,,,,,,,,,,,,,,,,,,,,,,,,,,,,,,0.0246,0.0197,0.0086,0.0072,0.0065,0.0066,0.0055,0.0057,0.0023,0.0023,-0.2201,-0.0089,-0.0091,0.4145,0.4082,0.0247,0.0198,0.0083,0.007,0.0057,0.0059,0.005,0.0049,0.0021,0.0017,-0.2544,-0.0097,-0.0099,0.4059,0.4784,,,,,,,,,,,,,,,,,,,,,,,,,,,,,,,,,,,,,,,,,,,,,,,,,,,,,,,,,,,,,,,,,,,,,,,,,,,,,,,,,,,,,,
JDFB_12_062525,2025-06-25T00:00:00,48.290067,-122.840278,3.3464,854.9655,IV,Marine Protected Area,0.0,0.0,0.0,0.0,0.0,0.0,0.0,0.0,973.228,1341.0,600.0,-110.995,979.473,1383.7,621.3,-103.826,973.656,1372.8,634.1,-109.606,0.23,1.13,0.33,,0.14,0.81,0.31,0.04,10.0,0.0,10.0,0.0,10.0,0.0,12.385,-32768.0,0.0,0.0,0.0,0.0,0.0,0.733,0.047,0.025,0.049,0.027,0.031,0.021,0.037,0.03,0,0.733,0.047,0.025,0.049,0.027,0.031,0.021,0.037,0.03,0,,,,,,,,,,0.0,,,,,,,,,,,,,,0.0,,,,,,,,,,,,,,,,,,,0.0,0.0,0.0,98.0,0.0,0.0,100.0,1.0,12.0,1,,,,,,,,,,,,,,,,,,,,,,,,,,,,,,,,0.0246,0.0197,0.0086,0.0072,0.0065,0.0066,0.0055,0.0057,0.0023,0.0023,-0.2201,-0.0089,-0.0091,0.4145,0.4082,0.0247,0.0198,0.0083,0.007,0.0057,0.0059,0.005,0.0049,0.0021,0.0017,-0.2544,-0.0097,-0.0099,0.4059,0.4784,,,,,,,,,,,,,,,,,,,,,,,,,,,,,,,,,,,,,,,,,,,,,,,,,,,,,,,,,,,,,,,,,,,,,,,,,,,,,,,,,,,,,,
JDFB_13_062525,2025-06-25T00:00:00,48.290067,-122.840278,3.3464,854.9655,IV,Marine Protected Area,0.0,0.0,0.0,0.0,0.0,0.0,0.0,0.0,973.228,1341.0,600.0,-110.995,979.473,1383.7,621.3,-103.826,973.656,1372.8,634.1,-109.606,0.23,1.13,0.33,,0.14,0.81,0.31,0.04,10.0,0.0,10.0,0.0,10.0,0.0,12.385,-32768.0,0.0,0.0,0.0,0.0,0.0,0.733,0.047,0.025,0.049,0.027,0.031,0.021,0.037,0.03,0,0.733,0.047,0.025,0.049,0.027,0.031,0.021,0.037,0.03,0,,,,,,,,,,0.0,,,,,,,,,,,,,,0.0,,,,,,,,,,,,,,,,,,,0.0,0.0,0.0,98.0,0.0,0.0,100.0,1.0,12.0,1,,,,,,,,,,,,,,,,,,,,,,,,,,,,,,,,0.0246,0.0197,0.0086,0.0072,0.0065,0.0066,0.0055,0.0057,0.0023,0.0023,-0.2201,-0.0089,-0.0091,0.4145,0.4082,0.0247,0.0198,0.0083,0.007,0.0057,0.0059,0.005,0.0049,0.0021,0.0017,-0.2544,-0.0097,-0.0099,0.4059,0.4784,,,,,,,,,,,,,,,,,,,,,,,,,,,,,,,,,,,,,,,,,,,,,,,,,,,,,,,,,,,,,,,,,,,,,,,,,,,,,,,,,,,,,,
JDFB_14_062525,2025-06-25T00:00:00,48.290067,-122.840278,3.3464,854.9655,IV,Marine Protected Area,0.0,0.0,0.0,0.0,0.0,0.0,0.0,0.0,973.228,1341.0,600.0,-110.995,979.473,1383.7,621.3,-103.826,973.656,1372.8,634.1,-109.606,0.23,1.13,0.33,,0.14,0.81,0.31,0.04,10.0,0.0,10.0,0.0,10.0,0.0,12.385,-32768.0,0.0,0.0,0.0,0.0,0.0,0.733,0.047,0.025,0.049,0.027,0.031,0.021,0.037,0.03,0,0.733,0.047,0.025,0.049,0.027,0.031,0.021,0.037,0.03,0,,,,,,,,,,0.0,,,,,,,,,,,,,,0.0,,,,,,,,,,,,,,,,,,,0.0,0.0,0.0,98.0,0.0,0.0,100.0,1.0,12.0,1,,,,,,,,,,,,,,,,,,,,,,,,,,,,,,,,0.0246,0.0197,0.0086,0.0072,0.0065,0.0066,0.0055,0.0057,0.0023,0.0023,-0.2201,-0.0089,-0.0091,0.4145,0.4082,0.0247,0.0198,0.0083,0.007,0.0057,0.0059,0.005,0.0049,0.0021,0.0017,-0.2544,-0.0097,-0.0099,0.4059,0.4784,,,,,,,,,,,,,,,,,,,,,,,,,,,,,,,,,,,,,,,,,,,,,,,,,,,,,,,,,,,,,,,,,,,,,,,,,,,,,,,,,,,,,,
JDFB_15_062625,2025-06-26T00:00:00,48.255958,-122.839194,4.596,1121.8242,IV,Marine Protected Area,0.0,0.0,0.0,0.0,0.0,0.0,0.0,0.0,973.228,1341.0,600.0,-110.995,979.473,1383.7,621.3,-103.826,973.656,1372.8,634.1,-109.606,0.14,1.24,0.31,,0.14,4.43,0.42,0.08,10.0,0.0,10.0,0.0,10.0,0.0,11.132,-32768.0,0.0,0.0,0.0,0.0,0.0,0.733,0.047,0.025,0.049,0.027,0.031,0.021,0.037,0.03,0,0.723,0.05,0.025,0.051,0.028,0.032,0.021,0.039,0.031,0,,,,,,,,,,0.0,,,,,,,,,,,,,,0.0,,,,,,,,,,,,,,,,,,,0.0,0.0,0.0,98.0,0.0,0.0,100.0,1.0,12.0,1,,,,,,,,,,,,,,,,,,,,,,,,,,,,,,,,0.024,0.0191,0.0088,0.0073,0.0069,0.0064,0.0063,0.0062,0.0022,0.002,-0.1634,-0.0071,-0.0072,0.4846,0.5302,0.0235,0.0188,0.0083,0.0071,0.0058,0.0059,0.0055,0.005,0.0018,0.0016,-0.2095,-0.0082,-0.0084,0.5113,0.5501,,,,,,,,,,,,,,,,,,,,,,,,,,,,,,,,,,,,,,,,,,,,,,,,,,,,,,,,,,,,,,,,,,,,,,,,,,,,,,,,,,,,,,
JDFB_16_062625,2025-06-26T00:00:00,48.268314,-122.862206,3.3464,854.9655,IV,Marine Protected Area,0.0,0.0,0.0,0.0,0.0,0.0,0.0,0.0,973.228,1341.0,600.0,-110.995,979.473,1383.7,621.3,-103.826,973.656,1372.8,634.1,-109.606,0.13,1.99,0.35,,0.13,1.31,0.33,0.15,10.0,0.0,10.0,0.0,10.0,0.0,12.154,-32768.0,0.0,0.0,0.0,0.0,0.0,0.73,0.048,0.025,0.049,0.027,0.031,0.021,0.038,0.03,0,0.729,0.048,0.025,0.049,0.027,0.032,0.021,0.038,0.03,0,,,,,,,,,,0.0,,,,,,,,,,,,,,0.0,,,,,,,,,,,,,,,,,,,0.0,0.0,0.0,97.0,0.0,0.0,100.0,1.0,12.0,1,,,,,,,,,,,,,,,,,,,,,,,,,,,,,,,,0.0227,0.0184,0.0072,0.0063,0.0051,0.0056,0.0046,0.0043,0.0017,0.0013,-0.2252,-0.0075,-0.0078,0.4632,0.5516,0.0228,0.0184,0.0074,0.0061,0.0049,0.0054,0.0045,0.0041,0.0016,0.0013,-0.2443,-0.0083,-0.0085,0.4721,0.5406,,,,,,,,,,,,,,,,,,,,,,,,,,,,,,,,,,,,,,,,,,,,,,,,,,,,,,,,,,,,,,,,,,,,,,,,,,,,,,,,,,,,,,
JDFB_17_062625,2025-06-26T00:00:00,48.278567,-122.894003,3.2883,792.0318,,,0.0,0.0,0.0,0.0,0.0,0.0,0.0,0.0,973.228,1341.0,600.0,-110.995,979.473,1383.7,621.3,-103.826,973.656,1372.8,634.1,-109.606,0.09,0.99,0.25,0.0,0.09,0.97,0.29,0.06,10.0,0.0,10.0,0.0,10.0,0.0,11.749,-32768.0,0.0,0.0,0.0,0.0,0.0,0.733,0.046,0.025,0.048,0.028,0.031,0.022,0.038,0.03,0,0.732,0.047,0.025,0.049,0.027,0.031,0.021,0.038,0.03,0,,,,,,,,,,0.0,,,,,,,,,,,,,,0.0,,,,,,,,,,,,,,,,,,,0.0,0.0,0.0,99.0,0.0,0.0,100.0,1.0,12.0,1,,,,,,,,,,,,,,,,,,,,,,,,,,,,,,,,0.0228,0.0178,0.0079,0.007,0.0058,0.0057,0.0056,0.0054,0.0028,0.0021,-0.1763,-0.0067,-0.007,0.3278,0.4511,0.0235,0.0187,0.0085,0.0072,0.0057,0.0058,0.0053,0.005,0.0023,0.0019,-0.2335,-0.0092,-0.0094,0.3856,0.476,,,,,,,,,,,,,,,,,,,,,,,,,,,,,,,,,,,,,,,,,,,,,,,,,,,,,,,,,,,,,,,,,,,,,,,,,,,,,,,,,,,,,,
JDFB_18_062625,2025-06-26T00:00:00,48.278567,-122.894003,3.2883,792.0318,,,0.0,0.0,0.0,0.0,0.0,0.0,0.0,0.0,973.228,1341.0,600.0,-110.995,979.473,1383.7,621.3,-103.826,973.656,1372.8,634.1,-109.606,0.09,0.99,0.25,0.0,0.09,0.97,0.29,0.06,10.0,0.0,10.0,0.0,10.0,0.0,11.749,-32768.0,0.0,0.0,0.0,0.0,0.0,0.733,0.046,0.025,0.048,0.028,0.031,0.022,0.038,0.03,0,0.732,0.047,0.025,0.049,0.027,0.031,0.021,0.038,0.03,0,,,,,,,,,,0.0,,,,,,,,,,,,,,0.0,,,,,,,,,,,,,,,,,,,0.0,0.0,0.0,99.0,0.0,0.0,100.0,1.0,12.0,1,,,,,,,,,,,,,,,,,,,,,,,,,,,,,,,,0.0228,0.0178,0.0079,0.007,0.0058,0.0057,0.0056,0.0054,0.0028,0.0021,-0.1763,-0.0067,-0.007,0.3278,0.4511,0.0235,0.0187,0.0085,0.0072,0.0057,0.0058,0.0053,0.005,0.0023,0.0019,-0.2335,-0.0092,-0.0094,0.3856,0.476,,,,,,,,,,,,,,,,,,,,,,,,,,,,,,,,,,,,,,,,,,,,,,,,,,,,,,,,,,,,,,,,,,,,,,,,,,,,,,,,,,,,,,
JDFB_19_062625,2025-06-26T00:00:00,48.278567,-122.894003,3.2883,792.0318,,,0.0,0.0,0.0,0.0,0.0,0.0,0.0,0.0,973.228,1341.0,600.0,-110.995,979.473,1383.7,621.3,-103.826,973.656,1372.8,634.1,-109.606,0.09,0.99,0.25,0.0,0.09,0.97,0.29,0.06,10.0,0.0,10.0,0.0,10.0,0.0,11.749,-32768.0,0.0,0.0,0.0,0.0,0.0,0.733,0.046,0.025,0.048,0.028,0.031,0.022,0.038,0.03,0,0.732,0.047,0.025,0.049,0.027,0.031,0.021,0.038,0.03,0,,,,,,,,,,0.0,,,,,,,,,,,,,,0.0,,,,,,,,,,,,,,,,,,,0.0,0.0,0.0,99.0,0.0,0.0,100.0,1.0,12.0,1,,,,,,,,,,,,,,,,,,,,,,,,,,,,,,,,0.0228,0.0178,0.0079,0.007,0.0058,0.0057,0.0056,0.0054,0.0028,0.0021,-0.1763,-0.0067,-0.007,0.3278,0.4511,0.0235,0.0187,0.0085,0.0072,0.0057,0.0058,0.0053,0.005,0.0023,0.0019,-0.2335,-0.0092,-0.0094,0.3856,0.476,,,,,,,,,,,,,,,,,,,,,,,,,,,,,,,,,,,,,,,,,,,,,,,,,,,,,,,,,,,,,,,,,,,,,,,,,,,,,,,,,,,,,,
JDFB_20_062625,2025-06-26T00:00:00,48.278567,-122.894003,3.2883,792.0318,,,0.0,0.0,0.0,0.0,0.0,0.0,0.0,0.0,973.228,1341.0,600.0,-110.995,979.473,1383.7,621.3,-103.826,973.656,1372.8,634.1,-109.606,0.09,0.99,0.25,0.0,0.09,0.97,0.29,0.06,10.0,0.0,10.0,0.0,10.0,0.0,11.749,-32768.0,0.0,0.0,0.0,0.0,0.0,0.733,0.046,0.025,0.048,0.028,0.031,0.022,0.038,0.03,0,0.732,0.047,0.025,0.049,0.027,0.031,0.021,0.038,0.03,0,,,,,,,,,,0.0,,,,,,,,,,,,,,0.0,,,,,,,,,,,,,,,,,,,0.0,0.0,0.0,99.0,0.0,0.0,100.0,1.0,12.0,1,,,,,,,,,,,,,,,,,,,,,,,,,,,,,,,,0.0228,0.0178,0.0079,0.007,0.0058,0.0057,0.0056,0.0054,0.0028,0.0021,-0.1763,-0.0067,-0.007,0.3278,0.4511,0.0235,0.0187,0.0085,0.0072,0.0057,0.0058,0.0053,0.005,0.0023,0.0019,-0.2335,-0.0092,-0.0094,0.3856,0.476,,,,,,,,,,,,,,,,,,,,,,,,,,,,,,,,,,,,,,,,,,,,,,,,,,,,,,,,,,,,,,,,,,,,,,,,,,,,,,,,,,,,,,
JDFB_21_062625,2025-06-26T00:00:00,48.278567,-122.894003,3.2883,792.0318,,,0.0,0.0,0.0,0.0,0.0,0.0,0.0,0.0,973.228,1341.0,600.0,-110.995,979.473,1383.7,621.3,-103.826,973.656,1372.8,634.1,-109.606,0.09,0.99,0.25,0.0,0.09,0.97,0.29,0.06,10.0,0.0,10.0,0.0,10.0,0.0,11.749,-32768.0,0.0,0.0,0.0,0.0,0.0,0.733,0.046,0.025,0.048,0.028,0.031,0.022,0.038,0.03,0,0.732,0.047,0.025,0.049,0.027,0.031,0.021,0.038,0.03,0,,,,,,,,,,0.0,,,,,,,,,,,,,,0.0,,,,,,,,,,,,,,,,,,,0.0,0.0,0.0,99.0,0.0,0.0,100.0,1.0,12.0,1,,,,,,,,,,,,,,,,,,,,,,,,,,,,,,,,0.0228,0.0178,0.0079,0.007,0.0058,0.0057,0.0056,0.0054,0.0028,0.0021,-0.1763,-0.0067,-0.007,0.3278,0.4511,0.0235,0.0187,0.0085,0.0072,0.0057,0.0058,0.0053,0.005,0.0023,0.0019,-0.2335,-0.0092,-0.0094,0.3856,0.476,,,,,,,,,,,,,,,,,,,,,,,,,,,,,,,,,,,,,,,,,,,,,,,,,,,,,,,,,,,,,,,,,,,,,,,,,,,,,,,,,,,,,,
JDFB_22_062625,2025-06-26T00:00:00,48.278567,-122.894003,3.2883,792.0318,,,0.0,0.0,0.0,0.0,0.0,0.0,0.0,0.0,973.228,1341.0,600.0,-110.995,979.473,1383.7,621.3,-103.826,973.656,1372.8,634.1,-109.606,0.09,0.99,0.25,0.0,0.09,0.97,0.29,0.06,10.0,0.0,10.0,0.0,10.0,0.0,11.749,-32768.0,0.0,0.0,0.0,0.0,0.0,0.733,0.046,0.025,0.048,0.028,0.031,0.022,0.038,0.03,0,0.732,0.047,0.025,0.049,0.027,0.031,0.021,0.038,0.03,0,,,,,,,,,,0.0,,,,,,,,,,,,,,0.0,,,,,,,,,,,,,,,,,,,0.0,0.0,0.0,99.0,0.0,0.0,100.0,1.0,12.0,1,,,,,,,,,,,,,,,,,,,,,,,,,,,,,,,,0.0228,0.0178,0.0079,0.007,0.0058,0.0057,0.0056,0.0054,0.0028,0.0021,-0.1763,-0.0067,-0.007,0.3278,0.4511,0.0235,0.0187,0.0085,0.0072,0.0057,0.0058,0.0053,0.005,0.0023,0.0019,-0.2335,-0.0092,-0.0094,0.3856,0.476,,,,,,,,,,,,,,,,,,,,,,,,,,,,,,,,,,,,,,,,,,,,,,,,,,,,,,,,,,,,,,,,,,,,,,,,,,,,,,,,,,,,,,
JDFB_23_062625,2025-06-26T00:00:00,48.237678,-122.843642,4.596,1121.8242,IV,Marine Protected Area,0.0,0.0,0.0,0.0,0.0,0.0,0.0,0.0,976.176,1383.0,644.0,-118.456,976.175,1373.5,607.7,-117.51,969.466,1349.2,609.7,-124.188,0.1,1.26,0.31,,0.1,1.15,0.3,0.09,10.0,0.0,10.0,0.0,10.0,0.0,11.781,-32768.0,0.0,0.0,0.0,0.0,0.0,0.728,0.048,0.025,0.048,0.028,0.032,0.021,0.039,0.032,0,0.729,0.048,0.025,0.048,0.027,0.032,0.021,0.038,0.032,0,,,,,,,,,,0.0,,,,,,,,,,,,,,0.0,,,,,,,,,,,,,,,,,,,0.0,0.0,0.0,97.0,0.0,0.0,100.0,1.0,12.0,1,,,,,,,,,,,,,,,,,,,,,,,,,,,,,,,,0.0257,0.0208,0.0091,0.0075,0.0068,0.0065,0.0064,0.0064,0.0026,0.002,-0.1786,-0.008,-0.0081,0.4289,0.5179,0.0244,0.0202,0.0086,0.0069,0.0059,0.006,0.0057,0.0051,0.0023,0.0019,-0.2013,-0.0082,-0.0084,0.4325,0.4969,,,,,,,,,,,,,,,,,,,,,,,,,,,,,,,,,,,,,,,,,,,,,,,,,,,,,,,,,,,,,,,,,,,,,,,,,,,,,,,,,,,,,,
JDFB_24_062625,2025-06-26T00:00:00,48.237678,-122.843642,4.596,1121.8242,IV,Marine Protected Area,0.0,0.0,0.0,0.0,0.0,0.0,0.0,0.0,976.176,1383.0,644.0,-118.456,976.175,1373.5,607.7,-117.51,969.466,1349.2,609.7,-124.188,0.1,1.26,0.31,,0.1,1.15,0.3,0.09,10.0,0.0,10.0,0.0,10.0,0.0,11.781,-32768.0,0.0,0.0,0.0,0.0,0.0,0.728,0.048,0.025,0.048,0.028,0.032,0.021,0.039,0.032,0,0.729,0.048,0.025,0.048,0.027,0.032,0.021,0.038,0.032,0,,,,,,,,,,0.0,,,,,,,,,,,,,,0.0,,,,,,,,,,,,,,,,,,,0.0,0.0,0.0,97.0,0.0,0.0,100.0,1.0,12.0,1,,,,,,,,,,,,,,,,,,,,,,,,,,,,,,,,0.0257,0.0208,0.0091,0.0075,0.0068,0.0065,0.0064,0.0064,0.0026,0.002,-0.1786,-0.008,-0.0081,0.4289,0.5179,0.0244,0.0202,0.0086,0.0069,0.0059,0.006,0.0057,0.0051,0.0023,0.0019,-0.2013,-0.0082,-0.0084,0.4325,0.4969,,,,,,,,,,,,,,,,,,,,,,,,,,,,,,,,,,,,,,,,,,,,,,,,,,,,,,,,,,,,,,,,,,,,,,,,,,,,,,,,,,,,,,
JDFB_25_062625,2025-06-26T00:00:00,48.237678,-122.843642,4.596,1121.8242,IV,Marine Protected Area,0.0,0.0,0.0,0.0,0.0,0.0,0.0,0.0,976.176,1383.0,644.0,-118.456,976.175,1373.5,607.7,-117.51,969.466,1349.2,609.7,-124.188,0.1,1.26,0.31,,0.1,1.15,0.3,0.09,10.0,0.0,10.0,0.0,10.0,0.0,11.781,-32768.0,0.0,0.0,0.0,0.0,0.0,0.728,0.048,0.025,0.048,0.028,0.032,0.021,0.039,0.032,0,0.729,0.048,0.025,0.048,0.027,0.032,0.021,0.038,0.032,0,,,,,,,,,,0.0,,,,,,,,,,,,,,0.0,,,,,,,,,,,,,,,,,,,0.0,0.0,0.0,97.0,0.0,0.0,100.0,1.0,12.0,1,,,,,,,,,,,,,,,,,,,,,,,,,,,,,,,,0.0257,0.0208,0.0091,0.0075,0.0068,0.0065,0.0064,0.0064,0.0026,0.002,-0.1786,-0.008,-0.0081,0.4289,0.5179,0.0244,0.0202,0.0086,0.0069,0.0059,0.006,0.0057,0.0051,0.0023,0.0019,-0.2013,-0.0082,-0.0084,0.4325,0.4969,,,,,,,,,,,,,,,,,,,,,,,,,,,,,,,,,,,,,,,,,,,,,,,,,,,,,,,,,,,,,,,,,,,,,,,,,,,,,,,,,,,,,,
JDFB_26_062625,2025-06-26T00:00:00,48.237678,-122.843642,4.596,1121.8242,IV,Marine Protected Area,0.0,0.0,0.0,0.0,0.0,0.0,0.0,0.0,976.176,1383.0,644.0,-118.456,976.175,1373.5,607.7,-117.51,969.466,1349.2,609.7,-124.188,0.1,1.26,0.31,,0.1,1.15,0.3,0.09,10.0,0.0,10.0,0.0,10.0,0.0,11.781,-32768.0,0.0,0.0,0.0,0.0,0.0,0.728,0.048,0.025,0.048,0.028,0.032,0.021,0.039,0.032,0,0.729,0.048,0.025,0.048,0.027,0.032,0.021,0.038,0.032,0,,,,,,,,,,0.0,,,,,,,,,,,,,,0.0,,,,,,,,,,,,,,,,,,,0.0,0.0,0.0,97.0,0.0,0.0,100.0,1.0,12.0,1,,,,,,,,,,,,,,,,,,,,,,,,,,,,,,,,0.0257,0.0208,0.0091,0.0075,0.0068,0.0065,0.0064,0.0064,0.0026,0.002,-0.1786,-0.008,-0.0081,0.4289,0.5179,0.0244,0.0202,0.0086,0.0069,0.0059,0.006,0.0057,0.0051,0.0023,0.0019,-0.2013,-0.0082,-0.0084,0.4325,0.4969,,,,,,,,,,,,,,,,,,,,,,,,,,,,,,,,,,,,,,,,,,,,,,,,,,,,,,,,,,,,,,,,,,,,,,,,,,,,,,,,,,,,,,
JDFB_27_062625,2025-06-26T00:00:00,48.237678,-122.843642,4.596,1121.8242,IV,Marine Protected Area,0.0,0.0,0.0,0.0,0.0,0.0,0.0,0.0,976.176,1383.0,644.0,-118.456,976.175,1373.5,607.7,-117.51,969.466,1349.2,609.7,-124.188,0.1,1.26,0.31,,0.1,1.15,0.3,0.09,10.0,0.0,10.0,0.0,10.0,0.0,11.781,-32768.0,0.0,0.0,0.0,0.0,0.0,0.728,0.048,0.025,0.048,0.028,0.032,0.021,0.039,0.032,0,0.729,0.048,0.025,0.048,0.027,0.032,0.021,0.038,0.032,0,,,,,,,,,,0.0,,,,,,,,,,,,,,0.0,,,,,,,,,,,,,,,,,,,0.0,0.0,0.0,97.0,0.0,0.0,100.0,1.0,12.0,1,,,,,,,,,,,,,,,,,,,,,,,,,,,,,,,,0.0257,0.0208,0.0091,0.0075,0.0068,0.0065,0.0064,0.0064,0.0026,0.002,-0.1786,-0.008,-0.0081,0.4289,0.5179,0.0244,0.0202,0.0086,0.0069,0.0059,0.006,0.0057,0.0051,0.0023,0.0019,-0.2013,-0.0082,-0.0084,0.4325,0.4969,,,,,,,,,,,,,,,,,,,,,,,,,,,,,,,,,,,,,,,,,,,,,,,,,,,,,,,,,,,,,,,,,,,,,,,,,,,,,,,,,,,,,,
JDFB_28_062625,2025-06-26T00:00:00,48.237678,-122.843642,4.596,1121.8242,IV,Marine Protected Area,0.0,0.0,0.0,0.0,0.0,0.0,0.0,0.0,976.176,1383.0,644.0,-118.456,976.175,1373.5,607.7,-117.51,969.466,1349.2,609.7,-124.188,0.1,1.26,0.31,,0.1,1.15,0.3,0.09,10.0,0.0,10.0,0.0,10.0,0.0,11.781,-32768.0,0.0,0.0,0.0,0.0,0.0,0.728,0.048,0.025,0.048,0.028,0.032,0.021,0.039,0.032,0,0.729,0.048,0.025,0.048,0.027,0.032,0.021,0.038,0.032,0,,,,,,,,,,0.0,,,,,,,,,,,,,,0.0,,,,,,,,,,,,,,,,,,,0.0,0.0,0.0,97.0,0.0,0.0,100.0,1.0,12.0,1,,,,,,,,,,,,,,,,,,,,,,,,,,,,,,,,0.0257,0.0208,0.0091,0.0075,0.0068,0.0065,0.0064,0.0064,0.0026,0.002,-0.1786,-0.008,-0.0081,0.4289,0.5179,0.0244,0.0202,0.0086,0.0069,0.0059,0.006,0.0057,0.0051,0.0023,0.0019,-0.2013,-0.0082,-0.0084,0.4325,0.4969,,,,,,,,,,,,,,,,,,,,,,,,,,,,,,,,,,,,,,,,,,,,,,,,,,,,,,,,,,,,,,,,,,,,,,,,,,,,,,,,,,,,,,
JDFB_29_062625,2025-06-26T00:00:00,48.237678,-122.843642,4.596,1121.8242,IV,Marine Protected Area,0.0,0.0,0.0,0.0,0.0,0.0,0.0,0.0,976.176,1383.0,644.0,-118.456,976.175,1373.5,607.7,-117.51,969.466,1349.2,609.7,-124.188,0.1,1.26,0.31,,0.1,1.15,0.3,0.09,10.0,0.0,10.0,0.0,10.0,0.0,11.781,-32768.0,0.0,0.0,0.0,0.0,0.0,0.728,0.048,0.025,0.048,0.028,0.032,0.021,0.039,0.032,0,0.729,0.048,0.025,0.048,0.027,0.032,0.021,0.038,0.032,0,,,,,,,,,,0.0,,,,,,,,,,,,,,0.0,,,,,,,,,,,,,,,,,,,0.0,0.0,0.0,97.0,0.0,0.0,100.0,1.0,12.0,1,,,,,,,,,,,,,,,,,,,,,,,,,,,,,,,,0.0257,0.0208,0.0091,0.0075,0.0068,0.0065,0.0064,0.0064,0.0026,0.002,-0.1786,-0.008,-0.0081,0.4289,0.5179,0.0244,0.0202,0.0086,0.0069,0.0059,0.006,0.0057,0.0051,0.0023,0.0019,-0.2013,-0.0082,-0.0084,0.4325,0.4969,,,,,,,,,,,,,,,,,,,,,,,,,,,,,,,,,,,,,,,,,,,,,,,,,,,,,,,,,,,,,,,,,,,,,,,,,,,,,,,,,,,,,,
JDFB_30_072425,2025-07-24T00:00:00,48.265969,-122.840792,3.3464,854.9655,IV,Marine Protected Area,0.0,0.0,0.0,0.0,0.0,0.0,0.0,0.0,973.228,1341.0,600.0,-110.995,979.473,1383.7,621.3,-103.826,973.656,1372.8,634.1,-109.606,0.13,1.08,0.34,0.22,0.12,0.92,0.28,0.15,10.0,0.0,10.0,0.0,10.0,0.0,11.597,-32768.0,0.0,0.0,0.0,0.0,0.0,0.733,0.046,0.025,0.047,0.028,0.031,0.022,0.038,0.031,0,0.731,0.047,0.025,0.048,0.027,0.031,0.021,0.038,0.03,0,,,,,,,,,,0.0,,,,,,,,,,,,,,0.0,,,,,,,,,,,,,,,,,,,0.0,0.0,0.0,97.0,0.0,0.0,100.0,1.0,12.0,1,,,,,,,,,,,,,,,,,,,,,,,,,,,,,,,,0.0256,0.0217,0.0093,0.0084,0.0075,0.0072,0.0072,0.0066,0.0041,0.0026,-0.1295,-0.0061,-0.0062,0.2761,0.4714,0.0231,0.0185,0.0077,0.0063,0.0049,0.0051,0.0045,0.0041,0.0017,0.0016,-0.2612,-0.0091,-0.0094,0.4518,0.4764,,,,,,,,,,,,,,,,,,,,,,,,,,,,,,,,,,,,,,,,,,,,,,,,,,,,,,,,,,,,,,,,,,,,,,,,,,,,,,,,,,,,,,
JDFB_31_072425,2025-07-24T00:00:00,48.258661,-122.845483,3.3464,854.9655,IV,Marine Protected Area,0.0,0.0,0.0,0.0,0.0,0.0,0.0,0.0,973.228,1341.0,600.0,-110.995,979.473,1383.7,621.3,-103.826,973.656,1372.8,634.1,-109.606,0.12,1.13,0.33,,0.11,4.43,0.41,0.05,10.0,0.0,10.0,0.0,10.0,0.0,11.228,-32768.0,0.0,0.0,0.0,0.0,0.0,0.722,0.046,0.025,0.048,0.028,0.032,0.023,0.041,0.034,0,0.724,0.048,0.025,0.049,0.028,0.032,0.022,0.04,0.032,0,,,,,,,,,,0.0,,,,,,,,,,,,,,0.0,,,,,1.9,1.9,0.0,-0.7,0.8,3.5,0.0,,,,,,,,0.0,0.0,0.0,97.0,0.0,0.0,100.0,1.0,12.0,1,,,,,,,,,,,,,,,,,,,,,,,,,,,,,,,,0.0248,0.0202,0.0094,0.0076,0.0072,0.0062,0.0067,0.0062,0.0028,0.0019,-0.173,-0.0079,-0.008,0.4102,0.5523,0.0234,0.0184,0.0078,0.0066,0.0055,0.0054,0.0048,0.0045,0.0017,0.0015,-0.2441,-0.0087,-0.009,0.464,0.5276,,,,,,,,,,,,,,,,,,,,,,,,,,,,,,,,,,,,,,,,,,,,,,,,,,,,,,,,,,,,,,,,,,,,,,,,,,,,,,,,,,,,,,
JDFB_32_073025,2025-07-30T00:00:00,48.265969,-122.840792,3.3464,854.9655,IV,Marine Protected Area,0.0,0.0,0.0,0.0,0.0,0.0,0.0,0.0,973.228,1341.0,600.0,-110.995,979.473,1383.7,621.3,-103.826,973.656,1372.8,634.1,-109.606,0.13,1.08,0.34,0.22,0.12,0.92,0.28,0.15,10.0,0.0,10.0,0.0,10.0,0.0,11.597,-32768.0,0.0,0.0,0.0,0.0,0.0,0.732,0.046,0.025,0.047,0.028,0.032,0.021,0.038,0.031,0,0.731,0.047,0.025,0.048,0.027,0.031,0.021,0.038,0.03,0,,,,,,,,,,0.0,,,,,,,,,,,,,,0.0,,,,,,,,,,,,,,,,,,,0.0,0.0,0.0,97.0,0.0,0.0,100.0,1.0,12.0,1,,,,,,,,,,,,,,,,,,,,,,,,,,,,,,,,0.025,0.0209,0.0091,0.0077,0.0072,0.0069,0.0067,0.0064,0.0033,0.0023,-0.1498,-0.0068,-0.0069,0.3419,0.4908,0.0232,0.0183,0.0076,0.0061,0.0047,0.005,0.0045,0.004,0.0017,0.0016,-0.26,-0.0089,-0.0092,0.4449,0.4735,,,,,,,,,,,,,,,,,,,,,,,,,,,,,,,,,,,,,,,,,,,,,,,,,,,,,,,,,,,,,,,,,,,,,,,,,,,,,,,,,,,,,,
JDFB_33_073025,2025-07-30T00:00:00,48.265969,-122.840792,3.3464,854.9655,IV,Marine Protected Area,0.0,0.0,0.0,0.0,0.0,0.0,0.0,0.0,973.228,1341.0,600.0,-110.995,979.473,1383.7,621.3,-103.826,973.656,1372.8,634.1,-109.606,0.13,1.08,0.34,0.22,0.12,0.92,0.28,0.15,10.0,0.0,10.0,0.0,10.0,0.0,11.597,-32768.0,0.0,0.0,0.0,0.0,0.0,0.732,0.046,0.025,0.047,0.028,0.032,0.021,0.038,0.031,0,0.731,0.047,0.025,0.048,0.027,0.031,0.021,0.038,0.03,0,,,,,,,,,,0.0,,,,,,,,,,,,,,0.0,,,,,,,,,,,,,,,,,,,0.0,0.0,0.0,97.0,0.0,0.0,100.0,1.0,12.0,1,,,,,,,,,,,,,,,,,,,,,,,,,,,,,,,,0.025,0.0209,0.0091,0.0077,0.0072,0.0069,0.0067,0.0064,0.0033,0.0023,-0.1498,-0.0068,-0.0069,0.3419,0.4908,0.0232,0.0183,0.0076,0.0061,0.0047,0.005,0.0045,0.004,0.0017,0.0016,-0.26,-0.0089,-0.0092,0.4449,0.4735,,,,,,,,,,,,,,,,,,,,,,,,,,,,,,,,,,,,,,,,,,,,,,,,,,,,,,,,,,,,,,,,,,,,,,,,,,,,,,,,,,,,,,
JDFB_34_073025,2025-07-30T00:00:00,48.265969,-122.840792,3.3464,854.9655,IV,Marine Protected Area,0.0,0.0,0.0,0.0,0.0,0.0,0.0,0.0,973.228,1341.0,600.0,-110.995,979.473,1383.7,621.3,-103.826,973.656,1372.8,634.1,-109.606,0.13,1.08,0.34,0.22,0.12,0.92,0.28,0.15,10.0,0.0,10.0,0.0,10.0,0.0,11.597,-32768.0,0.0,0.0,0.0,0.0,0.0,0.732,0.046,0.025,0.047,0.028,0.032,0.021,0.038,0.031,0,0.731,0.047,0.025,0.048,0.027,0.031,0.021,0.038,0.03,0,,,,,,,,,,0.0,,,,,,,,,,,,,,0.0,,,,,,,,,,,,,,,,,,,0.0,0.0,0.0,97.0,0.0,0.0,100.0,1.0,12.0,1,,,,,,,,,,,,,,,,,,,,,,,,,,,,,,,,0.025,0.0209,0.0091,0.0077,0.0072,0.0069,0.0067,0.0064,0.0033,0.0023,-0.1498,-0.0068,-0.0069,0.3419,0.4908,0.0232,0.0183,0.0076,0.0061,0.0047,0.005,0.0045,0.004,0.0017,0.0016,-0.26,-0.0089,-0.0092,0.4449,0.4735,,,,,,,,,,,,,,,,,,,,,,,,,,,,,,,,,,,,,,,,,,,,,,,,,,,,,,,,,,,,,,,,,,,,,,,,,,,,,,,,,,,,,,
JDFB_35_073025,2025-07-30T00:00:00,48.265969,-122.840792,3.3464,854.9655,IV,Marine Protected Area,0.0,0.0,0.0,0.0,0.0,0.0,0.0,0.0,973.228,1341.0,600.0,-110.995,979.473,1383.7,621.3,-103.826,973.656,1372.8,634.1,-109.606,0.13,1.08,0.34,0.22,0.12,0.92,0.28,0.15,10.0,0.0,10.0,0.0,10.0,0.0,11.597,-32768.0,0.0,0.0,0.0,0.0,0.0,0.732,0.046,0.025,0.047,0.028,0.032,0.021,0.038,0.031,0,0.731,0.047,0.025,0.048,0.027,0.031,0.021,0.038,0.03,0,,,,,,,,,,0.0,,,,,,,,,,,,,,0.0,,,,,,,,,,,,,,,,,,,0.0,0.0,0.0,97.0,0.0,0.0,100.0,1.0,12.0,1,,,,,,,,,,,,,,,,,,,,,,,,,,,,,,,,0.025,0.0209,0.0091,0.0077,0.0072,0.0069,0.0067,0.0064,0.0033,0.0023,-0.1498,-0.0068,-0.0069,0.3419,0.4908,0.0232,0.0183,0.0076,0.0061,0.0047,0.005,0.0045,0.004,0.0017,0.0016,-0.26,-0.0089,-0.0092,0.4449,0.4735,,,,,,,,,,,,,,,,,,,,,,,,,,,,,,,,,,,,,,,,,,,,,,,,,,,,,,,,,,,,,,,,,,,,,,,,,,,,,,,,,,,,,,
JDFB_36_073025,2025-07-30T00:00:00,48.265969,-122.840792,3.3464,854.9655,IV,Marine Protected Area,0.0,0.0,0.0,0.0,0.0,0.0,0.0,0.0,973.228,1341.0,600.0,-110.995,979.473,1383.7,621.3,-103.826,973.656,1372.8,634.1,-109.606,0.13,1.08,0.34,0.22,0.12,0.92,0.28,0.15,10.0,0.0,10.0,0.0,10.0,0.0,11.597,-32768.0,0.0,0.0,0.0,0.0,0.0,0.732,0.046,0.025,0.047,0.028,0.032,0.021,0.038,0.031,0,0.731,0.047,0.025,0.048,0.027,0.031,0.021,0.038,0.03,0,,,,,,,,,,0.0,,,,,,,,,,,,,,0.0,,,,,,,,,,,,,,,,,,,0.0,0.0,0.0,97.0,0.0,0.0,100.0,1.0,12.0,1,,,,,,,,,,,,,,,,,,,,,,,,,,,,,,,,0.025,0.0209,0.0091,0.0077,0.0072,0.0069,0.0067,0.0064,0.0033,0.0023,-0.1498,-0.0068,-0.0069,0.3419,0.4908,0.0232,0.0183,0.0076,0.0061,0.0047,0.005,0.0045,0.004,0.0017,0.0016,-0.26,-0.0089,-0.0092,0.4449,0.4735,,,,,,,,,,,,,,,,,,,,,,,,,,,,,,,,,,,,,,,,,,,,,,,,,,,,,,,,,,,,,,,,,,,,,,,,,,,,,,,,,,,,,,
JDFB_37_073025,2025-07-30T00:00:00,48.265969,-122.840792,3.3464,854.9655,IV,Marine Protected Area,0.0,0.0,0.0,0.0,0.0,0.0,0.0,0.0,973.228,1341.0,600.0,-110.995,979.473,1383.7,621.3,-103.826,973.656,1372.8,634.1,-109.606,0.13,1.08,0.34,0.22,0.12,0.92,0.28,0.15,10.0,0.0,10.0,0.0,10.0,0.0,11.597,-32768.0,0.0,0.0,0.0,0.0,0.0,0.732,0.046,0.025,0.047,0.028,0.032,0.021,0.038,0.031,0,0.731,0.047,0.025,0.048,0.027,0.031,0.021,0.038,0.03,0,,,,,,,,,,0.0,,,,,,,,,,,,,,0.0,,,,,,,,,,,,,,,,,,,0.0,0.0,0.0,97.0,0.0,0.0,100.0,1.0,12.0,1,,,,,,,,,,,,,,,,,,,,,,,,,,,,,,,,0.025,0.0209,0.0091,0.0077,0.0072,0.0069,0.0067,0.0064,0.0033,0.0023,-0.1498,-0.0068,-0.0069,0.3419,0.4908,0.0232,0.0183,0.0076,0.0061,0.0047,0.005,0.0045,0.004,0.0017,0.0016,-0.26,-0.0089,-0.0092,0.4449,0.4735,,,,,,,,,,,,,,,,,,,,,,,,,,,,,,,,,,,,,,,,,,,,,,,,,,,,,,,,,,,,,,,,,,,,,,,,,,,,,,,,,,,,,,
JDFB_38_082625,2025-08-26T00:00:00,48.258661,-122.845483,3.3464,854.9655,IV,Marine Protected Area,0.0,0.0,0.0,0.0,0.0,0.0,0.0,0.0,973.228,1341.0,600.0,-110.995,979.473,1383.7,621.3,-103.826,973.656,1372.8,634.1,-109.606,0.12,1.13,0.33,,0.11,4.43,0.41,0.05,10.0,0.0,10.0,0.0,10.0,0.0,11.228,-32768.0,0.0,0.0,0.0,0.0,0.0,0.722,0.047,0.025,0.048,0.028,0.032,0.023,0.041,0.034,0,0.724,0.048,0.025,0.049,0.028,0.032,0.022,0.04,0.032,0,,,,,,,,,,0.0,,,,,,,,,,,,,,0.0,,,,,1.9,1.9,0.0,-0.7,0.8,3.5,0.0,,,,,,,,0.0,0.0,0.0,97.0,0.0,0.0,100.0,1.0,12.0,1,,,,,,,,,,,,,,,,,,,,,,,,,,,,,,,,0.0233,0.0185,0.0071,0.0056,0.0046,0.0042,0.0046,0.004,0.002,0.0013,-0.2124,-0.0071,-0.0072,0.3923,0.5473,0.0239,0.0189,0.0076,0.0063,0.0053,0.0053,0.0048,0.0043,0.0019,0.0015,-0.2299,-0.0081,-0.0083,0.4335,0.518,,,,,,,,,,,,,,,,,,,,,,,,,,,,,,,,,,,,,,,,,,,,,,,,,,,,,,,,,,,,,,,,,,,,,,,,,,,,,,,,,,,,,,
JDFB_39_082625,2025-08-26T00:00:00,48.265969,-122.840792,3.3464,854.9655,IV,Marine Protected Area,0.0,0.0,0.0,0.0,0.0,0.0,0.0,0.0,973.228,1341.0,600.0,-110.995,979.473,1383.7,621.3,-103.826,973.656,1372.8,634.1,-109.606,0.13,1.08,0.34,0.22,0.12,0.92,0.28,0.15,10.0,0.0,10.0,0.0,10.0,0.0,11.597,-32768.0,0.0,0.0,0.0,0.0,0.0,0.732,0.046,0.025,0.047,0.028,0.032,0.021,0.038,0.031,0,0.731,0.047,0.025,0.048,0.027,0.031,0.021,0.038,0.03,0,,,,,,,,,,0.0,,,,,,,,,,,,,,0.0,,,,,,,,,,,,,,,,,,,0.0,0.0,0.0,97.0,0.0,0.0,100.0,1.0,12.0,1,,,,,,,,,,,,,,,,,,,,,,,,,,,,,,,,0.0236,0.0183,0.0075,0.0056,0.005,0.0052,0.0052,0.0048,0.0022,0.0017,-0.1844,-0.0066,-0.0068,0.4059,0.5049,0.0232,0.0183,0.0073,0.0058,0.0045,0.0049,0.0043,0.004,0.0017,0.0016,-0.2624,-0.0087,-0.0089,0.4284,0.4607,,,,,,,,,,,,,,,,,,,,,,,,,,,,,,,,,,,,,,,,,,,,,,,,,,,,,,,,,,,,,,,,,,,,,,,,,,,,,,,,,,,,,,
JDFB_40_082625,2025-08-26T00:00:00,48.265969,-122.840792,3.3464,854.9655,IV,Marine Protected Area,0.0,0.0,0.0,0.0,0.0,0.0,0.0,0.0,973.228,1341.0,600.0,-110.995,979.473,1383.7,621.3,-103.826,973.656,1372.8,634.1,-109.606,0.13,1.08,0.34,0.22,0.12,0.92,0.28,0.15,10.0,0.0,10.0,0.0,10.0,0.0,11.597,-32768.0,0.0,0.0,0.0,0.0,0.0,0.732,0.046,0.025,0.047,0.028,0.032,0.021,0.038,0.031,0,0.731,0.047,0.025,0.048,0.027,0.031,0.021,0.038,0.03,0,,,,,,,,,,0.0,,,,,,,,,,,,,,0.0,,,,,,,,,,,,,,,,,,,0.0,0.0,0.0,97.0,0.0,0.0,100.0,1.0,12.0,1,,,,,,,,,,,,,,,,,,,,,,,,,,,,,,,,0.0236,0.0183,0.0075,0.0056,0.005,0.0052,0.0052,0.0048,0.0022,0.0017,-0.1844,-0.0066,-0.0068,0.4059,0.5049,0.0232,0.0183,0.0073,0.0058,0.0045,0.0049,0.0043,0.004,0.0017,0.0016,-0.2624,-0.0087,-0.0089,0.4284,0.4607,,,,,,,,,,,,,,,,,,,,,,,,,,,,,,,,,,,,,,,,,,,,,,,,,,,,,,,,,,,,,,,,,,,,,,,,,,,,,,,,,,,,,,
JDFB_41_082625,2025-08-26T00:00:00,48.265969,-122.840792,3.3464,854.9655,IV,Marine Protected Area,0.0,0.0,0.0,0.0,0.0,0.0,0.0,0.0,973.228,1341.0,600.0,-110.995,979.473,1383.7,621.3,-103.826,973.656,1372.8,634.1,-109.606,0.13,1.08,0.34,0.22,0.12,0.92,0.28,0.15,10.0,0.0,10.0,0.0,10.0,0.0,11.597,-32768.0,0.0,0.0,0.0,0.0,0.0,0.732,0.046,0.025,0.047,0.028,0.032,0.021,0.038,0.031,0,0.731,0.047,0.025,0.048,0.027,0.031,0.021,0.038,0.03,0,,,,,,,,,,0.0,,,,,,,,,,,,,,0.0,,,,,,,,,,,,,,,,,,,0.0,0.0,0.0,97.0,0.0,0.0,100.0,1.0,12.0,1,,,,,,,,,,,,,,,,,,,,,,,,,,,,,,,,0.0236,0.0183,0.0075,0.0056,0.005,0.0052,0.0052,0.0048,0.0022,0.0017,-0.1844,-0.0066,-0.0068,0.4059,0.5049,0.0232,0.0183,0.0073,0.0058,0.0045,0.0049,0.0043,0.004,0.0017,0.0016,-0.2624,-0.0087,-0.0089,0.4284,0.4607,,,,,,,,,,,,,,,,,,,,,,,,,,,,,,,,,,,,,,,,,,,,,,,,,,,,,,,,,,,,,,,,,,,,,,,,,,,,,,,,,,,,,,
JDFB_42_082625,2025-08-26T00:00:00,48.265969,-122.840792,3.3464,854.9655,IV,Marine Protected Area,0.0,0.0,0.0,0.0,0.0,0.0,0.0,0.0,973.228,1341.0,600.0,-110.995,979.473,1383.7,621.3,-103.826,973.656,1372.8,634.1,-109.606,0.13,1.08,0.34,0.22,0.12,0.92,0.28,0.15,10.0,0.0,10.0,0.0,10.0,0.0,11.597,-32768.0,0.0,0.0,0.0,0.0,0.0,0.732,0.046,0.025,0.047,0.028,0.032,0.021,0.038,0.031,0,0.731,0.047,0.025,0.048,0.027,0.031,0.021,0.038,0.03,0,,,,,,,,,,0.0,,,,,,,,,,,,,,0.0,,,,,,,,,,,,,,,,,,,0.0,0.0,0.0,97.0,0.0,0.0,100.0,1.0,12.0,1,,,,,,,,,,,,,,,,,,,,,,,,,,,,,,,,0.0236,0.0183,0.0075,0.0056,0.005,0.0052,0.0052,0.0048,0.0022,0.0017,-0.1844,-0.0066,-0.0068,0.4059,0.5049,0.0232,0.0183,0.0073,0.0058,0.0045,0.0049,0.0043,0.004,0.0017,0.0016,-0.2624,-0.0087,-0.0089,0.4284,0.4607,,,,,,,,,,,,,,,,,,,,,,,,,,,,,,,,,,,,,,,,,,,,,,,,,,,,,,,,,,,,,,,,,,,,,,,,,,,,,,,,,,,,,,
JDFB_43_082625,2025-08-26T00:00:00,48.265969,-122.840792,3.3464,854.9655,IV,Marine Protected Area,0.0,0.0,0.0,0.0,0.0,0.0,0.0,0.0,973.228,1341.0,600.0,-110.995,979.473,1383.7,621.3,-103.826,973.656,1372.8,634.1,-109.606,0.13,1.08,0.34,0.22,0.12,0.92,0.28,0.15,10.0,0.0,10.0,0.0,10.0,0.0,11.597,-32768.0,0.0,0.0,0.0,0.0,0.0,0.732,0.046,0.025,0.047,0.028,0.032,0.021,0.038,0.031,0,0.731,0.047,0.025,0.048,0.027,0.031,0.021,0.038,0.03,0,,,,,,,,,,0.0,,,,,,,,,,,,,,0.0,,,,,,,,,,,,,,,,,,,0.0,0.0,0.0,97.0,0.0,0.0,100.0,1.0,12.0,1,,,,,,,,,,,,,,,,,,,,,,,,,,,,,,,,0.0236,0.0183,0.0075,0.0056,0.005,0.0052,0.0052,0.0048,0.0022,0.0017,-0.1844,-0.0066,-0.0068,0.4059,0.5049,0.0232,0.0183,0.0073,0.0058,0.0045,0.0049,0.0043,0.004,0.0017,0.0016,-0.2624,-0.0087,-0.0089,0.4284,0.4607,,,,,,,,,,,,,,,,,,,,,,,,,,,,,,,,,,,,,,,,,,,,,,,,,,,,,,,,,,,,,,,,,,,,,,,,,,,,,,,,,,,,,,
JDFB_44_082625,2025-08-26T00:00:00,48.265969,-122.840792,3.3464,854.9655,IV,Marine Protected Area,0.0,0.0,0.0,0.0,0.0,0.0,0.0,0.0,973.228,1341.0,600.0,-110.995,979.473,1383.7,621.3,-103.826,973.656,1372.8,634.1,-109.606,0.13,1.08,0.34,0.22,0.12,0.92,0.28,0.15,10.0,0.0,10.0,0.0,10.0,0.0,11.597,-32768.0,0.0,0.0,0.0,0.0,0.0,0.732,0.046,0.025,0.047,0.028,0.032,0.021,0.038,0.031,0,0.731,0.047,0.025,0.048,0.027,0.031,0.021,0.038,0.03,0,,,,,,,,,,0.0,,,,,,,,,,,,,,0.0,,,,,,,,,,,,,,,,,,,0.0,0.0,0.0,97.0,0.0,0.0,100.0,1.0,12.0,1,,,,,,,,,,,,,,,,,,,,,,,,,,,,,,,,0.0236,0.0183,0.0075,0.0056,0.005,0.0052,0.0052,0.0048,0.0022,0.0017,-0.1844,-0.0066,-0.0068,0.4059,0.5049,0.0232,0.0183,0.0073,0.0058,0.0045,0.0049,0.0043,0.004,0.0017,0.0016,-0.2624,-0.0087,-0.0089,0.4284,0.4607,,,,,,,,,,,,,,,,,,,,,,,,,,,,,,,,,,,,,,,,,,,,,,,,,,,,,,,,,,,,,,,,,,,,,,,,,,,,,,,,,,,,,,
JDFB_45_082725,2025-08-27T00:00:00,48.290067,-122.840278,3.3464,854.9655,IV,Marine Protected Area,0.0,0.0,0.0,0.0,0.0,0.0,0.0,0.0,973.228,1341.0,600.0,-110.995,979.473,1383.7,621.3,-103.826,973.656,1372.8,634.1,-109.606,0.23,1.13,0.33,,0.14,0.81,0.31,0.04,10.0,0.0,10.0,0.0,10.0,0.0,12.385,-32768.0,0.0,0.0,0.0,0.0,0.0,0.734,0.046,0.025,0.049,0.027,0.031,0.021,0.037,0.03,0,0.734,0.046,0.025,0.049,0.027,0.031,0.021,0.037,0.03,0,,,,,,,,,,0.0,,,,,,,,,,,,,,0.0,,,,,,,,,,,,,,,,,,,0.0,0.0,0.0,98.0,0.0,0.0,100.0,1.0,12.0,1,,,,,,,,,,,,,,,,,,,,,,,,,,,,,,,,0.0245,0.0184,0.0067,0.0046,0.0035,0.0038,0.0034,0.0031,0.0019,0.0015,-0.3286,-0.0096,-0.0097,0.2798,0.3911,0.0248,0.0197,0.0078,0.0065,0.0047,0.0052,0.0042,0.0042,0.002,0.0016,-0.3035,-0.0104,-0.0106,0.3574,0.4453,,,,,,,,,,,,,,,,,,,,,,,,,,,,,,,,,,,,,,,,,,,,,,,,,,,,,,,,,,,,,,,,,,,,,,,,,,,,,,,,,,,,,,
JDFB_46_082725,2025-08-27T00:00:00,48.290067,-122.840278,3.3464,854.9655,IV,Marine Protected Area,0.0,0.0,0.0,0.0,0.0,0.0,0.0,0.0,973.228,1341.0,600.0,-110.995,979.473,1383.7,621.3,-103.826,973.656,1372.8,634.1,-109.606,0.23,1.13,0.33,,0.14,0.81,0.31,0.04,10.0,0.0,10.0,0.0,10.0,0.0,12.385,-32768.0,0.0,0.0,0.0,0.0,0.0,0.734,0.046,0.025,0.049,0.027,0.031,0.021,0.037,0.03,0,0.734,0.046,0.025,0.049,0.027,0.031,0.021,0.037,0.03,0,,,,,,,,,,0.0,,,,,,,,,,,,,,0.0,,,,,,,,,,,,,,,,,,,0.0,0.0,0.0,98.0,0.0,0.0,100.0,1.0,12.0,1,,,,,,,,,,,,,,,,,,,,,,,,,,,,,,,,0.0245,0.0184,0.0067,0.0046,0.0035,0.0038,0.0034,0.0031,0.0019,0.0015,-0.3286,-0.0096,-0.0097,0.2798,0.3911,0.0248,0.0197,0.0078,0.0065,0.0047,0.0052,0.0042,0.0042,0.002,0.0016,-0.3035,-0.0104,-0.0106,0.3574,0.4453,,,,,,,,,,,,,,,,,,,,,,,,,,,,,,,,,,,,,,,,,,,,,,,,,,,,,,,,,,,,,,,,,,,,,,,,,,,,,,,,,,,,,,
JDFB_47_082725,2025-08-27T00:00:00,48.290067,-122.840278,3.3464,854.9655,IV,Marine Protected Area,0.0,0.0,0.0,0.0,0.0,0.0,0.0,0.0,973.228,1341.0,600.0,-110.995,979.473,1383.7,621.3,-103.826,973.656,1372.8,634.1,-109.606,0.23,1.13,0.33,,0.14,0.81,0.31,0.04,10.0,0.0,10.0,0.0,10.0,0.0,12.385,-32768.0,0.0,0.0,0.0,0.0,0.0,0.734,0.046,0.025,0.049,0.027,0.031,0.021,0.037,0.03,0,0.734,0.046,0.025,0.049,0.027,0.031,0.021,0.037,0.03,0,,,,,,,,,,0.0,,,,,,,,,,,,,,0.0,,,,,,,,,,,,,,,,,,,0.0,0.0,0.0,98.0,0.0,0.0,100.0,1.0,12.0,1,,,,,,,,,,,,,,,,,,,,,,,,,,,,,,,,0.0245,0.0184,0.0067,0.0046,0.0035,0.0038,0.0034,0.0031,0.0019,0.0015,-0.3286,-0.0096,-0.0097,0.2798,0.3911,0.0248,0.0197,0.0078,0.0065,0.0047,0.0052,0.0042,0.0042,0.002,0.0016,-0.3035,-0.0104,-0.0106,0.3574,0.4453,,,,,,,,,,,,,,,,,,,,,,,,,,,,,,,,,,,,,,,,,,,,,,,,,,,,,,,,,,,,,,,,,,,,,,,,,,,,,,,,,,,,,,
JDFB_48_082725,2025-08-27T00:00:00,48.290067,-122.840278,3.3464,854.9655,IV,Marine Protected Area,0.0,0.0,0.0,0.0,0.0,0.0,0.0,0.0,973.228,1341.0,600.0,-110.995,979.473,1383.7,621.3,-103.826,973.656,1372.8,634.1,-109.606,0.23,1.13,0.33,,0.14,0.81,0.31,0.04,10.0,0.0,10.0,0.0,10.0,0.0,12.385,-32768.0,0.0,0.0,0.0,0.0,0.0,0.734,0.046,0.025,0.049,0.027,0.031,0.021,0.037,0.03,0,0.734,0.046,0.025,0.049,0.027,0.031,0.021,0.037,0.03,0,,,,,,,,,,0.0,,,,,,,,,,,,,,0.0,,,,,,,,,,,,,,,,,,,0.0,0.0,0.0,98.0,0.0,0.0,100.0,1.0,12.0,1,,,,,,,,,,,,,,,,,,,,,,,,,,,,,,,,0.0245,0.0184,0.0067,0.0046,0.0035,0.0038,0.0034,0.0031,0.0019,0.0015,-0.3286,-0.0096,-0.0097,0.2798,0.3911,0.0248,0.0197,0.0078,0.0065,0.0047,0.0052,0.0042,0.0042,0.002,0.0016,-0.3035,-0.0104,-0.0106,0.3574,0.4453,,,,,,,,,,,,,,,,,,,,,,,,,,,,,,,,,,,,,,,,,,,,,,,,,,,,,,,,,,,,,,,,,,,,,,,,,,,,,,,,,,,,,,
JDFB_49_082725,2025-08-27T00:00:00,48.290067,-122.840278,3.3464,854.9655,IV,Marine Protected Area,0.0,0.0,0.0,0.0,0.0,0.0,0.0,0.0,973.228,1341.0,600.0,-110.995,979.473,1383.7,621.3,-103.826,973.656,1372.8,634.1,-109.606,0.23,1.13,0.33,,0.14,0.81,0.31,0.04,10.0,0.0,10.0,0.0,10.0,0.0,12.385,-32768.0,0.0,0.0,0.0,0.0,0.0,0.734,0.046,0.025,0.049,0.027,0.031,0.021,0.037,0.03,0,0.734,0.046,0.025,0.049,0.027,0.031,0.021,0.037,0.03,0,,,,,,,,,,0.0,,,,,,,,,,,,,,0.0,,,,,,,,,,,,,,,,,,,0.0,0.0,0.0,98.0,0.0,0.0,100.0,1.0,12.0,1,,,,,,,,,,,,,,,,,,,,,,,,,,,,,,,,0.0245,0.0184,0.0067,0.0046,0.0035,0.0038,0.0034,0.0031,0.0019,0.0015,-0.3286,-0.0096,-0.0097,0.2798,0.3911,0.0248,0.0197,0.0078,0.0065,0.0047,0.0052,0.0042,0.0042,0.002,0.0016,-0.3035,-0.0104,-0.0106,0.3574,0.4453,,,,,,,,,,,,,,,,,,,,,,,,,,,,,,,,,,,,,,,,,,,,,,,,,,,,,,,,,,,,,,,,,,,,,,,,,,,,,,,,,,,,,,
JDFB_50_082725,2025-08-27T00:00:00,48.290067,-122.840278,3.3464,854.9655,IV,Marine Protected Area,0.0,0.0,0.0,0.0,0.0,0.0,0.0,0.0,973.228,1341.0,600.0,-110.995,979.473,1383.7,621.3,-103.826,973.656,1372.8,634.1,-109.606,0.23,1.13,0.33,,0.14,0.81,0.31,0.04,10.0,0.0,10.0,0.0,10.0,0.0,12.385,-32768.0,0.0,0.0,0.0,0.0,0.0,0.734,0.046,0.025,0.049,0.027,0.031,0.021,0.037,0.03,0,0.734,0.046,0.025,0.049,0.027,0.031,0.021,0.037,0.03,0,,,,,,,,,,0.0,,,,,,,,,,,,,,0.0,,,,,,,,,,,,,,,,,,,0.0,0.0,0.0,98.0,0.0,0.0,100.0,1.0,12.0,1,,,,,,,,,,,,,,,,,,,,,,,,,,,,,,,,0.0245,0.0184,0.0067,0.0046,0.0035,0.0038,0.0034,0.0031,0.0019,0.0015,-0.3286,-0.0096,-0.0097,0.2798,0.3911,0.0248,0.0197,0.0078,0.0065,0.0047,0.0052,0.0042,0.0042,0.002,0.0016,-0.3035,-0.0104,-0.0106,0.3574,0.4453,,,,,,,,,,,,,,,,,,,,,,,,,,,,,,,,,,,,,,,,,,,,,,,,,,,,,,,,,,,,,,,,,,,,,,,,,,,,,,,,,,,,,,
JDFB_51_082725,2025-08-27T00:00:00,48.278567,-122.894003,3.2883,792.0318,,,0.0,0.0,0.0,0.0,0.0,0.0,0.0,0.0,973.228,1341.0,600.0,-110.995,979.473,1383.7,621.3,-103.826,973.656,1372.8,634.1,-109.606,0.09,0.99,0.25,0.0,0.09,0.97,0.29,0.06,10.0,0.0,10.0,0.0,10.0,0.0,11.749,-32768.0,0.0,0.0,0.0,0.0,0.0,0.732,0.047,0.025,0.048,0.028,0.032,0.021,0.038,0.03,0,0.732,0.047,0.025,0.048,0.027,0.031,0.021,0.038,0.03,0,,,,,,,,,,0.0,,,,,,,,,,,,,,0.0,,,,,,,,,,,,,,,,,,,0.0,0.0,0.0,99.0,0.0,0.0,100.0,1.0,12.0,1,,,,,,,,,,,,,,,,,,,,,,,,,,,,,,,,0.0216,0.0163,0.0059,0.0046,0.0033,0.0038,0.004,0.004,0.0023,0.0021,-0.1972,-0.0056,-0.0057,0.2706,0.3143,0.0235,0.0186,0.0081,0.0068,0.0052,0.0054,0.0051,0.0047,0.0023,0.0019,-0.2303,-0.0086,-0.0088,0.3788,0.4635,,,,,,,,,,,,,,,,,,,,,,,,,,,,,,,,,,,,,,,,,,,,,,,,,,,,,,,,,,,,,,,,,,,,,,,,,,,,,,,,,,,,,,
JDFB_52_082725,2025-08-27T00:00:00,48.278567,-122.894003,3.2883,792.0318,,,0.0,0.0,0.0,0.0,0.0,0.0,0.0,0.0,973.228,1341.0,600.0,-110.995,979.473,1383.7,621.3,-103.826,973.656,1372.8,634.1,-109.606,0.09,0.99,0.25,0.0,0.09,0.97,0.29,0.06,10.0,0.0,10.0,0.0,10.0,0.0,11.749,-32768.0,0.0,0.0,0.0,0.0,0.0,0.732,0.047,0.025,0.048,0.028,0.032,0.021,0.038,0.03,0,0.732,0.047,0.025,0.048,0.027,0.031,0.021,0.038,0.03,0,,,,,,,,,,0.0,,,,,,,,,,,,,,0.0,,,,,,,,,,,,,,,,,,,0.0,0.0,0.0,99.0,0.0,0.0,100.0,1.0,12.0,1,,,,,,,,,,,,,,,,,,,,,,,,,,,,,,,,0.0216,0.0163,0.0059,0.0046,0.0033,0.0038,0.004,0.004,0.0023,0.0021,-0.1972,-0.0056,-0.0057,0.2706,0.3143,0.0235,0.0186,0.0081,0.0068,0.0052,0.0054,0.0051,0.0047,0.0023,0.0019,-0.2303,-0.0086,-0.0088,0.3788,0.4635,,,,,,,,,,,,,,,,,,,,,,,,,,,,,,,,,,,,,,,,,,,,,,,,,,,,,,,,,,,,,,,,,,,,,,,,,,,,,,,,,,,,,,
JDFB_53_082725,2025-08-27T00:00:00,48.278567,-122.894003,3.2883,792.0318,,,0.0,0.0,0.0,0.0,0.0,0.0,0.0,0.0,973.228,1341.0,600.0,-110.995,979.473,1383.7,621.3,-103.826,973.656,1372.8,634.1,-109.606,0.09,0.99,0.25,0.0,0.09,0.97,0.29,0.06,10.0,0.0,10.0,0.0,10.0,0.0,11.749,-32768.0,0.0,0.0,0.0,0.0,0.0,0.732,0.047,0.025,0.048,0.028,0.032,0.021,0.038,0.03,0,0.732,0.047,0.025,0.048,0.027,0.031,0.021,0.038,0.03,0,,,,,,,,,,0.0,,,,,,,,,,,,,,0.0,,,,,,,,,,,,,,,,,,,0.0,0.0,0.0,99.0,0.0,0.0,100.0,1.0,12.0,1,,,,,,,,,,,,,,,,,,,,,,,,,,,,,,,,0.0216,0.0163,0.0059,0.0046,0.0033,0.0038,0.004,0.004,0.0023,0.0021,-0.1972,-0.0056,-0.0057,0.2706,0.3143,0.0235,0.0186,0.0081,0.0068,0.0052,0.0054,0.0051,0.0047,0.0023,0.0019,-0.2303,-0.0086,-0.0088,0.3788,0.4635,,,,,,,,,,,,,,,,,,,,,,,,,,,,,,,,,,,,,,,,,,,,,,,,,,,,,,,,,,,,,,,,,,,,,,,,,,,,,,,,,,,,,,
JDFB_54_082725,2025-08-27T00:00:00,48.278567,-122.894003,3.2883,792.0318,,,0.0,0.0,0.0,0.0,0.0,0.0,0.0,0.0,973.228,1341.0,600.0,-110.995,979.473,1383.7,621.3,-103.826,973.656,1372.8,634.1,-109.606,0.09,0.99,0.25,0.0,0.09,0.97,0.29,0.06,10.0,0.0,10.0,0.0,10.0,0.0,11.749,-32768.0,0.0,0.0,0.0,0.0,0.0,0.732,0.047,0.025,0.048,0.028,0.032,0.021,0.038,0.03,0,0.732,0.047,0.025,0.048,0.027,0.031,0.021,0.038,0.03,0,,,,,,,,,,0.0,,,,,,,,,,,,,,0.0,,,,,,,,,,,,,,,,,,,0.0,0.0,0.0,99.0,0.0,0.0,100.0,1.0,12.0,1,,,,,,,,,,,,,,,,,,,,,,,,,,,,,,,,0.0216,0.0163,0.0059,0.0046,0.0033,0.0038,0.004,0.004,0.0023,0.0021,-0.1972,-0.0056,-0.0057,0.2706,0.3143,0.0235,0.0186,0.0081,0.0068,0.0052,0.0054,0.0051,0.0047,0.0023,0.0019,-0.2303,-0.0086,-0.0088,0.3788,0.4635,,,,,,,,,,,,,,,,,,,,,,,,,,,,,,,,,,,,,,,,,,,,,,,,,,,,,,,,,,,,,,,,,,,,,,,,,,,,,,,,,,,,,,
JDFB_55_082725,2025-08-27T00:00:00,48.278567,-122.894003,3.2883,792.0318,,,0.0,0.0,0.0,0.0,0.0,0.0,0.0,0.0,973.228,1341.0,600.0,-110.995,979.473,1383.7,621.3,-103.826,973.656,1372.8,634.1,-109.606,0.09,0.99,0.25,0.0,0.09,0.97,0.29,0.06,10.0,0.0,10.0,0.0,10.0,0.0,11.749,-32768.0,0.0,0.0,0.0,0.0,0.0,0.732,0.047,0.025,0.048,0.028,0.032,0.021,0.038,0.03,0,0.732,0.047,0.025,0.048,0.027,0.031,0.021,0.038,0.03,0,,,,,,,,,,0.0,,,,,,,,,,,,,,0.0,,,,,,,,,,,,,,,,,,,0.0,0.0,0.0,99.0,0.0,0.0,100.0,1.0,12.0,1,,,,,,,,,,,,,,,,,,,,,,,,,,,,,,,,0.0216,0.0163,0.0059,0.0046,0.0033,0.0038,0.004,0.004,0.0023,0.0021,-0.1972,-0.0056,-0.0057,0.2706,0.3143,0.0235,0.0186,0.0081,0.0068,0.0052,0.0054,0.0051,0.0047,0.0023,0.0019,-0.2303,-0.0086,-0.0088,0.3788,0.4635,,,,,,,,,,,,,,,,,,,,,,,,,,,,,,,,,,,,,,,,,,,,,,,,,,,,,,,,,,,,,,,,,,,,,,,,,,,,,,,,,,,,,,
JDFB_56_082735,2025-08-27T00:00:00,48.278567,-122.894003,3.2883,792.0318,,,0.0,0.0,0.0,0.0,0.0,0.0,0.0,0.0,973.228,1341.0,600.0,-110.995,979.473,1383.7,621.3,-103.826,973.656,1372.8,634.1,-109.606,0.09,0.99,0.25,0.0,0.09,0.97,0.29,0.06,10.0,0.0,10.0,0.0,10.0,0.0,11.749,-32768.0,0.0,0.0,0.0,0.0,0.0,0.732,0.047,0.025,0.048,0.028,0.032,0.021,0.038,0.03,0,0.732,0.047,0.025,0.048,0.027,0.031,0.021,0.038,0.03,0,,,,,,,,,,0.0,,,,,,,,,,,,,,0.0,,,,,,,,,,,,,,,,,,,0.0,0.0,0.0,99.0,0.0,0.0,100.0,1.0,12.0,1,,,,,,,,,,,,,,,,,,,,,,,,,,,,,,,,0.0216,0.0163,0.0059,0.0046,0.0033,0.0038,0.004,0.004,0.0023,0.0021,-0.1972,-0.0056,-0.0057,0.2706,0.3143,0.0235,0.0186,0.0081,0.0068,0.0052,0.0054,0.0051,0.0047,0.0023,0.0019,-0.2303,-0.0086,-0.0088,0.3788,0.4635,,,,,,,,,,,,,,,,,,,,,,,,,,,,,,,,,,,,,,,,,,,,,,,,,,,,,,,,,,,,,,,,,,,,,,,,,,,,,,,,,,,,,,
JDFB_57_082825,2025-08-28T00:00:00,48.253672,-123.055922,3.8207,678.9945,,,0.0,0.0,0.0,0.0,0.0,0.0,0.0,0.0,974.981,1338.0,606.0,-107.89,988.929,1407.8,651.7,-93.004,983.52,1403.567,675.367,-98.376,0.09,0.95,0.25,,0.1,1.08,0.29,0.08,10.0,0.0,10.0,0.0,10.0,0.0,12.615,-32768.0,0.0,0.0,0.0,0.0,0.0,0.732,0.047,0.025,0.047,0.028,0.031,0.02,0.038,0.031,0,0.724,0.048,0.025,0.048,0.028,0.033,0.021,0.041,0.032,0,,,,,,,,,,0.0,,,,,,,,,,,,,,0.0,,,,,,,,,,,,,,,,,,,0.0,0.0,0.0,97.0,0.0,0.0,100.0,1.0,12.0,1,,,,,,,,,,,,,,,,,,,,,,,,,,,,,,,,0.0214,0.0174,0.0068,0.0053,0.0033,0.0037,0.0043,0.0039,0.0032,0.0024,-0.2247,-0.007,-0.0073,0.143,0.2901,0.0217,0.0179,0.0079,0.0065,0.0048,0.0052,0.0051,0.0045,0.0025,0.0021,-0.2157,-0.0078,-0.0081,0.3362,0.4091,,,,,,,,,,,,,,,,,,,,,,,,,,,,,,,,,,,,,,,,,,,,,,,,,,,,,,,,,,,,,,,,,,,,,,,,,,,,,,,,,,,,,,
JDFB_58_082825,2025-08-28T00:00:00,48.253672,-123.055922,3.8207,678.9945,,,0.0,0.0,0.0,0.0,0.0,0.0,0.0,0.0,974.981,1338.0,606.0,-107.89,988.929,1407.8,651.7,-93.004,983.52,1403.567,675.367,-98.376,0.09,0.95,0.25,,0.1,1.08,0.29,0.08,10.0,0.0,10.0,0.0,10.0,0.0,12.615,-32768.0,0.0,0.0,0.0,0.0,0.0,0.732,0.047,0.025,0.047,0.028,0.031,0.02,0.038,0.031,0,0.724,0.048,0.025,0.048,0.028,0.033,0.021,0.041,0.032,0,,,,,,,,,,0.0,,,,,,,,,,,,,,0.0,,,,,,,,,,,,,,,,,,,0.0,0.0,0.0,97.0,0.0,0.0,100.0,1.0,12.0,1,,,,,,,,,,,,,,,,,,,,,,,,,,,,,,,,0.0214,0.0174,0.0068,0.0053,0.0033,0.0037,0.0043,0.0039,0.0032,0.0024,-0.2247,-0.007,-0.0073,0.143,0.2901,0.0217,0.0179,0.0079,0.0065,0.0048,0.0052,0.0051,0.0045,0.0025,0.0021,-0.2157,-0.0078,-0.0081,0.3362,0.4091,,,,,,,,,,,,,,,,,,,,,,,,,,,,,,,,,,,,,,,,,,,,,,,,,,,,,,,,,,,,,,,,,,,,,,,,,,,,,,,,,,,,,,
JDFB_59_082825,2025-08-28T00:00:00,48.253672,-123.055922,3.8207,678.9945,,,0.0,0.0,0.0,0.0,0.0,0.0,0.0,0.0,974.981,1338.0,606.0,-107.89,988.929,1407.8,651.7,-93.004,983.52,1403.567,675.367,-98.376,0.09,0.95,0.25,,0.1,1.08,0.29,0.08,10.0,0.0,10.0,0.0,10.0,0.0,12.615,-32768.0,0.0,0.0,0.0,0.0,0.0,0.732,0.047,0.025,0.047,0.028,0.031,0.02,0.038,0.031,0,0.724,0.048,0.025,0.048,0.028,0.033,0.021,0.041,0.032,0,,,,,,,,,,0.0,,,,,,,,,,,,,,0.0,,,,,,,,,,,,,,,,,,,0.0,0.0,0.0,97.0,0.0,0.0,100.0,1.0,12.0,1,,,,,,,,,,,,,,,,,,,,,,,,,,,,,,,,0.0214,0.0174,0.0068,0.0053,0.0033,0.0037,0.0043,0.0039,0.0032,0.0024,-0.2247,-0.007,-0.0073,0.143,0.2901,0.0217,0.0179,0.0079,0.0065,0.0048,0.0052,0.0051,0.0045,0.0025,0.0021,-0.2157,-0.0078,-0.0081,0.3362,0.4091,,,,,,,,,,,,,,,,,,,,,,,,,,,,,,,,,,,,,,,,,,,,,,,,,,,,,,,,,,,,,,,,,,,,,,,,,,,,,,,,,,,,,,
JDFB_60_082825,2025-08-28T00:00:00,48.253672,-123.055922,3.8207,678.9945,,,0.0,0.0,0.0,0.0,0.0,0.0,0.0,0.0,974.981,1338.0,606.0,-107.89,988.929,1407.8,651.7,-93.004,983.52,1403.567,675.367,-98.376,0.09,0.95,0.25,,0.1,1.08,0.29,0.08,10.0,0.0,10.0,0.0,10.0,0.0,12.615,-32768.0,0.0,0.0,0.0,0.0,0.0,0.732,0.047,0.025,0.047,0.028,0.031,0.02,0.038,0.031,0,0.724,0.048,0.025,0.048,0.028,0.033,0.021,0.041,0.032,0,,,,,,,,,,0.0,,,,,,,,,,,,,,0.0,,,,,,,,,,,,,,,,,,,0.0,0.0,0.0,97.0,0.0,0.0,100.0,1.0,12.0,1,,,,,,,,,,,,,,,,,,,,,,,,,,,,,,,,0.0214,0.0174,0.0068,0.0053,0.0033,0.0037,0.0043,0.0039,0.0032,0.0024,-0.2247,-0.007,-0.0073,0.143,0.2901,0.0217,0.0179,0.0079,0.0065,0.0048,0.0052,0.0051,0.0045,0.0025,0.0021,-0.2157,-0.0078,-0.0081,0.3362,0.4091,,,,,,,,,,,,,,,,,,,,,,,,,,,,,,,,,,,,,,,,,,,,,,,,,,,,,,,,,,,,,,,,,,,,,,,,,,,,,,,,,,,,,,
JDFB_61_082825,2025-08-28T00:00:00,48.253672,-123.055922,3.8207,678.9945,,,0.0,0.0,0.0,0.0,0.0,0.0,0.0,0.0,974.981,1338.0,606.0,-107.89,988.929,1407.8,651.7,-93.004,983.52,1403.567,675.367,-98.376,0.09,0.95,0.25,,0.1,1.08,0.29,0.08,10.0,0.0,10.0,0.0,10.0,0.0,12.615,-32768.0,0.0,0.0,0.0,0.0,0.0,0.732,0.047,0.025,0.047,0.028,0.031,0.02,0.038,0.031,0,0.724,0.048,0.025,0.048,0.028,0.033,0.021,0.041,0.032,0,,,,,,,,,,0.0,,,,,,,,,,,,,,0.0,,,,,,,,,,,,,,,,,,,0.0,0.0,0.0,97.0,0.0,0.0,100.0,1.0,12.0,1,,,,,,,,,,,,,,,,,,,,,,,,,,,,,,,,0.0214,0.0174,0.0068,0.0053,0.0033,0.0037,0.0043,0.0039,0.0032,0.0024,-0.2247,-0.007,-0.0073,0.143,0.2901,0.0217,0.0179,0.0079,0.0065,0.0048,0.0052,0.0051,0.0045,0.0025,0.0021,-0.2157,-0.0078,-0.0081,0.3362,0.4091,,,,,,,,,,,,,,,,,,,,,,,,,,,,,,,,,,,,,,,,,,,,,,,,,,,,,,,,,,,,,,,,,,,,,,,,,,,,,,,,,,,,,,
JDFB_62_082825,2025-08-28T00:00:00,48.253672,-123.055922,3.8207,678.9945,,,0.0,0.0,0.0,0.0,0.0,0.0,0.0,0.0,974.981,1338.0,606.0,-107.89,988.929,1407.8,651.7,-93.004,983.52,1403.567,675.367,-98.376,0.09,0.95,0.25,,0.1,1.08,0.29,0.08,10.0,0.0,10.0,0.0,10.0,0.0,12.615,-32768.0,0.0,0.0,0.0,0.0,0.0,0.732,0.047,0.025,0.047,0.028,0.031,0.02,0.038,0.031,0,0.724,0.048,0.025,0.048,0.028,0.033,0.021,0.041,0.032,0,,,,,,,,,,0.0,,,,,,,,,,,,,,0.0,,,,,,,,,,,,,,,,,,,0.0,0.0,0.0,97.0,0.0,0.0,100.0,1.0,12.0,1,,,,,,,,,,,,,,,,,,,,,,,,,,,,,,,,0.0214,0.0174,0.0068,0.0053,0.0033,0.0037,0.0043,0.0039,0.0032,0.0024,-0.2247,-0.007,-0.0073,0.143,0.2901,0.0217,0.0179,0.0079,0.0065,0.0048,0.0052,0.0051,0.0045,0.0025,0.0021,-0.2157,-0.0078,-0.0081,0.3362,0.4091,,,,,,,,,,,,,,,,,,,,,,,,,,,,,,,,,,,,,,,,,,,,,,,,,,,,,,,,,,,,,,,,,,,,,,,,,,,,,,,,,,,,,,
JDFB_63_082825,2025-08-28T00:00:00,48.268314,-122.862206,3.3464,854.9655,IV,Marine Protected Area,0.0,0.0,0.0,0.0,0.0,0.0,0.0,0.0,973.228,1341.0,600.0,-110.995,979.473,1383.7,621.3,-103.826,973.656,1372.8,634.1,-109.606,0.13,1.99,0.35,,0.13,1.31,0.33,0.15,10.0,0.0,10.0,0.0,10.0,0.0,12.154,-32768.0,0.0,0.0,0.0,0.0,0.0,0.73,0.048,0.025,0.049,0.028,0.032,0.021,0.038,0.03,0,0.729,0.048,0.025,0.049,0.027,0.032,0.021,0.038,0.031,0,,,,,,,,,,0.0,,,,,,,,,,,,,,0.0,,,,,,,,,,,,,,,,,,,0.0,0.0,0.0,97.0,0.0,0.0,100.0,1.0,12.0,1,,,,,,,,,,,,,,,,,,,,,,,,,,,,,,,,0.0223,0.0167,0.0063,0.0051,0.0036,0.0039,0.0034,0.0033,0.0017,0.0012,-0.2957,-0.0082,-0.0084,0.3386,0.4648,0.0233,0.0189,0.0074,0.0061,0.0049,0.0055,0.0046,0.0041,0.0018,0.0014,-0.2317,-0.0079,-0.0081,0.4332,0.531,,,,,,,,,,,,,,,,,,,,,,,,,,,,,,,,,,,,,,,,,,,,,,,,,,,,,,,,,,,,,,,,,,,,,,,,,,,,,,,,,,,,,,
JDFB_64_082825,2025-08-28T00:00:00,48.255958,-122.839194,4.596,1121.8242,IV,Marine Protected Area,0.0,0.0,0.0,0.0,0.0,0.0,0.0,0.0,973.228,1341.0,600.0,-110.995,979.473,1383.7,621.3,-103.826,973.656,1372.8,634.1,-109.606,0.14,1.24,0.31,,0.14,4.43,0.42,0.08,10.0,0.0,10.0,0.0,10.0,0.0,11.132,-32768.0,0.0,0.0,0.0,0.0,0.0,0.73,0.046,0.025,0.048,0.028,0.031,0.021,0.039,0.033,0,0.723,0.049,0.025,0.05,0.028,0.032,0.021,0.039,0.032,0,,,,,,,,,,0.0,,,,,,,,,,,,,,0.0,,,,,,,,,,,,,,,,,,,0.0,0.0,0.0,98.0,0.0,0.0,100.0,1.0,12.0,1,,,,,,,,,,,,,,,,,,,,,,,,,,,,,,,,0.0238,0.0189,0.0071,0.0061,0.0049,0.0051,0.0049,0.0047,0.0022,0.0016,-0.1861,-0.0064,-0.0065,0.3708,0.4981,0.0244,0.0199,0.0085,0.0073,0.0059,0.006,0.0059,0.0054,0.002,0.0017,-0.1806,-0.0074,-0.0076,0.4939,0.5565,,,,,,,,,,,,,,,,,,,,,,,,,,,,,,,,,,,,,,,,,,,,,,,,,,,,,,,,,,,,,,,,,,,,,,,,,,,,,,,,,,,,,,
JDFB_65_082825,2025-08-28T00:00:00,48.237678,-122.843642,4.596,1121.8242,IV,Marine Protected Area,0.0,0.0,0.0,0.0,0.0,0.0,0.0,0.0,976.176,1383.0,644.0,-118.456,976.175,1373.5,607.7,-117.51,969.466,1349.2,609.7,-124.188,0.1,1.26,0.31,,0.1,1.15,0.3,0.09,10.0,0.0,10.0,0.0,10.0,0.0,11.781,-32768.0,0.0,0.0,0.0,0.0,0.0,0.734,0.046,0.025,0.048,0.028,0.031,0.021,0.037,0.031,0,0.73,0.047,0.025,0.048,0.028,0.032,0.021,0.038,0.032,0,,,,,,,,,,0.0,,,,,,,,,,,,,,0.0,,,,,,,,,,,,,,,,,,,0.0,0.0,0.0,97.0,0.0,0.0,100.0,1.0,12.0,1,,,,,,,,,,,,,,,,,,,,,,,,,,,,,,,,0.0252,0.0201,0.0073,0.0059,0.0043,0.0047,0.0047,0.0043,0.0022,0.0016,-0.2145,-0.0075,-0.0076,0.361,0.4912,0.0248,0.0204,0.0086,0.0069,0.0059,0.006,0.0057,0.0051,0.0024,0.0019,-0.2041,-0.0084,-0.0085,0.4055,0.494,,,,,,,,,,,,,,,,,,,,,,,,,,,,,,,,,,,,,,,,,,,,,,,,,,,,,,,,,,,,,,,,,,,,,,,,,,,,,,,,,,,,,,
JDFB_66_082825,2025-08-28T00:00:00,48.237678,-122.843642,4.596,1121.8242,IV,Marine Protected Area,0.0,0.0,0.0,0.0,0.0,0.0,0.0,0.0,976.176,1383.0,644.0,-118.456,976.175,1373.5,607.7,-117.51,969.466,1349.2,609.7,-124.188,0.1,1.26,0.31,,0.1,1.15,0.3,0.09,10.0,0.0,10.0,0.0,10.0,0.0,11.781,-32768.0,0.0,0.0,0.0,0.0,0.0,0.734,0.046,0.025,0.048,0.028,0.031,0.021,0.037,0.031,0,0.73,0.047,0.025,0.048,0.028,0.032,0.021,0.038,0.032,0,,,,,,,,,,0.0,,,,,,,,,,,,,,0.0,,,,,,,,,,,,,,,,,,,0.0,0.0,0.0,97.0,0.0,0.0,100.0,1.0,12.0,1,,,,,,,,,,,,,,,,,,,,,,,,,,,,,,,,0.0252,0.0201,0.0073,0.0059,0.0043,0.0047,0.0047,0.0043,0.0022,0.0016,-0.2145,-0.0075,-0.0076,0.361,0.4912,0.0248,0.0204,0.0086,0.0069,0.0059,0.006,0.0057,0.0051,0.0024,0.0019,-0.2041,-0.0084,-0.0085,0.4055,0.494,,,,,,,,,,,,,,,,,,,,,,,,,,,,,,,,,,,,,,,,,,,,,,,,,,,,,,,,,,,,,,,,,,,,,,,,,,,,,,,,,,,,,,
JDFB_67_082825,2025-08-28T00:00:00,48.237678,-122.843642,4.596,1121.8242,IV,Marine Protected Area,0.0,0.0,0.0,0.0,0.0,0.0,0.0,0.0,976.176,1383.0,644.0,-118.456,976.175,1373.5,607.7,-117.51,969.466,1349.2,609.7,-124.188,0.1,1.26,0.31,,0.1,1.15,0.3,0.09,10.0,0.0,10.0,0.0,10.0,0.0,11.781,-32768.0,0.0,0.0,0.0,0.0,0.0,0.734,0.046,0.025,0.048,0.028,0.031,0.021,0.037,0.031,0,0.73,0.047,0.025,0.048,0.028,0.032,0.021,0.038,0.032,0,,,,,,,,,,0.0,,,,,,,,,,,,,,0.0,,,,,,,,,,,,,,,,,,,0.0,0.0,0.0,97.0,0.0,0.0,100.0,1.0,12.0,1,,,,,,,,,,,,,,,,,,,,,,,,,,,,,,,,0.0252,0.0201,0.0073,0.0059,0.0043,0.0047,0.0047,0.0043,0.0022,0.0016,-0.2145,-0.0075,-0.0076,0.361,0.4912,0.0248,0.0204,0.0086,0.0069,0.0059,0.006,0.0057,0.0051,0.0024,0.0019,-0.2041,-0.0084,-0.0085,0.4055,0.494,,,,,,,,,,,,,,,,,,,,,,,,,,,,,,,,,,,,,,,,,,,,,,,,,,,,,,,,,,,,,,,,,,,,,,,,,,,,,,,,,,,,,,
JDFB_68_082825,2025-08-28T00:00:00,48.237678,-122.843642,4.596,1121.8242,IV,Marine Protected Area,0.0,0.0,0.0,0.0,0.0,0.0,0.0,0.0,976.176,1383.0,644.0,-118.456,976.175,1373.5,607.7,-117.51,969.466,1349.2,609.7,-124.188,0.1,1.26,0.31,,0.1,1.15,0.3,0.09,10.0,0.0,10.0,0.0,10.0,0.0,11.781,-32768.0,0.0,0.0,0.0,0.0,0.0,0.734,0.046,0.025,0.048,0.028,0.031,0.021,0.037,0.031,0,0.73,0.047,0.025,0.048,0.028,0.032,0.021,0.038,0.032,0,,,,,,,,,,0.0,,,,,,,,,,,,,,0.0,,,,,,,,,,,,,,,,,,,0.0,0.0,0.0,97.0,0.0,0.0,100.0,1.0,12.0,1,,,,,,,,,,,,,,,,,,,,,,,,,,,,,,,,0.0252,0.0201,0.0073,0.0059,0.0043,0.0047,0.0047,0.0043,0.0022,0.0016,-0.2145,-0.0075,-0.0076,0.361,0.4912,0.0248,0.0204,0.0086,0.0069,0.0059,0.006,0.0057,0.0051,0.0024,0.0019,-0.2041,-0.0084,-0.0085,0.4055,0.494,,,,,,,,,,,,,,,,,,,,,,,,,,,,,,,,,,,,,,,,,,,,,,,,,,,,,,,,,,,,,,,,,,,,,,,,,,,,,,,,,,,,,,
JDFB_69_082825,2025-08-28T00:00:00,48.237678,-122.843642,4.596,1121.8242,IV,Marine Protected Area,0.0,0.0,0.0,0.0,0.0,0.0,0.0,0.0,976.176,1383.0,644.0,-118.456,976.175,1373.5,607.7,-117.51,969.466,1349.2,609.7,-124.188,0.1,1.26,0.31,,0.1,1.15,0.3,0.09,10.0,0.0,10.0,0.0,10.0,0.0,11.781,-32768.0,0.0,0.0,0.0,0.0,0.0,0.734,0.046,0.025,0.048,0.028,0.031,0.021,0.037,0.031,0,0.73,0.047,0.025,0.048,0.028,0.032,0.021,0.038,0.032,0,,,,,,,,,,0.0,,,,,,,,,,,,,,0.0,,,,,,,,,,,,,,,,,,,0.0,0.0,0.0,97.0,0.0,0.0,100.0,1.0,12.0,1,,,,,,,,,,,,,,,,,,,,,,,,,,,,,,,,0.0252,0.0201,0.0073,0.0059,0.0043,0.0047,0.0047,0.0043,0.0022,0.0016,-0.2145,-0.0075,-0.0076,0.361,0.4912,0.0248,0.0204,0.0086,0.0069,0.0059,0.006,0.0057,0.0051,0.0024,0.0019,-0.2041,-0.0084,-0.0085,0.4055,0.494,,,,,,,,,,,,,,,,,,,,,,,,,,,,,,,,,,,,,,,,,,,,,,,,,,,,,,,,,,,,,,,,,,,,,,,,,,,,,,,,,,,,,,
JDFB_70_082825,2025-08-28T00:00:00,48.237678,-122.843642,4.596,1121.8242,IV,Marine Protected Area,0.0,0.0,0.0,0.0,0.0,0.0,0.0,0.0,976.176,1383.0,644.0,-118.456,976.175,1373.5,607.7,-117.51,969.466,1349.2,609.7,-124.188,0.1,1.26,0.31,,0.1,1.15,0.3,0.09,10.0,0.0,10.0,0.0,10.0,0.0,11.781,-32768.0,0.0,0.0,0.0,0.0,0.0,0.734,0.046,0.025,0.048,0.028,0.031,0.021,0.037,0.031,0,0.73,0.047,0.025,0.048,0.028,0.032,0.021,0.038,0.032,0,,,,,,,,,,0.0,,,,,,,,,,,,,,0.0,,,,,,,,,,,,,,,,,,,0.0,0.0,0.0,97.0,0.0,0.0,100.0,1.0,12.0,1,,,,,,,,,,,,,,,,,,,,,,,,,,,,,,,,0.0252,0.0201,0.0073,0.0059,0.0043,0.0047,0.0047,0.0043,0.0022,0.0016,-0.2145,-0.0075,-0.0076,0.361,0.4912,0.0248,0.0204,0.0086,0.0069,0.0059,0.006,0.0057,0.0051,0.0024,0.0019,-0.2041,-0.0084,-0.0085,0.4055,0.494,,,,,,,,,,,,,,,,,,,,,,,,,,,,,,,,,,,,,,,,,,,,,,,,,,,,,,,,,,,,,,,,,,,,,,,,,,,,,,,,,,,,,,
JDFB_71_092325,2025-09-23T00:00:00,48.265969,-122.840792,3.3464,854.9655,IV,Marine Protected Area,0.0,0.0,0.0,0.0,0.0,0.0,0.0,0.0,973.228,1341.0,600.0,-110.995,979.473,1383.7,621.3,-103.826,973.656,1372.8,634.1,-109.606,0.13,1.08,0.34,0.22,0.12,0.92,0.28,0.15,10.0,0.0,10.0,0.0,10.0,0.0,11.597,-32768.0,0.0,0.0,0.0,0.0,0.0,0.732,0.046,0.025,0.047,0.028,0.032,0.021,0.038,0.031,0,0.731,0.047,0.025,0.048,0.028,0.031,0.021,0.038,0.03,0,,,,,,,,,,0.0,,,,,,,,,,,,,,0.0,,,,,,,,,,,,,,,,,,,0.0,0.0,0.0,97.0,0.0,0.0,100.0,1.0,12.0,1,,,,,,,,,,,,,,,,,,,,,,,,,,,,,,,,0.0256,0.02,0.0087,0.0071,0.0066,0.0065,0.0072,0.0066,0.0041,0.0025,-0.0974,-0.0045,-0.0045,0.2782,0.4849,0.0235,0.0188,0.0079,0.0063,0.0049,0.0052,0.0047,0.0042,0.0018,0.0017,-0.2504,-0.009,-0.0092,0.4493,0.4746,,,,,,,,,,,,,,,,,,,,,,,,,,,,,,,,,,,,,,,,,,,,,,,,,,,,,,,,,,,,,,,,,,,,,,,,,,,,,,,,,,,,,,
JDFB_72_092325,2025-09-23T00:00:00,48.258661,-122.845483,3.3464,854.9655,IV,Marine Protected Area,0.0,0.0,0.0,0.0,0.0,0.0,0.0,0.0,973.228,1341.0,600.0,-110.995,979.473,1383.7,621.3,-103.826,973.656,1372.8,634.1,-109.606,0.12,1.13,0.33,,0.11,4.43,0.41,0.05,10.0,0.0,10.0,0.0,10.0,0.0,11.228,-32768.0,0.0,0.0,0.0,0.0,0.0,0.722,0.047,0.025,0.048,0.028,0.032,0.023,0.041,0.034,0,0.725,0.048,0.025,0.049,0.028,0.032,0.022,0.04,0.032,0,,,,,,,,,,0.0,,,,,,,,,,,,,,0.0,,,,,1.9,1.9,0.0,-0.7,0.8,3.5,0.0,,,,,,,,0.0,0.0,0.0,97.0,0.0,0.0,100.0,1.0,12.0,1,,,,,,,,,,,,,,,,,,,,,,,,,,,,,,,,0.0255,0.0193,0.0078,0.0066,0.0058,0.0055,0.0063,0.0054,0.0027,0.0019,-0.1139,-0.0045,-0.0045,0.3907,0.5349,0.0243,0.0191,0.008,0.0066,0.0057,0.0055,0.0051,0.0047,0.0019,0.0015,-0.2247,-0.0084,-0.0085,0.4525,0.5346,,,,,,,,,,,,,,,,,,,,,,,,,,,,,,,,,,,,,,,,,,,,,,,,,,,,,,,,,,,,,,,,,,,,,,,,,,,,,,,,,,,,,,
JDFB_73_092425,2025-09-24T00:00:00,48.265969,-122.840792,3.3464,854.9655,IV,Marine Protected Area,0.0,0.0,0.0,0.0,0.0,0.0,0.0,0.0,973.228,1341.0,600.0,-110.995,979.473,1383.7,621.3,-103.826,973.656,1372.8,634.1,-109.606,0.13,1.08,0.34,0.22,0.12,0.92,0.28,0.15,10.0,0.0,10.0,0.0,10.0,0.0,11.597,-32768.0,0.0,0.0,0.0,0.0,0.0,0.733,0.046,0.025,0.047,0.028,0.032,0.021,0.038,0.031,0,0.732,0.047,0.025,0.048,0.028,0.031,0.021,0.038,0.03,0,,,,,,,,,,0.0,,,,,,,,,,,,,,0.0,,,,,,,,,,,,,,,,,,,0.0,0.0,0.0,97.0,0.0,0.0,100.0,1.0,12.0,1,,,,,,,,,,,,,,,,,,,,,,,,,,,,,,,,0.0262,0.0209,0.0089,0.0074,0.0068,0.0067,0.0075,0.0067,0.0036,0.0023,-0.0841,-0.004,-0.004,0.3538,0.5279,0.0237,0.0191,0.008,0.0064,0.0051,0.0055,0.0048,0.0043,0.0018,0.0017,-0.2482,-0.0091,-0.0093,0.4453,0.4771,,,,,,,,,,,,,,,,,,,,,,,,,,,,,,,,,,,,,,,,,,,,,,,,,,,,,,,,,,,,,,,,,,,,,,,,,,,,,,,,,,,,,,
JDFB_74_092425,2025-09-24T00:00:00,48.265969,-122.840792,3.3464,854.9655,IV,Marine Protected Area,0.0,0.0,0.0,0.0,0.0,0.0,0.0,0.0,973.228,1341.0,600.0,-110.995,979.473,1383.7,621.3,-103.826,973.656,1372.8,634.1,-109.606,0.13,1.08,0.34,0.22,0.12,0.92,0.28,0.15,10.0,0.0,10.0,0.0,10.0,0.0,11.597,-32768.0,0.0,0.0,0.0,0.0,0.0,0.733,0.046,0.025,0.047,0.028,0.032,0.021,0.038,0.031,0,0.732,0.047,0.025,0.048,0.028,0.031,0.021,0.038,0.03,0,,,,,,,,,,0.0,,,,,,,,,,,,,,0.0,,,,,,,,,,,,,,,,,,,0.0,0.0,0.0,97.0,0.0,0.0,100.0,1.0,12.0,1,,,,,,,,,,,,,,,,,,,,,,,,,,,,,,,,0.0262,0.0209,0.0089,0.0074,0.0068,0.0067,0.0075,0.0067,0.0036,0.0023,-0.0841,-0.004,-0.004,0.3538,0.5279,0.0237,0.0191,0.008,0.0064,0.0051,0.0055,0.0048,0.0043,0.0018,0.0017,-0.2482,-0.0091,-0.0093,0.4453,0.4771,,,,,,,,,,,,,,,,,,,,,,,,,,,,,,,,,,,,,,,,,,,,,,,,,,,,,,,,,,,,,,,,,,,,,,,,,,,,,,,,,,,,,,
JDFB_75_092425,2025-09-24T00:00:00,48.265969,-122.840792,3.3464,854.9655,IV,Marine Protected Area,0.0,0.0,0.0,0.0,0.0,0.0,0.0,0.0,973.228,1341.0,600.0,-110.995,979.473,1383.7,621.3,-103.826,973.656,1372.8,634.1,-109.606,0.13,1.08,0.34,0.22,0.12,0.92,0.28,0.15,10.0,0.0,10.0,0.0,10.0,0.0,11.597,-32768.0,0.0,0.0,0.0,0.0,0.0,0.733,0.046,0.025,0.047,0.028,0.032,0.021,0.038,0.031,0,0.732,0.047,0.025,0.048,0.028,0.031,0.021,0.038,0.03,0,,,,,,,,,,0.0,,,,,,,,,,,,,,0.0,,,,,,,,,,,,,,,,,,,0.0,0.0,0.0,97.0,0.0,0.0,100.0,1.0,12.0,1,,,,,,,,,,,,,,,,,,,,,,,,,,,,,,,,0.0262,0.0209,0.0089,0.0074,0.0068,0.0067,0.0075,0.0067,0.0036,0.0023,-0.0841,-0.004,-0.004,0.3538,0.5279,0.0237,0.0191,0.008,0.0064,0.0051,0.0055,0.0048,0.0043,0.0018,0.0017,-0.2482,-0.0091,-0.0093,0.4453,0.4771,,,,,,,,,,,,,,,,,,,,,,,,,,,,,,,,,,,,,,,,,,,,,,,,,,,,,,,,,,,,,,,,,,,,,,,,,,,,,,,,,,,,,,
JDFB_76_092425,2025-09-24T00:00:00,48.265969,-122.840792,3.3464,854.9655,IV,Marine Protected Area,0.0,0.0,0.0,0.0,0.0,0.0,0.0,0.0,973.228,1341.0,600.0,-110.995,979.473,1383.7,621.3,-103.826,973.656,1372.8,634.1,-109.606,0.13,1.08,0.34,0.22,0.12,0.92,0.28,0.15,10.0,0.0,10.0,0.0,10.0,0.0,11.597,-32768.0,0.0,0.0,0.0,0.0,0.0,0.733,0.046,0.025,0.047,0.028,0.032,0.021,0.038,0.031,0,0.732,0.047,0.025,0.048,0.028,0.031,0.021,0.038,0.03,0,,,,,,,,,,0.0,,,,,,,,,,,,,,0.0,,,,,,,,,,,,,,,,,,,0.0,0.0,0.0,97.0,0.0,0.0,100.0,1.0,12.0,1,,,,,,,,,,,,,,,,,,,,,,,,,,,,,,,,0.0262,0.0209,0.0089,0.0074,0.0068,0.0067,0.0075,0.0067,0.0036,0.0023,-0.0841,-0.004,-0.004,0.3538,0.5279,0.0237,0.0191,0.008,0.0064,0.0051,0.0055,0.0048,0.0043,0.0018,0.0017,-0.2482,-0.0091,-0.0093,0.4453,0.4771,,,,,,,,,,,,,,,,,,,,,,,,,,,,,,,,,,,,,,,,,,,,,,,,,,,,,,,,,,,,,,,,,,,,,,,,,,,,,,,,,,,,,,
JDFB_77_092425,2025-09-24T00:00:00,48.265969,-122.840792,3.3464,854.9655,IV,Marine Protected Area,0.0,0.0,0.0,0.0,0.0,0.0,0.0,0.0,973.228,1341.0,600.0,-110.995,979.473,1383.7,621.3,-103.826,973.656,1372.8,634.1,-109.606,0.13,1.08,0.34,0.22,0.12,0.92,0.28,0.15,10.0,0.0,10.0,0.0,10.0,0.0,11.597,-32768.0,0.0,0.0,0.0,0.0,0.0,0.733,0.046,0.025,0.047,0.028,0.032,0.021,0.038,0.031,0,0.732,0.047,0.025,0.048,0.028,0.031,0.021,0.038,0.03,0,,,,,,,,,,0.0,,,,,,,,,,,,,,0.0,,,,,,,,,,,,,,,,,,,0.0,0.0,0.0,97.0,0.0,0.0,100.0,1.0,12.0,1,,,,,,,,,,,,,,,,,,,,,,,,,,,,,,,,0.0262,0.0209,0.0089,0.0074,0.0068,0.0067,0.0075,0.0067,0.0036,0.0023,-0.0841,-0.004,-0.004,0.3538,0.5279,0.0237,0.0191,0.008,0.0064,0.0051,0.0055,0.0048,0.0043,0.0018,0.0017,-0.2482,-0.0091,-0.0093,0.4453,0.4771,,,,,,,,,,,,,,,,,,,,,,,,,,,,,,,,,,,,,,,,,,,,,,,,,,,,,,,,,,,,,,,,,,,,,,,,,,,,,,,,,,,,,,
JDFB_78_092425,2025-09-24T00:00:00,48.265969,-122.840792,3.3464,854.9655,IV,Marine Protected Area,0.0,0.0,0.0,0.0,0.0,0.0,0.0,0.0,973.228,1341.0,600.0,-110.995,979.473,1383.7,621.3,-103.826,973.656,1372.8,634.1,-109.606,0.13,1.08,0.34,0.22,0.12,0.92,0.28,0.15,10.0,0.0,10.0,0.0,10.0,0.0,11.597,-32768.0,0.0,0.0,0.0,0.0,0.0,0.733,0.046,0.025,0.047,0.028,0.032,0.021,0.038,0.031,0,0.732,0.047,0.025,0.048,0.028,0.031,0.021,0.038,0.03,0,,,,,,,,,,0.0,,,,,,,,,,,,,,0.0,,,,,,,,,,,,,,,,,,,0.0,0.0,0.0,97.0,0.0,0.0,100.0,1.0,12.0,1,,,,,,,,,,,,,,,,,,,,,,,,,,,,,,,,0.0262,0.0209,0.0089,0.0074,0.0068,0.0067,0.0075,0.0067,0.0036,0.0023,-0.0841,-0.004,-0.004,0.3538,0.5279,0.0237,0.0191,0.008,0.0064,0.0051,0.0055,0.0048,0.0043,0.0018,0.0017,-0.2482,-0.0091,-0.0093,0.4453,0.4771,,,,,,,,,,,,,,,,,,,,,,,,,,,,,,,,,,,,,,,,,,,,,,,,,,,,,,,,,,,,,,,,,,,,,,,,,,,,,,,,,,,,,,
JDFB_79_092525,2025-09-25T00:00:00,48.290067,-122.840278,3.3464,854.9655,IV,Marine Protected Area,0.0,0.0,0.0,0.0,0.0,0.0,0.0,0.0,973.228,1341.0,600.0,-110.995,979.473,1383.7,621.3,-103.826,973.656,1372.8,634.1,-109.606,0.23,1.13,0.33,,0.14,0.81,0.31,0.04,10.0,0.0,10.0,0.0,10.0,0.0,12.385,-32768.0,0.0,0.0,0.0,0.0,0.0,0.735,0.046,0.025,0.048,0.027,0.031,0.021,0.037,0.03,0,0.735,0.046,0.025,0.048,0.027,0.031,0.021,0.037,0.03,0,,,,,,,,,,0.0,,,,,,,,,,,,,,0.0,,,,,,,,,,,,,,,,,,,0.0,0.0,0.0,98.0,0.0,0.0,100.0,1.0,12.0,1,,,,,,,,,,,,,,,,,,,,,,,,,,,,,,,,0.0258,0.02,0.0077,0.0069,0.0061,0.0066,0.0057,0.0051,0.0026,0.002,-0.1452,-0.0057,-0.0057,0.3709,0.4892,0.0256,0.0205,0.0084,0.007,0.0057,0.006,0.005,0.0048,0.0021,0.0017,-0.2523,-0.0098,-0.0098,0.4,0.4919,,,,,,,,,,,,,,,,,,,,,,,,,,,,,,,,,,,,,,,,,,,,,,,,,,,,,,,,,,,,,,,,,,,,,,,,,,,,,,,,,,,,,,
JDFB_80_092525,2025-09-25T00:00:00,48.290067,-122.840278,3.3464,854.9655,IV,Marine Protected Area,0.0,0.0,0.0,0.0,0.0,0.0,0.0,0.0,973.228,1341.0,600.0,-110.995,979.473,1383.7,621.3,-103.826,973.656,1372.8,634.1,-109.606,0.23,1.13,0.33,,0.14,0.81,0.31,0.04,10.0,0.0,10.0,0.0,10.0,0.0,12.385,-32768.0,0.0,0.0,0.0,0.0,0.0,0.735,0.046,0.025,0.048,0.027,0.031,0.021,0.037,0.03,0,0.735,0.046,0.025,0.048,0.027,0.031,0.021,0.037,0.03,0,,,,,,,,,,0.0,,,,,,,,,,,,,,0.0,,,,,,,,,,,,,,,,,,,0.0,0.0,0.0,98.0,0.0,0.0,100.0,1.0,12.0,1,,,,,,,,,,,,,,,,,,,,,,,,,,,,,,,,0.0258,0.02,0.0077,0.0069,0.0061,0.0066,0.0057,0.0051,0.0026,0.002,-0.1452,-0.0057,-0.0057,0.3709,0.4892,0.0256,0.0205,0.0084,0.007,0.0057,0.006,0.005,0.0048,0.0021,0.0017,-0.2523,-0.0098,-0.0098,0.4,0.4919,,,,,,,,,,,,,,,,,,,,,,,,,,,,,,,,,,,,,,,,,,,,,,,,,,,,,,,,,,,,,,,,,,,,,,,,,,,,,,,,,,,,,,
JDFB_81_092525,2025-09-25T00:00:00,48.290067,-122.840278,3.3464,854.9655,IV,Marine Protected Area,0.0,0.0,0.0,0.0,0.0,0.0,0.0,0.0,973.228,1341.0,600.0,-110.995,979.473,1383.7,621.3,-103.826,973.656,1372.8,634.1,-109.606,0.23,1.13,0.33,,0.14,0.81,0.31,0.04,10.0,0.0,10.0,0.0,10.0,0.0,12.385,-32768.0,0.0,0.0,0.0,0.0,0.0,0.735,0.046,0.025,0.048,0.027,0.031,0.021,0.037,0.03,0,0.735,0.046,0.025,0.048,0.027,0.031,0.021,0.037,0.03,0,,,,,,,,,,0.0,,,,,,,,,,,,,,0.0,,,,,,,,,,,,,,,,,,,0.0,0.0,0.0,98.0,0.0,0.0,100.0,1.0,12.0,1,,,,,,,,,,,,,,,,,,,,,,,,,,,,,,,,0.0258,0.02,0.0077,0.0069,0.0061,0.0066,0.0057,0.0051,0.0026,0.002,-0.1452,-0.0057,-0.0057,0.3709,0.4892,0.0256,0.0205,0.0084,0.007,0.0057,0.006,0.005,0.0048,0.0021,0.0017,-0.2523,-0.0098,-0.0098,0.4,0.4919,,,,,,,,,,,,,,,,,,,,,,,,,,,,,,,,,,,,,,,,,,,,,,,,,,,,,,,,,,,,,,,,,,,,,,,,,,,,,,,,,,,,,,
JDFB_82_092525,2025-09-25T00:00:00,48.290067,-122.840278,3.3464,854.9655,IV,Marine Protected Area,0.0,0.0,0.0,0.0,0.0,0.0,0.0,0.0,973.228,1341.0,600.0,-110.995,979.473,1383.7,621.3,-103.826,973.656,1372.8,634.1,-109.606,0.23,1.13,0.33,,0.14,0.81,0.31,0.04,10.0,0.0,10.0,0.0,10.0,0.0,12.385,-32768.0,0.0,0.0,0.0,0.0,0.0,0.735,0.046,0.025,0.048,0.027,0.031,0.021,0.037,0.03,0,0.735,0.046,0.025,0.048,0.027,0.031,0.021,0.037,0.03,0,,,,,,,,,,0.0,,,,,,,,,,,,,,0.0,,,,,,,,,,,,,,,,,,,0.0,0.0,0.0,98.0,0.0,0.0,100.0,1.0,12.0,1,,,,,,,,,,,,,,,,,,,,,,,,,,,,,,,,0.0258,0.02,0.0077,0.0069,0.0061,0.0066,0.0057,0.0051,0.0026,0.002,-0.1452,-0.0057,-0.0057,0.3709,0.4892,0.0256,0.0205,0.0084,0.007,0.0057,0.006,0.005,0.0048,0.0021,0.0017,-0.2523,-0.0098,-0.0098,0.4,0.4919,,,,,,,,,,,,,,,,,,,,,,,,,,,,,,,,,,,,,,,,,,,,,,,,,,,,,,,,,,,,,,,,,,,,,,,,,,,,,,,,,,,,,,
JDFB_83_092525,2025-09-25T00:00:00,48.290067,-122.840278,3.3464,854.9655,IV,Marine Protected Area,0.0,0.0,0.0,0.0,0.0,0.0,0.0,0.0,973.228,1341.0,600.0,-110.995,979.473,1383.7,621.3,-103.826,973.656,1372.8,634.1,-109.606,0.23,1.13,0.33,,0.14,0.81,0.31,0.04,10.0,0.0,10.0,0.0,10.0,0.0,12.385,-32768.0,0.0,0.0,0.0,0.0,0.0,0.735,0.046,0.025,0.048,0.027,0.031,0.021,0.037,0.03,0,0.735,0.046,0.025,0.048,0.027,0.031,0.021,0.037,0.03,0,,,,,,,,,,0.0,,,,,,,,,,,,,,0.0,,,,,,,,,,,,,,,,,,,0.0,0.0,0.0,98.0,0.0,0.0,100.0,1.0,12.0,1,,,,,,,,,,,,,,,,,,,,,,,,,,,,,,,,0.0258,0.02,0.0077,0.0069,0.0061,0.0066,0.0057,0.0051,0.0026,0.002,-0.1452,-0.0057,-0.0057,0.3709,0.4892,0.0256,0.0205,0.0084,0.007,0.0057,0.006,0.005,0.0048,0.0021,0.0017,-0.2523,-0.0098,-0.0098,0.4,0.4919,,,,,,,,,,,,,,,,,,,,,,,,,,,,,,,,,,,,,,,,,,,,,,,,,,,,,,,,,,,,,,,,,,,,,,,,,,,,,,,,,,,,,,
JDFB_84_092525,2025-09-25T00:00:00,48.290067,-122.840278,3.3464,854.9655,IV,Marine Protected Area,0.0,0.0,0.0,0.0,0.0,0.0,0.0,0.0,973.228,1341.0,600.0,-110.995,979.473,1383.7,621.3,-103.826,973.656,1372.8,634.1,-109.606,0.23,1.13,0.33,,0.14,0.81,0.31,0.04,10.0,0.0,10.0,0.0,10.0,0.0,12.385,-32768.0,0.0,0.0,0.0,0.0,0.0,0.735,0.046,0.025,0.048,0.027,0.031,0.021,0.037,0.03,0,0.735,0.046,0.025,0.048,0.027,0.031,0.021,0.037,0.03,0,,,,,,,,,,0.0,,,,,,,,,,,,,,0.0,,,,,,,,,,,,,,,,,,,0.0,0.0,0.0,98.0,0.0,0.0,100.0,1.0,12.0,1,,,,,,,,,,,,,,,,,,,,,,,,,,,,,,,,0.0258,0.02,0.0077,0.0069,0.0061,0.0066,0.0057,0.0051,0.0026,0.002,-0.1452,-0.0057,-0.0057,0.3709,0.4892,0.0256,0.0205,0.0084,0.007,0.0057,0.006,0.005,0.0048,0.0021,0.0017,-0.2523,-0.0098,-0.0098,0.4,0.4919,,,,,,,,,,,,,,,,,,,,,,,,,,,,,,,,,,,,,,,,,,,,,,,,,,,,,,,,,,,,,,,,,,,,,,,,,,,,,,,,,,,,,,
JDFB_85_092525,2025-09-25T00:00:00,48.237678,-122.843642,4.596,1121.8242,IV,Marine Protected Area,0.0,0.0,0.0,0.0,0.0,0.0,0.0,0.0,976.176,1383.0,644.0,-118.456,976.175,1373.5,607.7,-117.51,969.466,1349.2,609.7,-124.188,0.1,1.26,0.31,,0.1,1.15,0.3,0.09,10.0,0.0,10.0,0.0,10.0,0.0,11.781,-32768.0,0.0,0.0,0.0,0.0,0.0,0.736,0.046,0.025,0.047,0.028,0.031,0.021,0.037,0.03,0,0.731,0.047,0.025,0.048,0.028,0.032,0.021,0.038,0.031,0,,,,,,,,,,0.0,,,,,,,,,,,,,,0.0,,,,,,,,,,,,,,,,,,,0.0,0.0,0.0,97.0,0.0,0.0,100.0,1.0,12.0,1,,,,,,,,,,,,,,,,,,,,,,,,,,,,,,,,0.026,0.0202,0.0085,0.0068,0.0061,0.0061,0.0062,0.0056,0.0026,0.002,-0.1537,-0.0065,-0.0066,0.4039,0.5093,0.0255,0.0207,0.0087,0.0071,0.0059,0.0062,0.0058,0.0052,0.0024,0.0019,-0.2026,-0.0085,-0.0086,0.4118,0.4991,,,,,,,,,,,,,,,,,,,,,,,,,,,,,,,,,,,,,,,,,,,,,,,,,,,,,,,,,,,,,,,,,,,,,,,,,,,,,,,,,,,,,,
JDFB_86_092525,2025-09-25T00:00:00,48.237678,-122.843642,4.596,1121.8242,IV,Marine Protected Area,0.0,0.0,0.0,0.0,0.0,0.0,0.0,0.0,976.176,1383.0,644.0,-118.456,976.175,1373.5,607.7,-117.51,969.466,1349.2,609.7,-124.188,0.1,1.26,0.31,,0.1,1.15,0.3,0.09,10.0,0.0,10.0,0.0,10.0,0.0,11.781,-32768.0,0.0,0.0,0.0,0.0,0.0,0.736,0.046,0.025,0.047,0.028,0.031,0.021,0.037,0.03,0,0.731,0.047,0.025,0.048,0.028,0.032,0.021,0.038,0.031,0,,,,,,,,,,0.0,,,,,,,,,,,,,,0.0,,,,,,,,,,,,,,,,,,,0.0,0.0,0.0,97.0,0.0,0.0,100.0,1.0,12.0,1,,,,,,,,,,,,,,,,,,,,,,,,,,,,,,,,0.026,0.0202,0.0085,0.0068,0.0061,0.0061,0.0062,0.0056,0.0026,0.002,-0.1537,-0.0065,-0.0066,0.4039,0.5093,0.0255,0.0207,0.0087,0.0071,0.0059,0.0062,0.0058,0.0052,0.0024,0.0019,-0.2026,-0.0085,-0.0086,0.4118,0.4991,,,,,,,,,,,,,,,,,,,,,,,,,,,,,,,,,,,,,,,,,,,,,,,,,,,,,,,,,,,,,,,,,,,,,,,,,,,,,,,,,,,,,,
JDFB_87_092525,2025-09-25T00:00:00,48.237678,-122.843642,4.596,1121.8242,IV,Marine Protected Area,0.0,0.0,0.0,0.0,0.0,0.0,0.0,0.0,976.176,1383.0,644.0,-118.456,976.175,1373.5,607.7,-117.51,969.466,1349.2,609.7,-124.188,0.1,1.26,0.31,,0.1,1.15,0.3,0.09,10.0,0.0,10.0,0.0,10.0,0.0,11.781,-32768.0,0.0,0.0,0.0,0.0,0.0,0.736,0.046,0.025,0.047,0.028,0.031,0.021,0.037,0.03,0,0.731,0.047,0.025,0.048,0.028,0.032,0.021,0.038,0.031,0,,,,,,,,,,0.0,,,,,,,,,,,,,,0.0,,,,,,,,,,,,,,,,,,,0.0,0.0,0.0,97.0,0.0,0.0,100.0,1.0,12.0,1,,,,,,,,,,,,,,,,,,,,,,,,,,,,,,,,0.026,0.0202,0.0085,0.0068,0.0061,0.0061,0.0062,0.0056,0.0026,0.002,-0.1537,-0.0065,-0.0066,0.4039,0.5093,0.0255,0.0207,0.0087,0.0071,0.0059,0.0062,0.0058,0.0052,0.0024,0.0019,-0.2026,-0.0085,-0.0086,0.4118,0.4991,,,,,,,,,,,,,,,,,,,,,,,,,,,,,,,,,,,,,,,,,,,,,,,,,,,,,,,,,,,,,,,,,,,,,,,,,,,,,,,,,,,,,,
JDFB_88_092525,2025-09-25T00:00:00,48.237678,-122.843642,4.596,1121.8242,IV,Marine Protected Area,0.0,0.0,0.0,0.0,0.0,0.0,0.0,0.0,976.176,1383.0,644.0,-118.456,976.175,1373.5,607.7,-117.51,969.466,1349.2,609.7,-124.188,0.1,1.26,0.31,,0.1,1.15,0.3,0.09,10.0,0.0,10.0,0.0,10.0,0.0,11.781,-32768.0,0.0,0.0,0.0,0.0,0.0,0.736,0.046,0.025,0.047,0.028,0.031,0.021,0.037,0.03,0,0.731,0.047,0.025,0.048,0.028,0.032,0.021,0.038,0.031,0,,,,,,,,,,0.0,,,,,,,,,,,,,,0.0,,,,,,,,,,,,,,,,,,,0.0,0.0,0.0,97.0,0.0,0.0,100.0,1.0,12.0,1,,,,,,,,,,,,,,,,,,,,,,,,,,,,,,,,0.026,0.0202,0.0085,0.0068,0.0061,0.0061,0.0062,0.0056,0.0026,0.002,-0.1537,-0.0065,-0.0066,0.4039,0.5093,0.0255,0.0207,0.0087,0.0071,0.0059,0.0062,0.0058,0.0052,0.0024,0.0019,-0.2026,-0.0085,-0.0086,0.4118,0.4991,,,,,,,,,,,,,,,,,,,,,,,,,,,,,,,,,,,,,,,,,,,,,,,,,,,,,,,,,,,,,,,,,,,,,,,,,,,,,,,,,,,,,,
JDFB_89_092525,2025-09-25T00:00:00,48.237678,-122.843642,4.596,1121.8242,IV,Marine Protected Area,0.0,0.0,0.0,0.0,0.0,0.0,0.0,0.0,976.176,1383.0,644.0,-118.456,976.175,1373.5,607.7,-117.51,969.466,1349.2,609.7,-124.188,0.1,1.26,0.31,,0.1,1.15,0.3,0.09,10.0,0.0,10.0,0.0,10.0,0.0,11.781,-32768.0,0.0,0.0,0.0,0.0,0.0,0.736,0.046,0.025,0.047,0.028,0.031,0.021,0.037,0.03,0,0.731,0.047,0.025,0.048,0.028,0.032,0.021,0.038,0.031,0,,,,,,,,,,0.0,,,,,,,,,,,,,,0.0,,,,,,,,,,,,,,,,,,,0.0,0.0,0.0,97.0,0.0,0.0,100.0,1.0,12.0,1,,,,,,,,,,,,,,,,,,,,,,,,,,,,,,,,0.026,0.0202,0.0085,0.0068,0.0061,0.0061,0.0062,0.0056,0.0026,0.002,-0.1537,-0.0065,-0.0066,0.4039,0.5093,0.0255,0.0207,0.0087,0.0071,0.0059,0.0062,0.0058,0.0052,0.0024,0.0019,-0.2026,-0.0085,-0.0086,0.4118,0.4991,,,,,,,,,,,,,,,,,,,,,,,,,,,,,,,,,,,,,,,,,,,,,,,,,,,,,,,,,,,,,,,,,,,,,,,,,,,,,,,,,,,,,,
JDFB_90_092525,2025-09-25T00:00:00,48.237678,-122.843642,4.596,1121.8242,IV,Marine Protected Area,0.0,0.0,0.0,0.0,0.0,0.0,0.0,0.0,976.176,1383.0,644.0,-118.456,976.175,1373.5,607.7,-117.51,969.466,1349.2,609.7,-124.188,0.1,1.26,0.31,,0.1,1.15,0.3,0.09,10.0,0.0,10.0,0.0,10.0,0.0,11.781,-32768.0,0.0,0.0,0.0,0.0,0.0,0.736,0.046,0.025,0.047,0.028,0.031,0.021,0.037,0.03,0,0.731,0.047,0.025,0.048,0.028,0.032,0.021,0.038,0.031,0,,,,,,,,,,0.0,,,,,,,,,,,,,,0.0,,,,,,,,,,,,,,,,,,,0.0,0.0,0.0,97.0,0.0,0.0,100.0,1.0,12.0,1,,,,,,,,,,,,,,,,,,,,,,,,,,,,,,,,0.026,0.0202,0.0085,0.0068,0.0061,0.0061,0.0062,0.0056,0.0026,0.002,-0.1537,-0.0065,-0.0066,0.4039,0.5093,0.0255,0.0207,0.0087,0.0071,0.0059,0.0062,0.0058,0.0052,0.0024,0.0019,-0.2026,-0.0085,-0.0086,0.4118,0.4991,,,,,,,,,,,,,,,,,,,,,,,,,,,,,,,,,,,,,,,,,,,,,,,,,,,,,,,,,,,,,,,,,,,,,,,,,,,,,,,,,,,,,,
JDFB_BK1_01_062525,2025-06-25T00:00:00,,,,,,,,,,,,,,,,,,,,,,,,,,,,,,,,,,,,,,,,,,,,,,,,,,,,,,,,,,,,,,,,,,,,,,,,,,,,,,,,,,,,,,,,,,,,,,,,,,,,,,,,,,,,,,,,,,,,,,,,,,,,,,,,,,,,,,,,,,,,,,,,,,,,,,,,,,,,,,,,,,,,,,,,,,,,,,,,,,,,,,,,,,,,,,,,,,,,,,,,,,,,,,,,,,,,,,,,,,,,,,,,,,,,,,,,,,,,,,,,,,,,,,,,,,,,,,,,,,,,,,,,,,
JDFB_BK1_03_062625,2025-06-26T00:00:00,,,,,,,,,,,,,,,,,,,,,,,,,,,,,,,,,,,,,,,,,,,,,,,,,,,,,,,,,,,,,,,,,,,,,,,,,,,,,,,,,,,,,,,,,,,,,,,,,,,,,,,,,,,,,,,,,,,,,,,,,,,,,,,,,,,,,,,,,,,,,,,,,,,,,,,,,,,,,,,,,,,,,,,,,,,,,,,,,,,,,,,,,,,,,,,,,,,,,,,,,,,,,,,,,,,,,,,,,,,,,,,,,,,,,,,,,,,,,,,,,,,,,,,,,,,,,,,,,,,,,,,,,,
JDFB_BK1_05_072425,2025-07-24T00:00:00,,,,,,,,,,,,,,,,,,,,,,,,,,,,,,,,,,,,,,,,,,,,,,,,,,,,,,,,,,,,,,,,,,,,,,,,,,,,,,,,,,,,,,,,,,,,,,,,,,,,,,,,,,,,,,,,,,,,,,,,,,,,,,,,,,,,,,,,,,,,,,,,,,,,,,,,,,,,,,,,,,,,,,,,,,,,,,,,,,,,,,,,,,,,,,,,,,,,,,,,,,,,,,,,,,,,,,,,,,,,,,,,,,,,,,,,,,,,,,,,,,,,,,,,,,,,,,,,,,,,,,,,,,
JDFB_BK1_06_073025,2025-07-30T00:00:00,,,,,,,,,,,,,,,,,,,,,,,,,,,,,,,,,,,,,,,,,,,,,,,,,,,,,,,,,,,,,,,,,,,,,,,,,,,,,,,,,,,,,,,,,,,,,,,,,,,,,,,,,,,,,,,,,,,,,,,,,,,,,,,,,,,,,,,,,,,,,,,,,,,,,,,,,,,,,,,,,,,,,,,,,,,,,,,,,,,,,,,,,,,,,,,,,,,,,,,,,,,,,,,,,,,,,,,,,,,,,,,,,,,,,,,,,,,,,,,,,,,,,,,,,,,,,,,,,,,,,,,,,,
JDFB_BK1_08_082625,2025-08-26T00:00:00,,,,,,,,,,,,,,,,,,,,,,,,,,,,,,,,,,,,,,,,,,,,,,,,,,,,,,,,,,,,,,,,,,,,,,,,,,,,,,,,,,,,,,,,,,,,,,,,,,,,,,,,,,,,,,,,,,,,,,,,,,,,,,,,,,,,,,,,,,,,,,,,,,,,,,,,,,,,,,,,,,,,,,,,,,,,,,,,,,,,,,,,,,,,,,,,,,,,,,,,,,,,,,,,,,,,,,,,,,,,,,,,,,,,,,,,,,,,,,,,,,,,,,,,,,,,,,,,,,,,,,,,,,
JDFB_BK1_10_082725,2025-08-27T00:00:00,,,,,,,,,,,,,,,,,,,,,,,,,,,,,,,,,,,,,,,,,,,,,,,,,,,,,,,,,,,,,,,,,,,,,,,,,,,,,,,,,,,,,,,,,,,,,,,,,,,,,,,,,,,,,,,,,,,,,,,,,,,,,,,,,,,,,,,,,,,,,,,,,,,,,,,,,,,,,,,,,,,,,,,,,,,,,,,,,,,,,,,,,,,,,,,,,,,,,,,,,,,,,,,,,,,,,,,,,,,,,,,,,,,,,,,,,,,,,,,,,,,,,,,,,,,,,,,,,,,,,,,,,,
JDFB_BK1_12_082825,2025-08-28T00:00:00,,,,,,,,,,,,,,,,,,,,,,,,,,,,,,,,,,,,,,,,,,,,,,,,,,,,,,,,,,,,,,,,,,,,,,,,,,,,,,,,,,,,,,,,,,,,,,,,,,,,,,,,,,,,,,,,,,,,,,,,,,,,,,,,,,,,,,,,,,,,,,,,,,,,,,,,,,,,,,,,,,,,,,,,,,,,,,,,,,,,,,,,,,,,,,,,,,,,,,,,,,,,,,,,,,,,,,,,,,,,,,,,,,,,,,,,,,,,,,,,,,,,,,,,,,,,,,,,,,,,,,,,,,
JDFB_BK1_14_092425,2025-09-24T00:00:00,,,,,,,,,,,,,,,,,,,,,,,,,,,,,,,,,,,,,,,,,,,,,,,,,,,,,,,,,,,,,,,,,,,,,,,,,,,,,,,,,,,,,,,,,,,,,,,,,,,,,,,,,,,,,,,,,,,,,,,,,,,,,,,,,,,,,,,,,,,,,,,,,,,,,,,,,,,,,,,,,,,,,,,,,,,,,,,,,,,,,,,,,,,,,,,,,,,,,,,,,,,,,,,,,,,,,,,,,,,,,,,,,,,,,,,,,,,,,,,,,,,,,,,,,,,,,,,,,,,,,,,,,,
JDFB_BK1_16_092525,2025-09-25T00:00:00,,,,,,,,,,,,,,,,,,,,,,,,,,,,,,,,,,,,,,,,,,,,,,,,,,,,,,,,,,,,,,,,,,,,,,,,,,,,,,,,,,,,,,,,,,,,,,,,,,,,,,,,,,,,,,,,,,,,,,,,,,,,,,,,,,,,,,,,,,,,,,,,,,,,,,,,,,,,,,,,,,,,,,,,,,,,,,,,,,,,,,,,,,,,,,,,,,,,,,,,,,,,,,,,,,,,,,,,,,,,,,,,,,,,,,,,,,,,,,,,,,,,,,,,,,,,,,,,,,,,,,,,,,
JDFB_BK2_02_062525,2025-06-25T00:00:00,,,,,,,,,,,,,,,,,,,,,,,,,,,,,,,,,,,,,,,,,,,,,,,,,,,,,,,,,,,,,,,,,,,,,,,,,,,,,,,,,,,,,,,,,,,,,,,,,,,,,,,,,,,,,,,,,,,,,,,,,,,,,,,,,,,,,,,,,,,,,,,,,,,,,,,,,,,,,,,,,,,,,,,,,,,,,,,,,,,,,,,,,,,,,,,,,,,,,,,,,,,,,,,,,,,,,,,,,,,,,,,,,,,,,,,,,,,,,,,,,,,,,,,,,,,,,,,,,,,,,,,,,,
JDFB_BK2_04_062625,2025-06-26T00:00:00,,,,,,,,,,,,,,,,,,,,,,,,,,,,,,,,,,,,,,,,,,,,,,,,,,,,,,,,,,,,,,,,,,,,,,,,,,,,,,,,,,,,,,,,,,,,,,,,,,,,,,,,,,,,,,,,,,,,,,,,,,,,,,,,,,,,,,,,,,,,,,,,,,,,,,,,,,,,,,,,,,,,,,,,,,,,,,,,,,,,,,,,,,,,,,,,,,,,,,,,,,,,,,,,,,,,,,,,,,,,,,,,,,,,,,,,,,,,,,,,,,,,,,,,,,,,,,,,,,,,,,,,,,
JDFB_BK2_07_073025,2025-07-30T00:00:00,,,,,,,,,,,,,,,,,,,,,,,,,,,,,,,,,,,,,,,,,,,,,,,,,,,,,,,,,,,,,,,,,,,,,,,,,,,,,,,,,,,,,,,,,,,,,,,,,,,,,,,,,,,,,,,,,,,,,,,,,,,,,,,,,,,,,,,,,,,,,,,,,,,,,,,,,,,,,,,,,,,,,,,,,,,,,,,,,,,,,,,,,,,,,,,,,,,,,,,,,,,,,,,,,,,,,,,,,,,,,,,,,,,,,,,,,,,,,,,,,,,,,,,,,,,,,,,,,,,,,,,,,,
JDFB_BK2_09_082625,2025-08-26T00:00:00,,,,,,,,,,,,,,,,,,,,,,,,,,,,,,,,,,,,,,,,,,,,,,,,,,,,,,,,,,,,,,,,,,,,,,,,,,,,,,,,,,,,,,,,,,,,,,,,,,,,,,,,,,,,,,,,,,,,,,,,,,,,,,,,,,,,,,,,,,,,,,,,,,,,,,,,,,,,,,,,,,,,,,,,,,,,,,,,,,,,,,,,,,,,,,,,,,,,,,,,,,,,,,,,,,,,,,,,,,,,,,,,,,,,,,,,,,,,,,,,,,,,,,,,,,,,,,,,,,,,,,,,,,
JDFB_BK2_11_082725,2025-08-27T00:00:00,,,,,,,,,,,,,,,,,,,,,,,,,,,,,,,,,,,,,,,,,,,,,,,,,,,,,,,,,,,,,,,,,,,,,,,,,,,,,,,,,,,,,,,,,,,,,,,,,,,,,,,,,,,,,,,,,,,,,,,,,,,,,,,,,,,,,,,,,,,,,,,,,,,,,,,,,,,,,,,,,,,,,,,,,,,,,,,,,,,,,,,,,,,,,,,,,,,,,,,,,,,,,,,,,,,,,,,,,,,,,,,,,,,,,,,,,,,,,,,,,,,,,,,,,,,,,,,,,,,,,,,,,,
JDFB_BK2_13_082825,2025-08-28T00:00:00,,,,,,,,,,,,,,,,,,,,,,,,,,,,,,,,,,,,,,,,,,,,,,,,,,,,,,,,,,,,,,,,,,,,,,,,,,,,,,,,,,,,,,,,,,,,,,,,,,,,,,,,,,,,,,,,,,,,,,,,,,,,,,,,,,,,,,,,,,,,,,,,,,,,,,,,,,,,,,,,,,,,,,,,,,,,,,,,,,,,,,,,,,,,,,,,,,,,,,,,,,,,,,,,,,,,,,,,,,,,,,,,,,,,,,,,,,,,,,,,,,,,,,,,,,,,,,,,,,,,,,,,,,
JDFB_BK2_15_092425,2025-09-24T00:00:00,,,,,,,,,,,,,,,,,,,,,,,,,,,,,,,,,,,,,,,,,,,,,,,,,,,,,,,,,,,,,,,,,,,,,,,,,,,,,,,,,,,,,,,,,,,,,,,,,,,,,,,,,,,,,,,,,,,,,,,,,,,,,,,,,,,,,,,,,,,,,,,,,,,,,,,,,,,,,,,,,,,,,,,,,,,,,,,,,,,,,,,,,,,,,,,,,,,,,,,,,,,,,,,,,,,,,,,,,,,,,,,,,,,,,,,,,,,,,,,,,,,,,,,,,,,,,,,,,,,,,,,,,,
JDFB_BK2_17_092525,2025-09-25T00:00:00,,,,,,,,,,,,,,,,,,,,,,,,,,,,,,,,,,,,,,,,,,,,,,,,,,,,,,,,,,,,,,,,,,,,,,,,,,,,,,,,,,,,,,,,,,,,,,,,,,,,,,,,,,,,,,,,,,,,,,,,,,,,,,,,,,,,,,,,,,,,,,,,,,,,,,,,,,,,,,,,,,,,,,,,,,,,,,,,,,,,,,,,,,,,,,,,,,,,,,,,,,,,,,,,,,,,,,,,,,,,,,,,,,,,,,,,,,,,,,,,,,,,,,,,,,,,,,,,,,,,,,,,,,
OAK_01_072825,2025-07-28T00:00:00,47.986381,-122.691236,12.4561,2908.45,,,0.0,0.0,0.0,0.0,0.0,0.0,0.0,0.0,,,,,,,,,,,,,0.23,1.75,0.39,0.09,0.15,1.44,0.37,0.06,10.0,0.0,10.0,0.0,10.0,0.0,14.671,-32768.0,0.0,0.0,0.0,0.0,0.0,0.732,0.047,0.025,0.049,0.028,0.031,0.021,0.037,0.029,0,0.734,0.046,0.025,0.049,0.027,0.03,0.021,0.037,0.029,0,10.52,10.5,0.355,0.291,0.362,0.0,0.0,4.65,4.76,344041888.0,-8.0,-2.0,1.0,9.0,10.18,10.16,0.359,0.296,0.367,0.0,0.0,4.65,4.76,341911424.0,-25.0,-5.0,2.0,29.0,2.5,2.5,0.0,-1.0,0.9,5.1,0.0,2.5,2.5,0.0,-1.0,0.9,5.1,0.0,0.0,0.0,0.0,98.0,0.0,0.0,100.0,1.0,12.0,1,,,,,,0.023,32.0,60.75,187.0,,0.553,48.0,100.64,211.0,168.0,742.5119551732,19.7112119122,3.6078297414,381.8759099967,0.1673926317,0.0333005672,0.0316502719,4.9222143743,415.0446210075,14.7363578579,3.8795000246,257.087478536,0.1886562534,0.1912256746,0.0232732839,128.0779208177,0.0196,0.0181,0.0093,0.0097,0.011,0.0107,0.0097,0.01,0.0051,0.0038,0.0195,0.001,0.0011,0.3145,0.4391,0.0203,0.0186,0.0087,0.0084,0.0078,0.0086,0.0069,0.0068,0.0028,0.0028,-0.1151,-0.005,-0.0052,0.4187,0.4292,11.08,8.72,39.09,467.06,24.23,1.91,22.32,6.13,17.12,17.12,5.48,782.0,125.0,12.0,54.93,348.0,65.0,65.0,315.0,10.68,8.73,41.11,447.35,23.4,2.16,21.23,5.82,16.45,16.61,5.37,778.0,113.0,15.0,51.19,333.0,73.0,73.0,289.0,2225.0,973.0,12.0,6.0,0.1,45.47,2083.0,866.0,11.0,6.0,0.1,42.88,439.0,211.0,-1.15,649.0,66.0,20.0,1357.0,1331.41,0.0,6.72,15.44,101.9,0.43,32.29,446.0,199.0,-0.57,646.0,65.0,20.0,1391.0,1338.38,0.0,6.32,15.05,98.44,0.42,32.54,17.64,493.0,11.67,31.0,14.42,492.0,11.9,88.0
OAK_02_072825,2025-07-28T00:00:00,47.986381,-122.691236,12.4561,2908.45,,,0.0,0.0,0.0,0.0,0.0,0.0,0.0,0.0,,,,,,,,,,,,,0.23,1.75,0.39,0.09,0.15,1.44,0.37,0.06,10.0,0.0,10.0,0.0,10.0,0.0,14.671,-32768.0,0.0,0.0,0.0,0.0,0.0,0.732,0.047,0.025,0.049,0.028,0.031,0.021,0.037,0.029,0,0.734,0.046,0.025,0.049,0.027,0.03,0.021,0.037,0.029,0,10.52,10.5,0.355,0.291,0.362,0.0,0.0,4.65,4.76,344041888.0,-8.0,-2.0,1.0,9.0,10.18,10.16,0.359,0.296,0.367,0.0,0.0,4.65,4.76,341911424.0,-25.0,-5.0,2.0,29.0,2.5,2.5,0.0,-1.0,0.9,5.1,0.0,2.5,2.5,0.0,-1.0,0.9,5.1,0.0,0.0,0.0,0.0,98.0,0.0,0.0,100.0,1.0,12.0,1,,,,,,0.023,32.0,60.75,187.0,,0.553,48.0,100.64,211.0,168.0,742.5119551732,19.7112119122,3.6078297414,381.8759099967,0.1673926317,0.0333005672,0.0316502719,4.9222143743,415.0446210075,14.7363578579,3.8795000246,257.087478536,0.1886562534,0.1912256746,0.0232732839,128.0779208177,0.0196,0.0181,0.0093,0.0097,0.011,0.0107,0.0097,0.01,0.0051,0.0038,0.0195,0.001,0.0011,0.3145,0.4391,0.0203,0.0186,0.0087,0.0084,0.0078,0.0086,0.0069,0.0068,0.0028,0.0028,-0.1151,-0.005,-0.0052,0.4187,0.4292,11.08,8.72,39.09,467.06,24.23,1.91,22.32,6.13,17.12,17.12,5.48,782.0,125.0,12.0,54.93,348.0,65.0,65.0,315.0,10.68,8.73,41.11,447.35,23.4,2.16,21.23,5.82,16.45,16.61,5.37,778.0,113.0,15.0,51.19,333.0,73.0,73.0,289.0,2225.0,973.0,12.0,6.0,0.1,45.47,2083.0,866.0,11.0,6.0,0.1,42.88,439.0,211.0,-1.15,649.0,66.0,20.0,1357.0,1331.41,0.0,6.72,15.44,101.9,0.43,32.29,446.0,199.0,-0.57,646.0,65.0,20.0,1391.0,1338.38,0.0,6.32,15.05,98.44,0.42,32.54,17.64,493.0,11.67,31.0,14.42,492.0,11.9,88.0
OAK_03_072825,2025-07-28T00:00:00,47.986381,-122.691236,12.4561,2908.45,,,0.0,0.0,0.0,0.0,0.0,0.0,0.0,0.0,,,,,,,,,,,,,0.23,1.75,0.39,0.09,0.15,1.44,0.37,0.06,10.0,0.0,10.0,0.0,10.0,0.0,14.671,-32768.0,0.0,0.0,0.0,0.0,0.0,0.732,0.047,0.025,0.049,0.028,0.031,0.021,0.037,0.029,0,0.734,0.046,0.025,0.049,0.027,0.03,0.021,0.037,0.029,0,10.52,10.5,0.355,0.291,0.362,0.0,0.0,4.65,4.76,344041888.0,-8.0,-2.0,1.0,9.0,10.18,10.16,0.359,0.296,0.367,0.0,0.0,4.65,4.76,341911424.0,-25.0,-5.0,2.0,29.0,2.5,2.5,0.0,-1.0,0.9,5.1,0.0,2.5,2.5,0.0,-1.0,0.9,5.1,0.0,0.0,0.0,0.0,98.0,0.0,0.0,100.0,1.0,12.0,1,,,,,,0.023,32.0,60.75,187.0,,0.553,48.0,100.64,211.0,168.0,742.5119551732,19.7112119122,3.6078297414,381.8759099967,0.1673926317,0.0333005672,0.0316502719,4.9222143743,415.0446210075,14.7363578579,3.8795000246,257.087478536,0.1886562534,0.1912256746,0.0232732839,128.0779208177,0.0196,0.0181,0.0093,0.0097,0.011,0.0107,0.0097,0.01,0.0051,0.0038,0.0195,0.001,0.0011,0.3145,0.4391,0.0203,0.0186,0.0087,0.0084,0.0078,0.0086,0.0069,0.0068,0.0028,0.0028,-0.1151,-0.005,-0.0052,0.4187,0.4292,11.08,8.72,39.09,467.06,24.23,1.91,22.32,6.13,17.12,17.12,5.48,782.0,125.0,12.0,54.93,348.0,65.0,65.0,315.0,10.68,8.73,41.11,447.35,23.4,2.16,21.23,5.82,16.45,16.61,5.37,778.0,113.0,15.0,51.19,333.0,73.0,73.0,289.0,2225.0,973.0,12.0,6.0,0.1,45.47,2083.0,866.0,11.0,6.0,0.1,42.88,439.0,211.0,-1.15,649.0,66.0,20.0,1357.0,1331.41,0.0,6.72,15.44,101.9,0.43,32.29,446.0,199.0,-0.57,646.0,65.0,20.0,1391.0,1338.38,0.0,6.32,15.05,98.44,0.42,32.54,17.64,493.0,11.67,31.0,14.42,492.0,11.9,88.0
OAK_04_072825,2025-07-28T00:00:00,47.986381,-122.691236,12.4561,2908.45,,,0.0,0.0,0.0,0.0,0.0,0.0,0.0,0.0,,,,,,,,,,,,,0.23,1.75,0.39,0.09,0.15,1.44,0.37,0.06,10.0,0.0,10.0,0.0,10.0,0.0,14.671,-32768.0,0.0,0.0,0.0,0.0,0.0,0.732,0.047,0.025,0.049,0.028,0.031,0.021,0.037,0.029,0,0.734,0.046,0.025,0.049,0.027,0.03,0.021,0.037,0.029,0,10.52,10.5,0.355,0.291,0.362,0.0,0.0,4.65,4.76,344041888.0,-8.0,-2.0,1.0,9.0,10.18,10.16,0.359,0.296,0.367,0.0,0.0,4.65,4.76,341911424.0,-25.0,-5.0,2.0,29.0,2.5,2.5,0.0,-1.0,0.9,5.1,0.0,2.5,2.5,0.0,-1.0,0.9,5.1,0.0,0.0,0.0,0.0,98.0,0.0,0.0,100.0,1.0,12.0,1,,,,,,0.023,32.0,60.75,187.0,,0.553,48.0,100.64,211.0,168.0,742.5119551732,19.7112119122,3.6078297414,381.8759099967,0.1673926317,0.0333005672,0.0316502719,4.9222143743,415.0446210075,14.7363578579,3.8795000246,257.087478536,0.1886562534,0.1912256746,0.0232732839,128.0779208177,0.0196,0.0181,0.0093,0.0097,0.011,0.0107,0.0097,0.01,0.0051,0.0038,0.0195,0.001,0.0011,0.3145,0.4391,0.0203,0.0186,0.0087,0.0084,0.0078,0.0086,0.0069,0.0068,0.0028,0.0028,-0.1151,-0.005,-0.0052,0.4187,0.4292,11.08,8.72,39.09,467.06,24.23,1.91,22.32,6.13,17.12,17.12,5.48,782.0,125.0,12.0,54.93,348.0,65.0,65.0,315.0,10.68,8.73,41.11,447.35,23.4,2.16,21.23,5.82,16.45,16.61,5.37,778.0,113.0,15.0,51.19,333.0,73.0,73.0,289.0,2225.0,973.0,12.0,6.0,0.1,45.47,2083.0,866.0,11.0,6.0,0.1,42.88,439.0,211.0,-1.15,649.0,66.0,20.0,1357.0,1331.41,0.0,6.72,15.44,101.9,0.43,32.29,446.0,199.0,-0.57,646.0,65.0,20.0,1391.0,1338.38,0.0,6.32,15.05,98.44,0.42,32.54,17.64,493.0,11.67,31.0,14.42,492.0,11.9,88.0
OAK_05_072825,2025-07-28T00:00:00,47.986381,-122.691236,12.4561,2908.45,,,0.0,0.0,0.0,0.0,0.0,0.0,0.0,0.0,,,,,,,,,,,,,0.23,1.75,0.39,0.09,0.15,1.44,0.37,0.06,10.0,0.0,10.0,0.0,10.0,0.0,14.671,-32768.0,0.0,0.0,0.0,0.0,0.0,0.732,0.047,0.025,0.049,0.028,0.031,0.021,0.037,0.029,0,0.734,0.046,0.025,0.049,0.027,0.03,0.021,0.037,0.029,0,10.52,10.5,0.355,0.291,0.362,0.0,0.0,4.65,4.76,344041888.0,-8.0,-2.0,1.0,9.0,10.18,10.16,0.359,0.296,0.367,0.0,0.0,4.65,4.76,341911424.0,-25.0,-5.0,2.0,29.0,2.5,2.5,0.0,-1.0,0.9,5.1,0.0,2.5,2.5,0.0,-1.0,0.9,5.1,0.0,0.0,0.0,0.0,98.0,0.0,0.0,100.0,1.0,12.0,1,,,,,,0.023,32.0,60.75,187.0,,0.553,48.0,100.64,211.0,168.0,742.5119551732,19.7112119122,3.6078297414,381.8759099967,0.1673926317,0.0333005672,0.0316502719,4.9222143743,415.0446210075,14.7363578579,3.8795000246,257.087478536,0.1886562534,0.1912256746,0.0232732839,128.0779208177,0.0196,0.0181,0.0093,0.0097,0.011,0.0107,0.0097,0.01,0.0051,0.0038,0.0195,0.001,0.0011,0.3145,0.4391,0.0203,0.0186,0.0087,0.0084,0.0078,0.0086,0.0069,0.0068,0.0028,0.0028,-0.1151,-0.005,-0.0052,0.4187,0.4292,11.08,8.72,39.09,467.06,24.23,1.91,22.32,6.13,17.12,17.12,5.48,782.0,125.0,12.0,54.93,348.0,65.0,65.0,315.0,10.68,8.73,41.11,447.35,23.4,2.16,21.23,5.82,16.45,16.61,5.37,778.0,113.0,15.0,51.19,333.0,73.0,73.0,289.0,2225.0,973.0,12.0,6.0,0.1,45.47,2083.0,866.0,11.0,6.0,0.1,42.88,439.0,211.0,-1.15,649.0,66.0,20.0,1357.0,1331.41,0.0,6.72,15.44,101.9,0.43,32.29,446.0,199.0,-0.57,646.0,65.0,20.0,1391.0,1338.38,0.0,6.32,15.05,98.44,0.42,32.54,17.64,493.0,11.67,31.0,14.42,492.0,11.9,88.0
OAK_06_072825,2025-07-28T00:00:00,47.986381,-122.691236,12.4561,2908.45,,,0.0,0.0,0.0,0.0,0.0,0.0,0.0,0.0,,,,,,,,,,,,,0.23,1.75,0.39,0.09,0.15,1.44,0.37,0.06,10.0,0.0,10.0,0.0,10.0,0.0,14.671,-32768.0,0.0,0.0,0.0,0.0,0.0,0.732,0.047,0.025,0.049,0.028,0.031,0.021,0.037,0.029,0,0.734,0.046,0.025,0.049,0.027,0.03,0.021,0.037,0.029,0,10.52,10.5,0.355,0.291,0.362,0.0,0.0,4.65,4.76,344041888.0,-8.0,-2.0,1.0,9.0,10.18,10.16,0.359,0.296,0.367,0.0,0.0,4.65,4.76,341911424.0,-25.0,-5.0,2.0,29.0,2.5,2.5,0.0,-1.0,0.9,5.1,0.0,2.5,2.5,0.0,-1.0,0.9,5.1,0.0,0.0,0.0,0.0,98.0,0.0,0.0,100.0,1.0,12.0,1,,,,,,0.023,32.0,60.75,187.0,,0.553,48.0,100.64,211.0,168.0,742.5119551732,19.7112119122,3.6078297414,381.8759099967,0.1673926317,0.0333005672,0.0316502719,4.9222143743,415.0446210075,14.7363578579,3.8795000246,257.087478536,0.1886562534,0.1912256746,0.0232732839,128.0779208177,0.0196,0.0181,0.0093,0.0097,0.011,0.0107,0.0097,0.01,0.0051,0.0038,0.0195,0.001,0.0011,0.3145,0.4391,0.0203,0.0186,0.0087,0.0084,0.0078,0.0086,0.0069,0.0068,0.0028,0.0028,-0.1151,-0.005,-0.0052,0.4187,0.4292,11.08,8.72,39.09,467.06,24.23,1.91,22.32,6.13,17.12,17.12,5.48,782.0,125.0,12.0,54.93,348.0,65.0,65.0,315.0,10.68,8.73,41.11,447.35,23.4,2.16,21.23,5.82,16.45,16.61,5.37,778.0,113.0,15.0,51.19,333.0,73.0,73.0,289.0,2225.0,973.0,12.0,6.0,0.1,45.47,2083.0,866.0,11.0,6.0,0.1,42.88,439.0,211.0,-1.15,649.0,66.0,20.0,1357.0,1331.41,0.0,6.72,15.44,101.9,0.43,32.29,446.0,199.0,-0.57,646.0,65.0,20.0,1391.0,1338.38,0.0,6.32,15.05,98.44,0.42,32.54,17.64,493.0,11.67,31.0,14.42,492.0,11.9,88.0
OAK_07_072825,2025-07-28T00:00:00,47.986381,-122.691236,12.4561,2908.45,,,0.0,0.0,0.0,0.0,0.0,0.0,0.0,0.0,,,,,,,,,,,,,0.23,1.75,0.39,0.09,0.15,1.44,0.37,0.06,10.0,0.0,10.0,0.0,10.0,0.0,14.671,-32768.0,0.0,0.0,0.0,0.0,0.0,0.732,0.047,0.025,0.049,0.028,0.031,0.021,0.037,0.029,0,0.734,0.046,0.025,0.049,0.027,0.03,0.021,0.037,0.029,0,10.52,10.5,0.355,0.291,0.362,0.0,0.0,4.65,4.76,344041888.0,-8.0,-2.0,1.0,9.0,10.18,10.16,0.359,0.296,0.367,0.0,0.0,4.65,4.76,341911424.0,-25.0,-5.0,2.0,29.0,2.5,2.5,0.0,-1.0,0.9,5.1,0.0,2.5,2.5,0.0,-1.0,0.9,5.1,0.0,0.0,0.0,0.0,98.0,0.0,0.0,100.0,1.0,12.0,1,,,,,,0.023,32.0,60.75,187.0,,0.553,48.0,100.64,211.0,168.0,742.5119551732,19.7112119122,3.6078297414,381.8759099967,0.1673926317,0.0333005672,0.0316502719,4.9222143743,415.0446210075,14.7363578579,3.8795000246,257.087478536,0.1886562534,0.1912256746,0.0232732839,128.0779208177,0.0196,0.0181,0.0093,0.0097,0.011,0.0107,0.0097,0.01,0.0051,0.0038,0.0195,0.001,0.0011,0.3145,0.4391,0.0203,0.0186,0.0087,0.0084,0.0078,0.0086,0.0069,0.0068,0.0028,0.0028,-0.1151,-0.005,-0.0052,0.4187,0.4292,11.08,8.72,39.09,467.06,24.23,1.91,22.32,6.13,17.12,17.12,5.48,782.0,125.0,12.0,54.93,348.0,65.0,65.0,315.0,10.68,8.73,41.11,447.35,23.4,2.16,21.23,5.82,16.45,16.61,5.37,778.0,113.0,15.0,51.19,333.0,73.0,73.0,289.0,2225.0,973.0,12.0,6.0,0.1,45.47,2083.0,866.0,11.0,6.0,0.1,42.88,439.0,211.0,-1.15,649.0,66.0,20.0,1357.0,1331.41,0.0,6.72,15.44,101.9,0.43,32.29,446.0,199.0,-0.57,646.0,65.0,20.0,1391.0,1338.38,0.0,6.32,15.05,98.44,0.42,32.54,17.64,493.0,11.67,31.0,14.42,492.0,11.9,88.0
OAK_08_072825,2025-07-28T00:00:00,47.986381,-122.691236,12.4561,2908.45,,,0.0,0.0,0.0,0.0,0.0,0.0,0.0,0.0,,,,,,,,,,,,,0.23,1.75,0.39,0.09,0.15,1.44,0.37,0.06,10.0,0.0,10.0,0.0,10.0,0.0,14.671,-32768.0,0.0,0.0,0.0,0.0,0.0,0.732,0.047,0.025,0.049,0.028,0.031,0.021,0.037,0.029,0,0.734,0.046,0.025,0.049,0.027,0.03,0.021,0.037,0.029,0,10.52,10.5,0.355,0.291,0.362,0.0,0.0,4.65,4.76,344041888.0,-8.0,-2.0,1.0,9.0,10.18,10.16,0.359,0.296,0.367,0.0,0.0,4.65,4.76,341911424.0,-25.0,-5.0,2.0,29.0,2.5,2.5,0.0,-1.0,0.9,5.1,0.0,2.5,2.5,0.0,-1.0,0.9,5.1,0.0,0.0,0.0,0.0,98.0,0.0,0.0,100.0,1.0,12.0,1,,,,,,0.023,32.0,60.75,187.0,,0.553,48.0,100.64,211.0,168.0,742.5119551732,19.7112119122,3.6078297414,381.8759099967,0.1673926317,0.0333005672,0.0316502719,4.9222143743,415.0446210075,14.7363578579,3.8795000246,257.087478536,0.1886562534,0.1912256746,0.0232732839,128.0779208177,0.0196,0.0181,0.0093,0.0097,0.011,0.0107,0.0097,0.01,0.0051,0.0038,0.0195,0.001,0.0011,0.3145,0.4391,0.0203,0.0186,0.0087,0.0084,0.0078,0.0086,0.0069,0.0068,0.0028,0.0028,-0.1151,-0.005,-0.0052,0.4187,0.4292,11.08,8.72,39.09,467.06,24.23,1.91,22.32,6.13,17.12,17.12,5.48,782.0,125.0,12.0,54.93,348.0,65.0,65.0,315.0,10.68,8.73,41.11,447.35,23.4,2.16,21.23,5.82,16.45,16.61,5.37,778.0,113.0,15.0,51.19,333.0,73.0,73.0,289.0,2225.0,973.0,12.0,6.0,0.1,45.47,2083.0,866.0,11.0,6.0,0.1,42.88,439.0,211.0,-1.15,649.0,66.0,20.0,1357.0,1331.41,0.0,6.72,15.44,101.9,0.43,32.29,446.0,199.0,-0.57,646.0,65.0,20.0,1391.0,1338.38,0.0,6.32,15.05,98.44,0.42,32.54,17.64,493.0,11.67,31.0,14.42,492.0,11.9,88.0
OAK_BK1_01_072825,2025-07-28T00:00:00,,,,,,,,,,,,,,,,,,,,,,,,,,,,,,,,,,,,,,,,,,,,,,,,,,,,,,,,,,,,,,,,,,,,,,,,,,,,,,,,,,,,,,,,,,,,,,,,,,,,,,,,,,,,,,,,,,,,,,,,,,,,,,,,,,,,,,,,,,,,,,,,,,,,,,,,,,,,,,,,,,,,,,,,,,,,,,,,,,,,,,,,,,,,,,,,,,,,,,,,,,,,,,,,,,,,,,,,,,,,,,,,,,,,,,,,,,,,,,,,,,,,,,,,,,,,,,,,,,,,,,,,,,
OAK_BK2_02_072825,2025-07-28T00:00:00,,,,,,,,,,,,,,,,,,,,,,,,,,,,,,,,,,,,,,,,,,,,,,,,,,,,,,,,,,,,,,,,,,,,,,,,,,,,,,,,,,,,,,,,,,,,,,,,,,,,,,,,,,,,,,,,,,,,,,,,,,,,,,,,,,,,,,,,,,,,,,,,,,,,,,,,,,,,,,,,,,,,,,,,,,,,,,,,,,,,,,,,,,,,,,,,,,,,,,,,,,,,,,,,,,,,,,,,,,,,,,,,,,,,,,,,,,,,,,,,,,,,,,,,,,,,,,,,,,,,,,,,,,
PBN_TOW_BTM_15m_092425,2025-09-24T00:00:00,48.259936,-122.822647,3.3464,854.9655,IV,Marine Protected Area,0.0,0.0,0.0,0.0,0.0,0.0,0.0,0.0,973.228,1341.0,600.0,-110.995,979.473,1383.7,621.3,-103.826,973.656,1372.8,634.1,-109.606,0.24,0.79,0.33,0.01,0.17,4.36,0.43,0.07,10.0,0.0,10.0,0.0,10.0,0.0,12.379,-32768.0,0.0,0.0,0.0,0.0,0.0,0.734,0.046,0.025,0.048,0.027,0.031,0.021,0.037,0.03,0,0.735,0.047,0.025,0.048,0.027,0.031,0.021,0.037,0.03,0,,,,,,,,,,0.0,,,,,,,,,,,,,,0.0,,,,,,,,,,,,,,,,,,,0.0,0.0,0.0,98.0,0.0,0.0,100.0,1.0,12.0,1,,,,,,,,,,,,,,,,,,,,,,,,,,,,,,,,0.0256,0.0189,0.0082,0.0066,0.006,0.0064,0.006,0.0053,0.003,0.0021,-0.157,-0.0063,-0.0063,0.3243,0.4712,0.0234,0.0185,0.0071,0.006,0.0047,0.0049,0.0041,0.0041,0.0019,0.0015,-0.2661,-0.0086,-0.0088,0.3611,0.4694,,,,,,,,,,,,,,,,,,,,,,,,,,,,,,,,,,,,,,,,,,,,,,,,,,,,,,,,,,,,,,,,,,,,,,,,,,,,,,,,,,,,,,
PBN_TOW_BTM_3m_092425,2025-09-24T00:00:00,48.282914,-122.865592,3.3464,854.9655,IV,Marine Protected Area,0.0,0.0,0.0,0.0,0.0,0.0,0.0,0.0,973.228,1341.0,600.0,-110.995,979.473,1383.7,621.3,-103.826,973.656,1372.8,634.1,-109.606,0.09,1.34,0.31,0.01,0.09,1.25,0.3,0.05,10.0,0.0,10.0,0.0,10.0,0.0,11.568,-32768.0,0.0,0.0,0.0,0.0,0.0,0.732,0.047,0.025,0.048,0.028,0.032,0.021,0.038,0.031,0,0.73,0.047,0.025,0.048,0.028,0.031,0.021,0.039,0.031,0,,,,,,,,,,0.0,,,,,,,,,,,,,,0.0,,,,,,,,,,,,,,,,,,,0.0,0.0,0.0,99.0,0.0,0.0,100.0,1.0,12.0,1,,,,,,,,,,,,,,,,,,,,,,,,,,,,,,,,0.0247,0.0199,0.0087,0.0073,0.0068,0.0065,0.0067,0.0063,0.0034,0.0023,-0.131,-0.0057,-0.0058,0.3307,0.4931,0.0246,0.0195,0.0084,0.0068,0.0057,0.0054,0.005,0.0046,0.0021,0.0017,-0.252,-0.0096,-0.0098,0.4124,0.4815,,,,,,,,,,,,,,,,,,,,,,,,,,,,,,,,,,,,,,,,,,,,,,,,,,,,,,,,,,,,,,,,,,,,,,,,,,,,,,,,,,,,,,
PBN_TOW_PORT_15m_092425,2025-09-24T00:00:00,48.259936,-122.822647,3.3464,854.9655,IV,Marine Protected Area,0.0,0.0,0.0,0.0,0.0,0.0,0.0,0.0,973.228,1341.0,600.0,-110.995,979.473,1383.7,621.3,-103.826,973.656,1372.8,634.1,-109.606,0.24,0.79,0.33,0.01,0.17,4.36,0.43,0.07,10.0,0.0,10.0,0.0,10.0,0.0,12.379,-32768.0,0.0,0.0,0.0,0.0,0.0,0.734,0.046,0.025,0.048,0.027,0.031,0.021,0.037,0.03,0,0.735,0.047,0.025,0.048,0.027,0.031,0.021,0.037,0.03,0,,,,,,,,,,0.0,,,,,,,,,,,,,,0.0,,,,,,,,,,,,,,,,,,,0.0,0.0,0.0,98.0,0.0,0.0,100.0,1.0,12.0,1,,,,,,,,,,,,,,,,,,,,,,,,,,,,,,,,0.0256,0.0189,0.0082,0.0066,0.006,0.0064,0.006,0.0053,0.003,0.0021,-0.157,-0.0063,-0.0063,0.3243,0.4712,0.0234,0.0185,0.0071,0.006,0.0047,0.0049,0.0041,0.0041,0.0019,0.0015,-0.2661,-0.0086,-0.0088,0.3611,0.4694,,,,,,,,,,,,,,,,,,,,,,,,,,,,,,,,,,,,,,,,,,,,,,,,,,,,,,,,,,,,,,,,,,,,,,,,,,,,,,,,,,,,,,
PBN_TOW_PORT_3m_092425,2025-09-24T00:00:00,48.282914,-122.865592,3.3464,854.9655,IV,Marine Protected Area,0.0,0.0,0.0,0.0,0.0,0.0,0.0,0.0,973.228,1341.0,600.0,-110.995,979.473,1383.7,621.3,-103.826,973.656,1372.8,634.1,-109.606,0.09,1.34,0.31,0.01,0.09,1.25,0.3,0.05,10.0,0.0,10.0,0.0,10.0,0.0,11.568,-32768.0,0.0,0.0,0.0,0.0,0.0,0.732,0.047,0.025,0.048,0.028,0.032,0.021,0.038,0.031,0,0.73,0.047,0.025,0.048,0.028,0.031,0.021,0.039,0.031,0,,,,,,,,,,0.0,,,,,,,,,,,,,,0.0,,,,,,,,,,,,,,,,,,,0.0,0.0,0.0,99.0,0.0,0.0,100.0,1.0,12.0,1,,,,,,,,,,,,,,,,,,,,,,,,,,,,,,,,0.0247,0.0199,0.0087,0.0073,0.0068,0.0065,0.0067,0.0063,0.0034,0.0023,-0.131,-0.0057,-0.0058,0.3307,0.4931,0.0246,0.0195,0.0084,0.0068,0.0057,0.0054,0.005,0.0046,0.0021,0.0017,-0.252,-0.0096,-0.0098,0.4124,0.4815,,,,,,,,,,,,,,,,,,,,,,,,,,,,,,,,,,,,,,,,,,,,,,,,,,,,,,,,,,,,,,,,,,,,,,,,,,,,,,,,,,,,,,
PBN_TOW_STBD_15m_092425,2025-09-24T00:00:00,48.259936,-122.822647,3.3464,854.9655,IV,Marine Protected Area,0.0,0.0,0.0,0.0,0.0,0.0,0.0,0.0,973.228,1341.0,600.0,-110.995,979.473,1383.7,621.3,-103.826,973.656,1372.8,634.1,-109.606,0.24,0.79,0.33,0.01,0.17,4.36,0.43,0.07,10.0,0.0,10.0,0.0,10.0,0.0,12.379,-32768.0,0.0,0.0,0.0,0.0,0.0,0.734,0.046,0.025,0.048,0.027,0.031,0.021,0.037,0.03,0,0.735,0.047,0.025,0.048,0.027,0.031,0.021,0.037,0.03,0,,,,,,,,,,0.0,,,,,,,,,,,,,,0.0,,,,,,,,,,,,,,,,,,,0.0,0.0,0.0,98.0,0.0,0.0,100.0,1.0,12.0,1,,,,,,,,,,,,,,,,,,,,,,,,,,,,,,,,0.0256,0.0189,0.0082,0.0066,0.006,0.0064,0.006,0.0053,0.003,0.0021,-0.157,-0.0063,-0.0063,0.3243,0.4712,0.0234,0.0185,0.0071,0.006,0.0047,0.0049,0.0041,0.0041,0.0019,0.0015,-0.2661,-0.0086,-0.0088,0.3611,0.4694,,,,,,,,,,,,,,,,,,,,,,,,,,,,,,,,,,,,,,,,,,,,,,,,,,,,,,,,,,,,,,,,,,,,,,,,,,,,,,,,,,,,,,
PBN_TOW_STBD_3m_092425,2025-09-24T00:00:00,48.282914,-122.865592,3.3464,854.9655,IV,Marine Protected Area,0.0,0.0,0.0,0.0,0.0,0.0,0.0,0.0,973.228,1341.0,600.0,-110.995,979.473,1383.7,621.3,-103.826,973.656,1372.8,634.1,-109.606,0.09,1.34,0.31,0.01,0.09,1.25,0.3,0.05,10.0,0.0,10.0,0.0,10.0,0.0,11.568,-32768.0,0.0,0.0,0.0,0.0,0.0,0.732,0.047,0.025,0.048,0.028,0.032,0.021,0.038,0.031,0,0.73,0.047,0.025,0.048,0.028,0.031,0.021,0.039,0.031,0,,,,,,,,,,0.0,,,,,,,,,,,,,,0.0,,,,,,,,,,,,,,,,,,,0.0,0.0,0.0,99.0,0.0,0.0,100.0,1.0,12.0,1,,,,,,,,,,,,,,,,,,,,,,,,,,,,,,,,0.0247,0.0199,0.0087,0.0073,0.0068,0.0065,0.0067,0.0063,0.0034,0.0023,-0.131,-0.0057,-0.0058,0.3307,0.4931,0.0246,0.0195,0.0084,0.0068,0.0057,0.0054,0.005,0.0046,0.0021,0.0017,-0.252,-0.0096,-0.0098,0.4124,0.4815,,,,,,,,,,,,,,,,,,,,,,,,,,,,,,,,,,,,,,,,,,,,,,,,,,,,,,,,,,,,,,,,,,,,,,,,,,,,,,,,,,,,,,
PG_PCR_Blank_2,,,,,,,,,,,,,,,,,,,,,,,,,,,,,,,,,,,,,,,,,,,,,,,,,,,,,,,,,,,,,,,,,,,,,,,,,,,,,,,,,,,,,,,,,,,,,,,,,,,,,,,,,,,,,,,,,,,,,,,,,,,,,,,,,,,,,,,,,,,,,,,,,,,,,,,,,,,,,,,,,,,,,,,,,,,,,,,,,,,,,,,,,,,,,,,,,,,,,,,,,,,,,,,,,,,,,,,,,,,,,,,,,,,,,,,,,,,,,,,,,,,,,,,,,,,,,,,,,,,,,,,,,,,
PG_ext_blank_1,,,,,,,,,,,,,,,,,,,,,,,,,,,,,,,,,,,,,,,,,,,,,,,,,,,,,,,,,,,,,,,,,,,,,,,,,,,,,,,,,,,,,,,,,,,,,,,,,,,,,,,,,,,,,,,,,,,,,,,,,,,,,,,,,,,,,,,,,,,,,,,,,,,,,,,,,,,,,,,,,,,,,,,,,,,,,,,,,,,,,,,,,,,,,,,,,,,,,,,,,,,,,,,,,,,,,,,,,,,,,,,,,,,,,,,,,,,,,,,,,,,,,,,,,,,,,,,,,,,,,,,,,,,
PG_ext_blank_2,,,,,,,,,,,,,,,,,,,,,,,,,,,,,,,,,,,,,,,,,,,,,,,,,,,,,,,,,,,,,,,,,,,,,,,,,,,,,,,,,,,,,,,,,,,,,,,,,,,,,,,,,,,,,,,,,,,,,,,,,,,,,,,,,,,,,,,,,,,,,,,,,,,,,,,,,,,,,,,,,,,,,,,,,,,,,,,,,,,,,,,,,,,,,,,,,,,,,,,,,,,,,,,,,,,,,,,,,,,,,,,,,,,,,,,,,,,,,,,,,,,,,,,,,,,,,,,,,,,,,,,,,,,
PTBAY_TOW_BTM_8m_092225,2025-09-22T00:00:00,48.136282,-122.72338,7.0465,2226.8267,,,0.0,0.0,0.0,0.0,0.0,0.0,0.0,0.0,,,,,,,,,,,,,0.11,1.5,0.37,,0.15,2.05,0.42,0.14,10.0,0.0,10.0,0.0,10.0,0.0,11.422,-32768.0,0.0,0.0,0.0,0.0,0.0,0.73,0.044,0.026,0.047,0.028,0.032,0.024,0.038,0.033,0,0.731,0.044,0.025,0.047,0.028,0.032,0.023,0.037,0.032,0,,,,,,,,,,0.0,,,,,,,,,,,,,,0.0,,,,,2.4,2.4,-0.1,-1.1,0.8,5.3,0.0,2.4,2.4,-0.1,-1.1,0.8,5.3,0.0,0.0,0.0,0.0,98.0,0.0,0.0,100.0,1.0,12.0,1,,,,,,,,,,,,,,,,,,,,,,,,,,,,,,,,0.0261,0.0219,0.0107,0.0101,0.011,0.0108,0.0108,0.0113,0.0071,0.0057,0.0058,0.0003,0.0003,0.2073,0.3105,0.0317,0.0292,0.0172,0.0159,0.0142,0.0141,0.0123,0.0127,0.0091,0.0076,-0.1679,-0.0141,-0.014,0.1496,0.2348,,,,,,,,,,,,,,,,,,,,,,,,,,,,,,,,,,,,,,,,,,,,,,,,,,,,,,,,,,,,,,,,,,,,,,,,,,,,,,,,,,,,,,
PTBAY_TOW_PORT_8m_092225,2025-09-22T00:00:00,48.136282,-122.72338,7.0465,2226.8267,,,0.0,0.0,0.0,0.0,0.0,0.0,0.0,0.0,,,,,,,,,,,,,0.11,1.5,0.37,,0.15,2.05,0.42,0.14,10.0,0.0,10.0,0.0,10.0,0.0,11.422,-32768.0,0.0,0.0,0.0,0.0,0.0,0.73,0.044,0.026,0.047,0.028,0.032,0.024,0.038,0.033,0,0.731,0.044,0.025,0.047,0.028,0.032,0.023,0.037,0.032,0,,,,,,,,,,0.0,,,,,,,,,,,,,,0.0,,,,,2.4,2.4,-0.1,-1.1,0.8,5.3,0.0,2.4,2.4,-0.1,-1.1,0.8,5.3,0.0,0.0,0.0,0.0,98.0,0.0,0.0,100.0,1.0,12.0,1,,,,,,,,,,,,,,,,,,,,,,,,,,,,,,,,0.0261,0.0219,0.0107,0.0101,0.011,0.0108,0.0108,0.0113,0.0071,0.0057,0.0058,0.0003,0.0003,0.2073,0.3105,0.0317,0.0292,0.0172,0.0159,0.0142,0.0141,0.0123,0.0127,0.0091,0.0076,-0.1679,-0.0141,-0.014,0.1496,0.2348,,,,,,,,,,,,,,,,,,,,,,,,,,,,,,,,,,,,,,,,,,,,,,,,,,,,,,,,,,,,,,,,,,,,,,,,,,,,,,,,,,,,,,
PTBAY_TOW_STBD_8m_092225,2025-09-22T00:00:00,48.136282,-122.72338,7.0465,2226.8267,,,0.0,0.0,0.0,0.0,0.0,0.0,0.0,0.0,,,,,,,,,,,,,0.11,1.5,0.37,,0.15,2.05,0.42,0.14,10.0,0.0,10.0,0.0,10.0,0.0,11.422,-32768.0,0.0,0.0,0.0,0.0,0.0,0.73,0.044,0.026,0.047,0.028,0.032,0.024,0.038,0.033,0,0.731,0.044,0.025,0.047,0.028,0.032,0.023,0.037,0.032,0,,,,,,,,,,0.0,,,,,,,,,,,,,,0.0,,,,,2.4,2.4,-0.1,-1.1,0.8,5.3,0.0,2.4,2.4,-0.1,-1.1,0.8,5.3,0.0,0.0,0.0,0.0,98.0,0.0,0.0,100.0,1.0,12.0,1,,,,,,,,,,,,,,,,,,,,,,,,,,,,,,,,0.0261,0.0219,0.0107,0.0101,0.011,0.0108,0.0108,0.0113,0.0071,0.0057,0.0058,0.0003,0.0003,0.2073,0.3105,0.0317,0.0292,0.0172,0.0159,0.0142,0.0141,0.0123,0.0127,0.0091,0.0076,-0.1679,-0.0141,-0.014,0.1496,0.2348,,,,,,,,,,,,,,,,,,,,,,,,,,,,,,,,,,,,,,,,,,,,,,,,,,,,,,,,,,,,,,,,,,,,,,,,,,,,,,,,,,,,,,
SJI_01_072125,2025-07-21T00:00:00,48.535447,-122.819497,,,IV,Marine Protected Area,0.0,0.0,0.0,0.0,0.0,0.0,0.0,0.0,,,,,,,,,,,,,0.27,1.92,0.38,0.26,0.26,1.83,0.42,0.19,10.0,0.0,10.0,0.0,10.0,0.0,13.54,-32768.0,0.0,0.0,0.0,0.0,0.0,0.742,0.043,0.026,0.048,0.028,0.029,0.022,0.034,0.029,0,0.734,0.046,0.026,0.048,0.028,0.031,0.022,0.036,0.03,0,10.64,10.6,0.303,0.246,0.32,0.0,0.0,4.49,4.6,377447872.0,-7.0,0.0,0.0,5.0,10.34,10.31,0.308,0.249,0.323,0.0,0.0,4.49,4.6,375549664.0,-22.0,0.0,1.0,14.0,2.5,2.5,-0.1,-1.1,0.8,5.6,0.0,,,,,,,,0.0,0.0,0.0,97.0,0.0,0.0,100.0,1.0,12.0,1,,,,,,,,,,,,,,,,,,,,,,,,,,,,,,,,0.028,0.0255,0.0117,0.0103,0.0084,0.0086,0.0083,0.0076,0.0076,0.0057,-0.1746,-0.01,-0.01,0.0371,0.1859,0.0282,0.0254,0.0102,0.0083,0.0057,0.0065,0.0055,0.0049,0.0027,0.0022,-0.3009,-0.0138,-0.0137,0.3382,0.4221,10.56,7.93,38.48,428.62,22.44,1.82,20.62,6.2,16.03,16.06,5.31,650.0,102.0,11.0,57.48,297.0,58.0,61.0,259.0,10.31,7.93,40.34,416.48,21.83,2.16,19.67,5.96,15.67,15.8,5.31,646.0,99.0,14.0,51.63,281.0,65.0,69.0,237.0,2032.0,812.0,12.0,6.0,0.09,49.01,1945.0,747.0,12.0,6.0,0.09,46.5,392.0,225.0,-0.89,617.0,55.0,14.0,1084.0,1336.85,0.0,6.6,14.53,99.72,0.38,31.98,403.0,217.0,-0.69,620.0,54.0,13.0,1098.0,1342.59,0.0,6.34,14.28,96.89,0.38,31.81,18.26,398.0,11.38,29.0,13.87,426.0,11.52,81.0
SJI_02_072125,2025-07-21T00:00:00,48.535447,-122.819497,,,IV,Marine Protected Area,0.0,0.0,0.0,0.0,0.0,0.0,0.0,0.0,,,,,,,,,,,,,0.27,1.92,0.38,0.26,0.26,1.83,0.42,0.19,10.0,0.0,10.0,0.0,10.0,0.0,13.54,-32768.0,0.0,0.0,0.0,0.0,0.0,0.742,0.043,0.026,0.048,0.028,0.029,0.022,0.034,0.029,0,0.734,0.046,0.026,0.048,0.028,0.031,0.022,0.036,0.03,0,10.64,10.6,0.303,0.246,0.32,0.0,0.0,4.49,4.6,377447872.0,-7.0,0.0,0.0,5.0,10.34,10.31,0.308,0.249,0.323,0.0,0.0,4.49,4.6,375549664.0,-22.0,0.0,1.0,14.0,2.5,2.5,-0.1,-1.1,0.8,5.6,0.0,,,,,,,,0.0,0.0,0.0,97.0,0.0,0.0,100.0,1.0,12.0,1,,,,,,,,,,,,,,,,,,,,,,,,,,,,,,,,0.028,0.0255,0.0117,0.0103,0.0084,0.0086,0.0083,0.0076,0.0076,0.0057,-0.1746,-0.01,-0.01,0.0371,0.1859,0.0282,0.0254,0.0102,0.0083,0.0057,0.0065,0.0055,0.0049,0.0027,0.0022,-0.3009,-0.0138,-0.0137,0.3382,0.4221,10.56,7.93,38.48,428.62,22.44,1.82,20.62,6.2,16.03,16.06,5.31,650.0,102.0,11.0,57.48,297.0,58.0,61.0,259.0,10.31,7.93,40.34,416.48,21.83,2.16,19.67,5.96,15.67,15.8,5.31,646.0,99.0,14.0,51.63,281.0,65.0,69.0,237.0,2032.0,812.0,12.0,6.0,0.09,49.01,1945.0,747.0,12.0,6.0,0.09,46.5,392.0,225.0,-0.89,617.0,55.0,14.0,1084.0,1336.85,0.0,6.6,14.53,99.72,0.38,31.98,403.0,217.0,-0.69,620.0,54.0,13.0,1098.0,1342.59,0.0,6.34,14.28,96.89,0.38,31.81,18.26,398.0,11.38,29.0,13.87,426.0,11.52,81.0
SJI_03_072125,2025-07-21T00:00:00,48.535447,-122.819497,,,IV,Marine Protected Area,0.0,0.0,0.0,0.0,0.0,0.0,0.0,0.0,,,,,,,,,,,,,0.27,1.92,0.38,0.26,0.26,1.83,0.42,0.19,10.0,0.0,10.0,0.0,10.0,0.0,13.54,-32768.0,0.0,0.0,0.0,0.0,0.0,0.742,0.043,0.026,0.048,0.028,0.029,0.022,0.034,0.029,0,0.734,0.046,0.026,0.048,0.028,0.031,0.022,0.036,0.03,0,10.64,10.6,0.303,0.246,0.32,0.0,0.0,4.49,4.6,377447872.0,-7.0,0.0,0.0,5.0,10.34,10.31,0.308,0.249,0.323,0.0,0.0,4.49,4.6,375549664.0,-22.0,0.0,1.0,14.0,2.5,2.5,-0.1,-1.1,0.8,5.6,0.0,,,,,,,,0.0,0.0,0.0,97.0,0.0,0.0,100.0,1.0,12.0,1,,,,,,,,,,,,,,,,,,,,,,,,,,,,,,,,0.028,0.0255,0.0117,0.0103,0.0084,0.0086,0.0083,0.0076,0.0076,0.0057,-0.1746,-0.01,-0.01,0.0371,0.1859,0.0282,0.0254,0.0102,0.0083,0.0057,0.0065,0.0055,0.0049,0.0027,0.0022,-0.3009,-0.0138,-0.0137,0.3382,0.4221,10.56,7.93,38.48,428.62,22.44,1.82,20.62,6.2,16.03,16.06,5.31,650.0,102.0,11.0,57.48,297.0,58.0,61.0,259.0,10.31,7.93,40.34,416.48,21.83,2.16,19.67,5.96,15.67,15.8,5.31,646.0,99.0,14.0,51.63,281.0,65.0,69.0,237.0,2032.0,812.0,12.0,6.0,0.09,49.01,1945.0,747.0,12.0,6.0,0.09,46.5,392.0,225.0,-0.89,617.0,55.0,14.0,1084.0,1336.85,0.0,6.6,14.53,99.72,0.38,31.98,403.0,217.0,-0.69,620.0,54.0,13.0,1098.0,1342.59,0.0,6.34,14.28,96.89,0.38,31.81,18.26,398.0,11.38,29.0,13.87,426.0,11.52,81.0
SJI_04_072125,2025-07-21T00:00:00,48.535447,-122.819497,,,IV,Marine Protected Area,0.0,0.0,0.0,0.0,0.0,0.0,0.0,0.0,,,,,,,,,,,,,0.27,1.92,0.38,0.26,0.26,1.83,0.42,0.19,10.0,0.0,10.0,0.0,10.0,0.0,13.54,-32768.0,0.0,0.0,0.0,0.0,0.0,0.742,0.043,0.026,0.048,0.028,0.029,0.022,0.034,0.029,0,0.734,0.046,0.026,0.048,0.028,0.031,0.022,0.036,0.03,0,10.64,10.6,0.303,0.246,0.32,0.0,0.0,4.49,4.6,377447872.0,-7.0,0.0,0.0,5.0,10.34,10.31,0.308,0.249,0.323,0.0,0.0,4.49,4.6,375549664.0,-22.0,0.0,1.0,14.0,2.5,2.5,-0.1,-1.1,0.8,5.6,0.0,,,,,,,,0.0,0.0,0.0,97.0,0.0,0.0,100.0,1.0,12.0,1,,,,,,,,,,,,,,,,,,,,,,,,,,,,,,,,0.028,0.0255,0.0117,0.0103,0.0084,0.0086,0.0083,0.0076,0.0076,0.0057,-0.1746,-0.01,-0.01,0.0371,0.1859,0.0282,0.0254,0.0102,0.0083,0.0057,0.0065,0.0055,0.0049,0.0027,0.0022,-0.3009,-0.0138,-0.0137,0.3382,0.4221,10.56,7.93,38.48,428.62,22.44,1.82,20.62,6.2,16.03,16.06,5.31,650.0,102.0,11.0,57.48,297.0,58.0,61.0,259.0,10.31,7.93,40.34,416.48,21.83,2.16,19.67,5.96,15.67,15.8,5.31,646.0,99.0,14.0,51.63,281.0,65.0,69.0,237.0,2032.0,812.0,12.0,6.0,0.09,49.01,1945.0,747.0,12.0,6.0,0.09,46.5,392.0,225.0,-0.89,617.0,55.0,14.0,1084.0,1336.85,0.0,6.6,14.53,99.72,0.38,31.98,403.0,217.0,-0.69,620.0,54.0,13.0,1098.0,1342.59,0.0,6.34,14.28,96.89,0.38,31.81,18.26,398.0,11.38,29.0,13.87,426.0,11.52,81.0
SJI_05_072125,2025-07-21T00:00:00,48.535447,-122.819497,,,IV,Marine Protected Area,0.0,0.0,0.0,0.0,0.0,0.0,0.0,0.0,,,,,,,,,,,,,0.27,1.92,0.38,0.26,0.26,1.83,0.42,0.19,10.0,0.0,10.0,0.0,10.0,0.0,13.54,-32768.0,0.0,0.0,0.0,0.0,0.0,0.742,0.043,0.026,0.048,0.028,0.029,0.022,0.034,0.029,0,0.734,0.046,0.026,0.048,0.028,0.031,0.022,0.036,0.03,0,10.64,10.6,0.303,0.246,0.32,0.0,0.0,4.49,4.6,377447872.0,-7.0,0.0,0.0,5.0,10.34,10.31,0.308,0.249,0.323,0.0,0.0,4.49,4.6,375549664.0,-22.0,0.0,1.0,14.0,2.5,2.5,-0.1,-1.1,0.8,5.6,0.0,,,,,,,,0.0,0.0,0.0,97.0,0.0,0.0,100.0,1.0,12.0,1,,,,,,,,,,,,,,,,,,,,,,,,,,,,,,,,0.028,0.0255,0.0117,0.0103,0.0084,0.0086,0.0083,0.0076,0.0076,0.0057,-0.1746,-0.01,-0.01,0.0371,0.1859,0.0282,0.0254,0.0102,0.0083,0.0057,0.0065,0.0055,0.0049,0.0027,0.0022,-0.3009,-0.0138,-0.0137,0.3382,0.4221,10.56,7.93,38.48,428.62,22.44,1.82,20.62,6.2,16.03,16.06,5.31,650.0,102.0,11.0,57.48,297.0,58.0,61.0,259.0,10.31,7.93,40.34,416.48,21.83,2.16,19.67,5.96,15.67,15.8,5.31,646.0,99.0,14.0,51.63,281.0,65.0,69.0,237.0,2032.0,812.0,12.0,6.0,0.09,49.01,1945.0,747.0,12.0,6.0,0.09,46.5,392.0,225.0,-0.89,617.0,55.0,14.0,1084.0,1336.85,0.0,6.6,14.53,99.72,0.38,31.98,403.0,217.0,-0.69,620.0,54.0,13.0,1098.0,1342.59,0.0,6.34,14.28,96.89,0.38,31.81,18.26,398.0,11.38,29.0,13.87,426.0,11.52,81.0
SJI_06_072125,2025-07-21T00:00:00,48.535447,-122.819497,,,IV,Marine Protected Area,0.0,0.0,0.0,0.0,0.0,0.0,0.0,0.0,,,,,,,,,,,,,0.27,1.92,0.38,0.26,0.26,1.83,0.42,0.19,10.0,0.0,10.0,0.0,10.0,0.0,13.54,-32768.0,0.0,0.0,0.0,0.0,0.0,0.742,0.043,0.026,0.048,0.028,0.029,0.022,0.034,0.029,0,0.734,0.046,0.026,0.048,0.028,0.031,0.022,0.036,0.03,0,10.64,10.6,0.303,0.246,0.32,0.0,0.0,4.49,4.6,377447872.0,-7.0,0.0,0.0,5.0,10.34,10.31,0.308,0.249,0.323,0.0,0.0,4.49,4.6,375549664.0,-22.0,0.0,1.0,14.0,2.5,2.5,-0.1,-1.1,0.8,5.6,0.0,,,,,,,,0.0,0.0,0.0,97.0,0.0,0.0,100.0,1.0,12.0,1,,,,,,,,,,,,,,,,,,,,,,,,,,,,,,,,0.028,0.0255,0.0117,0.0103,0.0084,0.0086,0.0083,0.0076,0.0076,0.0057,-0.1746,-0.01,-0.01,0.0371,0.1859,0.0282,0.0254,0.0102,0.0083,0.0057,0.0065,0.0055,0.0049,0.0027,0.0022,-0.3009,-0.0138,-0.0137,0.3382,0.4221,10.56,7.93,38.48,428.62,22.44,1.82,20.62,6.2,16.03,16.06,5.31,650.0,102.0,11.0,57.48,297.0,58.0,61.0,259.0,10.31,7.93,40.34,416.48,21.83,2.16,19.67,5.96,15.67,15.8,5.31,646.0,99.0,14.0,51.63,281.0,65.0,69.0,237.0,2032.0,812.0,12.0,6.0,0.09,49.01,1945.0,747.0,12.0,6.0,0.09,46.5,392.0,225.0,-0.89,617.0,55.0,14.0,1084.0,1336.85,0.0,6.6,14.53,99.72,0.38,31.98,403.0,217.0,-0.69,620.0,54.0,13.0,1098.0,1342.59,0.0,6.34,14.28,96.89,0.38,31.81,18.26,398.0,11.38,29.0,13.87,426.0,11.52,81.0
SJI_07_072125,2025-07-21T00:00:00,48.535447,-122.819497,,,IV,Marine Protected Area,0.0,0.0,0.0,0.0,0.0,0.0,0.0,0.0,,,,,,,,,,,,,0.27,1.92,0.38,0.26,0.26,1.83,0.42,0.19,10.0,0.0,10.0,0.0,10.0,0.0,13.54,-32768.0,0.0,0.0,0.0,0.0,0.0,0.742,0.043,0.026,0.048,0.028,0.029,0.022,0.034,0.029,0,0.734,0.046,0.026,0.048,0.028,0.031,0.022,0.036,0.03,0,10.64,10.6,0.303,0.246,0.32,0.0,0.0,4.49,4.6,377447872.0,-7.0,0.0,0.0,5.0,10.34,10.31,0.308,0.249,0.323,0.0,0.0,4.49,4.6,375549664.0,-22.0,0.0,1.0,14.0,2.5,2.5,-0.1,-1.1,0.8,5.6,0.0,,,,,,,,0.0,0.0,0.0,97.0,0.0,0.0,100.0,1.0,12.0,1,,,,,,,,,,,,,,,,,,,,,,,,,,,,,,,,0.028,0.0255,0.0117,0.0103,0.0084,0.0086,0.0083,0.0076,0.0076,0.0057,-0.1746,-0.01,-0.01,0.0371,0.1859,0.0282,0.0254,0.0102,0.0083,0.0057,0.0065,0.0055,0.0049,0.0027,0.0022,-0.3009,-0.0138,-0.0137,0.3382,0.4221,10.56,7.93,38.48,428.62,22.44,1.82,20.62,6.2,16.03,16.06,5.31,650.0,102.0,11.0,57.48,297.0,58.0,61.0,259.0,10.31,7.93,40.34,416.48,21.83,2.16,19.67,5.96,15.67,15.8,5.31,646.0,99.0,14.0,51.63,281.0,65.0,69.0,237.0,2032.0,812.0,12.0,6.0,0.09,49.01,1945.0,747.0,12.0,6.0,0.09,46.5,392.0,225.0,-0.89,617.0,55.0,14.0,1084.0,1336.85,0.0,6.6,14.53,99.72,0.38,31.98,403.0,217.0,-0.69,620.0,54.0,13.0,1098.0,1342.59,0.0,6.34,14.28,96.89,0.38,31.81,18.26,398.0,11.38,29.0,13.87,426.0,11.52,81.0
SJI_08_072125,2025-07-21T00:00:00,48.535447,-122.819497,,,IV,Marine Protected Area,0.0,0.0,0.0,0.0,0.0,0.0,0.0,0.0,,,,,,,,,,,,,0.27,1.92,0.38,0.26,0.26,1.83,0.42,0.19,10.0,0.0,10.0,0.0,10.0,0.0,13.54,-32768.0,0.0,0.0,0.0,0.0,0.0,0.742,0.043,0.026,0.048,0.028,0.029,0.022,0.034,0.029,0,0.734,0.046,0.026,0.048,0.028,0.031,0.022,0.036,0.03,0,10.64,10.6,0.303,0.246,0.32,0.0,0.0,4.49,4.6,377447872.0,-7.0,0.0,0.0,5.0,10.34,10.31,0.308,0.249,0.323,0.0,0.0,4.49,4.6,375549664.0,-22.0,0.0,1.0,14.0,2.5,2.5,-0.1,-1.1,0.8,5.6,0.0,,,,,,,,0.0,0.0,0.0,97.0,0.0,0.0,100.0,1.0,12.0,1,,,,,,,,,,,,,,,,,,,,,,,,,,,,,,,,0.028,0.0255,0.0117,0.0103,0.0084,0.0086,0.0083,0.0076,0.0076,0.0057,-0.1746,-0.01,-0.01,0.0371,0.1859,0.0282,0.0254,0.0102,0.0083,0.0057,0.0065,0.0055,0.0049,0.0027,0.0022,-0.3009,-0.0138,-0.0137,0.3382,0.4221,10.56,7.93,38.48,428.62,22.44,1.82,20.62,6.2,16.03,16.06,5.31,650.0,102.0,11.0,57.48,297.0,58.0,61.0,259.0,10.31,7.93,40.34,416.48,21.83,2.16,19.67,5.96,15.67,15.8,5.31,646.0,99.0,14.0,51.63,281.0,65.0,69.0,237.0,2032.0,812.0,12.0,6.0,0.09,49.01,1945.0,747.0,12.0,6.0,0.09,46.5,392.0,225.0,-0.89,617.0,55.0,14.0,1084.0,1336.85,0.0,6.6,14.53,99.72,0.38,31.98,403.0,217.0,-0.69,620.0,54.0,13.0,1098.0,1342.59,0.0,6.34,14.28,96.89,0.38,31.81,18.26,398.0,11.38,29.0,13.87,426.0,11.52,81.0
SJI_BK1_01_072125,2025-07-21T00:00:00,,,,,,,,,,,,,,,,,,,,,,,,,,,,,,,,,,,,,,,,,,,,,,,,,,,,,,,,,,,,,,,,,,,,,,,,,,,,,,,,,,,,,,,,,,,,,,,,,,,,,,,,,,,,,,,,,,,,,,,,,,,,,,,,,,,,,,,,,,,,,,,,,,,,,,,,,,,,,,,,,,,,,,,,,,,,,,,,,,,,,,,,,,,,,,,,,,,,,,,,,,,,,,,,,,,,,,,,,,,,,,,,,,,,,,,,,,,,,,,,,,,,,,,,,,,,,,,,,,,,,,,,,,
SJI_BK2_02_072125,2025-07-21T00:00:00,,,,,,,,,,,,,,,,,,,,,,,,,,,,,,,,,,,,,,,,,,,,,,,,,,,,,,,,,,,,,,,,,,,,,,,,,,,,,,,,,,,,,,,,,,,,,,,,,,,,,,,,,,,,,,,,,,,,,,,,,,,,,,,,,,,,,,,,,,,,,,,,,,,,,,,,,,,,,,,,,,,,,,,,,,,,,,,,,,,,,,,,,,,,,,,,,,,,,,,,,,,,,,,,,,,,,,,,,,,,,,,,,,,,,,,,,,,,,,,,,,,,,,,,,,,,,,,,,,,,,,,,,,
SQU_01_072925,2025-07-29T00:00:00,47.8444,-122.661825,,,,,0.0,0.0,0.0,0.0,0.0,0.0,0.0,0.0,,,,,,,,,,,,,0.27,1.44,0.52,0.21,0.25,6.98,0.47,0.14,10.0,0.0,10.0,0.0,10.0,0.0,14.598,-32768.0,0.0,0.0,0.0,0.0,0.0,0.74,0.044,0.026,0.05,0.027,0.029,0.022,0.034,0.028,0,0.74,0.044,0.026,0.049,0.027,0.029,0.022,0.034,0.028,0,10.54,10.52,0.362,0.302,0.368,0.0,0.0,4.67,4.78,348328448.0,-9.0,-3.0,1.0,11.0,10.2,10.18,0.366,0.306,0.372,0.0,0.0,4.67,4.78,346295072.0,-25.0,-8.0,3.0,33.0,,,,,,,,,,,,,,,0.0,0.0,0.0,98.0,0.0,0.0,100.0,1.0,12.0,1,0.344,16.0,83.7,168.0,188.0,0.51,32.0,76.48,312.0,168.0,0.51,32.0,77.19,312.0,69.0,,,,,,,,,,,,,,,,,0.0238,0.027,0.0124,0.0129,0.0137,0.014,0.0135,0.013,0.0061,0.0051,0.044,0.0032,0.0033,0.375,0.4555,0.0221,0.0224,0.0107,0.0106,0.0096,0.0105,0.0091,0.0085,0.0037,0.0031,-0.0772,-0.0042,-0.0044,0.4264,0.4974,10.93,9.01,39.54,470.07,24.27,1.48,22.79,5.95,17.01,17.01,5.28,979.0,163.0,12.0,60.71,456.0,70.0,70.0,415.0,10.56,9.01,41.46,451.49,23.46,1.73,21.73,5.67,16.42,16.53,5.18,971.0,149.0,15.0,57.12,436.0,77.0,78.0,381.0,2169.0,948.0,12.0,6.0,0.13,42.7,2044.0,849.0,11.0,6.0,0.13,40.31,449.0,199.0,-0.99,648.0,82.0,36.0,1444.0,1333.21,0.0,6.42,15.43,101.08,0.42,32.2,459.0,187.0,-0.4,647.0,81.0,35.0,1483.0,1339.41,0.0,6.06,15.06,97.74,0.42,32.51,17.55,630.0,11.57,30.0,14.91,619.0,11.79,72.0
SQU_02_072925,2025-07-29T00:00:00,47.8444,-122.661825,,,,,0.0,0.0,0.0,0.0,0.0,0.0,0.0,0.0,,,,,,,,,,,,,0.27,1.44,0.52,0.21,0.25,6.98,0.47,0.14,10.0,0.0,10.0,0.0,10.0,0.0,14.598,-32768.0,0.0,0.0,0.0,0.0,0.0,0.74,0.044,0.026,0.05,0.027,0.029,0.022,0.034,0.028,0,0.74,0.044,0.026,0.049,0.027,0.029,0.022,0.034,0.028,0,10.54,10.52,0.362,0.302,0.368,0.0,0.0,4.67,4.78,348328448.0,-9.0,-3.0,1.0,11.0,10.2,10.18,0.366,0.306,0.372,0.0,0.0,4.67,4.78,346295072.0,-25.0,-8.0,3.0,33.0,,,,,,,,,,,,,,,0.0,0.0,0.0,98.0,0.0,0.0,100.0,1.0,12.0,1,0.344,16.0,83.7,168.0,188.0,0.51,32.0,76.48,312.0,168.0,0.51,32.0,77.19,312.0,69.0,,,,,,,,,,,,,,,,,0.0238,0.027,0.0124,0.0129,0.0137,0.014,0.0135,0.013,0.0061,0.0051,0.044,0.0032,0.0033,0.375,0.4555,0.0221,0.0224,0.0107,0.0106,0.0096,0.0105,0.0091,0.0085,0.0037,0.0031,-0.0772,-0.0042,-0.0044,0.4264,0.4974,10.93,9.01,39.54,470.07,24.27,1.48,22.79,5.95,17.01,17.01,5.28,979.0,163.0,12.0,60.71,456.0,70.0,70.0,415.0,10.56,9.01,41.46,451.49,23.46,1.73,21.73,5.67,16.42,16.53,5.18,971.0,149.0,15.0,57.12,436.0,77.0,78.0,381.0,2169.0,948.0,12.0,6.0,0.13,42.7,2044.0,849.0,11.0,6.0,0.13,40.31,449.0,199.0,-0.99,648.0,82.0,36.0,1444.0,1333.21,0.0,6.42,15.43,101.08,0.42,32.2,459.0,187.0,-0.4,647.0,81.0,35.0,1483.0,1339.41,0.0,6.06,15.06,97.74,0.42,32.51,17.55,630.0,11.57,30.0,14.91,619.0,11.79,72.0
SQU_03_072925,2025-07-29T00:00:00,47.8444,-122.661825,,,,,0.0,0.0,0.0,0.0,0.0,0.0,0.0,0.0,,,,,,,,,,,,,0.27,1.44,0.52,0.21,0.25,6.98,0.47,0.14,10.0,0.0,10.0,0.0,10.0,0.0,14.598,-32768.0,0.0,0.0,0.0,0.0,0.0,0.74,0.044,0.026,0.05,0.027,0.029,0.022,0.034,0.028,0,0.74,0.044,0.026,0.049,0.027,0.029,0.022,0.034,0.028,0,10.54,10.52,0.362,0.302,0.368,0.0,0.0,4.67,4.78,348328448.0,-9.0,-3.0,1.0,11.0,10.2,10.18,0.366,0.306,0.372,0.0,0.0,4.67,4.78,346295072.0,-25.0,-8.0,3.0,33.0,,,,,,,,,,,,,,,0.0,0.0,0.0,98.0,0.0,0.0,100.0,1.0,12.0,1,0.344,16.0,83.7,168.0,188.0,0.51,32.0,76.48,312.0,168.0,0.51,32.0,77.19,312.0,69.0,,,,,,,,,,,,,,,,,0.0238,0.027,0.0124,0.0129,0.0137,0.014,0.0135,0.013,0.0061,0.0051,0.044,0.0032,0.0033,0.375,0.4555,0.0221,0.0224,0.0107,0.0106,0.0096,0.0105,0.0091,0.0085,0.0037,0.0031,-0.0772,-0.0042,-0.0044,0.4264,0.4974,10.93,9.01,39.54,470.07,24.27,1.48,22.79,5.95,17.01,17.01,5.28,979.0,163.0,12.0,60.71,456.0,70.0,70.0,415.0,10.56,9.01,41.46,451.49,23.46,1.73,21.73,5.67,16.42,16.53,5.18,971.0,149.0,15.0,57.12,436.0,77.0,78.0,381.0,2169.0,948.0,12.0,6.0,0.13,42.7,2044.0,849.0,11.0,6.0,0.13,40.31,449.0,199.0,-0.99,648.0,82.0,36.0,1444.0,1333.21,0.0,6.42,15.43,101.08,0.42,32.2,459.0,187.0,-0.4,647.0,81.0,35.0,1483.0,1339.41,0.0,6.06,15.06,97.74,0.42,32.51,17.55,630.0,11.57,30.0,14.91,619.0,11.79,72.0
SQU_04_072925,2025-07-29T00:00:00,47.8444,-122.661825,,,,,0.0,0.0,0.0,0.0,0.0,0.0,0.0,0.0,,,,,,,,,,,,,0.27,1.44,0.52,0.21,0.25,6.98,0.47,0.14,10.0,0.0,10.0,0.0,10.0,0.0,14.598,-32768.0,0.0,0.0,0.0,0.0,0.0,0.74,0.044,0.026,0.05,0.027,0.029,0.022,0.034,0.028,0,0.74,0.044,0.026,0.049,0.027,0.029,0.022,0.034,0.028,0,10.54,10.52,0.362,0.302,0.368,0.0,0.0,4.67,4.78,348328448.0,-9.0,-3.0,1.0,11.0,10.2,10.18,0.366,0.306,0.372,0.0,0.0,4.67,4.78,346295072.0,-25.0,-8.0,3.0,33.0,,,,,,,,,,,,,,,0.0,0.0,0.0,98.0,0.0,0.0,100.0,1.0,12.0,1,0.344,16.0,83.7,168.0,188.0,0.51,32.0,76.48,312.0,168.0,0.51,32.0,77.19,312.0,69.0,,,,,,,,,,,,,,,,,0.0238,0.027,0.0124,0.0129,0.0137,0.014,0.0135,0.013,0.0061,0.0051,0.044,0.0032,0.0033,0.375,0.4555,0.0221,0.0224,0.0107,0.0106,0.0096,0.0105,0.0091,0.0085,0.0037,0.0031,-0.0772,-0.0042,-0.0044,0.4264,0.4974,10.93,9.01,39.54,470.07,24.27,1.48,22.79,5.95,17.01,17.01,5.28,979.0,163.0,12.0,60.71,456.0,70.0,70.0,415.0,10.56,9.01,41.46,451.49,23.46,1.73,21.73,5.67,16.42,16.53,5.18,971.0,149.0,15.0,57.12,436.0,77.0,78.0,381.0,2169.0,948.0,12.0,6.0,0.13,42.7,2044.0,849.0,11.0,6.0,0.13,40.31,449.0,199.0,-0.99,648.0,82.0,36.0,1444.0,1333.21,0.0,6.42,15.43,101.08,0.42,32.2,459.0,187.0,-0.4,647.0,81.0,35.0,1483.0,1339.41,0.0,6.06,15.06,97.74,0.42,32.51,17.55,630.0,11.57,30.0,14.91,619.0,11.79,72.0
SQU_05_072925,2025-07-29T00:00:00,47.8444,-122.661825,,,,,0.0,0.0,0.0,0.0,0.0,0.0,0.0,0.0,,,,,,,,,,,,,0.27,1.44,0.52,0.21,0.25,6.98,0.47,0.14,10.0,0.0,10.0,0.0,10.0,0.0,14.598,-32768.0,0.0,0.0,0.0,0.0,0.0,0.74,0.044,0.026,0.05,0.027,0.029,0.022,0.034,0.028,0,0.74,0.044,0.026,0.049,0.027,0.029,0.022,0.034,0.028,0,10.54,10.52,0.362,0.302,0.368,0.0,0.0,4.67,4.78,348328448.0,-9.0,-3.0,1.0,11.0,10.2,10.18,0.366,0.306,0.372,0.0,0.0,4.67,4.78,346295072.0,-25.0,-8.0,3.0,33.0,,,,,,,,,,,,,,,0.0,0.0,0.0,98.0,0.0,0.0,100.0,1.0,12.0,1,0.344,16.0,83.7,168.0,188.0,0.51,32.0,76.48,312.0,168.0,0.51,32.0,77.19,312.0,69.0,,,,,,,,,,,,,,,,,0.0238,0.027,0.0124,0.0129,0.0137,0.014,0.0135,0.013,0.0061,0.0051,0.044,0.0032,0.0033,0.375,0.4555,0.0221,0.0224,0.0107,0.0106,0.0096,0.0105,0.0091,0.0085,0.0037,0.0031,-0.0772,-0.0042,-0.0044,0.4264,0.4974,10.93,9.01,39.54,470.07,24.27,1.48,22.79,5.95,17.01,17.01,5.28,979.0,163.0,12.0,60.71,456.0,70.0,70.0,415.0,10.56,9.01,41.46,451.49,23.46,1.73,21.73,5.67,16.42,16.53,5.18,971.0,149.0,15.0,57.12,436.0,77.0,78.0,381.0,2169.0,948.0,12.0,6.0,0.13,42.7,2044.0,849.0,11.0,6.0,0.13,40.31,449.0,199.0,-0.99,648.0,82.0,36.0,1444.0,1333.21,0.0,6.42,15.43,101.08,0.42,32.2,459.0,187.0,-0.4,647.0,81.0,35.0,1483.0,1339.41,0.0,6.06,15.06,97.74,0.42,32.51,17.55,630.0,11.57,30.0,14.91,619.0,11.79,72.0
SQU_06_072925,2025-07-29T00:00:00,47.8444,-122.661825,,,,,0.0,0.0,0.0,0.0,0.0,0.0,0.0,0.0,,,,,,,,,,,,,0.27,1.44,0.52,0.21,0.25,6.98,0.47,0.14,10.0,0.0,10.0,0.0,10.0,0.0,14.598,-32768.0,0.0,0.0,0.0,0.0,0.0,0.74,0.044,0.026,0.05,0.027,0.029,0.022,0.034,0.028,0,0.74,0.044,0.026,0.049,0.027,0.029,0.022,0.034,0.028,0,10.54,10.52,0.362,0.302,0.368,0.0,0.0,4.67,4.78,348328448.0,-9.0,-3.0,1.0,11.0,10.2,10.18,0.366,0.306,0.372,0.0,0.0,4.67,4.78,346295072.0,-25.0,-8.0,3.0,33.0,,,,,,,,,,,,,,,0.0,0.0,0.0,98.0,0.0,0.0,100.0,1.0,12.0,1,0.344,16.0,83.7,168.0,188.0,0.51,32.0,76.48,312.0,168.0,0.51,32.0,77.19,312.0,69.0,,,,,,,,,,,,,,,,,0.0238,0.027,0.0124,0.0129,0.0137,0.014,0.0135,0.013,0.0061,0.0051,0.044,0.0032,0.0033,0.375,0.4555,0.0221,0.0224,0.0107,0.0106,0.0096,0.0105,0.0091,0.0085,0.0037,0.0031,-0.0772,-0.0042,-0.0044,0.4264,0.4974,10.93,9.01,39.54,470.07,24.27,1.48,22.79,5.95,17.01,17.01,5.28,979.0,163.0,12.0,60.71,456.0,70.0,70.0,415.0,10.56,9.01,41.46,451.49,23.46,1.73,21.73,5.67,16.42,16.53,5.18,971.0,149.0,15.0,57.12,436.0,77.0,78.0,381.0,2169.0,948.0,12.0,6.0,0.13,42.7,2044.0,849.0,11.0,6.0,0.13,40.31,449.0,199.0,-0.99,648.0,82.0,36.0,1444.0,1333.21,0.0,6.42,15.43,101.08,0.42,32.2,459.0,187.0,-0.4,647.0,81.0,35.0,1483.0,1339.41,0.0,6.06,15.06,97.74,0.42,32.51,17.55,630.0,11.57,30.0,14.91,619.0,11.79,72.0
SQU_07_072925,2025-07-29T00:00:00,47.8444,-122.661825,,,,,0.0,0.0,0.0,0.0,0.0,0.0,0.0,0.0,,,,,,,,,,,,,0.27,1.44,0.52,0.21,0.25,6.98,0.47,0.14,10.0,0.0,10.0,0.0,10.0,0.0,14.598,-32768.0,0.0,0.0,0.0,0.0,0.0,0.74,0.044,0.026,0.05,0.027,0.029,0.022,0.034,0.028,0,0.74,0.044,0.026,0.049,0.027,0.029,0.022,0.034,0.028,0,10.54,10.52,0.362,0.302,0.368,0.0,0.0,4.67,4.78,348328448.0,-9.0,-3.0,1.0,11.0,10.2,10.18,0.366,0.306,0.372,0.0,0.0,4.67,4.78,346295072.0,-25.0,-8.0,3.0,33.0,,,,,,,,,,,,,,,0.0,0.0,0.0,98.0,0.0,0.0,100.0,1.0,12.0,1,0.344,16.0,83.7,168.0,188.0,0.51,32.0,76.48,312.0,168.0,0.51,32.0,77.19,312.0,69.0,,,,,,,,,,,,,,,,,0.0238,0.027,0.0124,0.0129,0.0137,0.014,0.0135,0.013,0.0061,0.0051,0.044,0.0032,0.0033,0.375,0.4555,0.0221,0.0224,0.0107,0.0106,0.0096,0.0105,0.0091,0.0085,0.0037,0.0031,-0.0772,-0.0042,-0.0044,0.4264,0.4974,10.93,9.01,39.54,470.07,24.27,1.48,22.79,5.95,17.01,17.01,5.28,979.0,163.0,12.0,60.71,456.0,70.0,70.0,415.0,10.56,9.01,41.46,451.49,23.46,1.73,21.73,5.67,16.42,16.53,5.18,971.0,149.0,15.0,57.12,436.0,77.0,78.0,381.0,2169.0,948.0,12.0,6.0,0.13,42.7,2044.0,849.0,11.0,6.0,0.13,40.31,449.0,199.0,-0.99,648.0,82.0,36.0,1444.0,1333.21,0.0,6.42,15.43,101.08,0.42,32.2,459.0,187.0,-0.4,647.0,81.0,35.0,1483.0,1339.41,0.0,6.06,15.06,97.74,0.42,32.51,17.55,630.0,11.57,30.0,14.91,619.0,11.79,72.0
SQU_08_072925,2025-07-29T00:00:00,47.8444,-122.661825,,,,,0.0,0.0,0.0,0.0,0.0,0.0,0.0,0.0,,,,,,,,,,,,,0.27,1.44,0.52,0.21,0.25,6.98,0.47,0.14,10.0,0.0,10.0,0.0,10.0,0.0,14.598,-32768.0,0.0,0.0,0.0,0.0,0.0,0.74,0.044,0.026,0.05,0.027,0.029,0.022,0.034,0.028,0,0.74,0.044,0.026,0.049,0.027,0.029,0.022,0.034,0.028,0,10.54,10.52,0.362,0.302,0.368,0.0,0.0,4.67,4.78,348328448.0,-9.0,-3.0,1.0,11.0,10.2,10.18,0.366,0.306,0.372,0.0,0.0,4.67,4.78,346295072.0,-25.0,-8.0,3.0,33.0,,,,,,,,,,,,,,,0.0,0.0,0.0,98.0,0.0,0.0,100.0,1.0,12.0,1,0.344,16.0,83.7,168.0,188.0,0.51,32.0,76.48,312.0,168.0,0.51,32.0,77.19,312.0,69.0,,,,,,,,,,,,,,,,,0.0238,0.027,0.0124,0.0129,0.0137,0.014,0.0135,0.013,0.0061,0.0051,0.044,0.0032,0.0033,0.375,0.4555,0.0221,0.0224,0.0107,0.0106,0.0096,0.0105,0.0091,0.0085,0.0037,0.0031,-0.0772,-0.0042,-0.0044,0.4264,0.4974,10.93,9.01,39.54,470.07,24.27,1.48,22.79,5.95,17.01,17.01,5.28,979.0,163.0,12.0,60.71,456.0,70.0,70.0,415.0,10.56,9.01,41.46,451.49,23.46,1.73,21.73,5.67,16.42,16.53,5.18,971.0,149.0,15.0,57.12,436.0,77.0,78.0,381.0,2169.0,948.0,12.0,6.0,0.13,42.7,2044.0,849.0,11.0,6.0,0.13,40.31,449.0,199.0,-0.99,648.0,82.0,36.0,1444.0,1333.21,0.0,6.42,15.43,101.08,0.42,32.2,459.0,187.0,-0.4,647.0,81.0,35.0,1483.0,1339.41,0.0,6.06,15.06,97.74,0.42,32.51,17.55,630.0,11.57,30.0,14.91,619.0,11.79,72.0
SQU_BK1_01_072925,2025-07-29T00:00:00,,,,,,,,,,,,,,,,,,,,,,,,,,,,,,,,,,,,,,,,,,,,,,,,,,,,,,,,,,,,,,,,,,,,,,,,,,,,,,,,,,,,,,,,,,,,,,,,,,,,,,,,,,,,,,,,,,,,,,,,,,,,,,,,,,,,,,,,,,,,,,,,,,,,,,,,,,,,,,,,,,,,,,,,,,,,,,,,,,,,,,,,,,,,,,,,,,,,,,,,,,,,,,,,,,,,,,,,,,,,,,,,,,,,,,,,,,,,,,,,,,,,,,,,,,,,,,,,,,,,,,,,,,
SQU_BK2_02_072925,2025-07-29T00:00:00,,,,,,,,,,,,,,,,,,,,,,,,,,,,,,,,,,,,,,,,,,,,,,,,,,,,,,,,,,,,,,,,,,,,,,,,,,,,,,,,,,,,,,,,,,,,,,,,,,,,,,,,,,,,,,,,,,,,,,,,,,,,,,,,,,,,,,,,,,,,,,,,,,,,,,,,,,,,,,,,,,,,,,,,,,,,,,,,,,,,,,,,,,,,,,,,,,,,,,,,,,,,,,,,,,,,,,,,,,,,,,,,,,,,,,,,,,,,,,,,,,,,,,,,,,,,,,,,,,,,,,,,,,
